sample_id,split,source_type,source_family,camera_id,is_negative,box_count,equiv_size_px,size_bucket,blur_bucket,pose_bucket,background,image_sha256,image_path,label_path,error_count,warning_count
train_00000,train,SYNTHETIC_HIFI_3D,SYNTHETIC_3D,,False,1,10.954,8-16px,heavy,steep,tbg_008.jpg,3a58bc1e3e015d773bf0b6788eef22c7a7fec6b59aa30531feb7ba103f38e748,outputs\shuttle_capability\train_data\train\images\train_00000.jpg,outputs\shuttle_capability\train_data\train\labels\train_00000.txt,0,0
train_00001,train,SYNTHETIC_HIFI_3D,SYNTHETIC_3D,,False,1,13.0,8-16px,sharp,steep,tbg_009.jpg,031118cdb9dd02f4ba5fbbabe049d331bd8b5ec27511c2cac4e2b73cc664fc0e,outputs\shuttle_capability\train_data\train\images\train_00001.jpg,outputs\shuttle_capability\train_data\train\labels\train_00001.txt,0,0
train_00002,train,SYNTHETIC_HIFI_3D,SYNTHETIC_3D,,False,1,10.392,8-16px,heavy,steep,tbg_012.jpg,ac9202a1fe96093eeb7926c741fa7d931fc22d34d82414b21fd16d14258e495d,outputs\shuttle_capability\train_data\train\images\train_00002.jpg,outputs\shuttle_capability\train_data\train\labels\train_00002.txt,0,0
train_00003,train,SYNTHETIC_HIFI_3D,SYNTHETIC_3D,,False,1,4.472,4-8px,sharp,steep,tbg_013.jpg,8d15b20f45b17a90fced821d4b39382c315d4e0e30bf70f26343a8d1a3a983d9,outputs\shuttle_capability\train_data\train\images\train_00003.jpg,outputs\shuttle_capability\train_data\train\labels\train_00003.txt,0,0
train_00004,train,SYNTHETIC_HIFI_3D,SYNTHETIC_3D,,False,1,14.0,8-16px,sharp,steep,tbg_014.jpg,f0c48a13ff2abca674dcf7f20a4a389f425f674dd4b3113f1ba8f5b9d71ac5c9,outputs\shuttle_capability\train_data\train\images\train_00004.jpg,outputs\shuttle_capability\train_data\train\labels\train_00004.txt,0,0
train_00005,train,SYNTHETIC_HIFI_3D,SYNTHETIC_3D,,False,1,10.817,8-16px,sharp,steep,tbg_016.jpg,e356246bdd2d51314ff899ebcbede618d0db138865a5244f8ad3530c26e1fbe2,outputs\shuttle_capability\train_data\train\images\train_00005.jpg,outputs\shuttle_capability\train_data\train\labels\train_00005.txt,0,0
train_00006,train,SYNTHETIC_HIFI_3D,SYNTHETIC_3D,,False,1,6.928,4-8px,slight,steep,tbg_019.jpg,d487f0b8e4ddb967f390a4b2c1adf9b4a3409eda8474af8fbf847d533c971ccb,outputs\shuttle_capability\train_data\train\images\train_00006.jpg,outputs\shuttle_capability\train_data\train\labels\train_00006.txt,0,0
train_00007,train,SYNTHETIC_HIFI_3D,SYNTHETIC_3D,,False,1,12.0,8-16px,sharp,steep,tbg_021.jpg,8646652592bd87e8c3dd373bce9d090d946c2ee22841543b2ad21d7daf58578e,outputs\shuttle_capability\train_data\train\images\train_00007.jpg,outputs\shuttle_capability\train_data\train\labels\train_00007.txt,0,0
train_00008,train,SYNTHETIC_HIFI_3D,SYNTHETIC_3D,,False,1,10.488,8-16px,moderate,tilted,tbg_022.jpg,3b3e023f6c86f207a1740339dca3e46f407e2e761d412c8eeb2dcb21222647e2,outputs\shuttle_capability\train_data\train\images\train_00008.jpg,outputs\shuttle_capability\train_data\train\labels\train_00008.txt,0,0
train_00009,train,SYNTHETIC_HIFI_3D,SYNTHETIC_3D,,False,1,9.95,8-16px,sharp,steep,tbg_023.jpg,6b4cb9cd5e36c6c53e1a514feb2b850eaacc0501fa560534c1418e1d723c323f,outputs\shuttle_capability\train_data\train\images\train_00009.jpg,outputs\shuttle_capability\train_data\train\labels\train_00009.txt,0,0
train_00010,train,SYNTHETIC_HIFI_3D,SYNTHETIC_3D,,False,1,8.944,8-16px,heavy,steep,tbg_024.jpg,0371a46f2cb2ab915aea59042efd945e4a445995d8c9e238bae92949ae00dae6,outputs\shuttle_capability\train_data\train\images\train_00010.jpg,outputs\shuttle_capability\train_data\train\labels\train_00010.txt,0,0
train_00011,train,SYNTHETIC_HIFI_3D,SYNTHETIC_3D,,False,1,12.0,8-16px,heavy,tilted,tbg_026.jpg,e95b15a03b7c4b29ff40f5dd1287c5c408b94c1cb0e00ed3536a64251f915d5c,outputs\shuttle_capability\train_data\train\images\train_00011.jpg,outputs\shuttle_capability\train_data\train\labels\train_00011.txt,0,0
train_00012,train,SYNTHETIC_HIFI_3D,SYNTHETIC_3D,,False,1,6.481,4-8px,slight,steep,tbg_027.jpg,806b8c19b8e3f3a15f9a6fa7601b1da7cb83bb9de71edc4761d7c0b5d5fbc9c4,outputs\shuttle_capability\train_data\train\images\train_00012.jpg,outputs\shuttle_capability\train_data\train\labels\train_00012.txt,0,0
train_00013,train,SYNTHETIC_HIFI_3D,SYNTHETIC_3D,,False,1,7.937,4-8px,heavy,steep,tbg_028.jpg,4042cb68845a1caa884892357007bcae5b24dff8de42a05125c8635f33a7f28b,outputs\shuttle_capability\train_data\train\images\train_00013.jpg,outputs\shuttle_capability\train_data\train\labels\train_00013.txt,0,0
train_00014,train,SYNTHETIC_HIFI_3D,SYNTHETIC_3D,,False,1,6.928,4-8px,heavy,tilted,tbg_029.jpg,9b08c83cf44fc7424d130f5f48e05349595e8eaaa49c41566fb001f12341a113,outputs\shuttle_capability\train_data\train\images\train_00014.jpg,outputs\shuttle_capability\train_data\train\labels\train_00014.txt,0,0
train_00015,train,SYNTHETIC_HIFI_3D,SYNTHETIC_3D,,False,1,12.41,8-16px,sharp,steep,tbg_032.jpg,99b23ee67b265f0f0e3399e1ea30c317eeeeca0a19aee1d98ee5173f79319cf1,outputs\shuttle_capability\train_data\train\images\train_00015.jpg,outputs\shuttle_capability\train_data\train\labels\train_00015.txt,0,0
train_00016,train,SYNTHETIC_HIFI_3D,SYNTHETIC_3D,,False,1,9.487,8-16px,sharp,steep,tbg_033.jpg,0e94b4907f9caeeb7c8043989cfa14deb08997bd08fdf096655b5e01cd326843,outputs\shuttle_capability\train_data\train\images\train_00016.jpg,outputs\shuttle_capability\train_data\train\labels\train_00016.txt,0,0
train_00017,train,SYNTHETIC_HIFI_3D,SYNTHETIC_3D,,False,1,7.483,4-8px,sharp,steep,tbg_034.jpg,49c5a056d47f78f729a6d9ff48550859dd52ec0a4fd1ad5a2c2b87d72af7f172,outputs\shuttle_capability\train_data\train\images\train_00017.jpg,outputs\shuttle_capability\train_data\train\labels\train_00017.txt,0,0
train_00018,train,SYNTHETIC_HIFI_3D,SYNTHETIC_3D,,False,1,5.916,4-8px,moderate,steep,tbg_036.jpg,44c5cbd5719ffd03a4b9721678832b42e4a1c0d587161ddd180ecec93ebd5a7a,outputs\shuttle_capability\train_data\train\images\train_00018.jpg,outputs\shuttle_capability\train_data\train\labels\train_00018.txt,0,0
train_00019,train,SYNTHETIC_HIFI_3D,SYNTHETIC_3D,,False,1,7.937,4-8px,heavy,tilted,tbg_037.jpg,8415f8f2deb76943ae5af3e3dd82d363ef69b7838a8407f8f3df571c54362f2d,outputs\shuttle_capability\train_data\train\images\train_00019.jpg,outputs\shuttle_capability\train_data\train\labels\train_00019.txt,0,0
train_00020,train,SYNTHETIC_HIFI_3D,SYNTHETIC_3D,,False,1,9.0,8-16px,slight,steep,tbg_038.jpg,fe074052408c0542f27e1dfeb09e54c898758c82a7f0b2c2613e121d3f4ff4ed,outputs\shuttle_capability\train_data\train\images\train_00020.jpg,outputs\shuttle_capability\train_data\train\labels\train_00020.txt,0,0
train_00021,train,SYNTHETIC_HIFI_3D,SYNTHETIC_3D,,False,1,8.367,8-16px,sharp,steep,tbg_039.jpg,f7b0fe6cc5ea63f09c71288a4e067c7c334f6aee001490055b87c6714f1e536e,outputs\shuttle_capability\train_data\train\images\train_00021.jpg,outputs\shuttle_capability\train_data\train\labels\train_00021.txt,0,0
train_00022,train,SYNTHETIC_HIFI_3D,SYNTHETIC_3D,,False,1,16.971,16-32px,moderate,tilted,tbg_041.jpg,0724c40f3034727468549e6d69136841a31b60cd734c31ed64f08aaf50f61cc8,outputs\shuttle_capability\train_data\train\images\train_00022.jpg,outputs\shuttle_capability\train_data\train\labels\train_00022.txt,0,0
train_00023,train,SYNTHETIC_HIFI_3D,SYNTHETIC_3D,,False,1,14.967,8-16px,slight,steep,tbg_042.jpg,09617f8346446a4dc6196139efd7aecf89df14d135c147182b1c7a1693c302ce,outputs\shuttle_capability\train_data\train\images\train_00023.jpg,outputs\shuttle_capability\train_data\train\labels\train_00023.txt,0,0
train_00024,train,SYNTHETIC_HIFI_3D,SYNTHETIC_3D,,False,1,2.449,<4px,sharp,steep,tbg_046.jpg,15ccffaf8a8cd838ab8fd44d057da73b642f261add0253e2cac3768584d43a85,outputs\shuttle_capability\train_data\train\images\train_00024.jpg,outputs\shuttle_capability\train_data\train\labels\train_00024.txt,0,0
train_00025,train,SYNTHETIC_HIFI_3D,SYNTHETIC_3D,,False,1,3.464,<4px,moderate,steep,tbg_008.jpg,d1dfb07102103eb8081a42f1991a8e8ceea6d4ad7e80e9b9b86b6fbe1fd1f2c5,outputs\shuttle_capability\train_data\train\images\train_00025.jpg,outputs\shuttle_capability\train_data\train\labels\train_00025.txt,0,0
train_00026,train,SYNTHETIC_HIFI_3D,SYNTHETIC_3D,,False,1,8.0,8-16px,sharp,steep,tbg_009.jpg,dac0ac5547fd3f070817955e13e1b44cb9db936b315f1f4c65854fecac425760,outputs\shuttle_capability\train_data\train\images\train_00026.jpg,outputs\shuttle_capability\train_data\train\labels\train_00026.txt,0,0
train_00027,train,SYNTHETIC_HIFI_3D,SYNTHETIC_3D,,False,1,6.928,4-8px,slight,steep,tbg_012.jpg,d266acca97910271c83aa7a15b0199c75224dbcc64c6b3ec7fd8b9f4e8d30e0d,outputs\shuttle_capability\train_data\train\images\train_00027.jpg,outputs\shuttle_capability\train_data\train\labels\train_00027.txt,0,0
train_00028,train,SYNTHETIC_HIFI_3D,SYNTHETIC_3D,,False,1,10.392,8-16px,moderate,steep,tbg_013.jpg,9f54662d0c6cb8f39d0cb19c3ea8f64ac2ae07deb5ada46b57b6839d8d9a4d8e,outputs\shuttle_capability\train_data\train\images\train_00028.jpg,outputs\shuttle_capability\train_data\train\labels\train_00028.txt,0,0
train_00029,train,SYNTHETIC_HIFI_3D,SYNTHETIC_3D,,False,1,9.798,8-16px,heavy,steep,tbg_014.jpg,00c3180ad7538c99f0dbbb70db89d4712ce6c39252d1d64315c7bdac3835bb02,outputs\shuttle_capability\train_data\train\images\train_00029.jpg,outputs\shuttle_capability\train_data\train\labels\train_00029.txt,0,0
train_00030,train,SYNTHETIC_HIFI_3D,SYNTHETIC_3D,,False,1,25.826,16-32px,moderate,steep,tbg_016.jpg,b7d94c01fa5de11be2d4440054e396b248458bdcd2741725ca61723a992fdb15,outputs\shuttle_capability\train_data\train\images\train_00030.jpg,outputs\shuttle_capability\train_data\train\labels\train_00030.txt,0,0
train_00031,train,SYNTHETIC_HIFI_3D,SYNTHETIC_3D,,False,1,4.899,4-8px,slight,steep,tbg_019.jpg,6d66300363afeb7a6c5bcee3d2f90efed48c62d75e9102c445913b53d2890158,outputs\shuttle_capability\train_data\train\images\train_00031.jpg,outputs\shuttle_capability\train_data\train\labels\train_00031.txt,0,0
train_00032,train,SYNTHETIC_HIFI_3D,SYNTHETIC_3D,,False,1,7.483,4-8px,moderate,tilted,tbg_021.jpg,d155395e256e0ebd973c80dbcd0f7e9004901ff59646ba9fa8200ceae23d75be,outputs\shuttle_capability\train_data\train\images\train_00032.jpg,outputs\shuttle_capability\train_data\train\labels\train_00032.txt,0,0
train_00033,train,SYNTHETIC_HIFI_3D,SYNTHETIC_3D,,False,1,25.0,16-32px,slight,tilted,tbg_022.jpg,ff5775f2c6a07706f3bf8c1a115e67891adbc57468feece37ac66276113e2689,outputs\shuttle_capability\train_data\train\images\train_00033.jpg,outputs\shuttle_capability\train_data\train\labels\train_00033.txt,0,0
train_00034,train,SYNTHETIC_HIFI_3D,SYNTHETIC_3D,,False,1,12.845,8-16px,heavy,steep,tbg_023.jpg,ce10536247bfa84224b5ab6f49f7208052207d4e9accaf0a6befd99e75db7a52,outputs\shuttle_capability\train_data\train\images\train_00034.jpg,outputs\shuttle_capability\train_data\train\labels\train_00034.txt,0,0
train_00035,train,SYNTHETIC_HIFI_3D,SYNTHETIC_3D,,False,1,12.961,8-16px,sharp,steep,tbg_024.jpg,a11f903329f6946545cd5caa8c99b6bb1fe76594413be58a74a15478608b1aa0,outputs\shuttle_capability\train_data\train\images\train_00035.jpg,outputs\shuttle_capability\train_data\train\labels\train_00035.txt,0,0
train_00036,train,SYNTHETIC_HIFI_3D,SYNTHETIC_3D,,False,1,7.0,4-8px,slight,steep,tbg_026.jpg,8400f78dd8a66c2ac0f1fb4198dd8fd667d07a02ab7424b636e3d9bdd56e152c,outputs\shuttle_capability\train_data\train\images\train_00036.jpg,outputs\shuttle_capability\train_data\train\labels\train_00036.txt,0,0
train_00037,train,SYNTHETIC_HIFI_3D,SYNTHETIC_3D,,False,1,3.464,<4px,sharp,steep,tbg_027.jpg,dcbe0f6a0e26257d3554fd02b0f7d9093f6a781ae89e36b1d723fb9e8ee04bc2,outputs\shuttle_capability\train_data\train\images\train_00037.jpg,outputs\shuttle_capability\train_data\train\labels\train_00037.txt,0,0
train_00038,train,SYNTHETIC_HIFI_3D,SYNTHETIC_3D,,False,1,9.487,8-16px,sharp,steep,tbg_028.jpg,b2621c7826b71a13d50eb0708d1f45c790bc8dd1b44db8db2847905aef98b16f,outputs\shuttle_capability\train_data\train\images\train_00038.jpg,outputs\shuttle_capability\train_data\train\labels\train_00038.txt,0,0
train_00039,train,SYNTHETIC_HIFI_3D,SYNTHETIC_3D,,False,1,9.381,8-16px,sharp,steep,tbg_029.jpg,f55807f0958a58f4a0d9ed7a2546ee203c86bae2b71c31ecf08d57d20b2f41f2,outputs\shuttle_capability\train_data\train\images\train_00039.jpg,outputs\shuttle_capability\train_data\train\labels\train_00039.txt,0,0
train_00040,train,SYNTHETIC_HIFI_3D,SYNTHETIC_3D,,False,1,4.899,4-8px,slight,steep,tbg_032.jpg,c0b80a7a525647addff6d9c52f7144922cc36fc5a35c4e609723a794dfa5ff9e,outputs\shuttle_capability\train_data\train\images\train_00040.jpg,outputs\shuttle_capability\train_data\train\labels\train_00040.txt,0,0
train_00041,train,SYNTHETIC_HIFI_3D,SYNTHETIC_3D,,False,1,6.481,4-8px,sharp,steep,tbg_033.jpg,dc8e43dcf0f9e5f968d1c675ed907786b6c0548fd7a50168f89c04bc452422a4,outputs\shuttle_capability\train_data\train\images\train_00041.jpg,outputs\shuttle_capability\train_data\train\labels\train_00041.txt,0,0
train_00042,train,SYNTHETIC_HIFI_3D,SYNTHETIC_3D,,False,1,7.937,4-8px,heavy,steep,tbg_034.jpg,f81edbe836eae33bcffbe6b2817931271f9cc8bbbfca1bd1da01b396f19e121b,outputs\shuttle_capability\train_data\train\images\train_00042.jpg,outputs\shuttle_capability\train_data\train\labels\train_00042.txt,0,0
train_00043,train,SYNTHETIC_HIFI_3D,SYNTHETIC_3D,,False,1,5.916,4-8px,sharp,steep,tbg_036.jpg,d7cc00f075426e74bb587f6c0ef85fb836ca7da2d748615c9b0a6890ab40657d,outputs\shuttle_capability\train_data\train\images\train_00043.jpg,outputs\shuttle_capability\train_data\train\labels\train_00043.txt,0,0
train_00044,train,SYNTHETIC_HIFI_3D,SYNTHETIC_3D,,False,1,8.485,8-16px,sharp,steep,tbg_037.jpg,656e59d1a3c0188cab79ef27a0c4314717bc38e434b506048d14aa14ea2aee94,outputs\shuttle_capability\train_data\train\images\train_00044.jpg,outputs\shuttle_capability\train_data\train\labels\train_00044.txt,0,0
train_00045,train,SYNTHETIC_HIFI_3D,SYNTHETIC_3D,,False,1,9.381,8-16px,sharp,steep,tbg_038.jpg,f36c6d4d0b13a3d683e608526e241e548053e7739821d6bf181cd4ac48d2c0f5,outputs\shuttle_capability\train_data\train\images\train_00045.jpg,outputs\shuttle_capability\train_data\train\labels\train_00045.txt,0,0
train_00046,train,SYNTHETIC_HIFI_3D,SYNTHETIC_3D,,False,1,8.944,8-16px,heavy,steep,tbg_039.jpg,a9b98cc9be3e74049cca7d57686d020f40067f2e209a9e1e00430e41c03d245d,outputs\shuttle_capability\train_data\train\images\train_00046.jpg,outputs\shuttle_capability\train_data\train\labels\train_00046.txt,0,0
train_00047,train,SYNTHETIC_HIFI_3D,SYNTHETIC_3D,,False,1,6.928,4-8px,slight,steep,tbg_041.jpg,9826b94d409343b9bedf58b05a6cf1f2372d833132f5c015c7c1d808a67903d8,outputs\shuttle_capability\train_data\train\images\train_00047.jpg,outputs\shuttle_capability\train_data\train\labels\train_00047.txt,0,0
train_00048,train,SYNTHETIC_HIFI_3D,SYNTHETIC_3D,,False,1,11.958,8-16px,slight,steep,tbg_042.jpg,dbd87dadda9faa7b16ea1cfebe3704d51efeeebb3dfd520de18dc770b7846ac6,outputs\shuttle_capability\train_data\train\images\train_00048.jpg,outputs\shuttle_capability\train_data\train\labels\train_00048.txt,0,0
train_00049,train,SYNTHETIC_HIFI_3D,SYNTHETIC_3D,,False,1,13.856,8-16px,sharp,steep,tbg_046.jpg,1ddcd32a9d7fdfd583df5922bbda534f4613d125476a877dccb68a71dc698a1d,outputs\shuttle_capability\train_data\train\images\train_00049.jpg,outputs\shuttle_capability\train_data\train\labels\train_00049.txt,0,0
train_00050,train,SYNTHETIC_HIFI_3D,SYNTHETIC_3D,,False,1,10.954,8-16px,slight,steep,tbg_008.jpg,3b411305990b60825fdb176209dde7829238dbc0aff4443b5836240af36307cb,outputs\shuttle_capability\train_data\train\images\train_00050.jpg,outputs\shuttle_capability\train_data\train\labels\train_00050.txt,0,0
train_00051,train,SYNTHETIC_HIFI_3D,SYNTHETIC_3D,,False,1,5.916,4-8px,sharp,steep,tbg_009.jpg,86a920b7689cd52ffcf2ad6c356c66a8b3881391c535a7674b65a801b421f9df,outputs\shuttle_capability\train_data\train\images\train_00051.jpg,outputs\shuttle_capability\train_data\train\labels\train_00051.txt,0,0
train_00052,train,SYNTHETIC_HIFI_3D,SYNTHETIC_3D,,False,1,12.845,8-16px,heavy,steep,tbg_012.jpg,79b36f8b85aef3242faa34c7b46bb3c0158e9ea9d8971aea4e0ad5387d2eb896,outputs\shuttle_capability\train_data\train\images\train_00052.jpg,outputs\shuttle_capability\train_data\train\labels\train_00052.txt,0,0
train_00053,train,SYNTHETIC_HIFI_3D,SYNTHETIC_3D,,False,1,7.348,4-8px,sharp,steep,tbg_013.jpg,93bf5738199813479490bc47c0a8868c86071aeccb0cb898e21f45235f22b38e,outputs\shuttle_capability\train_data\train\images\train_00053.jpg,outputs\shuttle_capability\train_data\train\labels\train_00053.txt,0,0
train_00054,train,SYNTHETIC_HIFI_3D,SYNTHETIC_3D,,False,1,13.675,8-16px,moderate,steep,tbg_014.jpg,e8bc58c5f28b94a568457687b96450e6833ffbbdfa1b09d0ece1c618b1f32e2e,outputs\shuttle_capability\train_data\train\images\train_00054.jpg,outputs\shuttle_capability\train_data\train\labels\train_00054.txt,0,0
train_00055,train,SYNTHETIC_HIFI_3D,SYNTHETIC_3D,,False,1,5.477,4-8px,moderate,steep,tbg_016.jpg,78593b8e122925be0b53aa5dc345b4bee4be481540b883a5545a77c81790f229,outputs\shuttle_capability\train_data\train\images\train_00055.jpg,outputs\shuttle_capability\train_data\train\labels\train_00055.txt,0,0
train_00056,train,SYNTHETIC_HIFI_3D,SYNTHETIC_3D,,False,1,14.866,8-16px,slight,steep,tbg_019.jpg,db8a61f9c8777784cafa8b2bbc4d4dfab4f49937f1aaea69d460b8f8a632c536,outputs\shuttle_capability\train_data\train\images\train_00056.jpg,outputs\shuttle_capability\train_data\train\labels\train_00056.txt,0,0
train_00057,train,SYNTHETIC_HIFI_3D,SYNTHETIC_3D,,False,1,8.944,8-16px,heavy,steep,tbg_021.jpg,43c5bc96b1bdd7f45bac92d09b76eaa39530aee09ac6db7c5a200fb7ccc3ff68,outputs\shuttle_capability\train_data\train\images\train_00057.jpg,outputs\shuttle_capability\train_data\train\labels\train_00057.txt,0,0
train_00058,train,SYNTHETIC_HIFI_3D,SYNTHETIC_3D,,False,1,4.899,4-8px,moderate,tilted,tbg_022.jpg,f8bfaefae35bdceea741763ba7fac645959aa16f6bca49ffa9687ce5afd7cd2c,outputs\shuttle_capability\train_data\train\images\train_00058.jpg,outputs\shuttle_capability\train_data\train\labels\train_00058.txt,0,0
train_00059,train,SYNTHETIC_HIFI_3D,SYNTHETIC_3D,,False,1,7.483,4-8px,sharp,steep,tbg_023.jpg,542123a8ab059ed6b29d19d3e21ab8571d0c235ff2c2b379c2f67f0627a95b63,outputs\shuttle_capability\train_data\train\images\train_00059.jpg,outputs\shuttle_capability\train_data\train\labels\train_00059.txt,0,0
train_00060,train,SYNTHETIC_HIFI_3D,SYNTHETIC_3D,,False,1,9.0,8-16px,heavy,steep,tbg_024.jpg,179ed3954f652c42a8a63784faa19d36dc56593157654c344ef1ae8f45b4afdb,outputs\shuttle_capability\train_data\train\images\train_00060.jpg,outputs\shuttle_capability\train_data\train\labels\train_00060.txt,0,0
train_00061,train,SYNTHETIC_HIFI_3D,SYNTHETIC_3D,,False,1,10.488,8-16px,moderate,steep,tbg_026.jpg,76bd33345390b0a5cfb773ff894437bafa5bf0559213880125f3be4532757493,outputs\shuttle_capability\train_data\train\images\train_00061.jpg,outputs\shuttle_capability\train_data\train\labels\train_00061.txt,0,0
train_00062,train,SYNTHETIC_HIFI_3D,SYNTHETIC_3D,,False,1,5.477,4-8px,slight,steep,tbg_027.jpg,ffdbf54cb26a6d966cc92d031b97dbb565f85db9b15f7adf1ecf02683478973b,outputs\shuttle_capability\train_data\train\images\train_00062.jpg,outputs\shuttle_capability\train_data\train\labels\train_00062.txt,0,0
train_00063,train,SYNTHETIC_HIFI_3D,SYNTHETIC_3D,,False,1,5.0,4-8px,sharp,steep,tbg_028.jpg,000e14d77dd389279dce83e9fc922813014ee8dcbf4ca27e5e09007d2b1260b2,outputs\shuttle_capability\train_data\train\images\train_00063.jpg,outputs\shuttle_capability\train_data\train\labels\train_00063.txt,0,0
train_00064,train,SYNTHETIC_HIFI_3D,SYNTHETIC_3D,,False,1,10.0,8-16px,slight,steep,tbg_029.jpg,cc520918c9892b2884313e2a5e4dd221cbeb70ee48f60e7ac41cfef0026d70f1,outputs\shuttle_capability\train_data\train\images\train_00064.jpg,outputs\shuttle_capability\train_data\train\labels\train_00064.txt,0,0
train_00065,train,SYNTHETIC_HIFI_3D,SYNTHETIC_3D,,False,1,6.928,4-8px,slight,steep,tbg_032.jpg,cd808eea694f0fb8e1fba6720e7ff40fad1c0007e7e75fd39ab701cd409c36df,outputs\shuttle_capability\train_data\train\images\train_00065.jpg,outputs\shuttle_capability\train_data\train\labels\train_00065.txt,0,0
train_00066,train,SYNTHETIC_HIFI_3D,SYNTHETIC_3D,,False,1,10.0,8-16px,slight,steep,tbg_033.jpg,79f282727ff41a7899a5f8aedec2c9092e267aa7b928c135bca7020a53a79d5b,outputs\shuttle_capability\train_data\train\images\train_00066.jpg,outputs\shuttle_capability\train_data\train\labels\train_00066.txt,0,0
train_00067,train,SYNTHETIC_HIFI_3D,SYNTHETIC_3D,,False,1,13.675,8-16px,moderate,steep,tbg_034.jpg,9504c4298ab271b09b20e0848473075b7965aca065cb2f1db012efe68eaabac7,outputs\shuttle_capability\train_data\train\images\train_00067.jpg,outputs\shuttle_capability\train_data\train\labels\train_00067.txt,0,0
train_00068,train,SYNTHETIC_HIFI_3D,SYNTHETIC_3D,,False,1,3.464,<4px,heavy,steep,tbg_036.jpg,17a70d1bf7f6ba67b9f4ebcdaac8a5d0a9c0c372a323cedd1c33f68f58353267,outputs\shuttle_capability\train_data\train\images\train_00068.jpg,outputs\shuttle_capability\train_data\train\labels\train_00068.txt,0,0
train_00069,train,SYNTHETIC_HIFI_3D,SYNTHETIC_3D,,False,1,10.392,8-16px,sharp,steep,tbg_037.jpg,4dbb588a0a0c34b3956af1df940efd2a8edec6d92e7f20e8726417cc2455cfc3,outputs\shuttle_capability\train_data\train\images\train_00069.jpg,outputs\shuttle_capability\train_data\train\labels\train_00069.txt,0,0
train_00070,train,SYNTHETIC_HIFI_3D,SYNTHETIC_3D,,False,1,16.492,16-32px,moderate,steep,tbg_038.jpg,d5c93a84c1c0637b19bfb001cd439db822a9f69e54f935bd5a8a8f5a637e8808,outputs\shuttle_capability\train_data\train\images\train_00070.jpg,outputs\shuttle_capability\train_data\train\labels\train_00070.txt,0,0
train_00071,train,SYNTHETIC_HIFI_3D,SYNTHETIC_3D,,False,1,7.483,4-8px,slight,steep,tbg_039.jpg,814cce49d0618da4bff07b955e08d0f5786dbd6c3001e9d3b09a4ce675a75d4c,outputs\shuttle_capability\train_data\train\images\train_00071.jpg,outputs\shuttle_capability\train_data\train\labels\train_00071.txt,0,0
train_00072,train,SYNTHETIC_HIFI_3D,SYNTHETIC_3D,,False,1,5.916,4-8px,heavy,steep,tbg_041.jpg,ec2c131dd47ea1fcd3c30f18de41595628e8eced2ecbf6f7c97780c6e2a9b54d,outputs\shuttle_capability\train_data\train\images\train_00072.jpg,outputs\shuttle_capability\train_data\train\labels\train_00072.txt,0,0
train_00073,train,SYNTHETIC_HIFI_3D,SYNTHETIC_3D,,False,1,12.845,8-16px,sharp,steep,tbg_042.jpg,9d2a49cf1e525c20e180405f7369db34ff154402bd3b3ec616e01378ae1c5bdc,outputs\shuttle_capability\train_data\train\images\train_00073.jpg,outputs\shuttle_capability\train_data\train\labels\train_00073.txt,0,0
train_00074,train,SYNTHETIC_HIFI_3D,SYNTHETIC_3D,,False,1,10.392,8-16px,slight,steep,tbg_046.jpg,4a682e5fdd11b619200b77310b7436d26db0414870d9b48f028f2e7c990305a3,outputs\shuttle_capability\train_data\train\images\train_00074.jpg,outputs\shuttle_capability\train_data\train\labels\train_00074.txt,0,0
train_00075,train,SYNTHETIC_HIFI_3D,SYNTHETIC_3D,,False,1,14.697,8-16px,sharp,steep,tbg_008.jpg,9202b6e6b617c9131007438e0a5cc84b31d593d5c1079e28ae8ffdf5a2c24025,outputs\shuttle_capability\train_data\train\images\train_00075.jpg,outputs\shuttle_capability\train_data\train\labels\train_00075.txt,0,0
train_00076,train,SYNTHETIC_HIFI_3D,SYNTHETIC_3D,,False,1,7.937,4-8px,moderate,steep,tbg_009.jpg,e1dc29841ac5172d1be7e44c0533deb9fba1607a345f607e9340f0beace4260f,outputs\shuttle_capability\train_data\train\images\train_00076.jpg,outputs\shuttle_capability\train_data\train\labels\train_00076.txt,0,0
train_00077,train,SYNTHETIC_HIFI_3D,SYNTHETIC_3D,,False,1,4.472,4-8px,slight,steep,tbg_012.jpg,469336b8fc20f5a5c8ecd06ef5fe8c81814f271b61b89be7ea6cd83df302ffa8,outputs\shuttle_capability\train_data\train\images\train_00077.jpg,outputs\shuttle_capability\train_data\train\labels\train_00077.txt,0,0
train_00078,train,SYNTHETIC_HIFI_3D,SYNTHETIC_3D,,False,1,8.367,8-16px,moderate,steep,tbg_013.jpg,20bcc74c80d251f4f7647ca082bd4a34afda6d4566ff411c4e08c4c028918179,outputs\shuttle_capability\train_data\train\images\train_00078.jpg,outputs\shuttle_capability\train_data\train\labels\train_00078.txt,0,0
train_00079,train,SYNTHETIC_HIFI_3D,SYNTHETIC_3D,,False,1,7.483,4-8px,moderate,steep,tbg_014.jpg,52ee7a9a7bdb644f567f955d31e9882b6eb38b4a3281d964bb85835c72d47684,outputs\shuttle_capability\train_data\train\images\train_00079.jpg,outputs\shuttle_capability\train_data\train\labels\train_00079.txt,0,0
train_00080,train,SYNTHETIC_HIFI_3D,SYNTHETIC_3D,,False,1,13.416,8-16px,slight,tilted,tbg_016.jpg,6031a20336f5983bf233367bbbaa9a150b6c014907ceed56be2c07f982f19f95,outputs\shuttle_capability\train_data\train\images\train_00080.jpg,outputs\shuttle_capability\train_data\train\labels\train_00080.txt,0,0
train_00081,train,SYNTHETIC_HIFI_3D,SYNTHETIC_3D,,False,1,9.95,8-16px,slight,steep,tbg_019.jpg,48d8728f1d738c2e2320aaae432b2ba6bab06d509e9c8ab1cc6d609fe2853e4e,outputs\shuttle_capability\train_data\train\images\train_00081.jpg,outputs\shuttle_capability\train_data\train\labels\train_00081.txt,0,0
train_00082,train,SYNTHETIC_HIFI_3D,SYNTHETIC_3D,,False,1,4.0,4-8px,sharp,steep,tbg_021.jpg,a3b9b2785958d19547bc3e645ada7e0286432a777e665c4f98c12d43541e3993,outputs\shuttle_capability\train_data\train\images\train_00082.jpg,outputs\shuttle_capability\train_data\train\labels\train_00082.txt,0,0
train_00083,train,SYNTHETIC_HIFI_3D,SYNTHETIC_3D,,False,1,5.0,4-8px,sharp,steep,tbg_022.jpg,ec19fbe4c2f646f12cfe6be7eca32c9c5b703ccc825fe0684d7d665b7824549c,outputs\shuttle_capability\train_data\train\images\train_00083.jpg,outputs\shuttle_capability\train_data\train\labels\train_00083.txt,0,0
train_00084,train,SYNTHETIC_HIFI_3D,SYNTHETIC_3D,,False,1,13.416,8-16px,moderate,steep,tbg_023.jpg,565e5526409cf48ccb82b16bf615ff5b04ab79f47f463c0caf886d30dd61a6ab,outputs\shuttle_capability\train_data\train\images\train_00084.jpg,outputs\shuttle_capability\train_data\train\labels\train_00084.txt,0,0
train_00085,train,SYNTHETIC_HIFI_3D,SYNTHETIC_3D,,False,1,13.0,8-16px,slight,steep,tbg_024.jpg,ab5907525319e9cbd4ebbac1dd0b805e577cefa986700c8be0392a9c7bf40eca,outputs\shuttle_capability\train_data\train\images\train_00085.jpg,outputs\shuttle_capability\train_data\train\labels\train_00085.txt,0,0
train_00086,train,SYNTHETIC_HIFI_3D,SYNTHETIC_3D,,False,1,6.481,4-8px,sharp,steep,tbg_026.jpg,f17e6120c48ba3aa3cf82916fa3253f60778a15498192d55f3873ac204845741,outputs\shuttle_capability\train_data\train\images\train_00086.jpg,outputs\shuttle_capability\train_data\train\labels\train_00086.txt,0,0
train_00087,train,SYNTHETIC_HIFI_3D,SYNTHETIC_3D,,False,1,8.944,8-16px,heavy,tilted,tbg_027.jpg,6da0ba2151c945b3d6172d7ceeb65ab9ba323bb7cc24e5fca681b6c7188a6d43,outputs\shuttle_capability\train_data\train\images\train_00087.jpg,outputs\shuttle_capability\train_data\train\labels\train_00087.txt,0,0
train_00088,train,SYNTHETIC_HIFI_3D,SYNTHETIC_3D,,False,1,10.954,8-16px,slight,steep,tbg_028.jpg,faa754405b0790a25b0f5b82281871acb19e2986c1c789d93df3f2f432c65e3d,outputs\shuttle_capability\train_data\train\images\train_00088.jpg,outputs\shuttle_capability\train_data\train\labels\train_00088.txt,0,0
train_00089,train,SYNTHETIC_HIFI_3D,SYNTHETIC_3D,,False,1,10.954,8-16px,heavy,steep,tbg_029.jpg,f01f71701f7a63ff25883fc18f0e1710f023bda312f450bef478490182fb1706,outputs\shuttle_capability\train_data\train\images\train_00089.jpg,outputs\shuttle_capability\train_data\train\labels\train_00089.txt,0,0
train_00090,train,SYNTHETIC_HIFI_3D,SYNTHETIC_3D,,False,1,13.416,8-16px,sharp,steep,tbg_032.jpg,0a70957323f9f0d51ba2d8b9d9c294fd2faf8cab70c4497838afc5b61610a2ff,outputs\shuttle_capability\train_data\train\images\train_00090.jpg,outputs\shuttle_capability\train_data\train\labels\train_00090.txt,0,0
train_00091,train,SYNTHETIC_HIFI_3D,SYNTHETIC_3D,,False,1,10.392,8-16px,sharp,steep,tbg_033.jpg,1b5fade4fde5525d127be2b37df83b22e3cd607052b1257cdb7750399e61ac58,outputs\shuttle_capability\train_data\train\images\train_00091.jpg,outputs\shuttle_capability\train_data\train\labels\train_00091.txt,0,0
train_00092,train,SYNTHETIC_HIFI_3D,SYNTHETIC_3D,,False,1,8.944,8-16px,slight,steep,tbg_034.jpg,352dbdbca7ca0a37696d968b17029ead6416671a7b1ba811b327a41ca019f1a9,outputs\shuttle_capability\train_data\train\images\train_00092.jpg,outputs\shuttle_capability\train_data\train\labels\train_00092.txt,0,0
train_00093,train,SYNTHETIC_HIFI_3D,SYNTHETIC_3D,,False,1,8.367,8-16px,sharp,steep,tbg_036.jpg,240f98c11e01453967a10061e87477ea8e36d0dd3691b61af09af246420691d0,outputs\shuttle_capability\train_data\train\images\train_00093.jpg,outputs\shuttle_capability\train_data\train\labels\train_00093.txt,0,0
train_00094,train,SYNTHETIC_HIFI_3D,SYNTHETIC_3D,,False,1,15.969,8-16px,moderate,steep,tbg_037.jpg,b8b64a63765a94523cc782037ef21208ec181223673d58ac1e84c7cd3cb517ff,outputs\shuttle_capability\train_data\train\images\train_00094.jpg,outputs\shuttle_capability\train_data\train\labels\train_00094.txt,0,0
train_00095,train,SYNTHETIC_HIFI_3D,SYNTHETIC_3D,,False,1,2.828,<4px,slight,steep,tbg_038.jpg,67e37f1224c48a8f60c64a72341bc2478564df32977e51053748d06b1d8587ef,outputs\shuttle_capability\train_data\train\images\train_00095.jpg,outputs\shuttle_capability\train_data\train\labels\train_00095.txt,0,0
train_00096,train,SYNTHETIC_HIFI_3D,SYNTHETIC_3D,,False,1,8.367,8-16px,sharp,steep,tbg_039.jpg,2668e136e3751b077b875123d77b476a84da35bfefe0c402bbfa605e367000b8,outputs\shuttle_capability\train_data\train\images\train_00096.jpg,outputs\shuttle_capability\train_data\train\labels\train_00096.txt,0,0
train_00097,train,SYNTHETIC_HIFI_3D,SYNTHETIC_3D,,False,1,9.381,8-16px,sharp,steep,tbg_041.jpg,0d57c8f3d201bab98d64881d6ae89884cf2ab7acf1ce46cbd73cab046adcc47d,outputs\shuttle_capability\train_data\train\images\train_00097.jpg,outputs\shuttle_capability\train_data\train\labels\train_00097.txt,0,0
train_00098,train,SYNTHETIC_HIFI_3D,SYNTHETIC_3D,,False,1,4.472,4-8px,heavy,steep,tbg_042.jpg,476f2709d462d67e2cf380055c1fa51085693599ee8fd875827469b5f62f57cf,outputs\shuttle_capability\train_data\train\images\train_00098.jpg,outputs\shuttle_capability\train_data\train\labels\train_00098.txt,0,0
train_00099,train,SYNTHETIC_HIFI_3D,SYNTHETIC_3D,,False,1,10.488,8-16px,slight,tilted,tbg_046.jpg,d8c8dae1ff2210b0da7a8b3e440b99e3928d47d6107867b88e77035652c85479,outputs\shuttle_capability\train_data\train\images\train_00099.jpg,outputs\shuttle_capability\train_data\train\labels\train_00099.txt,0,0
train_00100,train,SYNTHETIC_HIFI_3D,SYNTHETIC_3D,,False,1,6.481,4-8px,sharp,steep,tbg_008.jpg,e81b41fed45f2ddbf28bfa349b87f7f6e133e7502c17eb2e2cc2aded8e05e708,outputs\shuttle_capability\train_data\train\images\train_00100.jpg,outputs\shuttle_capability\train_data\train\labels\train_00100.txt,0,0
train_00101,train,SYNTHETIC_HIFI_3D,SYNTHETIC_3D,,False,1,14.422,8-16px,slight,steep,tbg_009.jpg,391339f8160ab6abcdf6063b63d597e9ae13ec0f06cdb6e70d999ffb6c0c2d82,outputs\shuttle_capability\train_data\train\images\train_00101.jpg,outputs\shuttle_capability\train_data\train\labels\train_00101.txt,0,0
train_00102,train,SYNTHETIC_HIFI_3D,SYNTHETIC_3D,,False,1,8.367,8-16px,moderate,steep,tbg_012.jpg,8420a74d6692c08e8cf5e50b9e9117cf1239f9a41f3a3123eb1a147349916862,outputs\shuttle_capability\train_data\train\images\train_00102.jpg,outputs\shuttle_capability\train_data\train\labels\train_00102.txt,0,0
train_00103,train,SYNTHETIC_HIFI_3D,SYNTHETIC_3D,,False,1,12.961,8-16px,heavy,steep,tbg_013.jpg,dbc5616375e9b494633baeec3b30a1a613f36ffd2a2eda0870be8ba8ba3c6c22,outputs\shuttle_capability\train_data\train\images\train_00103.jpg,outputs\shuttle_capability\train_data\train\labels\train_00103.txt,0,0
train_00104,train,SYNTHETIC_HIFI_3D,SYNTHETIC_3D,,False,1,16.882,16-32px,heavy,steep,tbg_014.jpg,9f956e3231ca819eb405fc6d3ec5943088639b0c8401bcdddd660092b0c07365,outputs\shuttle_capability\train_data\train\images\train_00104.jpg,outputs\shuttle_capability\train_data\train\labels\train_00104.txt,0,0
train_00105,train,SYNTHETIC_HIFI_3D,SYNTHETIC_3D,,False,1,10.583,8-16px,slight,steep,tbg_016.jpg,7a48d8852c2dba0fb0af90263e41d20f8e50a8b9a2275bdc3e38e2cc034eab26,outputs\shuttle_capability\train_data\train\images\train_00105.jpg,outputs\shuttle_capability\train_data\train\labels\train_00105.txt,0,0
train_00106,train,SYNTHETIC_HIFI_3D,SYNTHETIC_3D,,False,1,5.916,4-8px,slight,steep,tbg_019.jpg,4ff6838a08537c7e8493f8fe838a9772f5561a43588c243ca52fb2d7264ef54b,outputs\shuttle_capability\train_data\train\images\train_00106.jpg,outputs\shuttle_capability\train_data\train\labels\train_00106.txt,0,0
train_00107,train,SYNTHETIC_HIFI_3D,SYNTHETIC_3D,,False,1,3.873,<4px,sharp,steep,tbg_021.jpg,0c54c2135d62bb9ec4d8d04df58ae8d70b8050cbf1656893fc9ceee85e739920,outputs\shuttle_capability\train_data\train\images\train_00107.jpg,outputs\shuttle_capability\train_data\train\labels\train_00107.txt,0,0
train_00108,train,SYNTHETIC_HIFI_3D,SYNTHETIC_3D,,False,1,21.909,16-32px,sharp,steep,tbg_022.jpg,484b73525c70075740519facf1435e62d99063c4a35985c558489606ebb55763,outputs\shuttle_capability\train_data\train\images\train_00108.jpg,outputs\shuttle_capability\train_data\train\labels\train_00108.txt,0,0
train_00109,train,SYNTHETIC_HIFI_3D,SYNTHETIC_3D,,False,1,8.367,8-16px,sharp,steep,tbg_023.jpg,ba5088ab830e6d7e9ed0cafee2aabb65fe73dda8512ee4ce84ecb8168004e4f3,outputs\shuttle_capability\train_data\train\images\train_00109.jpg,outputs\shuttle_capability\train_data\train\labels\train_00109.txt,0,0
train_00110,train,SYNTHETIC_HIFI_3D,SYNTHETIC_3D,,False,1,6.481,4-8px,slight,steep,tbg_024.jpg,22ea927c64ad252fe552b84c062ef4bbde369ce3336e5b4e4d9bac66af89ecc8,outputs\shuttle_capability\train_data\train\images\train_00110.jpg,outputs\shuttle_capability\train_data\train\labels\train_00110.txt,0,0
train_00111,train,SYNTHETIC_HIFI_3D,SYNTHETIC_3D,,False,1,9.381,8-16px,slight,steep,tbg_026.jpg,f158f931eb15b4665d8679dca593a402c8418240383d895c3edfb556cad0fce3,outputs\shuttle_capability\train_data\train\images\train_00111.jpg,outputs\shuttle_capability\train_data\train\labels\train_00111.txt,0,0
train_00112,train,SYNTHETIC_HIFI_3D,SYNTHETIC_3D,,False,1,7.937,4-8px,sharp,steep,tbg_027.jpg,c90bdcfe3f5219f7f346d566182a67315ba2f71aa9bd120e1106b7a133bf4885,outputs\shuttle_capability\train_data\train\images\train_00112.jpg,outputs\shuttle_capability\train_data\train\labels\train_00112.txt,0,0
train_00113,train,SYNTHETIC_HIFI_3D,SYNTHETIC_3D,,False,1,14.283,8-16px,heavy,steep,tbg_028.jpg,e4cf0cbfa1d17425f6f3ca654b194200646adc8438047ecbf1d1e7cf34b141f2,outputs\shuttle_capability\train_data\train\images\train_00113.jpg,outputs\shuttle_capability\train_data\train\labels\train_00113.txt,0,0
train_00114,train,SYNTHETIC_HIFI_3D,SYNTHETIC_3D,,False,1,9.487,8-16px,sharp,steep,tbg_029.jpg,2fe6b4bf8cf6b591d9ff731b676127613081eb16bbb3ace5ef692fedb122780b,outputs\shuttle_capability\train_data\train\images\train_00114.jpg,outputs\shuttle_capability\train_data\train\labels\train_00114.txt,0,0
train_00115,train,SYNTHETIC_HIFI_3D,SYNTHETIC_3D,,False,1,9.487,8-16px,sharp,steep,tbg_032.jpg,bf33ee956f1250d66e68d0bdfbfbf7dc9520f6c24169f8c288b6e7b748e1b324,outputs\shuttle_capability\train_data\train\images\train_00115.jpg,outputs\shuttle_capability\train_data\train\labels\train_00115.txt,0,0
train_00116,train,SYNTHETIC_HIFI_3D,SYNTHETIC_3D,,False,1,6.0,4-8px,moderate,steep,tbg_033.jpg,c670c173feb44cc429d0c10fad9c50960a51b9670d87a55b747a25126e5ea137,outputs\shuttle_capability\train_data\train\images\train_00116.jpg,outputs\shuttle_capability\train_data\train\labels\train_00116.txt,0,0
train_00117,train,SYNTHETIC_HIFI_3D,SYNTHETIC_3D,,False,1,10.954,8-16px,moderate,steep,tbg_034.jpg,a41a586d789557d480cd98d3757a6b0ec26153ace5097fd325aafa3ad1adf7c4,outputs\shuttle_capability\train_data\train\images\train_00117.jpg,outputs\shuttle_capability\train_data\train\labels\train_00117.txt,0,0
train_00118,train,SYNTHETIC_HIFI_3D,SYNTHETIC_3D,,False,1,5.477,4-8px,sharp,tilted,tbg_036.jpg,0382dd22dedc1de8c3e39b0ae6b12e392c6a1f007af741b67e014eb914fe694d,outputs\shuttle_capability\train_data\train\images\train_00118.jpg,outputs\shuttle_capability\train_data\train\labels\train_00118.txt,0,0
train_00119,train,SYNTHETIC_HIFI_3D,SYNTHETIC_3D,,False,1,12.961,8-16px,sharp,tilted,tbg_037.jpg,0a38b9e1f0ecf1ab4579d96cc241c5a8f6270ecedfc3cc148cbbe732b8d41685,outputs\shuttle_capability\train_data\train\images\train_00119.jpg,outputs\shuttle_capability\train_data\train\labels\train_00119.txt,0,0
train_00120,train,SYNTHETIC_HIFI_3D,SYNTHETIC_3D,,False,1,18.439,16-32px,sharp,steep,tbg_038.jpg,862848afd19cd21b4f2e727805af480a2508718a5f958e4a88f35af2a80b6068,outputs\shuttle_capability\train_data\train\images\train_00120.jpg,outputs\shuttle_capability\train_data\train\labels\train_00120.txt,0,0
train_00121,train,SYNTHETIC_HIFI_3D,SYNTHETIC_3D,,False,1,4.0,4-8px,sharp,steep,tbg_039.jpg,c68e665d9b66af902cfcd02a04a1bb25fee9bb73de91a0f6b608c2238a50a947,outputs\shuttle_capability\train_data\train\images\train_00121.jpg,outputs\shuttle_capability\train_data\train\labels\train_00121.txt,0,0
train_00122,train,SYNTHETIC_HIFI_3D,SYNTHETIC_3D,,False,1,2.449,<4px,heavy,steep,tbg_041.jpg,b99df5e2093d47bc956b54531fdc6bdf793239156c839813f3d883062c9a072c,outputs\shuttle_capability\train_data\train\images\train_00122.jpg,outputs\shuttle_capability\train_data\train\labels\train_00122.txt,0,0
train_00123,train,SYNTHETIC_HIFI_3D,SYNTHETIC_3D,,False,1,12.49,8-16px,slight,steep,tbg_042.jpg,9da99330c3c1c90d345354bcd660399cc5ce01fb51be91e5f822d52c2fecd91a,outputs\shuttle_capability\train_data\train\images\train_00123.jpg,outputs\shuttle_capability\train_data\train\labels\train_00123.txt,0,0
train_00124,train,SYNTHETIC_HIFI_3D,SYNTHETIC_3D,,False,1,32.404,>=32px,heavy,tilted,tbg_046.jpg,5a1c95f96144eba408449118e788edbdb127ed1db83375bbe4b17dda901ed8af,outputs\shuttle_capability\train_data\train\images\train_00124.jpg,outputs\shuttle_capability\train_data\train\labels\train_00124.txt,0,0
train_00125,train,SYNTHETIC_HIFI_3D,SYNTHETIC_3D,,False,1,5.477,4-8px,moderate,steep,tbg_008.jpg,494e8797c1dddb1ac5947ada1051c8041771f45171ca42228d51b6e45004dda3,outputs\shuttle_capability\train_data\train\images\train_00125.jpg,outputs\shuttle_capability\train_data\train\labels\train_00125.txt,0,0
train_00126,train,SYNTHETIC_HIFI_3D,SYNTHETIC_3D,,False,1,4.899,4-8px,slight,steep,tbg_009.jpg,83e8e6db49b6ce46040f4b68659b50475e2c3bf1661d97d25f2e4d6bfb87e53f,outputs\shuttle_capability\train_data\train\images\train_00126.jpg,outputs\shuttle_capability\train_data\train\labels\train_00126.txt,0,0
train_00127,train,SYNTHETIC_HIFI_3D,SYNTHETIC_3D,,False,1,12.49,8-16px,sharp,steep,tbg_012.jpg,4b255c8d6418776888e3ca311579bb658dc733bc0534405e55b7ab6453e37e58,outputs\shuttle_capability\train_data\train\images\train_00127.jpg,outputs\shuttle_capability\train_data\train\labels\train_00127.txt,0,0
train_00128,train,SYNTHETIC_HIFI_3D,SYNTHETIC_3D,,False,1,5.916,4-8px,slight,steep,tbg_013.jpg,feb5cc3367abbb264c1d15a83a19b2ff78bfceb5e6c1c09dd04926d65ef4e531,outputs\shuttle_capability\train_data\train\images\train_00128.jpg,outputs\shuttle_capability\train_data\train\labels\train_00128.txt,0,0
train_00129,train,SYNTHETIC_HIFI_3D,SYNTHETIC_3D,,False,1,6.928,4-8px,slight,steep,tbg_014.jpg,851ece36c2b60b18ff23d07d75f7888096566e7f8c9299a4b6288800e92a7973,outputs\shuttle_capability\train_data\train\images\train_00129.jpg,outputs\shuttle_capability\train_data\train\labels\train_00129.txt,0,0
train_00130,train,SYNTHETIC_HIFI_3D,SYNTHETIC_3D,,False,1,7.937,4-8px,sharp,steep,tbg_016.jpg,d166bcec050c4926db96553c165bcb1214457550c8bbf56970782bd437a69054,outputs\shuttle_capability\train_data\train\images\train_00130.jpg,outputs\shuttle_capability\train_data\train\labels\train_00130.txt,0,0
train_00131,train,SYNTHETIC_HIFI_3D,SYNTHETIC_3D,,False,1,11.832,8-16px,moderate,steep,tbg_019.jpg,b89a610230b35a25d2ebd661593e7cd9abd55a52b039c38d9d72d9cc988b8f0b,outputs\shuttle_capability\train_data\train\images\train_00131.jpg,outputs\shuttle_capability\train_data\train\labels\train_00131.txt,0,0
train_00132,train,SYNTHETIC_HIFI_3D,SYNTHETIC_3D,,False,1,7.483,4-8px,moderate,steep,tbg_021.jpg,1e863b9ab489c97a0c2b7b021d667623f3f0ce74ddc92d8a4528881019c85bae,outputs\shuttle_capability\train_data\train\images\train_00132.jpg,outputs\shuttle_capability\train_data\train\labels\train_00132.txt,0,0
train_00133,train,SYNTHETIC_HIFI_3D,SYNTHETIC_3D,,False,1,9.95,8-16px,slight,steep,tbg_022.jpg,875fb013f736a070d49ff87d3030e0eba190ef938696205a7ad780955bca575b,outputs\shuttle_capability\train_data\train\images\train_00133.jpg,outputs\shuttle_capability\train_data\train\labels\train_00133.txt,0,0
train_00134,train,SYNTHETIC_HIFI_3D,SYNTHETIC_3D,,False,1,8.485,8-16px,sharp,steep,tbg_023.jpg,a4b89ca31c7b1efdc47d1dd25792159c022fde4691c89c108e58d9f7b7b5e7be,outputs\shuttle_capability\train_data\train\images\train_00134.jpg,outputs\shuttle_capability\train_data\train\labels\train_00134.txt,0,0
train_00135,train,SYNTHETIC_HIFI_3D,SYNTHETIC_3D,,False,1,6.0,4-8px,heavy,steep,tbg_024.jpg,5be261111ebbf6973ac964fba9ecf239f3dba589013287d2058de2d991ffeb84,outputs\shuttle_capability\train_data\train\images\train_00135.jpg,outputs\shuttle_capability\train_data\train\labels\train_00135.txt,0,0
train_00136,train,SYNTHETIC_HIFI_3D,SYNTHETIC_3D,,False,1,7.937,4-8px,slight,steep,tbg_026.jpg,df747268a7211f710cf6d685581b9ed3b27b913030e376603653ec6331f9044f,outputs\shuttle_capability\train_data\train\images\train_00136.jpg,outputs\shuttle_capability\train_data\train\labels\train_00136.txt,0,0
train_00137,train,SYNTHETIC_HIFI_3D,SYNTHETIC_3D,,False,1,5.477,4-8px,slight,steep,tbg_027.jpg,afcf79066686e2e1e8c1ef9f3d41648700b0c35d5e17f0ff90cdbe6d23a9e1ef,outputs\shuttle_capability\train_data\train\images\train_00137.jpg,outputs\shuttle_capability\train_data\train\labels\train_00137.txt,0,0
train_00138,train,SYNTHETIC_HIFI_3D,SYNTHETIC_3D,,False,1,9.381,8-16px,sharp,steep,tbg_028.jpg,0bf9fc1a40b35de07d92693dae2360c7f9ec427e0107f151d91744c13758a05d,outputs\shuttle_capability\train_data\train\images\train_00138.jpg,outputs\shuttle_capability\train_data\train\labels\train_00138.txt,0,0
train_00139,train,SYNTHETIC_HIFI_3D,SYNTHETIC_3D,,False,1,5.0,4-8px,heavy,steep,tbg_029.jpg,3b7b1afc613e4db2949150ef6b8ecb6732cc9789aa4fbe0f95b7b6131bdeef77,outputs\shuttle_capability\train_data\train\images\train_00139.jpg,outputs\shuttle_capability\train_data\train\labels\train_00139.txt,0,0
train_00140,train,SYNTHETIC_HIFI_3D,SYNTHETIC_3D,,False,1,5.477,4-8px,slight,steep,tbg_032.jpg,1ce4add9f12cf5b8f4b37c573063e6ba91efce173ad78949a6fcf6d24ceaf6e0,outputs\shuttle_capability\train_data\train\images\train_00140.jpg,outputs\shuttle_capability\train_data\train\labels\train_00140.txt,0,0
train_00141,train,SYNTHETIC_HIFI_3D,SYNTHETIC_3D,,False,1,17.889,16-32px,slight,steep,tbg_033.jpg,5e3720e410c28f7e8967747b576120de3ed1d30fcdb6b73b0250266d7d22c71a,outputs\shuttle_capability\train_data\train\images\train_00141.jpg,outputs\shuttle_capability\train_data\train\labels\train_00141.txt,0,0
train_00142,train,SYNTHETIC_HIFI_3D,SYNTHETIC_3D,,False,1,8.775,8-16px,slight,steep,tbg_034.jpg,4a8d9c3db3f726e385fb58af47fc081d024e01158a00006741b182749276a969,outputs\shuttle_capability\train_data\train\images\train_00142.jpg,outputs\shuttle_capability\train_data\train\labels\train_00142.txt,0,0
train_00143,train,SYNTHETIC_HIFI_3D,SYNTHETIC_3D,,False,1,9.0,8-16px,slight,steep,tbg_036.jpg,e48f620f96e561bd005c5496c5bb838a0ba5fb5a50a312f171c5c2be3164e560,outputs\shuttle_capability\train_data\train\images\train_00143.jpg,outputs\shuttle_capability\train_data\train\labels\train_00143.txt,0,0
train_00144,train,SYNTHETIC_HIFI_3D,SYNTHETIC_3D,,False,1,11.958,8-16px,slight,steep,tbg_037.jpg,7542a85db1c32e3f368eb6c622b92114b0f34379525a5b986a3c878cfdce2e42,outputs\shuttle_capability\train_data\train\images\train_00144.jpg,outputs\shuttle_capability\train_data\train\labels\train_00144.txt,0,0
train_00145,train,SYNTHETIC_HIFI_3D,SYNTHETIC_3D,,False,1,6.928,4-8px,sharp,steep,tbg_038.jpg,1892b467801b1f6fb8c2d6cd0866bebbda2f530da3b6efe646442b414255ed50,outputs\shuttle_capability\train_data\train\images\train_00145.jpg,outputs\shuttle_capability\train_data\train\labels\train_00145.txt,0,0
train_00146,train,SYNTHETIC_HIFI_3D,SYNTHETIC_3D,,False,1,8.367,8-16px,sharp,steep,tbg_039.jpg,ecb5c2bf24472f7a5af1b3cc8f9b8ef46a75b07e2b6d8eaf63515a1a5aaecdfc,outputs\shuttle_capability\train_data\train\images\train_00146.jpg,outputs\shuttle_capability\train_data\train\labels\train_00146.txt,0,0
train_00147,train,SYNTHETIC_HIFI_3D,SYNTHETIC_3D,,False,1,11.489,8-16px,slight,steep,tbg_041.jpg,2815420b04fd1377e4ce65abdbf2f9848b614ce9ea5bc5476ec1bc81409238c6,outputs\shuttle_capability\train_data\train\images\train_00147.jpg,outputs\shuttle_capability\train_data\train\labels\train_00147.txt,0,0
train_00148,train,SYNTHETIC_HIFI_3D,SYNTHETIC_3D,,False,1,10.488,8-16px,sharp,steep,tbg_042.jpg,314211241327612a65d4755507e8283c10924a5b2850f433102b81d067643bae,outputs\shuttle_capability\train_data\train\images\train_00148.jpg,outputs\shuttle_capability\train_data\train\labels\train_00148.txt,0,0
train_00149,train,SYNTHETIC_HIFI_3D,SYNTHETIC_3D,,False,1,5.0,4-8px,slight,steep,tbg_046.jpg,d0004edf53cb776eea169d5ceb1c3957b29558a9623cdc2eb8c543ea57aa00ef,outputs\shuttle_capability\train_data\train\images\train_00149.jpg,outputs\shuttle_capability\train_data\train\labels\train_00149.txt,0,0
train_00150,train,SYNTHETIC_HIFI_3D,SYNTHETIC_3D,,False,1,13.964,8-16px,sharp,steep,tbg_008.jpg,dd6a1be8ac5b79f918a8a22e321a190d7d0059754354e54c2d647f2f72ac3e0c,outputs\shuttle_capability\train_data\train\images\train_00150.jpg,outputs\shuttle_capability\train_data\train\labels\train_00150.txt,0,0
train_00151,train,SYNTHETIC_HIFI_3D,SYNTHETIC_3D,,False,1,6.928,4-8px,heavy,steep,tbg_009.jpg,c690419b1b805516a2f018f469ae6a5a8563073b5487feda03cb1036cbd9746a,outputs\shuttle_capability\train_data\train\images\train_00151.jpg,outputs\shuttle_capability\train_data\train\labels\train_00151.txt,0,0
train_00152,train,SYNTHETIC_HIFI_3D,SYNTHETIC_3D,,False,1,5.477,4-8px,slight,steep,tbg_012.jpg,ccf214d826e6b08b0c2c01a6be24bb42f824b8443659ad225181bd84ef087322,outputs\shuttle_capability\train_data\train\images\train_00152.jpg,outputs\shuttle_capability\train_data\train\labels\train_00152.txt,0,0
train_00153,train,SYNTHETIC_HIFI_3D,SYNTHETIC_3D,,False,1,6.0,4-8px,sharp,steep,tbg_013.jpg,142d763fead77aa0232cc1fc7f9db64144f934d1b2a44909368ca1442f02b9df,outputs\shuttle_capability\train_data\train\images\train_00153.jpg,outputs\shuttle_capability\train_data\train\labels\train_00153.txt,0,0
train_00154,train,SYNTHETIC_HIFI_3D,SYNTHETIC_3D,,False,1,7.483,4-8px,slight,steep,tbg_014.jpg,13abe252308fcee24fb97750c4ddd9d56539909abe65d74633f2b9fbc266d356,outputs\shuttle_capability\train_data\train\images\train_00154.jpg,outputs\shuttle_capability\train_data\train\labels\train_00154.txt,0,0
train_00155,train,SYNTHETIC_HIFI_3D,SYNTHETIC_3D,,False,1,19.774,16-32px,slight,tilted,tbg_016.jpg,c09b156627e51f0920d5e0b8c30694af0f3667e1cb7ac15fe1478b208fc00b7a,outputs\shuttle_capability\train_data\train\images\train_00155.jpg,outputs\shuttle_capability\train_data\train\labels\train_00155.txt,0,0
train_00156,train,SYNTHETIC_HIFI_3D,SYNTHETIC_3D,,False,1,5.0,4-8px,moderate,tilted,tbg_019.jpg,4028a6cbdc59573363023c99ec3808319b881eb715075cd7caaaa35aff1b5e58,outputs\shuttle_capability\train_data\train\images\train_00156.jpg,outputs\shuttle_capability\train_data\train\labels\train_00156.txt,0,0
train_00157,train,SYNTHETIC_HIFI_3D,SYNTHETIC_3D,,False,1,10.0,8-16px,heavy,steep,tbg_021.jpg,09701dc9a58add5477d7c7a2ba91ad430d4f90635fc7015d94a11a609200c319,outputs\shuttle_capability\train_data\train\images\train_00157.jpg,outputs\shuttle_capability\train_data\train\labels\train_00157.txt,0,0
train_00158,train,SYNTHETIC_HIFI_3D,SYNTHETIC_3D,,False,1,3.0,<4px,sharp,steep,tbg_022.jpg,68a1233bdeb2df05b8c4420203a987800f425479432d07a1e5fc80fb93fbe510,outputs\shuttle_capability\train_data\train\images\train_00158.jpg,outputs\shuttle_capability\train_data\train\labels\train_00158.txt,0,0
train_00159,train,SYNTHETIC_HIFI_3D,SYNTHETIC_3D,,False,1,8.944,8-16px,heavy,steep,tbg_023.jpg,3bc707fac69ac160972a7e0976b861b1a4776f62214dadc0c5c5f4f3f5e06da2,outputs\shuttle_capability\train_data\train\images\train_00159.jpg,outputs\shuttle_capability\train_data\train\labels\train_00159.txt,0,0
train_00160,train,SYNTHETIC_HIFI_3D,SYNTHETIC_3D,,False,1,14.491,8-16px,heavy,steep,tbg_024.jpg,14d4fafc3f75b35f3c3bb1c923cac0c19719eadf1c391fd936dce74ca2330956,outputs\shuttle_capability\train_data\train\images\train_00160.jpg,outputs\shuttle_capability\train_data\train\labels\train_00160.txt,0,0
train_00161,train,SYNTHETIC_HIFI_3D,SYNTHETIC_3D,,False,1,8.0,8-16px,moderate,tilted,tbg_026.jpg,42490e56e64a5d6b61fb76e6f42a59ccb1c3520931d3324c9890650724ce7018,outputs\shuttle_capability\train_data\train\images\train_00161.jpg,outputs\shuttle_capability\train_data\train\labels\train_00161.txt,0,0
train_00162,train,SYNTHETIC_HIFI_3D,SYNTHETIC_3D,,False,1,6.481,4-8px,sharp,steep,tbg_027.jpg,96ccf389f1b78b29056a0f8c44399d4f605d8a1050ba7ae3cafe139403d04f5c,outputs\shuttle_capability\train_data\train\images\train_00162.jpg,outputs\shuttle_capability\train_data\train\labels\train_00162.txt,0,0
train_00163,train,SYNTHETIC_HIFI_3D,SYNTHETIC_3D,,False,1,10.488,8-16px,sharp,steep,tbg_028.jpg,9a54edf3a10471d926b026e96303c3fc023c13b084fa6e80d3a3db61529a6bd7,outputs\shuttle_capability\train_data\train\images\train_00163.jpg,outputs\shuttle_capability\train_data\train\labels\train_00163.txt,0,0
train_00164,train,SYNTHETIC_HIFI_3D,SYNTHETIC_3D,,False,1,12.49,8-16px,heavy,steep,tbg_029.jpg,c07c57658a657cad095882b72e5481c505cfceae5e9ed80783b8ba3aa4e6fd0a,outputs\shuttle_capability\train_data\train\images\train_00164.jpg,outputs\shuttle_capability\train_data\train\labels\train_00164.txt,0,0
train_00165,train,SYNTHETIC_HIFI_3D,SYNTHETIC_3D,,False,1,12.0,8-16px,slight,tilted,tbg_032.jpg,6e7f216a7ffb9ea64faf142baa09519f26f448b10318204f74e4833dc2f47ba2,outputs\shuttle_capability\train_data\train\images\train_00165.jpg,outputs\shuttle_capability\train_data\train\labels\train_00165.txt,0,0
train_00166,train,SYNTHETIC_HIFI_3D,SYNTHETIC_3D,,False,1,23.238,16-32px,slight,steep,tbg_033.jpg,9b03c315354e112b4fccd1c95a55b3979846f3ccb7ae5c1099ac3c40e23e83d0,outputs\shuttle_capability\train_data\train\images\train_00166.jpg,outputs\shuttle_capability\train_data\train\labels\train_00166.txt,0,0
train_00167,train,SYNTHETIC_HIFI_3D,SYNTHETIC_3D,,False,1,9.798,8-16px,moderate,steep,tbg_034.jpg,91bc53c38f9597c91c8bf3a03456cee0111af918d015550cec1d6f974f7ce6b6,outputs\shuttle_capability\train_data\train\images\train_00167.jpg,outputs\shuttle_capability\train_data\train\labels\train_00167.txt,0,0
train_00168,train,SYNTHETIC_HIFI_3D,SYNTHETIC_3D,,False,1,6.928,4-8px,sharp,steep,tbg_036.jpg,3766f89257a504aa17b249b30c50bc395b5b23bc15dda89454386045a2fff04f,outputs\shuttle_capability\train_data\train\images\train_00168.jpg,outputs\shuttle_capability\train_data\train\labels\train_00168.txt,0,0
train_00169,train,SYNTHETIC_HIFI_3D,SYNTHETIC_3D,,False,1,8.944,8-16px,moderate,steep,tbg_037.jpg,9ec7e2e53afc0a36c5a38f8febb2062437ee569849815930e7a8d9ace5e8daa4,outputs\shuttle_capability\train_data\train\images\train_00169.jpg,outputs\shuttle_capability\train_data\train\labels\train_00169.txt,0,0
train_00170,train,SYNTHETIC_HIFI_3D,SYNTHETIC_3D,,False,1,8.367,8-16px,slight,steep,tbg_038.jpg,4c7c420d390a96d1a6be2d36604f37d16252f08824b607b1cdab565dbb392109,outputs\shuttle_capability\train_data\train\images\train_00170.jpg,outputs\shuttle_capability\train_data\train\labels\train_00170.txt,0,0
train_00171,train,SYNTHETIC_HIFI_3D,SYNTHETIC_3D,,False,1,9.487,8-16px,slight,tilted,tbg_039.jpg,365567aa8f33f316f3dc5d25b5f042e7490add9b22ef485c408f0456badd85b4,outputs\shuttle_capability\train_data\train\images\train_00171.jpg,outputs\shuttle_capability\train_data\train\labels\train_00171.txt,0,0
train_00172,train,SYNTHETIC_HIFI_3D,SYNTHETIC_3D,,False,1,9.0,8-16px,sharp,steep,tbg_041.jpg,bca7ff1e999d475b884d0c13f63d93ea4354bb6d401e7a223d4e66a521184f63,outputs\shuttle_capability\train_data\train\images\train_00172.jpg,outputs\shuttle_capability\train_data\train\labels\train_00172.txt,0,0
train_00173,train,SYNTHETIC_HIFI_3D,SYNTHETIC_3D,,False,1,9.95,8-16px,moderate,tilted,tbg_042.jpg,ef0e159b13583c61d33bd219c38da951e0e4dd4b1420a56d70fee5bc073f7234,outputs\shuttle_capability\train_data\train\images\train_00173.jpg,outputs\shuttle_capability\train_data\train\labels\train_00173.txt,0,0
train_00174,train,SYNTHETIC_HIFI_3D,SYNTHETIC_3D,,False,1,3.873,<4px,sharp,steep,tbg_046.jpg,3365cf78669767876a566c27c73a70bb4c9aa09c01b4a6b45a0dc2341b56c622,outputs\shuttle_capability\train_data\train\images\train_00174.jpg,outputs\shuttle_capability\train_data\train\labels\train_00174.txt,0,0
train_00175,train,SYNTHETIC_HIFI_3D,SYNTHETIC_3D,,False,1,13.416,8-16px,slight,steep,tbg_008.jpg,293551c1d7664fc8d72fff6aaced482186e50e0406676b5a03bad3177740b639,outputs\shuttle_capability\train_data\train\images\train_00175.jpg,outputs\shuttle_capability\train_data\train\labels\train_00175.txt,0,0
train_00176,train,SYNTHETIC_HIFI_3D,SYNTHETIC_3D,,False,1,6.928,4-8px,heavy,steep,tbg_009.jpg,a4f11f7b7ee08c42158571ec2e7c6f66ff373ce89d6d18368d0aaff38f464a0b,outputs\shuttle_capability\train_data\train\images\train_00176.jpg,outputs\shuttle_capability\train_data\train\labels\train_00176.txt,0,0
train_00177,train,SYNTHETIC_HIFI_3D,SYNTHETIC_3D,,False,1,5.0,4-8px,sharp,steep,tbg_012.jpg,7e1914826c1c19e5dec0422440523501b710fbfab430ea0d9f4a03ad4079c71e,outputs\shuttle_capability\train_data\train\images\train_00177.jpg,outputs\shuttle_capability\train_data\train\labels\train_00177.txt,0,0
train_00178,train,SYNTHETIC_HIFI_3D,SYNTHETIC_3D,,False,1,11.402,8-16px,sharp,steep,tbg_013.jpg,4bfe3166f5aca235492e2a85df8224156c0eb635b64b060ad6e25afd4db1cc41,outputs\shuttle_capability\train_data\train\images\train_00178.jpg,outputs\shuttle_capability\train_data\train\labels\train_00178.txt,0,0
train_00179,train,SYNTHETIC_HIFI_3D,SYNTHETIC_3D,,False,1,17.493,16-32px,sharp,steep,tbg_014.jpg,a94573115e0923e1bf39c735d085daa7203396cfc68596f6c2c7c4d1644f35b2,outputs\shuttle_capability\train_data\train\images\train_00179.jpg,outputs\shuttle_capability\train_data\train\labels\train_00179.txt,0,0
train_00180,train,SYNTHETIC_HIFI_3D,SYNTHETIC_3D,,False,1,11.0,8-16px,heavy,tilted,tbg_016.jpg,84de2eff838d189bd09eeed1fe89fc2445aa349848f13ad5cababf5eeaa37ed3,outputs\shuttle_capability\train_data\train\images\train_00180.jpg,outputs\shuttle_capability\train_data\train\labels\train_00180.txt,0,0
train_00181,train,SYNTHETIC_HIFI_3D,SYNTHETIC_3D,,False,1,9.381,8-16px,sharp,steep,tbg_019.jpg,ad400c60cd8e614e4af8ba7468f84e21a9e489a6eb4db9c9f0dd9e770e54093d,outputs\shuttle_capability\train_data\train\images\train_00181.jpg,outputs\shuttle_capability\train_data\train\labels\train_00181.txt,0,0
train_00182,train,SYNTHETIC_HIFI_3D,SYNTHETIC_3D,,False,1,5.916,4-8px,heavy,steep,tbg_021.jpg,ef315ce024c3a19b287cf527637e4d14c2eedf0792d938556e8a5661378b2e35,outputs\shuttle_capability\train_data\train\images\train_00182.jpg,outputs\shuttle_capability\train_data\train\labels\train_00182.txt,0,0
train_00183,train,SYNTHETIC_HIFI_3D,SYNTHETIC_3D,,False,1,32.0,>=32px,sharp,tilted,tbg_022.jpg,33c5a4fd1d345a01e4208e035ba281276781f6082cef7c2001e3052a2fb8f807,outputs\shuttle_capability\train_data\train\images\train_00183.jpg,outputs\shuttle_capability\train_data\train\labels\train_00183.txt,0,0
train_00184,train,SYNTHETIC_HIFI_3D,SYNTHETIC_3D,,False,1,13.856,8-16px,sharp,steep,tbg_023.jpg,ace7022d38b6c13bcf99b4cb8b3bc1cbfb12449dbf09e76825f1281af1b7854a,outputs\shuttle_capability\train_data\train\images\train_00184.jpg,outputs\shuttle_capability\train_data\train\labels\train_00184.txt,0,0
train_00185,train,SYNTHETIC_HIFI_3D,SYNTHETIC_3D,,False,1,4.899,4-8px,heavy,steep,tbg_024.jpg,edec5b18c00a317f40f075341d8fd14407b50c0496fbdc912a27f6b5f50fbbd3,outputs\shuttle_capability\train_data\train\images\train_00185.jpg,outputs\shuttle_capability\train_data\train\labels\train_00185.txt,0,0
train_00186,train,SYNTHETIC_HIFI_3D,SYNTHETIC_3D,,False,1,5.916,4-8px,slight,steep,tbg_026.jpg,f9a0040eb358c73702e349db6514a1238e6703173067c2f3fcff41f22fedd481,outputs\shuttle_capability\train_data\train\images\train_00186.jpg,outputs\shuttle_capability\train_data\train\labels\train_00186.txt,0,0
train_00187,train,SYNTHETIC_HIFI_3D,SYNTHETIC_3D,,False,1,8.944,8-16px,sharp,steep,tbg_027.jpg,e9a93c0ae983c8e4760bafbe4380cb1cb5bc81e4e198a8acf0ca51376fc769df,outputs\shuttle_capability\train_data\train\images\train_00187.jpg,outputs\shuttle_capability\train_data\train\labels\train_00187.txt,0,0
train_00188,train,SYNTHETIC_HIFI_3D,SYNTHETIC_3D,,False,1,4.0,4-8px,sharp,steep,tbg_028.jpg,355aee8a955f73dbd78391535af87f3e75f2851eef05ed0070c95245f7de82ae,outputs\shuttle_capability\train_data\train\images\train_00188.jpg,outputs\shuttle_capability\train_data\train\labels\train_00188.txt,0,0
train_00189,train,SYNTHETIC_HIFI_3D,SYNTHETIC_3D,,False,1,9.487,8-16px,moderate,tilted,tbg_029.jpg,43647d66349635b8ca82b3685a2cd23b2bae4245a3af7447259ff1c24a2351b1,outputs\shuttle_capability\train_data\train\images\train_00189.jpg,outputs\shuttle_capability\train_data\train\labels\train_00189.txt,0,0
train_00190,train,SYNTHETIC_HIFI_3D,SYNTHETIC_3D,,False,1,7.483,4-8px,slight,steep,tbg_032.jpg,7f5bbfb4c131a72ee01f2cb75f723690e023123c40918423cfbf91d067e05954,outputs\shuttle_capability\train_data\train\images\train_00190.jpg,outputs\shuttle_capability\train_data\train\labels\train_00190.txt,0,0
train_00191,train,SYNTHETIC_HIFI_3D,SYNTHETIC_3D,,False,1,16.882,16-32px,slight,steep,tbg_033.jpg,60398a337e5a5800c849851a3beb5a22fce0ced9b89dcb3d1ccf1aee719f4235,outputs\shuttle_capability\train_data\train\images\train_00191.jpg,outputs\shuttle_capability\train_data\train\labels\train_00191.txt,0,0
train_00192,train,SYNTHETIC_HIFI_3D,SYNTHETIC_3D,,False,1,14.491,8-16px,sharp,steep,tbg_034.jpg,0b265626ef20daa02da2251dfd5cf3da58656dd194f8d305bfe77ae319f7eca2,outputs\shuttle_capability\train_data\train\images\train_00192.jpg,outputs\shuttle_capability\train_data\train\labels\train_00192.txt,0,0
train_00193,train,SYNTHETIC_HIFI_3D,SYNTHETIC_3D,,False,1,2.449,<4px,heavy,steep,tbg_036.jpg,89b5595cda64ec86b838819783840f437059e7e741d11fdda661748b275eed27,outputs\shuttle_capability\train_data\train\images\train_00193.jpg,outputs\shuttle_capability\train_data\train\labels\train_00193.txt,0,0
train_00194,train,SYNTHETIC_HIFI_3D,SYNTHETIC_3D,,False,1,8.944,8-16px,slight,tilted,tbg_037.jpg,af87a0d3afd0163973d25d639911491782e3c1a19c7b3973dfd69d48a726b7d0,outputs\shuttle_capability\train_data\train\images\train_00194.jpg,outputs\shuttle_capability\train_data\train\labels\train_00194.txt,0,0
train_00195,train,SYNTHETIC_HIFI_3D,SYNTHETIC_3D,,False,1,4.0,4-8px,sharp,steep,tbg_038.jpg,59a46d8a797261a3911aaf1776a6279d2d3ec829564d0643033cb6c6d4e0a9c4,outputs\shuttle_capability\train_data\train\images\train_00195.jpg,outputs\shuttle_capability\train_data\train\labels\train_00195.txt,0,0
train_00196,train,SYNTHETIC_HIFI_3D,SYNTHETIC_3D,,False,1,16.0,16-32px,sharp,steep,tbg_039.jpg,73d16260156c9dbd9c579d7b4a9db39ab20215003acd5e87528712f72838b487,outputs\shuttle_capability\train_data\train\images\train_00196.jpg,outputs\shuttle_capability\train_data\train\labels\train_00196.txt,0,0
train_00197,train,SYNTHETIC_HIFI_3D,SYNTHETIC_3D,,False,1,9.95,8-16px,sharp,steep,tbg_041.jpg,ab72eb3deefbaac14bb94aaa3b52481409b3a8515f31759b9ee0204c299202ff,outputs\shuttle_capability\train_data\train\images\train_00197.jpg,outputs\shuttle_capability\train_data\train\labels\train_00197.txt,0,0
train_00198,train,SYNTHETIC_HIFI_3D,SYNTHETIC_3D,,False,1,12.41,8-16px,heavy,steep,tbg_042.jpg,ba3d3729dcd4e4405beeb39875b774c7e3199b5d38188daa924db3982f6249b1,outputs\shuttle_capability\train_data\train\images\train_00198.jpg,outputs\shuttle_capability\train_data\train\labels\train_00198.txt,0,0
train_00199,train,SYNTHETIC_HIFI_3D,SYNTHETIC_3D,,False,1,5.477,4-8px,slight,steep,tbg_046.jpg,ec8e305b912f7633af9ba5bc25507f272a27cbd359b7fb1be1bf73bf8d5f294a,outputs\shuttle_capability\train_data\train\images\train_00199.jpg,outputs\shuttle_capability\train_data\train\labels\train_00199.txt,0,0
train_00200,train,SYNTHETIC_HIFI_3D,SYNTHETIC_3D,,False,1,22.226,16-32px,moderate,steep,tbg_008.jpg,e8d72497d62e8f0a52aeb7c8842e4d2d65204ee69dd4673b707b486a8f4ae73c,outputs\shuttle_capability\train_data\train\images\train_00200.jpg,outputs\shuttle_capability\train_data\train\labels\train_00200.txt,0,0
train_00201,train,SYNTHETIC_HIFI_3D,SYNTHETIC_3D,,False,1,24.819,16-32px,slight,steep,tbg_009.jpg,9a391b5f4cb9728cb72136dd079c509e78905d08a30b63777398c473240508cf,outputs\shuttle_capability\train_data\train\images\train_00201.jpg,outputs\shuttle_capability\train_data\train\labels\train_00201.txt,0,0
train_00202,train,SYNTHETIC_HIFI_3D,SYNTHETIC_3D,,False,1,5.477,4-8px,slight,steep,tbg_012.jpg,41aac64fde72094ef06d72e87604ba1bbb891f71cf05b3091ae4f137118aed25,outputs\shuttle_capability\train_data\train\images\train_00202.jpg,outputs\shuttle_capability\train_data\train\labels\train_00202.txt,0,0
train_00203,train,SYNTHETIC_HIFI_3D,SYNTHETIC_3D,,False,1,10.954,8-16px,heavy,steep,tbg_013.jpg,6b9ac0543aeaec915212ae85f722760cc4430408a38b82c46f4e5c3f26ad9d47,outputs\shuttle_capability\train_data\train\images\train_00203.jpg,outputs\shuttle_capability\train_data\train\labels\train_00203.txt,0,0
train_00204,train,SYNTHETIC_HIFI_3D,SYNTHETIC_3D,,False,1,6.481,4-8px,moderate,steep,tbg_014.jpg,990359109d21e7f211aee31d9bc056241804374bffb604a199ab37976583cebb,outputs\shuttle_capability\train_data\train\images\train_00204.jpg,outputs\shuttle_capability\train_data\train\labels\train_00204.txt,0,0
train_00205,train,SYNTHETIC_HIFI_3D,SYNTHETIC_3D,,False,1,8.944,8-16px,heavy,steep,tbg_016.jpg,3b0b177520b80e0bc2e933d9851c3c973111c2aeb2681f0ef127faf4fb9b55d0,outputs\shuttle_capability\train_data\train\images\train_00205.jpg,outputs\shuttle_capability\train_data\train\labels\train_00205.txt,0,0
train_00206,train,SYNTHETIC_HIFI_3D,SYNTHETIC_3D,,False,1,5.0,4-8px,sharp,steep,tbg_019.jpg,d58e282ca8762579295f3df5b6a3433ed92a7a312d1411c25b4c5300375c0e7e,outputs\shuttle_capability\train_data\train\images\train_00206.jpg,outputs\shuttle_capability\train_data\train\labels\train_00206.txt,0,0
train_00207,train,SYNTHETIC_HIFI_3D,SYNTHETIC_3D,,False,1,23.452,16-32px,moderate,steep,tbg_021.jpg,cf404446c8bccb48a85bbe4c2c6b0c35cd906e9e32f5002362e319c57545d321,outputs\shuttle_capability\train_data\train\images\train_00207.jpg,outputs\shuttle_capability\train_data\train\labels\train_00207.txt,0,0
train_00208,train,SYNTHETIC_HIFI_3D,SYNTHETIC_3D,,False,1,6.0,4-8px,slight,steep,tbg_022.jpg,e5bf78dcd6e11340b18ffd7adb3a23aeb75d927f7fc5beefde15977a8e665af7,outputs\shuttle_capability\train_data\train\images\train_00208.jpg,outputs\shuttle_capability\train_data\train\labels\train_00208.txt,0,0
train_00209,train,SYNTHETIC_HIFI_3D,SYNTHETIC_3D,,False,1,7.937,4-8px,moderate,steep,tbg_023.jpg,71fc923522d82bd4d2c5c197cd16ff13d027cda32dd624e86317a4b2527c0c44,outputs\shuttle_capability\train_data\train\images\train_00209.jpg,outputs\shuttle_capability\train_data\train\labels\train_00209.txt,0,0
train_00210,train,SYNTHETIC_HIFI_3D,SYNTHETIC_3D,,False,1,12.0,8-16px,slight,steep,tbg_024.jpg,0ba4b041a955a36cd81695560e0fbd410ee75badcc88a12af961628c2b5edded,outputs\shuttle_capability\train_data\train\images\train_00210.jpg,outputs\shuttle_capability\train_data\train\labels\train_00210.txt,0,0
train_00211,train,SYNTHETIC_HIFI_3D,SYNTHETIC_3D,,False,1,5.916,4-8px,heavy,steep,tbg_026.jpg,d844912f190a0d02f93e7bf64d3af86c425a85d1b8a15d3f3bfa3f5a1fe80859,outputs\shuttle_capability\train_data\train\images\train_00211.jpg,outputs\shuttle_capability\train_data\train\labels\train_00211.txt,0,0
train_00212,train,SYNTHETIC_HIFI_3D,SYNTHETIC_3D,,False,1,7.937,4-8px,sharp,steep,tbg_027.jpg,01096cc3569ac9e8bf772a1d28851d2ab7b661a7bc0ad6b00a36a2f680d27b90,outputs\shuttle_capability\train_data\train\images\train_00212.jpg,outputs\shuttle_capability\train_data\train\labels\train_00212.txt,0,0
train_00213,train,SYNTHETIC_HIFI_3D,SYNTHETIC_3D,,False,1,6.928,4-8px,slight,steep,tbg_028.jpg,28b758d11720eefab77ac51d734cef6f4bec10b94f5c0a650ccd8c98bb970faa,outputs\shuttle_capability\train_data\train\images\train_00213.jpg,outputs\shuttle_capability\train_data\train\labels\train_00213.txt,0,0
train_00214,train,SYNTHETIC_HIFI_3D,SYNTHETIC_3D,,False,1,8.485,8-16px,sharp,steep,tbg_029.jpg,99042ec7174e30bdae69cd795cb9589548361a9c9fe724bbdfa3a255ac0459cd,outputs\shuttle_capability\train_data\train\images\train_00214.jpg,outputs\shuttle_capability\train_data\train\labels\train_00214.txt,0,0
train_00215,train,SYNTHETIC_HIFI_3D,SYNTHETIC_3D,,False,1,5.0,4-8px,heavy,steep,tbg_032.jpg,645ff02328b5f3933ca97e866803dfc7c54f3f87694fd09a51bb26bca4b0c251,outputs\shuttle_capability\train_data\train\images\train_00215.jpg,outputs\shuttle_capability\train_data\train\labels\train_00215.txt,0,0
train_00216,train,SYNTHETIC_HIFI_3D,SYNTHETIC_3D,,False,1,6.928,4-8px,sharp,steep,tbg_033.jpg,554c57a753891d2d78f77d5e3cbf3ac99132d58b99b8b92519892c1296b1fa85,outputs\shuttle_capability\train_data\train\images\train_00216.jpg,outputs\shuttle_capability\train_data\train\labels\train_00216.txt,0,0
train_00217,train,SYNTHETIC_HIFI_3D,SYNTHETIC_3D,,False,1,7.937,4-8px,slight,steep,tbg_034.jpg,8d1b75325ff06552d55e11c12a851c42e6a77c3be91a9fd2af75d2fa8c3393a6,outputs\shuttle_capability\train_data\train\images\train_00217.jpg,outputs\shuttle_capability\train_data\train\labels\train_00217.txt,0,0
train_00218,train,SYNTHETIC_HIFI_3D,SYNTHETIC_3D,,False,1,7.937,4-8px,slight,steep,tbg_036.jpg,f7dcbc183ff53807ae5a7aacf6524c875146090835355a7fddf3b59c03f42e4a,outputs\shuttle_capability\train_data\train\images\train_00218.jpg,outputs\shuttle_capability\train_data\train\labels\train_00218.txt,0,0
train_00219,train,SYNTHETIC_HIFI_3D,SYNTHETIC_3D,,False,1,9.381,8-16px,slight,tilted,tbg_037.jpg,15ec89a2aae96c1d72b8ca5ecf1b080fee467c78ff596f041f866c8e61be58e3,outputs\shuttle_capability\train_data\train\images\train_00219.jpg,outputs\shuttle_capability\train_data\train\labels\train_00219.txt,0,0
train_00220,train,SYNTHETIC_HIFI_3D,SYNTHETIC_3D,,False,1,7.937,4-8px,slight,steep,tbg_038.jpg,45d76481a547d1c7bd14d2cf27838ab90aaf5728e7d72a14731918d3d80aa2de,outputs\shuttle_capability\train_data\train\images\train_00220.jpg,outputs\shuttle_capability\train_data\train\labels\train_00220.txt,0,0
train_00221,train,SYNTHETIC_HIFI_3D,SYNTHETIC_3D,,False,1,12.961,8-16px,sharp,steep,tbg_039.jpg,8d07cf69652f56c695db8154b7befc97a0c5ec30efe50d9fcbb1cdbfbc23cc53,outputs\shuttle_capability\train_data\train\images\train_00221.jpg,outputs\shuttle_capability\train_data\train\labels\train_00221.txt,0,0
train_00222,train,SYNTHETIC_HIFI_3D,SYNTHETIC_3D,,False,1,7.483,4-8px,heavy,tilted,tbg_041.jpg,62fe489d10553863e18b145a6e88e2bc9d21973adbad66de1925aaa4974b4f62,outputs\shuttle_capability\train_data\train\images\train_00222.jpg,outputs\shuttle_capability\train_data\train\labels\train_00222.txt,0,0
train_00223,train,SYNTHETIC_HIFI_3D,SYNTHETIC_3D,,False,1,8.485,8-16px,sharp,steep,tbg_042.jpg,43b15bca3a6c7ecac0fc86c37a7ccd0ecc49b42b3ee070c62c2329f5639415e0,outputs\shuttle_capability\train_data\train\images\train_00223.jpg,outputs\shuttle_capability\train_data\train\labels\train_00223.txt,0,0
train_00224,train,SYNTHETIC_HIFI_3D,SYNTHETIC_3D,,False,1,6.481,4-8px,moderate,steep,tbg_046.jpg,dd6de47b9806480a5de04f40c3991acef796364d6c774f7e47ac1607d0790e79,outputs\shuttle_capability\train_data\train\images\train_00224.jpg,outputs\shuttle_capability\train_data\train\labels\train_00224.txt,0,0
train_00225,train,SYNTHETIC_HIFI_3D,SYNTHETIC_3D,,False,1,6.928,4-8px,slight,steep,tbg_008.jpg,c3cee5d4002a43696c2752f3df5cb2ebdd4a709244ed4d40d8474393de1aa023,outputs\shuttle_capability\train_data\train\images\train_00225.jpg,outputs\shuttle_capability\train_data\train\labels\train_00225.txt,0,0
train_00226,train,SYNTHETIC_HIFI_3D,SYNTHETIC_3D,,False,1,4.899,4-8px,slight,steep,tbg_009.jpg,f125ba0e7e883af377309feb1c3eb9deedba07e0919fc9fcfcce2f5cfe4705d0,outputs\shuttle_capability\train_data\train\images\train_00226.jpg,outputs\shuttle_capability\train_data\train\labels\train_00226.txt,0,0
train_00227,train,SYNTHETIC_HIFI_3D,SYNTHETIC_3D,,False,1,11.489,8-16px,heavy,steep,tbg_012.jpg,0efc06ee481d7ca6aedfb13a7a5aabd4dda1fb2b1af72a7961b6c22786a7e2dd,outputs\shuttle_capability\train_data\train\images\train_00227.jpg,outputs\shuttle_capability\train_data\train\labels\train_00227.txt,0,0
train_00228,train,SYNTHETIC_HIFI_3D,SYNTHETIC_3D,,False,1,5.0,4-8px,slight,steep,tbg_013.jpg,130ebda827ef9811e0006c76198399b92e76f05e39fda07c6fddf0690bf85dca,outputs\shuttle_capability\train_data\train\images\train_00228.jpg,outputs\shuttle_capability\train_data\train\labels\train_00228.txt,0,0
train_00229,train,SYNTHETIC_HIFI_3D,SYNTHETIC_3D,,False,1,5.916,4-8px,sharp,steep,tbg_014.jpg,99ec8d98af3c6b181d943ac5a89479bd2cf33fd9a242aefa056b503db45772bf,outputs\shuttle_capability\train_data\train\images\train_00229.jpg,outputs\shuttle_capability\train_data\train\labels\train_00229.txt,0,0
train_00230,train,SYNTHETIC_HIFI_3D,SYNTHETIC_3D,,False,1,10.392,8-16px,moderate,steep,tbg_016.jpg,5cfb1bf64d478f2ab6f61c9c592fc2842d00238403d89cb3968187daca04b393,outputs\shuttle_capability\train_data\train\images\train_00230.jpg,outputs\shuttle_capability\train_data\train\labels\train_00230.txt,0,0
train_00231,train,SYNTHETIC_HIFI_3D,SYNTHETIC_3D,,False,1,10.954,8-16px,slight,steep,tbg_019.jpg,a5cda90ecece32ddbfb99f80101e65b5a004d6441f84eaeb371f62ba12ae205d,outputs\shuttle_capability\train_data\train\images\train_00231.jpg,outputs\shuttle_capability\train_data\train\labels\train_00231.txt,0,0
train_00232,train,SYNTHETIC_HIFI_3D,SYNTHETIC_3D,,False,1,7.483,4-8px,moderate,steep,tbg_021.jpg,7ab5ae4f625d2afe02eac7fe5e89dd41558bb48d842917e1ff3916aea7bb0d42,outputs\shuttle_capability\train_data\train\images\train_00232.jpg,outputs\shuttle_capability\train_data\train\labels\train_00232.txt,0,0
train_00233,train,SYNTHETIC_HIFI_3D,SYNTHETIC_3D,,False,1,3.464,<4px,sharp,tilted,tbg_022.jpg,a6d7090b47eccb294661499c3f0a68911fa2fb190536ec94a6ae9c4a195e703d,outputs\shuttle_capability\train_data\train\images\train_00233.jpg,outputs\shuttle_capability\train_data\train\labels\train_00233.txt,0,0
train_00234,train,SYNTHETIC_HIFI_3D,SYNTHETIC_3D,,False,1,11.0,8-16px,heavy,tilted,tbg_023.jpg,d5b57eadc4fe1487058282e0aa787ac0ad5eee1b88ea2f917b569f3567dc957a,outputs\shuttle_capability\train_data\train\images\train_00234.jpg,outputs\shuttle_capability\train_data\train\labels\train_00234.txt,0,0
train_00235,train,SYNTHETIC_HIFI_3D,SYNTHETIC_3D,,False,1,10.488,8-16px,slight,tilted,tbg_024.jpg,fc05f4a3a5e4652d976c4be78f509585529aeb4edecd986adab53e8ac13cb069,outputs\shuttle_capability\train_data\train\images\train_00235.jpg,outputs\shuttle_capability\train_data\train\labels\train_00235.txt,0,0
train_00236,train,SYNTHETIC_HIFI_3D,SYNTHETIC_3D,,False,1,4.0,4-8px,sharp,steep,tbg_026.jpg,e3594c74609535dd7a8f92be20e95d9532e7374fd56524eda88736a53c45b090,outputs\shuttle_capability\train_data\train\images\train_00236.jpg,outputs\shuttle_capability\train_data\train\labels\train_00236.txt,0,0
train_00237,train,SYNTHETIC_HIFI_3D,SYNTHETIC_3D,,False,1,12.845,8-16px,slight,steep,tbg_027.jpg,4105411378041df1003b8de5fd9a657a27ca0d4bcac9551c0c518f2b7158f046,outputs\shuttle_capability\train_data\train\images\train_00237.jpg,outputs\shuttle_capability\train_data\train\labels\train_00237.txt,0,0
train_00238,train,SYNTHETIC_HIFI_3D,SYNTHETIC_3D,,False,1,6.481,4-8px,sharp,steep,tbg_028.jpg,35b1f8ab89f38322766a30c0986f5a7b5341eb7adfb6a4d2fa3ee80e0197d2bb,outputs\shuttle_capability\train_data\train\images\train_00238.jpg,outputs\shuttle_capability\train_data\train\labels\train_00238.txt,0,0
train_00239,train,SYNTHETIC_HIFI_3D,SYNTHETIC_3D,,False,1,5.292,4-8px,heavy,tilted,tbg_029.jpg,d76f45b5036131cf275f7ea22fbb2848ff4fd2bfa81e74c761f598e578daa862,outputs\shuttle_capability\train_data\train\images\train_00239.jpg,outputs\shuttle_capability\train_data\train\labels\train_00239.txt,0,0
train_00240,train,SYNTHETIC_HIFI_3D,SYNTHETIC_3D,,False,1,9.0,8-16px,slight,steep,tbg_032.jpg,0cc0505c39cb2769b21a14ed131e966e3fb3f1cdac7172835aba6c1ed1a9987d,outputs\shuttle_capability\train_data\train\images\train_00240.jpg,outputs\shuttle_capability\train_data\train\labels\train_00240.txt,0,0
train_00241,train,SYNTHETIC_HIFI_3D,SYNTHETIC_3D,,False,1,8.0,8-16px,sharp,steep,tbg_033.jpg,22057adc91e260f2632d7814b021e4b9d7b3c2a4698badaf6f319aa60e6160c3,outputs\shuttle_capability\train_data\train\images\train_00241.jpg,outputs\shuttle_capability\train_data\train\labels\train_00241.txt,0,0
train_00242,train,SYNTHETIC_HIFI_3D,SYNTHETIC_3D,,False,1,9.487,8-16px,moderate,steep,tbg_034.jpg,f4aab1f706a09e3dd3cb17acba6751a2a57e7a7b77dee5577928caf5a83104bd,outputs\shuttle_capability\train_data\train\images\train_00242.jpg,outputs\shuttle_capability\train_data\train\labels\train_00242.txt,0,0
train_00243,train,SYNTHETIC_HIFI_3D,SYNTHETIC_3D,,False,1,4.472,4-8px,heavy,steep,tbg_036.jpg,81084c722a4d1bc6e06f4d82d90a95801db0db4c7b02343b0f5f3bf2ce757510,outputs\shuttle_capability\train_data\train\images\train_00243.jpg,outputs\shuttle_capability\train_data\train\labels\train_00243.txt,0,0
train_00244,train,SYNTHETIC_HIFI_3D,SYNTHETIC_3D,,False,1,23.238,16-32px,slight,steep,tbg_037.jpg,cafaa40915ef1b055284fb473691a32f3dd3db541bdcff7f9e06277ce7d54aa0,outputs\shuttle_capability\train_data\train\images\train_00244.jpg,outputs\shuttle_capability\train_data\train\labels\train_00244.txt,0,0
train_00245,train,SYNTHETIC_HIFI_3D,SYNTHETIC_3D,,False,1,6.481,4-8px,moderate,steep,tbg_038.jpg,9e2038f6377c0b99cfe74723a8d1c3ac96ad19b7e56af32923501b97924cfffc,outputs\shuttle_capability\train_data\train\images\train_00245.jpg,outputs\shuttle_capability\train_data\train\labels\train_00245.txt,0,0
train_00246,train,SYNTHETIC_HIFI_3D,SYNTHETIC_3D,,False,1,4.0,4-8px,slight,steep,tbg_039.jpg,823c6b9eedac2cad53ad70f1429d047ae02de0fc777fb9cda9b7d0b2da54eb22,outputs\shuttle_capability\train_data\train\images\train_00246.jpg,outputs\shuttle_capability\train_data\train\labels\train_00246.txt,0,0
train_00247,train,SYNTHETIC_HIFI_3D,SYNTHETIC_3D,,False,1,12.49,8-16px,slight,steep,tbg_041.jpg,9748aab01c3cfb471bbc4a267376c6ca5d6892a914d850846a27d1af9208ca78,outputs\shuttle_capability\train_data\train\images\train_00247.jpg,outputs\shuttle_capability\train_data\train\labels\train_00247.txt,0,0
train_00248,train,SYNTHETIC_HIFI_3D,SYNTHETIC_3D,,False,1,7.483,4-8px,heavy,tilted,tbg_042.jpg,9896162cb1f450af0de6738ea233f6e1532968f91bfb5d68028f6d7ca76d4f4d,outputs\shuttle_capability\train_data\train\images\train_00248.jpg,outputs\shuttle_capability\train_data\train\labels\train_00248.txt,0,0
train_00249,train,SYNTHETIC_HIFI_3D,SYNTHETIC_3D,,False,1,10.392,8-16px,moderate,steep,tbg_046.jpg,b8b2fdf6694a0eed69bfe58365748e8b2af725902649ceab862ced3c51e17e76,outputs\shuttle_capability\train_data\train\images\train_00249.jpg,outputs\shuttle_capability\train_data\train\labels\train_00249.txt,0,0
train_00250,train,SYNTHETIC_HIFI_3D,SYNTHETIC_3D,,False,1,7.483,4-8px,slight,steep,tbg_008.jpg,95076317e07b15633c46b6f31565402c79595f6282fd4e99f16a07ed772ae029,outputs\shuttle_capability\train_data\train\images\train_00250.jpg,outputs\shuttle_capability\train_data\train\labels\train_00250.txt,0,0
train_00251,train,SYNTHETIC_HIFI_3D,SYNTHETIC_3D,,False,1,8.485,8-16px,sharp,steep,tbg_009.jpg,fffdd3e5b2a8c160b0f066c92063d58a118c44453556c8022157720fcb46b3b0,outputs\shuttle_capability\train_data\train\images\train_00251.jpg,outputs\shuttle_capability\train_data\train\labels\train_00251.txt,0,0
train_00252,train,SYNTHETIC_HIFI_3D,SYNTHETIC_3D,,False,1,10.488,8-16px,heavy,steep,tbg_012.jpg,76bbde6c84587e1fba489e780dafedbdb57fb1e4c07e019c1fb04a17ef16f3fc,outputs\shuttle_capability\train_data\train\images\train_00252.jpg,outputs\shuttle_capability\train_data\train\labels\train_00252.txt,0,0
train_00253,train,SYNTHETIC_HIFI_3D,SYNTHETIC_3D,,False,1,6.481,4-8px,heavy,steep,tbg_013.jpg,ef9074980b36c4959ee64ed6046d50c0dc001c8b7eca7a566bf7d8a8b40c5f97,outputs\shuttle_capability\train_data\train\images\train_00253.jpg,outputs\shuttle_capability\train_data\train\labels\train_00253.txt,0,0
train_00254,train,SYNTHETIC_HIFI_3D,SYNTHETIC_3D,,False,1,12.49,8-16px,sharp,tilted,tbg_014.jpg,b200d9c9baee937b4a58b09fe4e0ee87932da52c77bd58bdb8209270b6354bbc,outputs\shuttle_capability\train_data\train\images\train_00254.jpg,outputs\shuttle_capability\train_data\train\labels\train_00254.txt,0,0
train_00255,train,SYNTHETIC_HIFI_3D,SYNTHETIC_3D,,False,1,6.928,4-8px,sharp,steep,tbg_016.jpg,059654b0fcd6f455ddbd2b76bf5ce8c20bb979cb57446da4286f971e48fbda3b,outputs\shuttle_capability\train_data\train\images\train_00255.jpg,outputs\shuttle_capability\train_data\train\labels\train_00255.txt,0,0
train_00256,train,SYNTHETIC_HIFI_3D,SYNTHETIC_3D,,False,1,6.0,4-8px,moderate,tilted,tbg_019.jpg,d9eabd6d36905ec0a50c6bdc2a348f68253b709b9e833264deea7baed4e1172b,outputs\shuttle_capability\train_data\train\images\train_00256.jpg,outputs\shuttle_capability\train_data\train\labels\train_00256.txt,0,0
train_00257,train,SYNTHETIC_HIFI_3D,SYNTHETIC_3D,,False,1,9.798,8-16px,slight,tilted,tbg_021.jpg,a9506a95dc233818f9ea6f97c029a9c78e23a9e01f6e09f482b8adaf6f90c0d8,outputs\shuttle_capability\train_data\train\images\train_00257.jpg,outputs\shuttle_capability\train_data\train\labels\train_00257.txt,0,0
train_00258,train,SYNTHETIC_HIFI_3D,SYNTHETIC_3D,,False,1,11.489,8-16px,slight,tilted,tbg_022.jpg,1e9417eb342f13a4a9064032d17004a2b6f6d03dabdc9e9632ec06ddd85fabcc,outputs\shuttle_capability\train_data\train\images\train_00258.jpg,outputs\shuttle_capability\train_data\train\labels\train_00258.txt,0,0
train_00259,train,SYNTHETIC_HIFI_3D,SYNTHETIC_3D,,False,1,7.937,4-8px,sharp,steep,tbg_023.jpg,14e20f0a1c648a8a9d2ae3b04561b08ee67f7a69f0ae465d35593929c14bb03e,outputs\shuttle_capability\train_data\train\images\train_00259.jpg,outputs\shuttle_capability\train_data\train\labels\train_00259.txt,0,0
train_00260,train,SYNTHETIC_HIFI_3D,SYNTHETIC_3D,,False,1,5.916,4-8px,slight,steep,tbg_024.jpg,f4f402cd3ba46d96b350466682f659fc5f62fa8b8f26a7a6a92eb30208117aa0,outputs\shuttle_capability\train_data\train\images\train_00260.jpg,outputs\shuttle_capability\train_data\train\labels\train_00260.txt,0,0
train_00261,train,SYNTHETIC_HIFI_3D,SYNTHETIC_3D,,False,1,12.41,8-16px,slight,steep,tbg_026.jpg,334466f94809c73233035207debc80ae3494a4bcdf664597aba204d24f6f2dd1,outputs\shuttle_capability\train_data\train\images\train_00261.jpg,outputs\shuttle_capability\train_data\train\labels\train_00261.txt,0,0
train_00262,train,SYNTHETIC_HIFI_3D,SYNTHETIC_3D,,False,1,3.464,<4px,sharp,steep,tbg_027.jpg,eb3b809c8f99c0e0cb4ab9b242029693ac94e73b237173b79ddfbf643cabffc5,outputs\shuttle_capability\train_data\train\images\train_00262.jpg,outputs\shuttle_capability\train_data\train\labels\train_00262.txt,0,0
train_00263,train,SYNTHETIC_HIFI_3D,SYNTHETIC_3D,,False,1,5.477,4-8px,slight,steep,tbg_028.jpg,09942c0838f9c950dd9ef8135e3b4b9bcb0624e5eb56a19bd08181b5338ba58a,outputs\shuttle_capability\train_data\train\images\train_00263.jpg,outputs\shuttle_capability\train_data\train\labels\train_00263.txt,0,0
train_00264,train,SYNTHETIC_HIFI_3D,SYNTHETIC_3D,,False,1,9.381,8-16px,sharp,steep,tbg_029.jpg,58369843cc79bf1d0cbc96389154364ee6cdb93bcc4069533ac8c1bb41b1cb84,outputs\shuttle_capability\train_data\train\images\train_00264.jpg,outputs\shuttle_capability\train_data\train\labels\train_00264.txt,0,0
train_00265,train,SYNTHETIC_HIFI_3D,SYNTHETIC_3D,,False,1,5.0,4-8px,moderate,steep,tbg_032.jpg,27f7de7a174554c0ef82dda717b67637da6f84c1137f06761cb190c60923f6da,outputs\shuttle_capability\train_data\train\images\train_00265.jpg,outputs\shuttle_capability\train_data\train\labels\train_00265.txt,0,0
train_00266,train,SYNTHETIC_HIFI_3D,SYNTHETIC_3D,,False,1,9.381,8-16px,sharp,steep,tbg_033.jpg,329fcb66d7ffef2f9f5dce92c658b928f6a51e87f9b332b94da91a0ea3673477,outputs\shuttle_capability\train_data\train\images\train_00266.jpg,outputs\shuttle_capability\train_data\train\labels\train_00266.txt,0,0
train_00267,train,SYNTHETIC_HIFI_3D,SYNTHETIC_3D,,False,1,8.944,8-16px,heavy,steep,tbg_034.jpg,b6fbfe7a99495f70e11a9a2df9338080ff5f0e4ea90f04097b4b0691c3288338,outputs\shuttle_capability\train_data\train\images\train_00267.jpg,outputs\shuttle_capability\train_data\train\labels\train_00267.txt,0,0
train_00268,train,SYNTHETIC_HIFI_3D,SYNTHETIC_3D,,False,1,13.416,8-16px,sharp,steep,tbg_036.jpg,53955d1f669e83370fccbc668637466198bdd2f89bd356f3500e7ee63ff4fb84,outputs\shuttle_capability\train_data\train\images\train_00268.jpg,outputs\shuttle_capability\train_data\train\labels\train_00268.txt,0,0
train_00269,train,SYNTHETIC_HIFI_3D,SYNTHETIC_3D,,False,1,5.477,4-8px,heavy,tilted,tbg_037.jpg,99c0ba5474b59309270c052c511550195a0849cfcb6e73ec2c68d87b6a78fd61,outputs\shuttle_capability\train_data\train\images\train_00269.jpg,outputs\shuttle_capability\train_data\train\labels\train_00269.txt,0,0
train_00270,train,SYNTHETIC_HIFI_3D,SYNTHETIC_3D,,False,1,6.481,4-8px,heavy,steep,tbg_038.jpg,729f17187fffaec47255a1ab372ac1a755cda465b50616e559da47d9bb24ef86,outputs\shuttle_capability\train_data\train\images\train_00270.jpg,outputs\shuttle_capability\train_data\train\labels\train_00270.txt,0,0
train_00271,train,SYNTHETIC_HIFI_3D,SYNTHETIC_3D,,False,1,11.0,8-16px,sharp,steep,tbg_039.jpg,2ffc4b3362c684c249f6aeb036a5b32e2135a52e8d0f8435f9aa0e28abcd8f91,outputs\shuttle_capability\train_data\train\images\train_00271.jpg,outputs\shuttle_capability\train_data\train\labels\train_00271.txt,0,0
train_00272,train,SYNTHETIC_HIFI_3D,SYNTHETIC_3D,,False,1,3.0,<4px,slight,steep,tbg_041.jpg,528e09c52cf7ca4c0f85a9d59b470aaecfb8a39087f6f4e762da999d38954821,outputs\shuttle_capability\train_data\train\images\train_00272.jpg,outputs\shuttle_capability\train_data\train\labels\train_00272.txt,0,0
train_00273,train,SYNTHETIC_HIFI_3D,SYNTHETIC_3D,,False,1,32.863,>=32px,heavy,steep,tbg_042.jpg,a8a5596b38b3927b26c38f96f7af91fa1b83ae16d0a05b7864a1f33ad79fced1,outputs\shuttle_capability\train_data\train\images\train_00273.jpg,outputs\shuttle_capability\train_data\train\labels\train_00273.txt,0,0
train_00274,train,SYNTHETIC_HIFI_3D,SYNTHETIC_3D,,False,1,6.481,4-8px,slight,steep,tbg_046.jpg,49bb3b19089e19922508c1678fd35ab8f787b1ecff436579dbf993637e40b943,outputs\shuttle_capability\train_data\train\images\train_00274.jpg,outputs\shuttle_capability\train_data\train\labels\train_00274.txt,0,0
train_00275,train,SYNTHETIC_HIFI_3D,SYNTHETIC_3D,,False,1,6.481,4-8px,slight,steep,tbg_008.jpg,235b7d6673e96b378f8488e83f02f85dd572a9796f4397e7cd0aae0fea857cb6,outputs\shuttle_capability\train_data\train\images\train_00275.jpg,outputs\shuttle_capability\train_data\train\labels\train_00275.txt,0,0
train_00276,train,SYNTHETIC_HIFI_3D,SYNTHETIC_3D,,False,1,14.283,8-16px,moderate,steep,tbg_009.jpg,c0ae3aaa5235050dca439b15b62bf6c6ee7914ab2e761b499839b6c9f1ab28e7,outputs\shuttle_capability\train_data\train\images\train_00276.jpg,outputs\shuttle_capability\train_data\train\labels\train_00276.txt,0,0
train_00277,train,SYNTHETIC_HIFI_3D,SYNTHETIC_3D,,False,1,9.0,8-16px,sharp,steep,tbg_012.jpg,deb7a6424f09ec34e10255afc16877ac944e01672f68756d7ccb7c43749e4ba6,outputs\shuttle_capability\train_data\train\images\train_00277.jpg,outputs\shuttle_capability\train_data\train\labels\train_00277.txt,0,0
train_00278,train,SYNTHETIC_HIFI_3D,SYNTHETIC_3D,,False,1,3.464,<4px,sharp,steep,tbg_013.jpg,43304a07e63635ea3ecde3f8c72c13672e1f15f70aaa8139b1bd958f296e2717,outputs\shuttle_capability\train_data\train\images\train_00278.jpg,outputs\shuttle_capability\train_data\train\labels\train_00278.txt,0,0
train_00279,train,SYNTHETIC_HIFI_3D,SYNTHETIC_3D,,False,1,12.41,8-16px,heavy,steep,tbg_014.jpg,49cbed06575a49f655789c4e9260c74940d6743afcb1fa2400da85d38b246b0c,outputs\shuttle_capability\train_data\train\images\train_00279.jpg,outputs\shuttle_capability\train_data\train\labels\train_00279.txt,0,0
train_00280,train,SYNTHETIC_HIFI_3D,SYNTHETIC_3D,,False,1,13.856,8-16px,heavy,tilted,tbg_016.jpg,561cbb2636be2b9d334d218ff4563532922556f506fe18958986884415ef835e,outputs\shuttle_capability\train_data\train\images\train_00280.jpg,outputs\shuttle_capability\train_data\train\labels\train_00280.txt,0,0
train_00281,train,SYNTHETIC_HIFI_3D,SYNTHETIC_3D,,False,1,7.483,4-8px,moderate,steep,tbg_019.jpg,c7ef89df0dbc8311330c72ba58d75cd461925958878f062a3c88f3a2870082e0,outputs\shuttle_capability\train_data\train\images\train_00281.jpg,outputs\shuttle_capability\train_data\train\labels\train_00281.txt,0,0
train_00282,train,SYNTHETIC_HIFI_3D,SYNTHETIC_3D,,False,1,7.937,4-8px,sharp,steep,tbg_021.jpg,e0031d7e5a793bf4e711df39e0d4cfc26b251fe8de91f664acfb9116da978a41,outputs\shuttle_capability\train_data\train\images\train_00282.jpg,outputs\shuttle_capability\train_data\train\labels\train_00282.txt,0,0
train_00283,train,SYNTHETIC_HIFI_3D,SYNTHETIC_3D,,False,1,11.489,8-16px,sharp,tilted,tbg_022.jpg,112f52aa2905fecb107a4935365be49417b89b8546c1d379bc3f92d434b850c3,outputs\shuttle_capability\train_data\train\images\train_00283.jpg,outputs\shuttle_capability\train_data\train\labels\train_00283.txt,0,0
train_00284,train,SYNTHETIC_HIFI_3D,SYNTHETIC_3D,,False,1,5.916,4-8px,slight,steep,tbg_023.jpg,cfdcc2f612377b1acb9dd8727b0a7365aebcf2488cd1157a6a892903ee5a6438,outputs\shuttle_capability\train_data\train\images\train_00284.jpg,outputs\shuttle_capability\train_data\train\labels\train_00284.txt,0,0
train_00285,train,SYNTHETIC_HIFI_3D,SYNTHETIC_3D,,False,1,11.402,8-16px,heavy,steep,tbg_024.jpg,9b793c3d0781d4a317799070f9f50b1558b6d846ac92de29c86579f61c24ec56,outputs\shuttle_capability\train_data\train\images\train_00285.jpg,outputs\shuttle_capability\train_data\train\labels\train_00285.txt,0,0
train_00286,train,SYNTHETIC_HIFI_3D,SYNTHETIC_3D,,False,1,10.392,8-16px,slight,tilted,tbg_026.jpg,f144c09d193175d8eb01ed66817c5f738a0c128bab8c9e6a06ac13763e1e56cc,outputs\shuttle_capability\train_data\train\images\train_00286.jpg,outputs\shuttle_capability\train_data\train\labels\train_00286.txt,0,0
train_00287,train,SYNTHETIC_HIFI_3D,SYNTHETIC_3D,,False,1,6.481,4-8px,moderate,steep,tbg_027.jpg,0642e5c529847a3f0023bac18fc3d2a02898555cb686b605ef74c5203605877c,outputs\shuttle_capability\train_data\train\images\train_00287.jpg,outputs\shuttle_capability\train_data\train\labels\train_00287.txt,0,0
train_00288,train,SYNTHETIC_HIFI_3D,SYNTHETIC_3D,,False,1,4.472,4-8px,sharp,tilted,tbg_028.jpg,43ce51c726dc8911ae92ebd1247e3fbbf551a4943f394bca5cec16a4a84fda82,outputs\shuttle_capability\train_data\train\images\train_00288.jpg,outputs\shuttle_capability\train_data\train\labels\train_00288.txt,0,0
train_00289,train,SYNTHETIC_HIFI_3D,SYNTHETIC_3D,,False,1,7.937,4-8px,moderate,steep,tbg_029.jpg,7662a3a6cdd738b7d3ec1ac9bdfdb8e3d6be8e3dad9fc5f142fc49269b591fe4,outputs\shuttle_capability\train_data\train\images\train_00289.jpg,outputs\shuttle_capability\train_data\train\labels\train_00289.txt,0,0
train_00290,train,SYNTHETIC_HIFI_3D,SYNTHETIC_3D,,False,1,5.477,4-8px,sharp,steep,tbg_032.jpg,7ca84d1521340aa799c17584060bb52fcce35af20c6b8186eb95a33af51c54fb,outputs\shuttle_capability\train_data\train\images\train_00290.jpg,outputs\shuttle_capability\train_data\train\labels\train_00290.txt,0,0
train_00291,train,SYNTHETIC_HIFI_3D,SYNTHETIC_3D,,False,1,15.492,8-16px,slight,steep,tbg_033.jpg,321d8a045994d73737f940cead0ad495e64ebe8bdd0c2c151582d911ec7071f4,outputs\shuttle_capability\train_data\train\images\train_00291.jpg,outputs\shuttle_capability\train_data\train\labels\train_00291.txt,0,0
train_00292,train,SYNTHETIC_HIFI_3D,SYNTHETIC_3D,,False,1,9.487,8-16px,heavy,tilted,tbg_034.jpg,ca7f17255b387171ee82c79694ca4ef29c0d417013e2c48c7caf42c02a065b82,outputs\shuttle_capability\train_data\train\images\train_00292.jpg,outputs\shuttle_capability\train_data\train\labels\train_00292.txt,0,0
train_00293,train,SYNTHETIC_HIFI_3D,SYNTHETIC_3D,,False,1,13.856,8-16px,sharp,steep,tbg_036.jpg,9026c221115dee68e1e73708c49a9cf13cfced3c98d50142dc0102306e0f3ef0,outputs\shuttle_capability\train_data\train\images\train_00293.jpg,outputs\shuttle_capability\train_data\train\labels\train_00293.txt,0,0
train_00294,train,SYNTHETIC_HIFI_3D,SYNTHETIC_3D,,False,1,9.487,8-16px,sharp,steep,tbg_037.jpg,b44646723e84cd60c3ddd4c9dc53162f09913b837cf6f20ce1a99e2099531f5c,outputs\shuttle_capability\train_data\train\images\train_00294.jpg,outputs\shuttle_capability\train_data\train\labels\train_00294.txt,0,0
train_00295,train,SYNTHETIC_HIFI_3D,SYNTHETIC_3D,,False,1,10.488,8-16px,moderate,steep,tbg_038.jpg,733464274bde2ae06c73079589767ba27d77d66350d9cb09369b0ed89c344e04,outputs\shuttle_capability\train_data\train\images\train_00295.jpg,outputs\shuttle_capability\train_data\train\labels\train_00295.txt,0,0
train_00296,train,SYNTHETIC_HIFI_3D,SYNTHETIC_3D,,False,1,6.0,4-8px,heavy,steep,tbg_039.jpg,2ba6aa02e8e826a55d1f8ddc6ca38c99fb954801075af581b229dbef0170cef3,outputs\shuttle_capability\train_data\train\images\train_00296.jpg,outputs\shuttle_capability\train_data\train\labels\train_00296.txt,0,0
train_00297,train,SYNTHETIC_HIFI_3D,SYNTHETIC_3D,,False,1,12.961,8-16px,moderate,steep,tbg_041.jpg,a247c9ab317c53edb7f954aed817459dee60663cee591cff624d74e2002e761e,outputs\shuttle_capability\train_data\train\images\train_00297.jpg,outputs\shuttle_capability\train_data\train\labels\train_00297.txt,0,0
train_00298,train,SYNTHETIC_HIFI_3D,SYNTHETIC_3D,,False,1,21.213,16-32px,slight,tilted,tbg_042.jpg,00034bf77968c63e70833876653d6ebebf328b1f4f0e45af9ac6ed06a20f4dd8,outputs\shuttle_capability\train_data\train\images\train_00298.jpg,outputs\shuttle_capability\train_data\train\labels\train_00298.txt,0,0
train_00299,train,SYNTHETIC_HIFI_3D,SYNTHETIC_3D,,False,1,7.483,4-8px,slight,steep,tbg_046.jpg,88606a64cad678db6a44e745843c10b59a34adba20c1c9f7b210690d047ed5d7,outputs\shuttle_capability\train_data\train\images\train_00299.jpg,outputs\shuttle_capability\train_data\train\labels\train_00299.txt,0,0
train_00300,train,SYNTHETIC_HIFI_3D,SYNTHETIC_3D,,False,1,6.928,4-8px,sharp,steep,tbg_008.jpg,bda261b28609cca0c9021811253d9484dff68ab245f38a83409a1b0dc0afee78,outputs\shuttle_capability\train_data\train\images\train_00300.jpg,outputs\shuttle_capability\train_data\train\labels\train_00300.txt,0,0
train_00301,train,SYNTHETIC_HIFI_3D,SYNTHETIC_3D,,False,1,8.367,8-16px,slight,steep,tbg_009.jpg,c0d7498f768043e3c849c0332e92c071d2020dfe95a5ec8ee69f0bbfbdebeb62,outputs\shuttle_capability\train_data\train\images\train_00301.jpg,outputs\shuttle_capability\train_data\train\labels\train_00301.txt,0,0
train_00302,train,SYNTHETIC_HIFI_3D,SYNTHETIC_3D,,False,1,6.928,4-8px,heavy,steep,tbg_012.jpg,7733164bd35f8d9b6c330bb506187c904278d46cf68b28ef53472ad91a8c00a4,outputs\shuttle_capability\train_data\train\images\train_00302.jpg,outputs\shuttle_capability\train_data\train\labels\train_00302.txt,0,0
train_00303,train,SYNTHETIC_HIFI_3D,SYNTHETIC_3D,,False,1,6.481,4-8px,moderate,steep,tbg_013.jpg,66ce7c35a29566aa5e3fa9712e63831098f03033f9f92cb541dc976e00af9bb6,outputs\shuttle_capability\train_data\train\images\train_00303.jpg,outputs\shuttle_capability\train_data\train\labels\train_00303.txt,0,0
train_00304,train,SYNTHETIC_HIFI_3D,SYNTHETIC_3D,,False,1,9.381,8-16px,sharp,steep,tbg_014.jpg,b1b61225dc1550889c6d65605dff471a920861d79fb19f239ae4b7c3d71ae200,outputs\shuttle_capability\train_data\train\images\train_00304.jpg,outputs\shuttle_capability\train_data\train\labels\train_00304.txt,0,0
train_00305,train,SYNTHETIC_HIFI_3D,SYNTHETIC_3D,,False,1,7.483,4-8px,sharp,steep,tbg_016.jpg,9a4f615ddd0de4739e753b5cacced60108a3e3950e611735d538961d4e0729e4,outputs\shuttle_capability\train_data\train\images\train_00305.jpg,outputs\shuttle_capability\train_data\train\labels\train_00305.txt,0,0
train_00306,train,SYNTHETIC_HIFI_3D,SYNTHETIC_3D,,False,1,18.493,16-32px,heavy,steep,tbg_019.jpg,d4d950f65721f4b46b78c2e8541f8b4edcdc9fc62264060a9e9269c26b5ffc62,outputs\shuttle_capability\train_data\train\images\train_00306.jpg,outputs\shuttle_capability\train_data\train\labels\train_00306.txt,0,0
train_00307,train,SYNTHETIC_HIFI_3D,SYNTHETIC_3D,,False,1,9.0,8-16px,sharp,tilted,tbg_021.jpg,89f3c77bd894c73ee4e59043941ea0d65e0d790f1bf1d4523b9d831611ca2808,outputs\shuttle_capability\train_data\train\images\train_00307.jpg,outputs\shuttle_capability\train_data\train\labels\train_00307.txt,0,0
train_00308,train,SYNTHETIC_HIFI_3D,SYNTHETIC_3D,,False,1,10.392,8-16px,slight,steep,tbg_022.jpg,b4575839bd04a23574d64f1a078245c2c79d1f9e2736c93aa555f5d0a568439a,outputs\shuttle_capability\train_data\train\images\train_00308.jpg,outputs\shuttle_capability\train_data\train\labels\train_00308.txt,0,0
train_00309,train,SYNTHETIC_HIFI_3D,SYNTHETIC_3D,,False,1,14.697,8-16px,moderate,steep,tbg_023.jpg,719ef9a7429fe0a7792c7dc5f82734d02a2601b285fbbe3ab1f43544a41ca8f6,outputs\shuttle_capability\train_data\train\images\train_00309.jpg,outputs\shuttle_capability\train_data\train\labels\train_00309.txt,0,0
train_00310,train,SYNTHETIC_HIFI_3D,SYNTHETIC_3D,,False,1,7.483,4-8px,slight,tilted,tbg_024.jpg,e4a4d51bbe349bdf3de1265e6a65d27a09809fcbe7f62b94e3d1494088dc403a,outputs\shuttle_capability\train_data\train\images\train_00310.jpg,outputs\shuttle_capability\train_data\train\labels\train_00310.txt,0,0
train_00311,train,SYNTHETIC_HIFI_3D,SYNTHETIC_3D,,False,1,18.33,16-32px,slight,steep,tbg_026.jpg,c11caa7164f780369a1747cf3efbbf699c99c0de4f47142391ba5651a9c25c17,outputs\shuttle_capability\train_data\train\images\train_00311.jpg,outputs\shuttle_capability\train_data\train\labels\train_00311.txt,0,0
train_00312,train,SYNTHETIC_HIFI_3D,SYNTHETIC_3D,,False,1,6.928,4-8px,sharp,steep,tbg_027.jpg,92bcf044dd448e3245250383a9bd8a037a92c246c4a89485951eea8372ceed0b,outputs\shuttle_capability\train_data\train\images\train_00312.jpg,outputs\shuttle_capability\train_data\train\labels\train_00312.txt,0,0
train_00313,train,SYNTHETIC_HIFI_3D,SYNTHETIC_3D,,False,1,5.916,4-8px,sharp,steep,tbg_028.jpg,3e6cc31667861aeecf3d7b5ce8d8723fa349b499052e5fb48e08a3458ba16257,outputs\shuttle_capability\train_data\train\images\train_00313.jpg,outputs\shuttle_capability\train_data\train\labels\train_00313.txt,0,0
train_00314,train,SYNTHETIC_HIFI_3D,SYNTHETIC_3D,,False,1,7.483,4-8px,slight,steep,tbg_029.jpg,bc0b8482a77cc2fcb90100cc613a62138648442aba004d59c9b2163640737214,outputs\shuttle_capability\train_data\train\images\train_00314.jpg,outputs\shuttle_capability\train_data\train\labels\train_00314.txt,0,0
train_00315,train,SYNTHETIC_HIFI_3D,SYNTHETIC_3D,,False,1,8.367,8-16px,heavy,steep,tbg_032.jpg,022b0d189415d554107f31e9e68cf404eed79d340135883fe7426e478aeb9bf5,outputs\shuttle_capability\train_data\train\images\train_00315.jpg,outputs\shuttle_capability\train_data\train\labels\train_00315.txt,0,0
train_00316,train,SYNTHETIC_HIFI_3D,SYNTHETIC_3D,,False,1,4.472,4-8px,moderate,steep,tbg_033.jpg,dedf3aefdff53f93e617a43a1243db60a3a34dc6756025c8ab566c8084db35f8,outputs\shuttle_capability\train_data\train\images\train_00316.jpg,outputs\shuttle_capability\train_data\train\labels\train_00316.txt,0,0
train_00317,train,SYNTHETIC_HIFI_3D,SYNTHETIC_3D,,False,1,8.944,8-16px,heavy,steep,tbg_034.jpg,db5fa80a2e17efab2e851a3a36334f7cda5aeac2fc78f7d6fd478403bfa521a3,outputs\shuttle_capability\train_data\train\images\train_00317.jpg,outputs\shuttle_capability\train_data\train\labels\train_00317.txt,0,0
train_00318,train,SYNTHETIC_HIFI_3D,SYNTHETIC_3D,,False,1,4.0,4-8px,moderate,steep,tbg_036.jpg,a1193c49fa0a9d4f97a31f7e15c1337402a60eab80dd6f51d5c10c17285128f5,outputs\shuttle_capability\train_data\train\images\train_00318.jpg,outputs\shuttle_capability\train_data\train\labels\train_00318.txt,0,0
train_00319,train,SYNTHETIC_HIFI_3D,SYNTHETIC_3D,,False,1,18.493,16-32px,heavy,steep,tbg_037.jpg,2b38bdcc9c745f87813be0ac0163ffdd35ae996076a47f231cba26da2c797980,outputs\shuttle_capability\train_data\train\images\train_00319.jpg,outputs\shuttle_capability\train_data\train\labels\train_00319.txt,0,0
train_00320,train,SYNTHETIC_HIFI_3D,SYNTHETIC_3D,,False,1,9.0,8-16px,sharp,steep,tbg_038.jpg,f8a437dc83da3e6030fe283146a2b70b0e0afa92cef2b4a3e633ee0fa606446f,outputs\shuttle_capability\train_data\train\images\train_00320.jpg,outputs\shuttle_capability\train_data\train\labels\train_00320.txt,0,0
train_00321,train,SYNTHETIC_HIFI_3D,SYNTHETIC_3D,,False,1,6.481,4-8px,slight,tilted,tbg_039.jpg,c71a042d462c39bf65d41acf458097cd74d5b2b6667044cf5ca0cd54baed1626,outputs\shuttle_capability\train_data\train\images\train_00321.jpg,outputs\shuttle_capability\train_data\train\labels\train_00321.txt,0,0
train_00322,train,SYNTHETIC_HIFI_3D,SYNTHETIC_3D,,False,1,5.477,4-8px,moderate,steep,tbg_041.jpg,52d4f5ea7e698119445d2ab8a7c341feb47df43e92d83c36b27e556163e224bc,outputs\shuttle_capability\train_data\train\images\train_00322.jpg,outputs\shuttle_capability\train_data\train\labels\train_00322.txt,0,0
train_00323,train,SYNTHETIC_HIFI_3D,SYNTHETIC_3D,,False,1,6.928,4-8px,sharp,steep,tbg_042.jpg,7d5b1a62216556c54166315ca4b0836552daf69c2029d79355ee44060f16d451,outputs\shuttle_capability\train_data\train\images\train_00323.jpg,outputs\shuttle_capability\train_data\train\labels\train_00323.txt,0,0
train_00324,train,SYNTHETIC_HIFI_3D,SYNTHETIC_3D,,False,1,8.367,8-16px,sharp,steep,tbg_046.jpg,2c8ab797c324999a006949bbb6f828591f9245dc3c9702a43ed80cef7917bb8e,outputs\shuttle_capability\train_data\train\images\train_00324.jpg,outputs\shuttle_capability\train_data\train\labels\train_00324.txt,0,0
train_00325,train,SYNTHETIC_HIFI_3D,SYNTHETIC_3D,,False,1,5.477,4-8px,slight,steep,tbg_008.jpg,5c589e6b1d1a4830528cad73a1c33e0a4839583921f45b2d388a61738212d5c1,outputs\shuttle_capability\train_data\train\images\train_00325.jpg,outputs\shuttle_capability\train_data\train\labels\train_00325.txt,0,0
train_00326,train,SYNTHETIC_HIFI_3D,SYNTHETIC_3D,,False,1,5.477,4-8px,sharp,steep,tbg_009.jpg,56042bcb02dee43148cebdc9695f0598c1f61defb725089e4fab3dc3b489e292,outputs\shuttle_capability\train_data\train\images\train_00326.jpg,outputs\shuttle_capability\train_data\train\labels\train_00326.txt,0,0
train_00327,train,SYNTHETIC_HIFI_3D,SYNTHETIC_3D,,False,1,7.937,4-8px,slight,steep,tbg_012.jpg,f70d6191e1070be5f4838dc7498e0190372c0d928900d8f7e76c8f1f67d11cb9,outputs\shuttle_capability\train_data\train\images\train_00327.jpg,outputs\shuttle_capability\train_data\train\labels\train_00327.txt,0,0
train_00328,train,SYNTHETIC_HIFI_3D,SYNTHETIC_3D,,False,1,6.928,4-8px,sharp,steep,tbg_013.jpg,3d0d793bccd652aa7776884db58d746d2403e88028087f2f31160c539ada18ce,outputs\shuttle_capability\train_data\train\images\train_00328.jpg,outputs\shuttle_capability\train_data\train\labels\train_00328.txt,0,0
train_00329,train,SYNTHETIC_HIFI_3D,SYNTHETIC_3D,,False,1,14.422,8-16px,slight,steep,tbg_014.jpg,f2b071eac75d0e0182ea48a1bce1d7c41cc128d26282c42d8f61a75d51f148bf,outputs\shuttle_capability\train_data\train\images\train_00329.jpg,outputs\shuttle_capability\train_data\train\labels\train_00329.txt,0,0
train_00330,train,SYNTHETIC_HIFI_3D,SYNTHETIC_3D,,False,1,16.432,16-32px,heavy,steep,tbg_016.jpg,575149c0147f7916064adc1aaaa93e83da1fe747586a2c5c4cd311c03d4037fd,outputs\shuttle_capability\train_data\train\images\train_00330.jpg,outputs\shuttle_capability\train_data\train\labels\train_00330.txt,0,0
train_00331,train,SYNTHETIC_HIFI_3D,SYNTHETIC_3D,,False,1,9.487,8-16px,sharp,tilted,tbg_019.jpg,ec9ebc3b85db7deb54e04928ca5f1c75f9c389da81ed40e988daf6a60ba716a9,outputs\shuttle_capability\train_data\train\images\train_00331.jpg,outputs\shuttle_capability\train_data\train\labels\train_00331.txt,0,0
train_00332,train,SYNTHETIC_HIFI_3D,SYNTHETIC_3D,,False,1,10.954,8-16px,moderate,steep,tbg_021.jpg,fe0a058ea69000d4ae27ae9dea400e0dd932d3eafa0aa5207cc94dc67aa6c4a5,outputs\shuttle_capability\train_data\train\images\train_00332.jpg,outputs\shuttle_capability\train_data\train\labels\train_00332.txt,0,0
train_00333,train,SYNTHETIC_HIFI_3D,SYNTHETIC_3D,,False,1,4.472,4-8px,slight,steep,tbg_022.jpg,848cb311a2f772aa95967be22511d4279f945169430777c96af0602adf307267,outputs\shuttle_capability\train_data\train\images\train_00333.jpg,outputs\shuttle_capability\train_data\train\labels\train_00333.txt,0,0
train_00334,train,SYNTHETIC_HIFI_3D,SYNTHETIC_3D,,False,1,12.0,8-16px,sharp,steep,tbg_023.jpg,5f3172a2b65b7dd31c2d0b81496368a83a68c12d21963cb3d5655abaabc6226e,outputs\shuttle_capability\train_data\train\images\train_00334.jpg,outputs\shuttle_capability\train_data\train\labels\train_00334.txt,0,0
train_00335,train,SYNTHETIC_HIFI_3D,SYNTHETIC_3D,,False,1,9.0,8-16px,sharp,steep,tbg_024.jpg,1ecdac1e1bc36b2ba0aeb51c845490b741784631ad16c8fd03af40fe8ca53b90,outputs\shuttle_capability\train_data\train\images\train_00335.jpg,outputs\shuttle_capability\train_data\train\labels\train_00335.txt,0,0
train_00336,train,SYNTHETIC_HIFI_3D,SYNTHETIC_3D,,False,1,11.489,8-16px,moderate,steep,tbg_026.jpg,7e2d14d522ae19a7e9fbbc36218f73bd543a531a9085ce9690d22a00a638987e,outputs\shuttle_capability\train_data\train\images\train_00336.jpg,outputs\shuttle_capability\train_data\train\labels\train_00336.txt,0,0
train_00337,train,SYNTHETIC_HIFI_3D,SYNTHETIC_3D,,False,1,19.339,16-32px,slight,steep,tbg_027.jpg,e705e556e6dd34605cf16a549d90bb0ce47849a4fd320c64e00d33d45bd32e3e,outputs\shuttle_capability\train_data\train\images\train_00337.jpg,outputs\shuttle_capability\train_data\train\labels\train_00337.txt,0,0
train_00338,train,SYNTHETIC_HIFI_3D,SYNTHETIC_3D,,False,1,3.0,<4px,slight,steep,tbg_028.jpg,5f4d2eb3c6e77a63e0e4527ab7ce862cf762e285c373678e8ad39a9f1f2e0a52,outputs\shuttle_capability\train_data\train\images\train_00338.jpg,outputs\shuttle_capability\train_data\train\labels\train_00338.txt,0,0
train_00339,train,SYNTHETIC_HIFI_3D,SYNTHETIC_3D,,False,1,9.798,8-16px,heavy,steep,tbg_029.jpg,de7a9e74e9c06c3e03116d156a820e06d463c6dc1c97058d8eb3a463d855f422,outputs\shuttle_capability\train_data\train\images\train_00339.jpg,outputs\shuttle_capability\train_data\train\labels\train_00339.txt,0,0
train_00340,train,SYNTHETIC_HIFI_3D,SYNTHETIC_3D,,False,1,5.0,4-8px,moderate,steep,tbg_032.jpg,56fe35f3f05e24b9298934eb588eae057605d50f23aecdc7b3a6b45ba1fd1d37,outputs\shuttle_capability\train_data\train\images\train_00340.jpg,outputs\shuttle_capability\train_data\train\labels\train_00340.txt,0,0
train_00341,train,SYNTHETIC_HIFI_3D,SYNTHETIC_3D,,False,1,12.49,8-16px,slight,steep,tbg_033.jpg,0e659c7cea46a717098f299983c567f861020c0a8c60737eae8fc6cd5509d620,outputs\shuttle_capability\train_data\train\images\train_00341.jpg,outputs\shuttle_capability\train_data\train\labels\train_00341.txt,0,0
train_00342,train,SYNTHETIC_HIFI_3D,SYNTHETIC_3D,,False,1,4.472,4-8px,slight,steep,tbg_034.jpg,a5c1ee5206cd62a2b90fe1f733a0cb259924467613b69b539b169638e1a71b5d,outputs\shuttle_capability\train_data\train\images\train_00342.jpg,outputs\shuttle_capability\train_data\train\labels\train_00342.txt,0,0
train_00343,train,SYNTHETIC_HIFI_3D,SYNTHETIC_3D,,False,1,6.928,4-8px,slight,steep,tbg_036.jpg,00f1400e5fb1c118a5abe49bbed8ccc0b804de2cba3e61617d1b23b96d92b9d2,outputs\shuttle_capability\train_data\train\images\train_00343.jpg,outputs\shuttle_capability\train_data\train\labels\train_00343.txt,0,0
train_00344,train,SYNTHETIC_HIFI_3D,SYNTHETIC_3D,,False,1,9.95,8-16px,sharp,steep,tbg_037.jpg,0bce74d1e3186a9aa8f3cbbc0397878b2427f2a169bce05eec299534d2057a63,outputs\shuttle_capability\train_data\train\images\train_00344.jpg,outputs\shuttle_capability\train_data\train\labels\train_00344.txt,0,0
train_00345,train,SYNTHETIC_HIFI_3D,SYNTHETIC_3D,,False,1,11.489,8-16px,sharp,steep,tbg_038.jpg,3ec32cdd56689447ded1c030c140f4f1f8b5dbd2d09710e89cd2bf8c9f8ec182,outputs\shuttle_capability\train_data\train\images\train_00345.jpg,outputs\shuttle_capability\train_data\train\labels\train_00345.txt,0,0
train_00346,train,SYNTHETIC_HIFI_3D,SYNTHETIC_3D,,False,1,9.381,8-16px,sharp,steep,tbg_039.jpg,ef4603367bca5f0adbefe97187418e64d861abfbb57e280ecb4d4b4d37b05bd9,outputs\shuttle_capability\train_data\train\images\train_00346.jpg,outputs\shuttle_capability\train_data\train\labels\train_00346.txt,0,0
train_00347,train,SYNTHETIC_HIFI_3D,SYNTHETIC_3D,,False,1,6.325,4-8px,slight,steep,tbg_041.jpg,338ff3c78a6c674bee408f3b38ee127220940bef5bf830ea7f96aa12c5136e20,outputs\shuttle_capability\train_data\train\images\train_00347.jpg,outputs\shuttle_capability\train_data\train\labels\train_00347.txt,0,0
train_00348,train,SYNTHETIC_HIFI_3D,SYNTHETIC_3D,,False,1,6.928,4-8px,slight,steep,tbg_042.jpg,d3336dfedd76b05eea6563be53312b9806e160c4425e67f7f49ee2fd576003de,outputs\shuttle_capability\train_data\train\images\train_00348.jpg,outputs\shuttle_capability\train_data\train\labels\train_00348.txt,0,0
train_00349,train,SYNTHETIC_HIFI_3D,SYNTHETIC_3D,,False,1,14.422,8-16px,sharp,steep,tbg_046.jpg,066416a337feb0d95cdef968ad266ca8d9e69ddefcbee958e250cfdb7ec41ce6,outputs\shuttle_capability\train_data\train\images\train_00349.jpg,outputs\shuttle_capability\train_data\train\labels\train_00349.txt,0,0
train_00350,train,SYNTHETIC_HIFI_3D,SYNTHETIC_3D,,False,1,9.0,8-16px,sharp,steep,tbg_008.jpg,b29aae88cb6f812acfa87f76959426c5d0f4d5ce29f6a0860b07388c9cc56c5e,outputs\shuttle_capability\train_data\train\images\train_00350.jpg,outputs\shuttle_capability\train_data\train\labels\train_00350.txt,0,0
train_00351,train,SYNTHETIC_HIFI_3D,SYNTHETIC_3D,,False,1,4.0,4-8px,slight,steep,tbg_009.jpg,a9f505a3f1dba12cc72ae10566a3cb02a0630ee2392cb55b90a24eb2413bd827,outputs\shuttle_capability\train_data\train\images\train_00351.jpg,outputs\shuttle_capability\train_data\train\labels\train_00351.txt,0,0
train_00352,train,SYNTHETIC_HIFI_3D,SYNTHETIC_3D,,False,1,13.416,8-16px,slight,steep,tbg_012.jpg,0b9f1c1e0f0e23e49247e7f1a767e1fb88c3507f02f134f0933f7d2e152c4765,outputs\shuttle_capability\train_data\train\images\train_00352.jpg,outputs\shuttle_capability\train_data\train\labels\train_00352.txt,0,0
train_00353,train,SYNTHETIC_HIFI_3D,SYNTHETIC_3D,,False,1,11.402,8-16px,slight,steep,tbg_013.jpg,6e4133e77a6e1f9537994bf905480a37a299061a3ee1bb37ab248cb29371aa88,outputs\shuttle_capability\train_data\train\images\train_00353.jpg,outputs\shuttle_capability\train_data\train\labels\train_00353.txt,0,0
train_00354,train,SYNTHETIC_HIFI_3D,SYNTHETIC_3D,,False,1,14.0,8-16px,slight,steep,tbg_014.jpg,1c26be84cf758b7adbdd04be69bf01dc88cfb22fd9cae17b1a72567bcb350546,outputs\shuttle_capability\train_data\train\images\train_00354.jpg,outputs\shuttle_capability\train_data\train\labels\train_00354.txt,0,0
train_00355,train,SYNTHETIC_HIFI_3D,SYNTHETIC_3D,,False,1,7.483,4-8px,sharp,axis_aligned,tbg_016.jpg,9989632bad24bc0fca346166f7ffdfbf8dd5a2240be435d772b2531d78706c41,outputs\shuttle_capability\train_data\train\images\train_00355.jpg,outputs\shuttle_capability\train_data\train\labels\train_00355.txt,0,0
train_00356,train,SYNTHETIC_HIFI_3D,SYNTHETIC_3D,,False,1,13.0,8-16px,moderate,tilted,tbg_019.jpg,f4d1ec36d23410e2d7a78dac43e7c4b8e40dd41a6d64773778176aa360e156fd,outputs\shuttle_capability\train_data\train\images\train_00356.jpg,outputs\shuttle_capability\train_data\train\labels\train_00356.txt,0,0
train_00357,train,SYNTHETIC_HIFI_3D,SYNTHETIC_3D,,False,1,5.477,4-8px,heavy,steep,tbg_021.jpg,16dd5b6333a49c67d65c20e4d588e543be644694031e72721acdf65578f16107,outputs\shuttle_capability\train_data\train\images\train_00357.jpg,outputs\shuttle_capability\train_data\train\labels\train_00357.txt,0,0
train_00358,train,SYNTHETIC_HIFI_3D,SYNTHETIC_3D,,False,1,12.41,8-16px,slight,tilted,tbg_022.jpg,88247866f8adc740e958f8b6573f267cd098a0ffda21b61cafaa6f1a0a68d167,outputs\shuttle_capability\train_data\train\images\train_00358.jpg,outputs\shuttle_capability\train_data\train\labels\train_00358.txt,0,0
train_00359,train,SYNTHETIC_HIFI_3D,SYNTHETIC_3D,,False,1,6.928,4-8px,sharp,steep,tbg_023.jpg,31ba64451782818e4367287565d0f7ec3d0fc62f3ec45e353c5e4f0a4806c10c,outputs\shuttle_capability\train_data\train\images\train_00359.jpg,outputs\shuttle_capability\train_data\train\labels\train_00359.txt,0,0
train_00360,train,SYNTHETIC_HIFI_3D,SYNTHETIC_3D,,False,1,11.832,8-16px,heavy,steep,tbg_024.jpg,a48efafa1f458ee871008f9ec36d7a34c55ca98c897d92e40a8c1e28077239de,outputs\shuttle_capability\train_data\train\images\train_00360.jpg,outputs\shuttle_capability\train_data\train\labels\train_00360.txt,0,0
train_00361,train,SYNTHETIC_HIFI_3D,SYNTHETIC_3D,,False,1,14.866,8-16px,sharp,steep,tbg_026.jpg,442d834b7b7c87311b90bb4fe21c1552d966fcb138006fe056ca09b5e75b3f87,outputs\shuttle_capability\train_data\train\images\train_00361.jpg,outputs\shuttle_capability\train_data\train\labels\train_00361.txt,0,0
train_00362,train,SYNTHETIC_HIFI_3D,SYNTHETIC_3D,,False,1,6.481,4-8px,sharp,steep,tbg_027.jpg,3ae61fff0cf79020d71266e7ca659697f7d2d0cde7ce883e2f564f65d5bf59c1,outputs\shuttle_capability\train_data\train\images\train_00362.jpg,outputs\shuttle_capability\train_data\train\labels\train_00362.txt,0,0
train_00363,train,SYNTHETIC_HIFI_3D,SYNTHETIC_3D,,False,1,8.485,8-16px,sharp,steep,tbg_028.jpg,c001f05e429de3cae70465828cb9689f03c0f34ad1bd925b9bf4b6bf1c23c03f,outputs\shuttle_capability\train_data\train\images\train_00363.jpg,outputs\shuttle_capability\train_data\train\labels\train_00363.txt,0,0
train_00364,train,SYNTHETIC_HIFI_3D,SYNTHETIC_3D,,False,1,8.944,8-16px,moderate,steep,tbg_029.jpg,9db8508682c680ba7b0cd59310c7f29667974fe5a0a9b678dde2a0efd5a7d995,outputs\shuttle_capability\train_data\train\images\train_00364.jpg,outputs\shuttle_capability\train_data\train\labels\train_00364.txt,0,0
train_00365,train,SYNTHETIC_HIFI_3D,SYNTHETIC_3D,,False,1,16.492,16-32px,heavy,steep,tbg_032.jpg,77390f7f197c0341bd67243330d40ca4093c30a982441393d6aeace1cdfceb2a,outputs\shuttle_capability\train_data\train\images\train_00365.jpg,outputs\shuttle_capability\train_data\train\labels\train_00365.txt,0,0
train_00366,train,SYNTHETIC_HIFI_3D,SYNTHETIC_3D,,False,1,12.41,8-16px,moderate,steep,tbg_033.jpg,1c9192a15759020fc15913fa744417716f5c692dec2b3580c31acd4fe4520c74,outputs\shuttle_capability\train_data\train\images\train_00366.jpg,outputs\shuttle_capability\train_data\train\labels\train_00366.txt,0,0
train_00367,train,SYNTHETIC_HIFI_3D,SYNTHETIC_3D,,False,1,4.899,4-8px,sharp,steep,tbg_034.jpg,0f4dceb32fe7819044388c3cea69ae75e7a532ba1ea95f448c278c97085f4945,outputs\shuttle_capability\train_data\train\images\train_00367.jpg,outputs\shuttle_capability\train_data\train\labels\train_00367.txt,0,0
train_00368,train,SYNTHETIC_HIFI_3D,SYNTHETIC_3D,,False,1,11.489,8-16px,moderate,steep,tbg_036.jpg,0ba2a4fe51306e71905526537d80228f2d8e461b084e8bf2aa01513ae9a5840a,outputs\shuttle_capability\train_data\train\images\train_00368.jpg,outputs\shuttle_capability\train_data\train\labels\train_00368.txt,0,0
train_00369,train,SYNTHETIC_HIFI_3D,SYNTHETIC_3D,,False,1,12.961,8-16px,moderate,steep,tbg_037.jpg,aa9436b70b77c56a7942686956d7f3bcd526f0abc02abcf0515a60c02de97c96,outputs\shuttle_capability\train_data\train\images\train_00369.jpg,outputs\shuttle_capability\train_data\train\labels\train_00369.txt,0,0
train_00370,train,SYNTHETIC_HIFI_3D,SYNTHETIC_3D,,False,1,26.495,16-32px,sharp,tilted,tbg_038.jpg,f8d7a55847d0b3886bc00001036f9111776ec691cdc694daa3a150146963f103,outputs\shuttle_capability\train_data\train\images\train_00370.jpg,outputs\shuttle_capability\train_data\train\labels\train_00370.txt,0,0
train_00371,train,SYNTHETIC_HIFI_3D,SYNTHETIC_3D,,False,1,4.0,4-8px,slight,steep,tbg_039.jpg,c023072a66fdd655602c55db7567d073e90983d69f2e5c1566e32d9770205562,outputs\shuttle_capability\train_data\train\images\train_00371.jpg,outputs\shuttle_capability\train_data\train\labels\train_00371.txt,0,0
train_00372,train,SYNTHETIC_HIFI_3D,SYNTHETIC_3D,,False,1,6.928,4-8px,moderate,steep,tbg_041.jpg,58f6ec6cf0be9d6adf7f32fec544ce243b401e4b5d7e65e5cb142fe2fb70da73,outputs\shuttle_capability\train_data\train\images\train_00372.jpg,outputs\shuttle_capability\train_data\train\labels\train_00372.txt,0,0
train_00373,train,SYNTHETIC_HIFI_3D,SYNTHETIC_3D,,False,1,18.0,16-32px,slight,steep,tbg_042.jpg,9b084a32ca84525fcaf8877cac9f66e4a7971dfa1bc69d4edfd05ac3944055d4,outputs\shuttle_capability\train_data\train\images\train_00373.jpg,outputs\shuttle_capability\train_data\train\labels\train_00373.txt,0,0
train_00374,train,SYNTHETIC_HIFI_3D,SYNTHETIC_3D,,False,1,4.472,4-8px,slight,steep,tbg_046.jpg,e84a755916d3c708b138ebe1ca38f32ed181053195816e9da2d260f1a4723191,outputs\shuttle_capability\train_data\train\images\train_00374.jpg,outputs\shuttle_capability\train_data\train\labels\train_00374.txt,0,0
train_00375,train,SYNTHETIC_HIFI_3D,SYNTHETIC_3D,,False,1,4.472,4-8px,heavy,steep,tbg_008.jpg,80624bfd49d6f9eeee215fef4f25a68bdccec417e5fdd1445e1da9d891b6d580,outputs\shuttle_capability\train_data\train\images\train_00375.jpg,outputs\shuttle_capability\train_data\train\labels\train_00375.txt,0,0
train_00376,train,SYNTHETIC_HIFI_3D,SYNTHETIC_3D,,False,1,11.958,8-16px,slight,tilted,tbg_009.jpg,6daca3f6d5f23956e05d9186cf5d2b85a6f5e5a120dbdfeb1e5826a50f1970ab,outputs\shuttle_capability\train_data\train\images\train_00376.jpg,outputs\shuttle_capability\train_data\train\labels\train_00376.txt,0,0
train_00377,train,SYNTHETIC_HIFI_3D,SYNTHETIC_3D,,False,1,14.283,8-16px,slight,steep,tbg_012.jpg,4364639b1145d6948a518a2993e2c32202f19bbdb4f3ab17c97525627814b60b,outputs\shuttle_capability\train_data\train\images\train_00377.jpg,outputs\shuttle_capability\train_data\train\labels\train_00377.txt,0,0
train_00378,train,SYNTHETIC_HIFI_3D,SYNTHETIC_3D,,False,1,6.481,4-8px,moderate,steep,tbg_013.jpg,198a8183d4c28d3c73bcdf2ca92e0bef4edbb0ab0ac428b94e1186274060c014,outputs\shuttle_capability\train_data\train\images\train_00378.jpg,outputs\shuttle_capability\train_data\train\labels\train_00378.txt,0,0
train_00379,train,SYNTHETIC_HIFI_3D,SYNTHETIC_3D,,False,1,11.958,8-16px,heavy,steep,tbg_014.jpg,53a989485dac924f490d3d4744960324ec732790083815d9772efbd6a8844deb,outputs\shuttle_capability\train_data\train\images\train_00379.jpg,outputs\shuttle_capability\train_data\train\labels\train_00379.txt,0,0
train_00380,train,SYNTHETIC_HIFI_3D,SYNTHETIC_3D,,False,1,10.0,8-16px,slight,steep,tbg_016.jpg,cfb5edf2e37ca68bc5a57420423dcd55ad7fe3abe08644ed9147a515ba8fd1c4,outputs\shuttle_capability\train_data\train\images\train_00380.jpg,outputs\shuttle_capability\train_data\train\labels\train_00380.txt,0,0
train_00381,train,SYNTHETIC_HIFI_3D,SYNTHETIC_3D,,False,1,19.442,16-32px,sharp,steep,tbg_019.jpg,4037ad4d77493de911cdebb5ff0c1da280cd75d49033869060524bb92fa11f99,outputs\shuttle_capability\train_data\train\images\train_00381.jpg,outputs\shuttle_capability\train_data\train\labels\train_00381.txt,0,0
train_00382,train,SYNTHETIC_HIFI_3D,SYNTHETIC_3D,,False,1,9.0,8-16px,sharp,steep,tbg_021.jpg,38548f132a1a5ca499a713847fc73919b20c1b15ddf75c015f68d7fc5f1714b4,outputs\shuttle_capability\train_data\train\images\train_00382.jpg,outputs\shuttle_capability\train_data\train\labels\train_00382.txt,0,0
train_00383,train,SYNTHETIC_HIFI_3D,SYNTHETIC_3D,,False,1,14.866,8-16px,slight,steep,tbg_022.jpg,a948acc4796e9d08ad82b5fb49066adcb015a94a94da70e33f285131db8fb92b,outputs\shuttle_capability\train_data\train\images\train_00383.jpg,outputs\shuttle_capability\train_data\train\labels\train_00383.txt,0,0
train_00384,train,SYNTHETIC_HIFI_3D,SYNTHETIC_3D,,False,1,6.481,4-8px,sharp,steep,tbg_023.jpg,78f0b5e4bbe42c0502abd00079974411ec82f87fa909d7b7244492ee3ef4b08b,outputs\shuttle_capability\train_data\train\images\train_00384.jpg,outputs\shuttle_capability\train_data\train\labels\train_00384.txt,0,0
train_00385,train,SYNTHETIC_HIFI_3D,SYNTHETIC_3D,,False,1,8.367,8-16px,heavy,steep,tbg_024.jpg,0a4419bf2fdab47fe9397e3b6affa25f27240b94c833521a4d569d7e33dde766,outputs\shuttle_capability\train_data\train\images\train_00385.jpg,outputs\shuttle_capability\train_data\train\labels\train_00385.txt,0,0
train_00386,train,SYNTHETIC_HIFI_3D,SYNTHETIC_3D,,False,1,8.367,8-16px,slight,steep,tbg_026.jpg,ee4f93a70451cebfb8c7336e33a03b9c1610959cccfa4745c1aa75143999d155,outputs\shuttle_capability\train_data\train\images\train_00386.jpg,outputs\shuttle_capability\train_data\train\labels\train_00386.txt,0,0
train_00387,train,SYNTHETIC_HIFI_3D,SYNTHETIC_3D,,False,1,16.492,16-32px,slight,steep,tbg_027.jpg,26952cc38bda04a7f7afe018469aee6cc69df199052b569ee841dda06f5d29fd,outputs\shuttle_capability\train_data\train\images\train_00387.jpg,outputs\shuttle_capability\train_data\train\labels\train_00387.txt,0,0
train_00388,train,SYNTHETIC_HIFI_3D,SYNTHETIC_3D,,False,1,11.958,8-16px,sharp,steep,tbg_028.jpg,8640a5b6749a24fdbcc2be3947e7a75b060477ab3c8469fcdea9ada03b38fe61,outputs\shuttle_capability\train_data\train\images\train_00388.jpg,outputs\shuttle_capability\train_data\train\labels\train_00388.txt,0,0
train_00389,train,SYNTHETIC_HIFI_3D,SYNTHETIC_3D,,False,1,6.481,4-8px,sharp,steep,tbg_029.jpg,2f7ddeebac544cd931aa46128cc5d8a632d32ccfb3431475fb6343b6fe9c23a6,outputs\shuttle_capability\train_data\train\images\train_00389.jpg,outputs\shuttle_capability\train_data\train\labels\train_00389.txt,0,0
train_00390,train,SYNTHETIC_HIFI_3D,SYNTHETIC_3D,,False,1,12.49,8-16px,heavy,steep,tbg_032.jpg,30ca9d2b86ce08c0fb15bb26d92845a917d7b47742b239db578731a3497898aa,outputs\shuttle_capability\train_data\train\images\train_00390.jpg,outputs\shuttle_capability\train_data\train\labels\train_00390.txt,0,0
train_00391,train,SYNTHETIC_HIFI_3D,SYNTHETIC_3D,,False,1,13.491,8-16px,slight,steep,tbg_033.jpg,3a55f3ee1a2b80812567d146426d19349c4a0c47404f7df5891ed66127db11ab,outputs\shuttle_capability\train_data\train\images\train_00391.jpg,outputs\shuttle_capability\train_data\train\labels\train_00391.txt,0,0
train_00392,train,SYNTHETIC_HIFI_3D,SYNTHETIC_3D,,False,1,8.367,8-16px,sharp,steep,tbg_034.jpg,dee935ef5ec4ca6606a73c5f4d5ea4427508b1341130786d735730e053a538e7,outputs\shuttle_capability\train_data\train\images\train_00392.jpg,outputs\shuttle_capability\train_data\train\labels\train_00392.txt,0,0
train_00393,train,SYNTHETIC_HIFI_3D,SYNTHETIC_3D,,False,1,8.0,8-16px,heavy,steep,tbg_036.jpg,5b4807de43b70b99f962d0f9b9b56dc329b6c1500a1a1f14da3c18ea05fb9f1a,outputs\shuttle_capability\train_data\train\images\train_00393.jpg,outputs\shuttle_capability\train_data\train\labels\train_00393.txt,0,0
train_00394,train,SYNTHETIC_HIFI_3D,SYNTHETIC_3D,,False,1,8.367,8-16px,slight,steep,tbg_037.jpg,db71ec2837bd2cc75d6c123569849d63734b68706d18ba4ab1f16aecb26fe31c,outputs\shuttle_capability\train_data\train\images\train_00394.jpg,outputs\shuttle_capability\train_data\train\labels\train_00394.txt,0,0
train_00395,train,SYNTHETIC_HIFI_3D,SYNTHETIC_3D,,False,1,4.0,4-8px,heavy,steep,tbg_038.jpg,e2dadaa378a4df6a55d7315e20a50f8f1f9d06f06b4a3615eb24abdb269cfe83,outputs\shuttle_capability\train_data\train\images\train_00395.jpg,outputs\shuttle_capability\train_data\train\labels\train_00395.txt,0,0
train_00396,train,SYNTHETIC_HIFI_3D,SYNTHETIC_3D,,False,1,9.95,8-16px,heavy,steep,tbg_039.jpg,d3caeebafb087bf917c81bf48150833ca263c751b0d96ce45e8016e866753d62,outputs\shuttle_capability\train_data\train\images\train_00396.jpg,outputs\shuttle_capability\train_data\train\labels\train_00396.txt,0,0
train_00397,train,SYNTHETIC_HIFI_3D,SYNTHETIC_3D,,False,1,10.0,8-16px,sharp,steep,tbg_041.jpg,4b561fd4bec4c9b8e5f07bb5f3989633ac68abbc4f5f97e950b2a5953626510a,outputs\shuttle_capability\train_data\train\images\train_00397.jpg,outputs\shuttle_capability\train_data\train\labels\train_00397.txt,0,0
train_00398,train,SYNTHETIC_HIFI_3D,SYNTHETIC_3D,,False,1,5.916,4-8px,heavy,steep,tbg_042.jpg,64bf59f546bbeed65534978dc5a4e10b2fce2083e71d94f4537b8ccfe1052ca3,outputs\shuttle_capability\train_data\train\images\train_00398.jpg,outputs\shuttle_capability\train_data\train\labels\train_00398.txt,0,0
train_00399,train,SYNTHETIC_HIFI_3D,SYNTHETIC_3D,,False,1,12.649,8-16px,moderate,steep,tbg_046.jpg,7ec4d4ad7ed763bae83ffeacc7d5b0683500ffcfda9257456137967b0d53831a,outputs\shuttle_capability\train_data\train\images\train_00399.jpg,outputs\shuttle_capability\train_data\train\labels\train_00399.txt,0,0
neg_train_00000,train,NEGATIVE,NEGATIVE,,True,0,,unknown,unknown,unknown,tbg_008.jpg,e9d7c94bf2687ca72b176186e6fbf2a146994837fdde220b6fdd06248781e9cf,outputs\shuttle_capability\train_data\train\images\neg_train_00000.jpg,outputs\shuttle_capability\train_data\train\labels\neg_train_00000.txt,0,0
neg_train_00001,train,NEGATIVE,NEGATIVE,,True,0,,unknown,unknown,unknown,tbg_008.jpg,138c3c6a61250bac1fc6c7099f8bb0d6e1fe48be4833202c743bffca5fbb7cef,outputs\shuttle_capability\train_data\train\images\neg_train_00001.jpg,outputs\shuttle_capability\train_data\train\labels\neg_train_00001.txt,0,0
neg_train_00002,train,NEGATIVE,NEGATIVE,,True,0,,unknown,unknown,unknown,tbg_008.jpg,e533cb1443dafc125db00badd6fe7af7291695d64cfbbbda714139aca26592b2,outputs\shuttle_capability\train_data\train\images\neg_train_00002.jpg,outputs\shuttle_capability\train_data\train\labels\neg_train_00002.txt,0,0
neg_train_00003,train,NEGATIVE,NEGATIVE,,True,0,,unknown,unknown,unknown,tbg_008.jpg,b6df098ce6bcb512533f7c76f881697ab03c1d3313719693f1675feefca4cf12,outputs\shuttle_capability\train_data\train\images\neg_train_00003.jpg,outputs\shuttle_capability\train_data\train\labels\neg_train_00003.txt,0,0
neg_train_00004,train,NEGATIVE,NEGATIVE,,True,0,,unknown,unknown,unknown,tbg_009.jpg,e701dbfd68ee42c2418c378896279833913feb96b853c7cde1855b7f491a2f64,outputs\shuttle_capability\train_data\train\images\neg_train_00004.jpg,outputs\shuttle_capability\train_data\train\labels\neg_train_00004.txt,0,0
neg_train_00005,train,NEGATIVE,NEGATIVE,,True,0,,unknown,unknown,unknown,tbg_009.jpg,3f0897a88667272c68fa283ee41ffcdaca5c56e4674fe3cce471ed88b4084fe9,outputs\shuttle_capability\train_data\train\images\neg_train_00005.jpg,outputs\shuttle_capability\train_data\train\labels\neg_train_00005.txt,0,0
neg_train_00006,train,NEGATIVE,NEGATIVE,,True,0,,unknown,unknown,unknown,tbg_009.jpg,c3bbdb3d9d877a6db5ca694ba2bf44570b7f01e92673f52c6d36cdb3825295fe,outputs\shuttle_capability\train_data\train\images\neg_train_00006.jpg,outputs\shuttle_capability\train_data\train\labels\neg_train_00006.txt,0,0
neg_train_00007,train,NEGATIVE,NEGATIVE,,True,0,,unknown,unknown,unknown,tbg_009.jpg,422723eef299f33365f977d3e81549bdf6298b5b15ec56063a332de261cdea1c,outputs\shuttle_capability\train_data\train\images\neg_train_00007.jpg,outputs\shuttle_capability\train_data\train\labels\neg_train_00007.txt,0,0
neg_train_00008,train,NEGATIVE,NEGATIVE,,True,0,,unknown,unknown,unknown,tbg_012.jpg,4fe6a5e8a36153f8abd656c8cd1110284a9c93b40fc78ffef4f7ff7d50dd3e73,outputs\shuttle_capability\train_data\train\images\neg_train_00008.jpg,outputs\shuttle_capability\train_data\train\labels\neg_train_00008.txt,0,0
neg_train_00009,train,NEGATIVE,NEGATIVE,,True,0,,unknown,unknown,unknown,tbg_012.jpg,6adba31f96bdd23d0fe04936bd4fa9452893ef84f690a549b1a1c6131d52bddd,outputs\shuttle_capability\train_data\train\images\neg_train_00009.jpg,outputs\shuttle_capability\train_data\train\labels\neg_train_00009.txt,0,0
neg_train_00010,train,NEGATIVE,NEGATIVE,,True,0,,unknown,unknown,unknown,tbg_012.jpg,722a6c3865a2b06d1d8f18159cbf9062947bde0be5179600772ea61744ed834d,outputs\shuttle_capability\train_data\train\images\neg_train_00010.jpg,outputs\shuttle_capability\train_data\train\labels\neg_train_00010.txt,0,0
neg_train_00011,train,NEGATIVE,NEGATIVE,,True,0,,unknown,unknown,unknown,tbg_012.jpg,65249e8a8851e81ad7d79ace3771c56e36ad0a87df60af04ef0be1a50fff6c82,outputs\shuttle_capability\train_data\train\images\neg_train_00011.jpg,outputs\shuttle_capability\train_data\train\labels\neg_train_00011.txt,0,0
neg_train_00012,train,NEGATIVE,NEGATIVE,,True,0,,unknown,unknown,unknown,tbg_013.jpg,9a7e75f272c0d3d3c2f58c2b92e70e69e184364e8c8968e48703ba4d91227a6e,outputs\shuttle_capability\train_data\train\images\neg_train_00012.jpg,outputs\shuttle_capability\train_data\train\labels\neg_train_00012.txt,0,0
neg_train_00013,train,NEGATIVE,NEGATIVE,,True,0,,unknown,unknown,unknown,tbg_013.jpg,e4b643940519bf6c4f8cb252d36f58ede874ef89b6cd0cf58b452aef3bd112a4,outputs\shuttle_capability\train_data\train\images\neg_train_00013.jpg,outputs\shuttle_capability\train_data\train\labels\neg_train_00013.txt,0,0
neg_train_00014,train,NEGATIVE,NEGATIVE,,True,0,,unknown,unknown,unknown,tbg_013.jpg,5bdad4b58340ff7bc02effba11aa7be5d57251b8df4c5dc1964242aaeb5ce046,outputs\shuttle_capability\train_data\train\images\neg_train_00014.jpg,outputs\shuttle_capability\train_data\train\labels\neg_train_00014.txt,0,0
neg_train_00015,train,NEGATIVE,NEGATIVE,,True,0,,unknown,unknown,unknown,tbg_013.jpg,5fb72aca7c094064daaf52a2dc4acadab5a25758001fa2914c4000877532a025,outputs\shuttle_capability\train_data\train\images\neg_train_00015.jpg,outputs\shuttle_capability\train_data\train\labels\neg_train_00015.txt,0,0
neg_train_00016,train,NEGATIVE,NEGATIVE,,True,0,,unknown,unknown,unknown,tbg_014.jpg,5a4c9beff520743385cbfa0eda1e64bd29b7912ec47192ed7efc6fd98e8e3075,outputs\shuttle_capability\train_data\train\images\neg_train_00016.jpg,outputs\shuttle_capability\train_data\train\labels\neg_train_00016.txt,0,0
neg_train_00017,train,NEGATIVE,NEGATIVE,,True,0,,unknown,unknown,unknown,tbg_014.jpg,d3c38085a33128c5fa328aff68bdd491569d1dce90f62b1d193ca2b8770b2af7,outputs\shuttle_capability\train_data\train\images\neg_train_00017.jpg,outputs\shuttle_capability\train_data\train\labels\neg_train_00017.txt,0,0
neg_train_00018,train,NEGATIVE,NEGATIVE,,True,0,,unknown,unknown,unknown,tbg_014.jpg,1ba6c2cd0e9d1fc7c25f88be46af485c4b89916c4036607b669cfdcea13ed3f8,outputs\shuttle_capability\train_data\train\images\neg_train_00018.jpg,outputs\shuttle_capability\train_data\train\labels\neg_train_00018.txt,0,0
neg_train_00019,train,NEGATIVE,NEGATIVE,,True,0,,unknown,unknown,unknown,tbg_014.jpg,60041077b3cc7521c1baac6b13af424fe642f59e4c17249d781b05a184836400,outputs\shuttle_capability\train_data\train\images\neg_train_00019.jpg,outputs\shuttle_capability\train_data\train\labels\neg_train_00019.txt,0,0
neg_train_00020,train,NEGATIVE,NEGATIVE,,True,0,,unknown,unknown,unknown,tbg_016.jpg,f6e27204bdf995f7f7df181f1b59a4c6e13047fd097df30b753095b2d78b4717,outputs\shuttle_capability\train_data\train\images\neg_train_00020.jpg,outputs\shuttle_capability\train_data\train\labels\neg_train_00020.txt,0,0
neg_train_00021,train,NEGATIVE,NEGATIVE,,True,0,,unknown,unknown,unknown,tbg_016.jpg,4008d8be4b1bf2b4237bbfabf8f7678f2cd89ab72139661d3a69410db544631a,outputs\shuttle_capability\train_data\train\images\neg_train_00021.jpg,outputs\shuttle_capability\train_data\train\labels\neg_train_00021.txt,0,0
neg_train_00022,train,NEGATIVE,NEGATIVE,,True,0,,unknown,unknown,unknown,tbg_016.jpg,55be79e6985276769b17824519a1e592aa866ade791ba628766ee4cdac66e05b,outputs\shuttle_capability\train_data\train\images\neg_train_00022.jpg,outputs\shuttle_capability\train_data\train\labels\neg_train_00022.txt,0,0
neg_train_00023,train,NEGATIVE,NEGATIVE,,True,0,,unknown,unknown,unknown,tbg_016.jpg,28c86309627ee297874412195bb13e113bc36e1c1b3a1c3f4fb49cee0f26af23,outputs\shuttle_capability\train_data\train\images\neg_train_00023.jpg,outputs\shuttle_capability\train_data\train\labels\neg_train_00023.txt,0,0
neg_train_00024,train,NEGATIVE,NEGATIVE,,True,0,,unknown,unknown,unknown,tbg_019.jpg,fe6cd8240884020b4d81b092170315af40e39f7a952b75a54a03cb406a516f64,outputs\shuttle_capability\train_data\train\images\neg_train_00024.jpg,outputs\shuttle_capability\train_data\train\labels\neg_train_00024.txt,0,0
neg_train_00025,train,NEGATIVE,NEGATIVE,,True,0,,unknown,unknown,unknown,tbg_019.jpg,bfaada17527199546533630ffdc8a2d6558f39816391f2295f4c9074a5b0c059,outputs\shuttle_capability\train_data\train\images\neg_train_00025.jpg,outputs\shuttle_capability\train_data\train\labels\neg_train_00025.txt,0,0
neg_train_00026,train,NEGATIVE,NEGATIVE,,True,0,,unknown,unknown,unknown,tbg_019.jpg,98f75a6bf8b80edf8d7be4c83cdb29a13b9c6474de1b8947e0d79c2401a18f19,outputs\shuttle_capability\train_data\train\images\neg_train_00026.jpg,outputs\shuttle_capability\train_data\train\labels\neg_train_00026.txt,0,0
neg_train_00027,train,NEGATIVE,NEGATIVE,,True,0,,unknown,unknown,unknown,tbg_019.jpg,7263ff28cbb63e9fbf76c2f1f667374bdb0d6d4ecceb4f322dc239c71b339cb7,outputs\shuttle_capability\train_data\train\images\neg_train_00027.jpg,outputs\shuttle_capability\train_data\train\labels\neg_train_00027.txt,0,0
neg_train_00028,train,NEGATIVE,NEGATIVE,,True,0,,unknown,unknown,unknown,tbg_021.jpg,4183c20c11a029559f22ff496c628e7cc4d8f789797cecd22317cb90bf4c15f3,outputs\shuttle_capability\train_data\train\images\neg_train_00028.jpg,outputs\shuttle_capability\train_data\train\labels\neg_train_00028.txt,0,0
neg_train_00029,train,NEGATIVE,NEGATIVE,,True,0,,unknown,unknown,unknown,tbg_021.jpg,c9ad0c1d85928c0c3d6b36526d5c0f045d2dea7042fcaa36f14393366b9ecc0b,outputs\shuttle_capability\train_data\train\images\neg_train_00029.jpg,outputs\shuttle_capability\train_data\train\labels\neg_train_00029.txt,0,0
neg_train_00030,train,NEGATIVE,NEGATIVE,,True,0,,unknown,unknown,unknown,tbg_021.jpg,72f173c64259809d156897dac86101ce3fbc2236afef32657ba2fc5b89bc3606,outputs\shuttle_capability\train_data\train\images\neg_train_00030.jpg,outputs\shuttle_capability\train_data\train\labels\neg_train_00030.txt,0,0
neg_train_00031,train,NEGATIVE,NEGATIVE,,True,0,,unknown,unknown,unknown,tbg_021.jpg,1587af15aca41c94a0c47227f9c9c33d6170947ecb9b19468dd7dea21227c219,outputs\shuttle_capability\train_data\train\images\neg_train_00031.jpg,outputs\shuttle_capability\train_data\train\labels\neg_train_00031.txt,0,0
neg_train_00032,train,NEGATIVE,NEGATIVE,,True,0,,unknown,unknown,unknown,tbg_022.jpg,3471f1ae503588b723b4a385d13ed7584b6a455d8f6759dc3808f90d4249c4c3,outputs\shuttle_capability\train_data\train\images\neg_train_00032.jpg,outputs\shuttle_capability\train_data\train\labels\neg_train_00032.txt,0,0
neg_train_00033,train,NEGATIVE,NEGATIVE,,True,0,,unknown,unknown,unknown,tbg_022.jpg,80be6bc598ff8bae2b82ff7bbe2984199f5b064487736a7b2e6bcd68bb7f4970,outputs\shuttle_capability\train_data\train\images\neg_train_00033.jpg,outputs\shuttle_capability\train_data\train\labels\neg_train_00033.txt,0,0
neg_train_00034,train,NEGATIVE,NEGATIVE,,True,0,,unknown,unknown,unknown,tbg_022.jpg,01acc26f118a15dd81852dbfbdf7e1c698856273765b2611553e7dbb9c1c81c0,outputs\shuttle_capability\train_data\train\images\neg_train_00034.jpg,outputs\shuttle_capability\train_data\train\labels\neg_train_00034.txt,0,0
neg_train_00035,train,NEGATIVE,NEGATIVE,,True,0,,unknown,unknown,unknown,tbg_022.jpg,13a3a8d11172e219240d3850a272ee5f21279d6b80e8a68e5b29165ab9f9f13d,outputs\shuttle_capability\train_data\train\images\neg_train_00035.jpg,outputs\shuttle_capability\train_data\train\labels\neg_train_00035.txt,0,0
neg_train_00036,train,NEGATIVE,NEGATIVE,,True,0,,unknown,unknown,unknown,tbg_023.jpg,76e0252e06cc3374654fe6c8475e0e17c26a0e3a6f0972dca4a2076ce074b471,outputs\shuttle_capability\train_data\train\images\neg_train_00036.jpg,outputs\shuttle_capability\train_data\train\labels\neg_train_00036.txt,0,0
neg_train_00037,train,NEGATIVE,NEGATIVE,,True,0,,unknown,unknown,unknown,tbg_023.jpg,24eb7f9edb2d12cd7cd1f9351de08fb53d70e8b2dc962acf4499ad09642e6011,outputs\shuttle_capability\train_data\train\images\neg_train_00037.jpg,outputs\shuttle_capability\train_data\train\labels\neg_train_00037.txt,0,0
neg_train_00038,train,NEGATIVE,NEGATIVE,,True,0,,unknown,unknown,unknown,tbg_023.jpg,241e58c92bb2e7c51376d77a74f47b90a5ed38b0c72581eaf6433fcfa0f57b96,outputs\shuttle_capability\train_data\train\images\neg_train_00038.jpg,outputs\shuttle_capability\train_data\train\labels\neg_train_00038.txt,0,0
neg_train_00039,train,NEGATIVE,NEGATIVE,,True,0,,unknown,unknown,unknown,tbg_023.jpg,0dc29a9b3d8f4e9961155606635de395ded69feb9d23deb6709b2108e2744538,outputs\shuttle_capability\train_data\train\images\neg_train_00039.jpg,outputs\shuttle_capability\train_data\train\labels\neg_train_00039.txt,0,0
neg_train_00040,train,NEGATIVE,NEGATIVE,,True,0,,unknown,unknown,unknown,tbg_024.jpg,192e2093701b61f12acdf76f5184110ddda8182bad123e8fdc779ef2b5f26b55,outputs\shuttle_capability\train_data\train\images\neg_train_00040.jpg,outputs\shuttle_capability\train_data\train\labels\neg_train_00040.txt,0,0
neg_train_00041,train,NEGATIVE,NEGATIVE,,True,0,,unknown,unknown,unknown,tbg_024.jpg,56709b21d88f6985a4cb603acd418dc96bb0ba5a93d2a9e950812d05610b0f0d,outputs\shuttle_capability\train_data\train\images\neg_train_00041.jpg,outputs\shuttle_capability\train_data\train\labels\neg_train_00041.txt,0,0
neg_train_00042,train,NEGATIVE,NEGATIVE,,True,0,,unknown,unknown,unknown,tbg_024.jpg,01b15074ab0d5f4e91bacbc8d883c0df4bc670486f0461d9bb154f1f3b659abb,outputs\shuttle_capability\train_data\train\images\neg_train_00042.jpg,outputs\shuttle_capability\train_data\train\labels\neg_train_00042.txt,0,0
neg_train_00043,train,NEGATIVE,NEGATIVE,,True,0,,unknown,unknown,unknown,tbg_024.jpg,a9b1a481a84f07bd895f9fa9876ae913eed88a7a3eac65bd4771164f18f70ba2,outputs\shuttle_capability\train_data\train\images\neg_train_00043.jpg,outputs\shuttle_capability\train_data\train\labels\neg_train_00043.txt,0,0
neg_train_00044,train,NEGATIVE,NEGATIVE,,True,0,,unknown,unknown,unknown,tbg_026.jpg,1f39da213a777dd1364e2082de975ebaf53a0962ff67c2e8e7f1467f5d310a36,outputs\shuttle_capability\train_data\train\images\neg_train_00044.jpg,outputs\shuttle_capability\train_data\train\labels\neg_train_00044.txt,0,0
neg_train_00045,train,NEGATIVE,NEGATIVE,,True,0,,unknown,unknown,unknown,tbg_026.jpg,08632e1df7d86e88b85ad4c8bba2a720f361cad99ae0cc5f3d6bed5af1afd0d8,outputs\shuttle_capability\train_data\train\images\neg_train_00045.jpg,outputs\shuttle_capability\train_data\train\labels\neg_train_00045.txt,0,0
neg_train_00046,train,NEGATIVE,NEGATIVE,,True,0,,unknown,unknown,unknown,tbg_026.jpg,d7eca472aa6b2d4275e91bcf7d0a9af7aaf5715a6656f6cb1bf72234da8ab1ad,outputs\shuttle_capability\train_data\train\images\neg_train_00046.jpg,outputs\shuttle_capability\train_data\train\labels\neg_train_00046.txt,0,0
neg_train_00047,train,NEGATIVE,NEGATIVE,,True,0,,unknown,unknown,unknown,tbg_026.jpg,a69f942724deed3789a1701cc6d2e4bb5a7df67625223508fc465cfd2c71698e,outputs\shuttle_capability\train_data\train\images\neg_train_00047.jpg,outputs\shuttle_capability\train_data\train\labels\neg_train_00047.txt,0,0
neg_train_00048,train,NEGATIVE,NEGATIVE,,True,0,,unknown,unknown,unknown,tbg_027.jpg,c7077cef56bb005858af4f25f9874db1ce47f37571b274d9f384ac358d6a5c72,outputs\shuttle_capability\train_data\train\images\neg_train_00048.jpg,outputs\shuttle_capability\train_data\train\labels\neg_train_00048.txt,0,0
neg_train_00049,train,NEGATIVE,NEGATIVE,,True,0,,unknown,unknown,unknown,tbg_027.jpg,e02d6f5ec94d9d189a1f8c672c6990e0febc21b527c2f780711b0951e766e11a,outputs\shuttle_capability\train_data\train\images\neg_train_00049.jpg,outputs\shuttle_capability\train_data\train\labels\neg_train_00049.txt,0,0
neg_train_00050,train,NEGATIVE,NEGATIVE,,True,0,,unknown,unknown,unknown,tbg_027.jpg,5ee763e88d1747f74b8f1c984d1e758a854f99dfae98b57af1670d17a261e779,outputs\shuttle_capability\train_data\train\images\neg_train_00050.jpg,outputs\shuttle_capability\train_data\train\labels\neg_train_00050.txt,0,0
neg_train_00051,train,NEGATIVE,NEGATIVE,,True,0,,unknown,unknown,unknown,tbg_027.jpg,5b52d6e9933bc2b07073bc6885ce2db4845553f5f49c835d1414540376100b94,outputs\shuttle_capability\train_data\train\images\neg_train_00051.jpg,outputs\shuttle_capability\train_data\train\labels\neg_train_00051.txt,0,0
neg_train_00052,train,NEGATIVE,NEGATIVE,,True,0,,unknown,unknown,unknown,tbg_028.jpg,aaba25e3df67a4f54f752a47793afd25f741554124761548336bf5369a572790,outputs\shuttle_capability\train_data\train\images\neg_train_00052.jpg,outputs\shuttle_capability\train_data\train\labels\neg_train_00052.txt,0,0
neg_train_00053,train,NEGATIVE,NEGATIVE,,True,0,,unknown,unknown,unknown,tbg_028.jpg,f89ad5b1c7e6f88a60ebaee39efbf5897b155c480a76083051feb243a608a20d,outputs\shuttle_capability\train_data\train\images\neg_train_00053.jpg,outputs\shuttle_capability\train_data\train\labels\neg_train_00053.txt,0,0
neg_train_00054,train,NEGATIVE,NEGATIVE,,True,0,,unknown,unknown,unknown,tbg_028.jpg,c82bed01f39be12ad921374ff318d8553e65d4207aa2e41c47b99f2f940b91f5,outputs\shuttle_capability\train_data\train\images\neg_train_00054.jpg,outputs\shuttle_capability\train_data\train\labels\neg_train_00054.txt,0,0
neg_train_00055,train,NEGATIVE,NEGATIVE,,True,0,,unknown,unknown,unknown,tbg_028.jpg,d3c1ccfd6e934cbf5412dca9af29871ee135ed60087e2cc0029f27b3679f701b,outputs\shuttle_capability\train_data\train\images\neg_train_00055.jpg,outputs\shuttle_capability\train_data\train\labels\neg_train_00055.txt,0,0
neg_train_00056,train,NEGATIVE,NEGATIVE,,True,0,,unknown,unknown,unknown,tbg_029.jpg,e747491b86ed650c5b554b9d352ca9524f12377fffe800127b6b6bbfa987df71,outputs\shuttle_capability\train_data\train\images\neg_train_00056.jpg,outputs\shuttle_capability\train_data\train\labels\neg_train_00056.txt,0,0
neg_train_00057,train,NEGATIVE,NEGATIVE,,True,0,,unknown,unknown,unknown,tbg_029.jpg,737c898e328523dbd0f4790a756896e44b43efeb9a46658da6ca829dbfcbab11,outputs\shuttle_capability\train_data\train\images\neg_train_00057.jpg,outputs\shuttle_capability\train_data\train\labels\neg_train_00057.txt,0,0
neg_train_00058,train,NEGATIVE,NEGATIVE,,True,0,,unknown,unknown,unknown,tbg_029.jpg,378d35fc7109f6543dbfed123637847d47eb5e7d0500efc3c2a873ddd073a245,outputs\shuttle_capability\train_data\train\images\neg_train_00058.jpg,outputs\shuttle_capability\train_data\train\labels\neg_train_00058.txt,0,0
neg_train_00059,train,NEGATIVE,NEGATIVE,,True,0,,unknown,unknown,unknown,tbg_029.jpg,d7ae8b4cc827a4b7385d451ba417d43487a67ed50600d7bb3d0d4e380b029dad,outputs\shuttle_capability\train_data\train\images\neg_train_00059.jpg,outputs\shuttle_capability\train_data\train\labels\neg_train_00059.txt,0,0
neg_train_00060,train,NEGATIVE,NEGATIVE,,True,0,,unknown,unknown,unknown,tbg_032.jpg,790aee47412fd5c9b48b4389a0f5db3e8333b841eddd21baccb69c97b183bdf8,outputs\shuttle_capability\train_data\train\images\neg_train_00060.jpg,outputs\shuttle_capability\train_data\train\labels\neg_train_00060.txt,0,0
neg_train_00061,train,NEGATIVE,NEGATIVE,,True,0,,unknown,unknown,unknown,tbg_032.jpg,a68b357e6ad41548d3f287e17b6274ba8bd230ca3be4884ee9f760f4441cc647,outputs\shuttle_capability\train_data\train\images\neg_train_00061.jpg,outputs\shuttle_capability\train_data\train\labels\neg_train_00061.txt,0,0
neg_train_00062,train,NEGATIVE,NEGATIVE,,True,0,,unknown,unknown,unknown,tbg_032.jpg,b25d84873b95479e29f99da99cc0372b134da444fdae81e259ffb21e34eb9cce,outputs\shuttle_capability\train_data\train\images\neg_train_00062.jpg,outputs\shuttle_capability\train_data\train\labels\neg_train_00062.txt,0,0
neg_train_00063,train,NEGATIVE,NEGATIVE,,True,0,,unknown,unknown,unknown,tbg_032.jpg,6457406aa3dd5a443cfb9c5355b2b4d89d54925047e6009f5534c230ca31d94e,outputs\shuttle_capability\train_data\train\images\neg_train_00063.jpg,outputs\shuttle_capability\train_data\train\labels\neg_train_00063.txt,0,0
neg_train_00064,train,NEGATIVE,NEGATIVE,,True,0,,unknown,unknown,unknown,tbg_033.jpg,1ba1e9031d37020c5408dafa2e0bc62943de9085f10a6eb1a0e2f57c861e42fa,outputs\shuttle_capability\train_data\train\images\neg_train_00064.jpg,outputs\shuttle_capability\train_data\train\labels\neg_train_00064.txt,0,0
neg_train_00065,train,NEGATIVE,NEGATIVE,,True,0,,unknown,unknown,unknown,tbg_033.jpg,c28ec65e5beb5107584d5b5606900fd77bdb69371cc234147eb12fb48b393fb8,outputs\shuttle_capability\train_data\train\images\neg_train_00065.jpg,outputs\shuttle_capability\train_data\train\labels\neg_train_00065.txt,0,0
neg_train_00066,train,NEGATIVE,NEGATIVE,,True,0,,unknown,unknown,unknown,tbg_033.jpg,d5821919fe919660ae0422d2457c3f39b35cbdcc54ccb4607a3bfbf4057a0ae2,outputs\shuttle_capability\train_data\train\images\neg_train_00066.jpg,outputs\shuttle_capability\train_data\train\labels\neg_train_00066.txt,0,0
neg_train_00067,train,NEGATIVE,NEGATIVE,,True,0,,unknown,unknown,unknown,tbg_033.jpg,13f358a7f34dc61340d7ebcd9bf7cb7658844654763de9e168dd3f631363016d,outputs\shuttle_capability\train_data\train\images\neg_train_00067.jpg,outputs\shuttle_capability\train_data\train\labels\neg_train_00067.txt,0,0
neg_train_00068,train,NEGATIVE,NEGATIVE,,True,0,,unknown,unknown,unknown,tbg_034.jpg,2f173399a69107b7e9e71c8d4713a16dd1cfd2eeeceac41c545af7fd345e05e7,outputs\shuttle_capability\train_data\train\images\neg_train_00068.jpg,outputs\shuttle_capability\train_data\train\labels\neg_train_00068.txt,0,0
neg_train_00069,train,NEGATIVE,NEGATIVE,,True,0,,unknown,unknown,unknown,tbg_034.jpg,44336d1ffd48fd63e35226a71f99eb3b7237de329573baa110a520dea68d3a61,outputs\shuttle_capability\train_data\train\images\neg_train_00069.jpg,outputs\shuttle_capability\train_data\train\labels\neg_train_00069.txt,0,0
neg_train_00070,train,NEGATIVE,NEGATIVE,,True,0,,unknown,unknown,unknown,tbg_034.jpg,7cefedc58539a86519a2dba1be5facb1a6baf5e38b93eef953382ea9f1a7c1a8,outputs\shuttle_capability\train_data\train\images\neg_train_00070.jpg,outputs\shuttle_capability\train_data\train\labels\neg_train_00070.txt,0,0
neg_train_00071,train,NEGATIVE,NEGATIVE,,True,0,,unknown,unknown,unknown,tbg_034.jpg,9b61566f459b58131a8997e45bf6c53c22e537245fe2253789d15036d8d044ba,outputs\shuttle_capability\train_data\train\images\neg_train_00071.jpg,outputs\shuttle_capability\train_data\train\labels\neg_train_00071.txt,0,0
neg_train_00072,train,NEGATIVE,NEGATIVE,,True,0,,unknown,unknown,unknown,tbg_036.jpg,313398a12a7e8b90b818b062bc77dea4c5f8f1c12d0c5040ec3076e09b7bca24,outputs\shuttle_capability\train_data\train\images\neg_train_00072.jpg,outputs\shuttle_capability\train_data\train\labels\neg_train_00072.txt,0,0
neg_train_00073,train,NEGATIVE,NEGATIVE,,True,0,,unknown,unknown,unknown,tbg_036.jpg,979cbab93f96ae832189e7b4bf9efc7c0fbfac0bc7bd78f90b32be0ca6e112e0,outputs\shuttle_capability\train_data\train\images\neg_train_00073.jpg,outputs\shuttle_capability\train_data\train\labels\neg_train_00073.txt,0,0
neg_train_00074,train,NEGATIVE,NEGATIVE,,True,0,,unknown,unknown,unknown,tbg_036.jpg,27d61c4bd9827807be603d39aa218433234cdd6d763c0588d3562afb14a5971c,outputs\shuttle_capability\train_data\train\images\neg_train_00074.jpg,outputs\shuttle_capability\train_data\train\labels\neg_train_00074.txt,0,0
neg_train_00075,train,NEGATIVE,NEGATIVE,,True,0,,unknown,unknown,unknown,tbg_036.jpg,f1a9580991b27af967beb91c0b60b0af043a6b3a2993a2d4ddc955969ea65fea,outputs\shuttle_capability\train_data\train\images\neg_train_00075.jpg,outputs\shuttle_capability\train_data\train\labels\neg_train_00075.txt,0,0
neg_train_00076,train,NEGATIVE,NEGATIVE,,True,0,,unknown,unknown,unknown,tbg_037.jpg,4e14441f06a6620bc3ef703e6d5b27813da8ea98e053aac092534d5b5dda1ef5,outputs\shuttle_capability\train_data\train\images\neg_train_00076.jpg,outputs\shuttle_capability\train_data\train\labels\neg_train_00076.txt,0,0
neg_train_00077,train,NEGATIVE,NEGATIVE,,True,0,,unknown,unknown,unknown,tbg_037.jpg,b664abe328e64621a92a6c945718c9eb8c537807b5bc0bf2af7d634faeac26bf,outputs\shuttle_capability\train_data\train\images\neg_train_00077.jpg,outputs\shuttle_capability\train_data\train\labels\neg_train_00077.txt,0,0
neg_train_00078,train,NEGATIVE,NEGATIVE,,True,0,,unknown,unknown,unknown,tbg_037.jpg,2179d90d75c683a3b6f226a49225329804a49e1bc8fc30cc9b357bd025c90b0d,outputs\shuttle_capability\train_data\train\images\neg_train_00078.jpg,outputs\shuttle_capability\train_data\train\labels\neg_train_00078.txt,0,0
neg_train_00079,train,NEGATIVE,NEGATIVE,,True,0,,unknown,unknown,unknown,tbg_037.jpg,99d50f3ca1ab6f26663afe2ed50eb0dc4ba3a2b66086152be38142266deac0dc,outputs\shuttle_capability\train_data\train\images\neg_train_00079.jpg,outputs\shuttle_capability\train_data\train\labels\neg_train_00079.txt,0,0
neg_train_00080,train,NEGATIVE,NEGATIVE,,True,0,,unknown,unknown,unknown,tbg_038.jpg,39f54238ebd9144665b8e21e4648b2908c9c8992cb93653c3ae6ebae4faa0218,outputs\shuttle_capability\train_data\train\images\neg_train_00080.jpg,outputs\shuttle_capability\train_data\train\labels\neg_train_00080.txt,0,0
neg_train_00081,train,NEGATIVE,NEGATIVE,,True,0,,unknown,unknown,unknown,tbg_038.jpg,8b490850a4da8e66f85213299627cb6e3864a82d1e821eabe381c5d450dd4a47,outputs\shuttle_capability\train_data\train\images\neg_train_00081.jpg,outputs\shuttle_capability\train_data\train\labels\neg_train_00081.txt,0,0
neg_train_00082,train,NEGATIVE,NEGATIVE,,True,0,,unknown,unknown,unknown,tbg_038.jpg,cfd21c3f05f2ebf079386700ad97b1035e8d84d3a3fad54a7608e4ffd3ad7032,outputs\shuttle_capability\train_data\train\images\neg_train_00082.jpg,outputs\shuttle_capability\train_data\train\labels\neg_train_00082.txt,0,0
neg_train_00083,train,NEGATIVE,NEGATIVE,,True,0,,unknown,unknown,unknown,tbg_038.jpg,3e508a1fd448ddbd87f004d16fd875f97b34dfedd987a0c91fed3c97c0b63507,outputs\shuttle_capability\train_data\train\images\neg_train_00083.jpg,outputs\shuttle_capability\train_data\train\labels\neg_train_00083.txt,0,0
neg_train_00084,train,NEGATIVE,NEGATIVE,,True,0,,unknown,unknown,unknown,tbg_039.jpg,84222362e78c1c759f1f4a02ff98e1e738859685fe463a85868ce5ccaf39a701,outputs\shuttle_capability\train_data\train\images\neg_train_00084.jpg,outputs\shuttle_capability\train_data\train\labels\neg_train_00084.txt,0,0
neg_train_00085,train,NEGATIVE,NEGATIVE,,True,0,,unknown,unknown,unknown,tbg_039.jpg,c0caf80478de294002c359d35e46585656f4065f1665997dd96415602564907f,outputs\shuttle_capability\train_data\train\images\neg_train_00085.jpg,outputs\shuttle_capability\train_data\train\labels\neg_train_00085.txt,0,0
neg_train_00086,train,NEGATIVE,NEGATIVE,,True,0,,unknown,unknown,unknown,tbg_039.jpg,9433a915e158f43e815fba4441ffd367ba3bc57442e00948ae3dae5fbc36ad03,outputs\shuttle_capability\train_data\train\images\neg_train_00086.jpg,outputs\shuttle_capability\train_data\train\labels\neg_train_00086.txt,0,0
neg_train_00087,train,NEGATIVE,NEGATIVE,,True,0,,unknown,unknown,unknown,tbg_039.jpg,189ea2ac4da66d12c8bde66cb212d2cb0d88abfd2e6997b9a98d1d126a03f7f0,outputs\shuttle_capability\train_data\train\images\neg_train_00087.jpg,outputs\shuttle_capability\train_data\train\labels\neg_train_00087.txt,0,0
neg_train_00088,train,NEGATIVE,NEGATIVE,,True,0,,unknown,unknown,unknown,tbg_041.jpg,db0ee415cfc6659486d7e7a36c43805fc75f7f4ba38e7f87ad4858629f0c3db5,outputs\shuttle_capability\train_data\train\images\neg_train_00088.jpg,outputs\shuttle_capability\train_data\train\labels\neg_train_00088.txt,0,0
neg_train_00089,train,NEGATIVE,NEGATIVE,,True,0,,unknown,unknown,unknown,tbg_041.jpg,82cbbd36d84bbe8482abc3fa3738fe47a37095038dac88f6fad541e0cf67923b,outputs\shuttle_capability\train_data\train\images\neg_train_00089.jpg,outputs\shuttle_capability\train_data\train\labels\neg_train_00089.txt,0,0
neg_train_00090,train,NEGATIVE,NEGATIVE,,True,0,,unknown,unknown,unknown,tbg_041.jpg,1be79871cbcdc7450e42bf7a1be9b43c0cc451f8ab8c9cc08e2d089f6cd41b1a,outputs\shuttle_capability\train_data\train\images\neg_train_00090.jpg,outputs\shuttle_capability\train_data\train\labels\neg_train_00090.txt,0,0
neg_train_00091,train,NEGATIVE,NEGATIVE,,True,0,,unknown,unknown,unknown,tbg_041.jpg,533d0254675278f2d5fa0e594e5d344eb25f339be01827431e7904303c434468,outputs\shuttle_capability\train_data\train\images\neg_train_00091.jpg,outputs\shuttle_capability\train_data\train\labels\neg_train_00091.txt,0,0
neg_train_00092,train,NEGATIVE,NEGATIVE,,True,0,,unknown,unknown,unknown,tbg_042.jpg,c9259fc88fde5edfc3d4ab4fa7e98fde8ebb405c94e918f9fafdbe84eb77b28b,outputs\shuttle_capability\train_data\train\images\neg_train_00092.jpg,outputs\shuttle_capability\train_data\train\labels\neg_train_00092.txt,0,0
neg_train_00093,train,NEGATIVE,NEGATIVE,,True,0,,unknown,unknown,unknown,tbg_042.jpg,f21e65706f9bae9e0b316cf2b89f30688015de9040209d89f1758565a5390a20,outputs\shuttle_capability\train_data\train\images\neg_train_00093.jpg,outputs\shuttle_capability\train_data\train\labels\neg_train_00093.txt,0,0
neg_train_00094,train,NEGATIVE,NEGATIVE,,True,0,,unknown,unknown,unknown,tbg_042.jpg,4d1d804c594296e846be79a075fc43fa1385e9492133ab1b0702fcc3e50da814,outputs\shuttle_capability\train_data\train\images\neg_train_00094.jpg,outputs\shuttle_capability\train_data\train\labels\neg_train_00094.txt,0,0
neg_train_00095,train,NEGATIVE,NEGATIVE,,True,0,,unknown,unknown,unknown,tbg_042.jpg,6d37364d02e420f6c60e7735aca3c2054206a22dfd682f84b9521e14211c2eca,outputs\shuttle_capability\train_data\train\images\neg_train_00095.jpg,outputs\shuttle_capability\train_data\train\labels\neg_train_00095.txt,0,0
neg_train_00096,train,NEGATIVE,NEGATIVE,,True,0,,unknown,unknown,unknown,tbg_046.jpg,3967c34f6219350b6e6e17779961f29ec10fcfd227cfa58d852c13fe01be1efb,outputs\shuttle_capability\train_data\train\images\neg_train_00096.jpg,outputs\shuttle_capability\train_data\train\labels\neg_train_00096.txt,0,0
neg_train_00097,train,NEGATIVE,NEGATIVE,,True,0,,unknown,unknown,unknown,tbg_046.jpg,9ec0a3301b6d1cf2444a53f0255645addc3a80883857ed14a94b238fa16ab713,outputs\shuttle_capability\train_data\train\images\neg_train_00097.jpg,outputs\shuttle_capability\train_data\train\labels\neg_train_00097.txt,0,0
neg_train_00098,train,NEGATIVE,NEGATIVE,,True,0,,unknown,unknown,unknown,tbg_046.jpg,c24d647c2fe45cb2cd5453d11c04a5cff6921dac8feb9a00e1f2104603f2498f,outputs\shuttle_capability\train_data\train\images\neg_train_00098.jpg,outputs\shuttle_capability\train_data\train\labels\neg_train_00098.txt,0,0
neg_train_00099,train,NEGATIVE,NEGATIVE,,True,0,,unknown,unknown,unknown,tbg_046.jpg,191991b6583fef358fadb70857765c7eee6de7fa64e290aba36c6a4c23d086da,outputs\shuttle_capability\train_data\train\images\neg_train_00099.jpg,outputs\shuttle_capability\train_data\train\labels\neg_train_00099.txt,0,0
nf_train_00000,train,SYNTHETIC_HIFI_3D,SYNTHETIC_3D,,False,1,173.704,>=32px,slight,steep,tbg_008.jpg,a86c73f837f3bd0db7ef63e9ae07199ad485bd3cfc14ba2142a3efc21e522203,outputs\shuttle_capability\train_data\train\images\nf_train_00000.jpg,outputs\shuttle_capability\train_data\train\labels\nf_train_00000.txt,0,0
nf_train_00001,train,SYNTHETIC_HIFI_3D,SYNTHETIC_3D,,False,1,125.06,>=32px,sharp,steep,tbg_009.jpg,58ebcf15085c08b55a38edce2bb15c0e20abf41b4ba2f912a38b75d1c0c3115e,outputs\shuttle_capability\train_data\train\images\nf_train_00001.jpg,outputs\shuttle_capability\train_data\train\labels\nf_train_00001.txt,0,0
nf_train_00002,train,SYNTHETIC_HIFI_3D,SYNTHETIC_3D,,False,1,56.569,>=32px,slight,steep,tbg_012.jpg,05aa58233cd1ebb31d6f9bcafdd37aebc9f82e755ddbb30ae9a78685bf4dc69d,outputs\shuttle_capability\train_data\train\images\nf_train_00002.jpg,outputs\shuttle_capability\train_data\train\labels\nf_train_00002.txt,0,0
nf_train_00003,train,SYNTHETIC_HIFI_3D,SYNTHETIC_3D,,False,1,147.641,>=32px,slight,steep,tbg_013.jpg,3ee1899cdf2537ae3e7bd702cc5f4095846e9fc61b048d25b96c459a31e7b757,outputs\shuttle_capability\train_data\train\images\nf_train_00003.jpg,outputs\shuttle_capability\train_data\train\labels\nf_train_00003.txt,0,0
nf_train_00004,train,SYNTHETIC_HIFI_3D,SYNTHETIC_3D,,False,1,65.238,>=32px,slight,steep,tbg_014.jpg,92749c6b9f9703b8cbf2633d4deea47a4a04f945d68eac91c44c04d5a3c68ccb,outputs\shuttle_capability\train_data\train\images\nf_train_00004.jpg,outputs\shuttle_capability\train_data\train\labels\nf_train_00004.txt,0,0
nf_train_00005,train,SYNTHETIC_HIFI_3D,SYNTHETIC_3D,,False,1,135.056,>=32px,slight,steep,tbg_016.jpg,d4c8764c2b7358282bfe51b422ecd3a0c3dc8504bb53f16dde664ad461e08c30,outputs\shuttle_capability\train_data\train\images\nf_train_00005.jpg,outputs\shuttle_capability\train_data\train\labels\nf_train_00005.txt,0,0
nf_train_00006,train,SYNTHETIC_HIFI_3D,SYNTHETIC_3D,,False,1,91.559,>=32px,sharp,steep,tbg_019.jpg,834d931600a4e6462843b6a90e7e8fb841d2dbccb890c5bb4a4abf030903da9d,outputs\shuttle_capability\train_data\train\images\nf_train_00006.jpg,outputs\shuttle_capability\train_data\train\labels\nf_train_00006.txt,0,0
nf_train_00007,train,SYNTHETIC_HIFI_3D,SYNTHETIC_3D,,False,1,220.472,>=32px,sharp,steep,tbg_021.jpg,63850b8e48bab8abca35fb10c0057b6714f25b2efc8ddf0fe41bc8865640fc02,outputs\shuttle_capability\train_data\train\images\nf_train_00007.jpg,outputs\shuttle_capability\train_data\train\labels\nf_train_00007.txt,0,0
nf_train_00008,train,SYNTHETIC_HIFI_3D,SYNTHETIC_3D,,False,1,160.997,>=32px,slight,steep,tbg_022.jpg,8950fcf14cd7880f09f3fdd4f9dacb1fb953d539fe76dd0955913237ea4c770b,outputs\shuttle_capability\train_data\train\images\nf_train_00008.jpg,outputs\shuttle_capability\train_data\train\labels\nf_train_00008.txt,0,0
nf_train_00009,train,SYNTHETIC_HIFI_3D,SYNTHETIC_3D,,False,1,69.742,>=32px,sharp,steep,tbg_023.jpg,e40f6ecf6b0454127f7849b8eb317aba6a1f717131caddc2340271c66b2de20f,outputs\shuttle_capability\train_data\train\images\nf_train_00009.jpg,outputs\shuttle_capability\train_data\train\labels\nf_train_00009.txt,0,0
nf_train_00010,train,SYNTHETIC_HIFI_3D,SYNTHETIC_3D,,False,1,49.071,>=32px,sharp,steep,tbg_024.jpg,9524990c38553505852233867d15d51be1c0e0f17b9da70ffb7141dccc12a861,outputs\shuttle_capability\train_data\train\images\nf_train_00010.jpg,outputs\shuttle_capability\train_data\train\labels\nf_train_00010.txt,0,0
nf_train_00011,train,SYNTHETIC_HIFI_3D,SYNTHETIC_3D,,False,1,186.829,>=32px,slight,steep,tbg_026.jpg,5e1a69e9e137188db4ad1d35a30b5034f5d850d851c5d697eb14cda7e63436f6,outputs\shuttle_capability\train_data\train\images\nf_train_00011.jpg,outputs\shuttle_capability\train_data\train\labels\nf_train_00011.txt,0,0
nf_train_00012,train,SYNTHETIC_HIFI_3D,SYNTHETIC_3D,,False,1,97.488,>=32px,slight,steep,tbg_027.jpg,aeb5e09b2a9e4306d95f7ae0a2ba6551941c6d5660f1a5fa2cfc5d21d07ef83b,outputs\shuttle_capability\train_data\train\images\nf_train_00012.jpg,outputs\shuttle_capability\train_data\train\labels\nf_train_00012.txt,0,0
nf_train_00013,train,SYNTHETIC_HIFI_3D,SYNTHETIC_3D,,False,1,242.213,>=32px,slight,steep,tbg_028.jpg,64ba37d7b208ff5dae553915b0382dee5ba831c048b898b07e2a884bcaa53a14,outputs\shuttle_capability\train_data\train\images\nf_train_00013.jpg,outputs\shuttle_capability\train_data\train\labels\nf_train_00013.txt,0,0
nf_train_00014,train,SYNTHETIC_HIFI_3D,SYNTHETIC_3D,,False,1,251.44,>=32px,sharp,tilted,tbg_029.jpg,fddbe5be20e4ffb5d6ae4b2fe35c1402c1d96875e71c38b9d24bc321b3c252aa,outputs\shuttle_capability\train_data\train\images\nf_train_00014.jpg,outputs\shuttle_capability\train_data\train\labels\nf_train_00014.txt,0,0
nf_train_00015,train,SYNTHETIC_HIFI_3D,SYNTHETIC_3D,,False,1,67.639,>=32px,sharp,steep,tbg_032.jpg,225fbe018d115f03db63f3f1fe0e92e9c3c205020ae2187e94d90d37a8057c4b,outputs\shuttle_capability\train_data\train\images\nf_train_00015.jpg,outputs\shuttle_capability\train_data\train\labels\nf_train_00015.txt,0,0
nf_train_00016,train,SYNTHETIC_HIFI_3D,SYNTHETIC_3D,,False,1,101.961,>=32px,slight,steep,tbg_033.jpg,d3efb729b0f913b9e4e7943dc3672bd1ac41e6fe2710b911cddc623753d7f4c1,outputs\shuttle_capability\train_data\train\images\nf_train_00016.jpg,outputs\shuttle_capability\train_data\train\labels\nf_train_00016.txt,0,0
nf_train_00017,train,SYNTHETIC_HIFI_3D,SYNTHETIC_3D,,False,1,108.665,>=32px,slight,steep,tbg_034.jpg,da273f0c810cd6668d0990d7161a82fe077504991aa39ad0ebe36380877f94c9,outputs\shuttle_capability\train_data\train\images\nf_train_00017.jpg,outputs\shuttle_capability\train_data\train\labels\nf_train_00017.txt,0,0
nf_train_00018,train,SYNTHETIC_HIFI_3D,SYNTHETIC_3D,,False,1,139.241,>=32px,slight,steep,tbg_036.jpg,39a59f382df68bbfe1d2e8b7c71462df5c8fc77f465f293e578d470e2988cc0c,outputs\shuttle_capability\train_data\train\images\nf_train_00018.jpg,outputs\shuttle_capability\train_data\train\labels\nf_train_00018.txt,0,0
nf_train_00019,train,SYNTHETIC_HIFI_3D,SYNTHETIC_3D,,False,1,47.286,>=32px,slight,steep,tbg_037.jpg,2a69e7ff53255e53f9824cad14e6f320eec2216534a6f21138d2ab62c546edb8,outputs\shuttle_capability\train_data\train\images\nf_train_00019.jpg,outputs\shuttle_capability\train_data\train\labels\nf_train_00019.txt,0,0
nf_train_00020,train,SYNTHETIC_HIFI_3D,SYNTHETIC_3D,,False,1,43.359,>=32px,heavy,steep,tbg_038.jpg,7b4ad179f89d0bfd8db55b0ed962d33ab976cf79401345ddf0e50605d611c744,outputs\shuttle_capability\train_data\train\images\nf_train_00020.jpg,outputs\shuttle_capability\train_data\train\labels\nf_train_00020.txt,0,0
nf_train_00021,train,SYNTHETIC_HIFI_3D,SYNTHETIC_3D,,False,1,54.259,>=32px,slight,steep,tbg_039.jpg,ed940c97ec29418196a8ca24c08515a456d6d3ce814bf509382ee6e1ada12137,outputs\shuttle_capability\train_data\train\images\nf_train_00021.jpg,outputs\shuttle_capability\train_data\train\labels\nf_train_00021.txt,0,0
nf_train_00022,train,SYNTHETIC_HIFI_3D,SYNTHETIC_3D,,False,1,83.785,>=32px,slight,tilted,tbg_041.jpg,6d5b3e94aca22805d97ea570fd74eb567b53b18cf9f37079cbf36c33d5a63578,outputs\shuttle_capability\train_data\train\images\nf_train_00022.jpg,outputs\shuttle_capability\train_data\train\labels\nf_train_00022.txt,0,0
nf_train_00023,train,SYNTHETIC_HIFI_3D,SYNTHETIC_3D,,False,1,106.649,>=32px,moderate,steep,tbg_042.jpg,92d193f74dac1b79d5f6b53d3806ab828feb668d91cad2f6c823a0bc98ba09e3,outputs\shuttle_capability\train_data\train\images\nf_train_00023.jpg,outputs\shuttle_capability\train_data\train\labels\nf_train_00023.txt,0,0
nf_train_00024,train,SYNTHETIC_HIFI_3D,SYNTHETIC_3D,,False,1,91.652,>=32px,heavy,steep,tbg_046.jpg,d2e37fdf219319aee19bb625d331faa03e339c8b1cbedae707a7347cf7d20d52,outputs\shuttle_capability\train_data\train\images\nf_train_00024.jpg,outputs\shuttle_capability\train_data\train\labels\nf_train_00024.txt,0,0
nf_train_00025,train,SYNTHETIC_HIFI_3D,SYNTHETIC_3D,,False,1,55.561,>=32px,sharp,steep,tbg_008.jpg,7de90a595a6d1331a274629d9038c7d84e6ff321f0853c4a0e844efaec20319a,outputs\shuttle_capability\train_data\train\images\nf_train_00025.jpg,outputs\shuttle_capability\train_data\train\labels\nf_train_00025.txt,0,0
nf_train_00026,train,SYNTHETIC_HIFI_3D,SYNTHETIC_3D,,False,1,198.431,>=32px,heavy,steep,tbg_009.jpg,1f1a1e154fc05b82cd707f6b1c8a733c1600c5f3560f52ca4ab67d6de3ab7c03,outputs\shuttle_capability\train_data\train\images\nf_train_00026.jpg,outputs\shuttle_capability\train_data\train\labels\nf_train_00026.txt,0,0
nf_train_00027,train,SYNTHETIC_HIFI_3D,SYNTHETIC_3D,,False,1,283.937,>=32px,slight,steep,tbg_012.jpg,b7d11d84aa998a9f8a9d1af7528edd54079896ea7dd247bb9e236696f0f5a215,outputs\shuttle_capability\train_data\train\images\nf_train_00027.jpg,outputs\shuttle_capability\train_data\train\labels\nf_train_00027.txt,0,0
nf_train_00028,train,SYNTHETIC_HIFI_3D,SYNTHETIC_3D,,False,1,194.082,>=32px,sharp,steep,tbg_013.jpg,6b0bcb8c94ef82b571cac3e62f5d6a01e45c73b2efc0255f8eedcaaed8c5f399,outputs\shuttle_capability\train_data\train\images\nf_train_00028.jpg,outputs\shuttle_capability\train_data\train\labels\nf_train_00028.txt,0,0
nf_train_00029,train,SYNTHETIC_HIFI_3D,SYNTHETIC_3D,,False,1,138.708,>=32px,heavy,steep,tbg_014.jpg,68e2784270224b332a15a89db6fb0d92267370eea33c818a5e3f8013d2d9392c,outputs\shuttle_capability\train_data\train\images\nf_train_00029.jpg,outputs\shuttle_capability\train_data\train\labels\nf_train_00029.txt,0,0
nf_train_00030,train,SYNTHETIC_HIFI_3D,SYNTHETIC_3D,,False,1,255.333,>=32px,heavy,steep,tbg_016.jpg,9678da29020c03e1ea7859e4b7a00ffd74fb9b53ff02a4ed1a7073534c3260a1,outputs\shuttle_capability\train_data\train\images\nf_train_00030.jpg,outputs\shuttle_capability\train_data\train\labels\nf_train_00030.txt,0,0
nf_train_00031,train,SYNTHETIC_HIFI_3D,SYNTHETIC_3D,,False,1,142.871,>=32px,heavy,steep,tbg_019.jpg,ea05b1e2d5f9eb19a3ff1e128de376f692b158a9e3f50d8a5f858126e719863b,outputs\shuttle_capability\train_data\train\images\nf_train_00031.jpg,outputs\shuttle_capability\train_data\train\labels\nf_train_00031.txt,0,0
nf_train_00032,train,SYNTHETIC_HIFI_3D,SYNTHETIC_3D,,False,1,82.958,>=32px,sharp,steep,tbg_021.jpg,30e462592f57c46ec83acfdbce7c53fca071e48737aee1a099ce5660c319f563,outputs\shuttle_capability\train_data\train\images\nf_train_00032.jpg,outputs\shuttle_capability\train_data\train\labels\nf_train_00032.txt,0,0
nf_train_00033,train,SYNTHETIC_HIFI_3D,SYNTHETIC_3D,,False,1,162.954,>=32px,slight,steep,tbg_022.jpg,bc5d206bdd1ec65d645e6b5fa4d982b8bd836c7a65586c37ba175fca17c87966,outputs\shuttle_capability\train_data\train\images\nf_train_00033.jpg,outputs\shuttle_capability\train_data\train\labels\nf_train_00033.txt,0,0
nf_train_00034,train,SYNTHETIC_HIFI_3D,SYNTHETIC_3D,,False,1,72.443,>=32px,heavy,steep,tbg_023.jpg,fbc08539c1a2d2e580153719508627b9cca6ed018d1100ff64664d3239dd6863,outputs\shuttle_capability\train_data\train\images\nf_train_00034.jpg,outputs\shuttle_capability\train_data\train\labels\nf_train_00034.txt,0,0
nf_train_00035,train,SYNTHETIC_HIFI_3D,SYNTHETIC_3D,,False,1,194.268,>=32px,slight,tilted,tbg_024.jpg,dc26f9508bd7892d8ebd5f88e288744bcb65cb06ae036a0f5c6f079b74c8151f,outputs\shuttle_capability\train_data\train\images\nf_train_00035.jpg,outputs\shuttle_capability\train_data\train\labels\nf_train_00035.txt,0,0
nf_train_00036,train,SYNTHETIC_HIFI_3D,SYNTHETIC_3D,,False,1,104.766,>=32px,moderate,tilted,tbg_026.jpg,8d19540b7997858117ff0ca707d073a942792cb8ad84cb915b7044dcfdab792a,outputs\shuttle_capability\train_data\train\images\nf_train_00036.jpg,outputs\shuttle_capability\train_data\train\labels\nf_train_00036.txt,0,0
nf_train_00037,train,SYNTHETIC_HIFI_3D,SYNTHETIC_3D,,False,1,95.551,>=32px,moderate,steep,tbg_027.jpg,280f80c108df6597cfdfda09cb7e9b4627ee31fe59e891bb944b13d9b90a0b3f,outputs\shuttle_capability\train_data\train\images\nf_train_00037.jpg,outputs\shuttle_capability\train_data\train\labels\nf_train_00037.txt,0,0
nf_train_00038,train,SYNTHETIC_HIFI_3D,SYNTHETIC_3D,,False,1,45.475,>=32px,moderate,tilted,tbg_028.jpg,0842cf0d4e99d1ddb34727410939c02e10cde8029e0ae8b6a9814d72c12b8875,outputs\shuttle_capability\train_data\train\images\nf_train_00038.jpg,outputs\shuttle_capability\train_data\train\labels\nf_train_00038.txt,0,0
nf_train_00039,train,SYNTHETIC_HIFI_3D,SYNTHETIC_3D,,False,1,75.22,>=32px,slight,steep,tbg_029.jpg,fa651339289a4279c29f31b7fccdca9c281fa4924a12624204b2db4679445b82,outputs\shuttle_capability\train_data\train\images\nf_train_00039.jpg,outputs\shuttle_capability\train_data\train\labels\nf_train_00039.txt,0,0
nf_train_00040,train,SYNTHETIC_HIFI_3D,SYNTHETIC_3D,,False,1,206.049,>=32px,slight,steep,tbg_032.jpg,d892827a20b046f3ed7ba8c68ddfb3080599b8013eb8300ca52e07550621f093,outputs\shuttle_capability\train_data\train\images\nf_train_00040.jpg,outputs\shuttle_capability\train_data\train\labels\nf_train_00040.txt,0,0
nf_train_00041,train,SYNTHETIC_HIFI_3D,SYNTHETIC_3D,,False,1,49.508,>=32px,moderate,steep,tbg_033.jpg,e3976857822ad2d2cec0aae2af921171445239a440857683cb27cc6248d9b2b2,outputs\shuttle_capability\train_data\train\images\nf_train_00041.jpg,outputs\shuttle_capability\train_data\train\labels\nf_train_00041.txt,0,0
nf_train_00042,train,SYNTHETIC_HIFI_3D,SYNTHETIC_3D,,False,1,39.547,>=32px,sharp,steep,tbg_034.jpg,8f2983143ada34765bada56aa1c44600967ade7d4ee2e78bd97148e98425fffd,outputs\shuttle_capability\train_data\train\images\nf_train_00042.jpg,outputs\shuttle_capability\train_data\train\labels\nf_train_00042.txt,0,0
nf_train_00043,train,SYNTHETIC_HIFI_3D,SYNTHETIC_3D,,False,1,53.981,>=32px,heavy,steep,tbg_036.jpg,2facd269ebbac5a961ff0a38bfaca13fa1fdce51d780f547370c473a413a39d7,outputs\shuttle_capability\train_data\train\images\nf_train_00043.jpg,outputs\shuttle_capability\train_data\train\labels\nf_train_00043.txt,0,0
nf_train_00044,train,SYNTHETIC_HIFI_3D,SYNTHETIC_3D,,False,1,42.261,>=32px,sharp,steep,tbg_037.jpg,039a59768448a6faa4f6bbe972bb7fa7bfedd16d31697b45366a9a416fd598f2,outputs\shuttle_capability\train_data\train\images\nf_train_00044.jpg,outputs\shuttle_capability\train_data\train\labels\nf_train_00044.txt,0,0
nf_train_00045,train,SYNTHETIC_HIFI_3D,SYNTHETIC_3D,,False,1,94.573,>=32px,sharp,steep,tbg_038.jpg,5aeca4f514c28c4877b214b571fbc966a2d42292555d334e79a1bc408d7b1080,outputs\shuttle_capability\train_data\train\images\nf_train_00045.jpg,outputs\shuttle_capability\train_data\train\labels\nf_train_00045.txt,0,0
nf_train_00046,train,SYNTHETIC_HIFI_3D,SYNTHETIC_3D,,False,1,50.517,>=32px,sharp,steep,tbg_039.jpg,c4b2b12133bc75e3cc8200aa128375dd69ae1f223bdef28a8a51a2c6ac8c52b4,outputs\shuttle_capability\train_data\train\images\nf_train_00046.jpg,outputs\shuttle_capability\train_data\train\labels\nf_train_00046.txt,0,0
nf_train_00047,train,SYNTHETIC_HIFI_3D,SYNTHETIC_3D,,False,1,129.985,>=32px,sharp,steep,tbg_041.jpg,2c7790d64f6a660ee0b429de259d8b7e83b8d2afaef38c1ba4e9aab66785b7a3,outputs\shuttle_capability\train_data\train\images\nf_train_00047.jpg,outputs\shuttle_capability\train_data\train\labels\nf_train_00047.txt,0,0
nf_train_00048,train,SYNTHETIC_HIFI_3D,SYNTHETIC_3D,,False,1,189.283,>=32px,slight,steep,tbg_042.jpg,31c5bf84b4ed2118918eaee97b11c083a77fa22f7c4208045c9760b37989196a,outputs\shuttle_capability\train_data\train\images\nf_train_00048.jpg,outputs\shuttle_capability\train_data\train\labels\nf_train_00048.txt,0,0
nf_train_00049,train,SYNTHETIC_HIFI_3D,SYNTHETIC_3D,,False,1,49.94,>=32px,heavy,steep,tbg_046.jpg,1dcfc8d446eb33faed2a46bacbed6f5ad6e6fa012a4a25b6c90b46ee31c3688e,outputs\shuttle_capability\train_data\train\images\nf_train_00049.jpg,outputs\shuttle_capability\train_data\train\labels\nf_train_00049.txt,0,0
nf_train_00050,train,SYNTHETIC_HIFI_3D,SYNTHETIC_3D,,False,1,66.332,>=32px,slight,steep,tbg_008.jpg,d4037bd36df1c02cf5effa5cfd14ffb48c71e2da17ed423ae71e14b278e043d3,outputs\shuttle_capability\train_data\train\images\nf_train_00050.jpg,outputs\shuttle_capability\train_data\train\labels\nf_train_00050.txt,0,0
nf_train_00051,train,SYNTHETIC_HIFI_3D,SYNTHETIC_3D,,False,1,56.48,>=32px,sharp,steep,tbg_009.jpg,49fee593b4e1ed85954eb4249561934d9ac698706d71377d7330586fbdcdb6c6,outputs\shuttle_capability\train_data\train\images\nf_train_00051.jpg,outputs\shuttle_capability\train_data\train\labels\nf_train_00051.txt,0,0
nf_train_00052,train,SYNTHETIC_HIFI_3D,SYNTHETIC_3D,,False,1,113.367,>=32px,slight,tilted,tbg_012.jpg,a823cbd05a9bd56f22628f7cfce2dd15bb290f86bb055ec795a791fc8668baab,outputs\shuttle_capability\train_data\train\images\nf_train_00052.jpg,outputs\shuttle_capability\train_data\train\labels\nf_train_00052.txt,0,0
nf_train_00053,train,SYNTHETIC_HIFI_3D,SYNTHETIC_3D,,False,1,156.211,>=32px,sharp,tilted,tbg_013.jpg,b14eb8b4cde15b81732cb62ce957b3a514708c60e8f02382b685e83ea5a720e7,outputs\shuttle_capability\train_data\train\images\nf_train_00053.jpg,outputs\shuttle_capability\train_data\train\labels\nf_train_00053.txt,0,0
nf_train_00054,train,SYNTHETIC_HIFI_3D,SYNTHETIC_3D,,False,1,99.8,>=32px,moderate,steep,tbg_014.jpg,182fb0f2d54553bfd5ff91a8aa74eb750b73ad3f924b3d9de235da4aa325dd83,outputs\shuttle_capability\train_data\train\images\nf_train_00054.jpg,outputs\shuttle_capability\train_data\train\labels\nf_train_00054.txt,0,0
nf_train_00055,train,SYNTHETIC_HIFI_3D,SYNTHETIC_3D,,False,1,167.979,>=32px,heavy,steep,tbg_016.jpg,fcabfa8bb73c324315ddbf0c5fe98dfed257c72c8d8f4232ceef6c6ef2835a98,outputs\shuttle_capability\train_data\train\images\nf_train_00055.jpg,outputs\shuttle_capability\train_data\train\labels\nf_train_00055.txt,0,0
nf_train_00056,train,SYNTHETIC_HIFI_3D,SYNTHETIC_3D,,False,1,283.91,>=32px,moderate,steep,tbg_019.jpg,aa3d68b89a166ee807054b0eaf8137b25bae4946c3bdc64b5124f2166b2dd1d9,outputs\shuttle_capability\train_data\train\images\nf_train_00056.jpg,outputs\shuttle_capability\train_data\train\labels\nf_train_00056.txt,0,0
nf_train_00057,train,SYNTHETIC_HIFI_3D,SYNTHETIC_3D,,False,1,238.321,>=32px,slight,tilted,tbg_021.jpg,517d067146cbe050e244f36d488df6427a59d8c9fbc801fd4bc98d019ab5656f,outputs\shuttle_capability\train_data\train\images\nf_train_00057.jpg,outputs\shuttle_capability\train_data\train\labels\nf_train_00057.txt,0,0
nf_train_00058,train,SYNTHETIC_HIFI_3D,SYNTHETIC_3D,,False,1,66.731,>=32px,slight,steep,tbg_022.jpg,fe5de349de2e9c982ae56a6c45437545fb3e59d4aaf8f6e9a4687965b4500497,outputs\shuttle_capability\train_data\train\images\nf_train_00058.jpg,outputs\shuttle_capability\train_data\train\labels\nf_train_00058.txt,0,0
nf_train_00059,train,SYNTHETIC_HIFI_3D,SYNTHETIC_3D,,False,1,80.901,>=32px,slight,steep,tbg_023.jpg,c4e5a280a595df9333058aaf9c677ef08bb41fbbe099bac38c081bb1b0934aff,outputs\shuttle_capability\train_data\train\images\nf_train_00059.jpg,outputs\shuttle_capability\train_data\train\labels\nf_train_00059.txt,0,0
nf_train_00060,train,SYNTHETIC_HIFI_3D,SYNTHETIC_3D,,False,1,43.589,>=32px,moderate,steep,tbg_024.jpg,a1aa7fbaa0915ed0f5d9d5c53ec942b745aa8536c9c888e2dfb894b4ade08b65,outputs\shuttle_capability\train_data\train\images\nf_train_00060.jpg,outputs\shuttle_capability\train_data\train\labels\nf_train_00060.txt,0,0
nf_train_00061,train,SYNTHETIC_HIFI_3D,SYNTHETIC_3D,,False,1,45.033,>=32px,heavy,steep,tbg_026.jpg,16de5957c68da8c499da720784065a140738a9fa82e5b928a56cbc0c094bf6d2,outputs\shuttle_capability\train_data\train\images\nf_train_00061.jpg,outputs\shuttle_capability\train_data\train\labels\nf_train_00061.txt,0,0
nf_train_00062,train,SYNTHETIC_HIFI_3D,SYNTHETIC_3D,,False,1,168.819,>=32px,sharp,steep,tbg_027.jpg,f828e6945ef94a5a66d714c1975a8e4c0bb9106fde5a0111355a70d7b23d8130,outputs\shuttle_capability\train_data\train\images\nf_train_00062.jpg,outputs\shuttle_capability\train_data\train\labels\nf_train_00062.txt,0,0
nf_train_00063,train,SYNTHETIC_HIFI_3D,SYNTHETIC_3D,,False,1,128.004,>=32px,slight,steep,tbg_028.jpg,f2c66c69799929b1bbfebc00dae17ae6b1f76f9d7b91060c9052e74a77b46dd0,outputs\shuttle_capability\train_data\train\images\nf_train_00063.jpg,outputs\shuttle_capability\train_data\train\labels\nf_train_00063.txt,0,0
nf_train_00064,train,SYNTHETIC_HIFI_3D,SYNTHETIC_3D,,False,1,128.452,>=32px,heavy,steep,tbg_029.jpg,20c0dda485cbdf06fcd32c7677aa2bfbd572c20ceefe0e5785d77f940241f882,outputs\shuttle_capability\train_data\train\images\nf_train_00064.jpg,outputs\shuttle_capability\train_data\train\labels\nf_train_00064.txt,0,0
nf_train_00065,train,SYNTHETIC_HIFI_3D,SYNTHETIC_3D,,False,1,53.991,>=32px,heavy,steep,tbg_032.jpg,cafa0bae74d884a2f915e5fdea456ae0804d7939e5190139d774f2ed79d5f19c,outputs\shuttle_capability\train_data\train\images\nf_train_00065.jpg,outputs\shuttle_capability\train_data\train\labels\nf_train_00065.txt,0,0
nf_train_00066,train,SYNTHETIC_HIFI_3D,SYNTHETIC_3D,,False,1,54.0,>=32px,sharp,steep,tbg_033.jpg,4a8b31cc794a3fb2aac6786f0620a0202790038cc20eb37170caa2bcf37751cc,outputs\shuttle_capability\train_data\train\images\nf_train_00066.jpg,outputs\shuttle_capability\train_data\train\labels\nf_train_00066.txt,0,0
nf_train_00067,train,SYNTHETIC_HIFI_3D,SYNTHETIC_3D,,False,1,280.824,>=32px,slight,steep,tbg_034.jpg,d926e0b9c944696106ae16954aebc2c8c100e6f01b42c4b88940c0b8d6c636af,outputs\shuttle_capability\train_data\train\images\nf_train_00067.jpg,outputs\shuttle_capability\train_data\train\labels\nf_train_00067.txt,0,0
nf_train_00068,train,SYNTHETIC_HIFI_3D,SYNTHETIC_3D,,False,1,224.499,>=32px,heavy,steep,tbg_036.jpg,d63ae8de3d7c29534a4e362b440e38b67b251cf3c8ed1690aa657a76fe9a9e55,outputs\shuttle_capability\train_data\train\images\nf_train_00068.jpg,outputs\shuttle_capability\train_data\train\labels\nf_train_00068.txt,0,0
nf_train_00069,train,SYNTHETIC_HIFI_3D,SYNTHETIC_3D,,False,1,129.399,>=32px,slight,steep,tbg_037.jpg,99928d60f657b3ec03309cb9ce6643fde79494be1c5f81eb7ed23ef94b2491d9,outputs\shuttle_capability\train_data\train\images\nf_train_00069.jpg,outputs\shuttle_capability\train_data\train\labels\nf_train_00069.txt,0,0
nf_train_00070,train,SYNTHETIC_HIFI_3D,SYNTHETIC_3D,,False,1,101.321,>=32px,sharp,steep,tbg_038.jpg,877a2e65412c2254306decda1ae85d516c380a5d3a9918971f97b58e4fa5ddc8,outputs\shuttle_capability\train_data\train\images\nf_train_00070.jpg,outputs\shuttle_capability\train_data\train\labels\nf_train_00070.txt,0,0
nf_train_00071,train,SYNTHETIC_HIFI_3D,SYNTHETIC_3D,,False,1,209.256,>=32px,slight,steep,tbg_039.jpg,e9aae88ef36c6e5c6aa031722d041e4bed99a1c76820e5994788e2c4e68b3a99,outputs\shuttle_capability\train_data\train\images\nf_train_00071.jpg,outputs\shuttle_capability\train_data\train\labels\nf_train_00071.txt,0,0
nf_train_00072,train,SYNTHETIC_HIFI_3D,SYNTHETIC_3D,,False,1,222.297,>=32px,heavy,steep,tbg_041.jpg,8742635a6f921a7696c8253e4ce5c9e395ae9f875976362d89aa0f0667e50084,outputs\shuttle_capability\train_data\train\images\nf_train_00072.jpg,outputs\shuttle_capability\train_data\train\labels\nf_train_00072.txt,0,0
nf_train_00073,train,SYNTHETIC_HIFI_3D,SYNTHETIC_3D,,False,1,103.441,>=32px,slight,tilted,tbg_042.jpg,e8085c91c7ac6adfbeb4bf02f833ea7351b9e9ea1b72d1d763c086d94b506b6c,outputs\shuttle_capability\train_data\train\images\nf_train_00073.jpg,outputs\shuttle_capability\train_data\train\labels\nf_train_00073.txt,0,0
nf_train_00074,train,SYNTHETIC_HIFI_3D,SYNTHETIC_3D,,False,1,99.277,>=32px,moderate,steep,tbg_046.jpg,6a2930146711dc4dfb701d3d3e4644ce119a0bced07a8d4836153a77cedf0aac,outputs\shuttle_capability\train_data\train\images\nf_train_00074.jpg,outputs\shuttle_capability\train_data\train\labels\nf_train_00074.txt,0,0
nf_train_00075,train,SYNTHETIC_HIFI_3D,SYNTHETIC_3D,,False,1,111.839,>=32px,sharp,steep,tbg_008.jpg,61322b44a0cb03bf8e15a559c9e03056184366d20c991c6dd6a30906310dcd53,outputs\shuttle_capability\train_data\train\images\nf_train_00075.jpg,outputs\shuttle_capability\train_data\train\labels\nf_train_00075.txt,0,0
nf_train_00076,train,SYNTHETIC_HIFI_3D,SYNTHETIC_3D,,False,1,73.0,>=32px,moderate,tilted,tbg_009.jpg,b3ef757740c3add5bbbc177731774998d8a26493be909400145c6918945c6cd5,outputs\shuttle_capability\train_data\train\images\nf_train_00076.jpg,outputs\shuttle_capability\train_data\train\labels\nf_train_00076.txt,0,0
nf_train_00077,train,SYNTHETIC_HIFI_3D,SYNTHETIC_3D,,False,1,206.913,>=32px,heavy,tilted,tbg_012.jpg,27b5addc8b48610118df5a74a30808a90e31958437c9af183eeeedb9a2ec6d6a,outputs\shuttle_capability\train_data\train\images\nf_train_00077.jpg,outputs\shuttle_capability\train_data\train\labels\nf_train_00077.txt,0,0
nf_train_00078,train,SYNTHETIC_HIFI_3D,SYNTHETIC_3D,,False,1,54.479,>=32px,sharp,steep,tbg_013.jpg,49c64aaa11ad18c5edb4953feea1d007fd807d2a6030ec59547a9757ef1026d4,outputs\shuttle_capability\train_data\train\images\nf_train_00078.jpg,outputs\shuttle_capability\train_data\train\labels\nf_train_00078.txt,0,0
nf_train_00079,train,SYNTHETIC_HIFI_3D,SYNTHETIC_3D,,False,1,50.438,>=32px,slight,steep,tbg_014.jpg,3152290bf4a0512441966ac9512d8b702ed55683edb2bc87981b0c53ea241647,outputs\shuttle_capability\train_data\train\images\nf_train_00079.jpg,outputs\shuttle_capability\train_data\train\labels\nf_train_00079.txt,0,0
nf_train_00080,train,SYNTHETIC_HIFI_3D,SYNTHETIC_3D,,False,1,149.93,>=32px,sharp,tilted,tbg_016.jpg,665ed35acb855dcc9b5304492c11e1fc6d114e74a32bad6a668b0d454b48fdce,outputs\shuttle_capability\train_data\train\images\nf_train_00080.jpg,outputs\shuttle_capability\train_data\train\labels\nf_train_00080.txt,0,0
nf_train_00081,train,SYNTHETIC_HIFI_3D,SYNTHETIC_3D,,False,1,106.301,>=32px,sharp,steep,tbg_019.jpg,5dcf012f4cc2fd3fc8b8949f48a007e0225ad135e604ed1ba18546c44c2f47d5,outputs\shuttle_capability\train_data\train\images\nf_train_00081.jpg,outputs\shuttle_capability\train_data\train\labels\nf_train_00081.txt,0,0
nf_train_00082,train,SYNTHETIC_HIFI_3D,SYNTHETIC_3D,,False,1,118.499,>=32px,slight,tilted,tbg_021.jpg,cc931e7ec859360344fac6daa555ad9dfef56cf6584a2ddd598b71d1a543cd64,outputs\shuttle_capability\train_data\train\images\nf_train_00082.jpg,outputs\shuttle_capability\train_data\train\labels\nf_train_00082.txt,0,0
nf_train_00083,train,SYNTHETIC_HIFI_3D,SYNTHETIC_3D,,False,1,62.338,>=32px,moderate,steep,tbg_022.jpg,68e6580c34f23c7637140ac37efdf26ad8d86b1eec35cfa56da94292500b5704,outputs\shuttle_capability\train_data\train\images\nf_train_00083.jpg,outputs\shuttle_capability\train_data\train\labels\nf_train_00083.txt,0,0
nf_train_00084,train,SYNTHETIC_HIFI_3D,SYNTHETIC_3D,,False,1,217.642,>=32px,heavy,steep,tbg_023.jpg,ea423353c6e5df2b7b5f2356471b0ae725f1b3e6c586a687f7766e2b2956dc45,outputs\shuttle_capability\train_data\train\images\nf_train_00084.jpg,outputs\shuttle_capability\train_data\train\labels\nf_train_00084.txt,0,0
nf_train_00085,train,SYNTHETIC_HIFI_3D,SYNTHETIC_3D,,False,1,57.131,>=32px,sharp,steep,tbg_024.jpg,6d6eff310b5f8488d3cd404457eede18bf0351338a4b81b26011de6b8d5aaf6b,outputs\shuttle_capability\train_data\train\images\nf_train_00085.jpg,outputs\shuttle_capability\train_data\train\labels\nf_train_00085.txt,0,0
nf_train_00086,train,SYNTHETIC_HIFI_3D,SYNTHETIC_3D,,False,1,198.394,>=32px,moderate,steep,tbg_026.jpg,02fcc97986709828f935ae36294c58220c39ec634c8163e51d7e79bf435dc27f,outputs\shuttle_capability\train_data\train\images\nf_train_00086.jpg,outputs\shuttle_capability\train_data\train\labels\nf_train_00086.txt,0,0
nf_train_00087,train,SYNTHETIC_HIFI_3D,SYNTHETIC_3D,,False,1,59.025,>=32px,sharp,steep,tbg_027.jpg,015d804488a8ae8cd39cff9f385374eeadcedf15f10ba695381e0a876269c4ac,outputs\shuttle_capability\train_data\train\images\nf_train_00087.jpg,outputs\shuttle_capability\train_data\train\labels\nf_train_00087.txt,0,0
nf_train_00088,train,SYNTHETIC_HIFI_3D,SYNTHETIC_3D,,False,1,184.572,>=32px,slight,steep,tbg_028.jpg,8ad3e389545fc738d1553674f6d8edbe1f4a45ea5ed3ff5411d79a422961edd3,outputs\shuttle_capability\train_data\train\images\nf_train_00088.jpg,outputs\shuttle_capability\train_data\train\labels\nf_train_00088.txt,0,0
nf_train_00089,train,SYNTHETIC_HIFI_3D,SYNTHETIC_3D,,False,1,41.833,>=32px,slight,steep,tbg_029.jpg,3e6dd24a4e3bba1af033af87fe5e6ee9f9eb3fea2ece0694cb63220f654d8bcc,outputs\shuttle_capability\train_data\train\images\nf_train_00089.jpg,outputs\shuttle_capability\train_data\train\labels\nf_train_00089.txt,0,0
nf_train_00090,train,SYNTHETIC_HIFI_3D,SYNTHETIC_3D,,False,1,58.241,>=32px,slight,steep,tbg_032.jpg,945f8588617fef2323fa78ae35be2210fd30db5f18600010318322c50d7e2a5f,outputs\shuttle_capability\train_data\train\images\nf_train_00090.jpg,outputs\shuttle_capability\train_data\train\labels\nf_train_00090.txt,0,0
nf_train_00091,train,SYNTHETIC_HIFI_3D,SYNTHETIC_3D,,False,1,135.1,>=32px,sharp,tilted,tbg_033.jpg,01ef14603ea597079121f2ed39c7668a6585f3d41da6b6540df548b436e50d3b,outputs\shuttle_capability\train_data\train\images\nf_train_00091.jpg,outputs\shuttle_capability\train_data\train\labels\nf_train_00091.txt,0,0
nf_train_00092,train,SYNTHETIC_HIFI_3D,SYNTHETIC_3D,,False,1,124.378,>=32px,sharp,steep,tbg_034.jpg,159562fae8b977051a824aedb32112a6e59f71040c94e589af01212c4ab4db8c,outputs\shuttle_capability\train_data\train\images\nf_train_00092.jpg,outputs\shuttle_capability\train_data\train\labels\nf_train_00092.txt,0,0
nf_train_00093,train,SYNTHETIC_HIFI_3D,SYNTHETIC_3D,,False,1,49.78,>=32px,moderate,steep,tbg_036.jpg,4a54275ef51fc5d94a35d3e8cb9de9b5c64f63435eb774aebab1cf8f9a5008de,outputs\shuttle_capability\train_data\train\images\nf_train_00093.jpg,outputs\shuttle_capability\train_data\train\labels\nf_train_00093.txt,0,0
nf_train_00094,train,SYNTHETIC_HIFI_3D,SYNTHETIC_3D,,False,1,47.958,>=32px,heavy,steep,tbg_037.jpg,7be3073f4f2e057d17ef2aed0a633f218cd0aa5075141d61e2b76aa7d9864243,outputs\shuttle_capability\train_data\train\images\nf_train_00094.jpg,outputs\shuttle_capability\train_data\train\labels\nf_train_00094.txt,0,0
nf_train_00095,train,SYNTHETIC_HIFI_3D,SYNTHETIC_3D,,False,1,50.951,>=32px,sharp,steep,tbg_038.jpg,633502111ca319b322e73880cbe1f6993a1b7c81716a65b483ae9652f9c21643,outputs\shuttle_capability\train_data\train\images\nf_train_00095.jpg,outputs\shuttle_capability\train_data\train\labels\nf_train_00095.txt,0,0
nf_train_00096,train,SYNTHETIC_HIFI_3D,SYNTHETIC_3D,,False,1,43.012,>=32px,sharp,tilted,tbg_039.jpg,6f2124c075a75424a72f55f2befb5f80d65690d721c148d37e7caf9a1f1e2af4,outputs\shuttle_capability\train_data\train\images\nf_train_00096.jpg,outputs\shuttle_capability\train_data\train\labels\nf_train_00096.txt,0,0
nf_train_00097,train,SYNTHETIC_HIFI_3D,SYNTHETIC_3D,,False,1,225.36,>=32px,heavy,steep,tbg_041.jpg,5081c90bc9ebfbf9751d40482afbcbe70e6d4ad2443ed9357640c9dfd5bd4bc7,outputs\shuttle_capability\train_data\train\images\nf_train_00097.jpg,outputs\shuttle_capability\train_data\train\labels\nf_train_00097.txt,0,0
nf_train_00098,train,SYNTHETIC_HIFI_3D,SYNTHETIC_3D,,False,1,145.616,>=32px,moderate,tilted,tbg_042.jpg,60cd4ca0a070715c0d5c851422f2fd6fa4a64ed0e35462bbfbb67036b8bf6622,outputs\shuttle_capability\train_data\train\images\nf_train_00098.jpg,outputs\shuttle_capability\train_data\train\labels\nf_train_00098.txt,0,0
nf_train_00099,train,SYNTHETIC_HIFI_3D,SYNTHETIC_3D,,False,1,168.487,>=32px,heavy,steep,tbg_046.jpg,1bc673633f483e10863a51f255440f5d57d5780f3477af504f425660346456e2,outputs\shuttle_capability\train_data\train\images\nf_train_00099.jpg,outputs\shuttle_capability\train_data\train\labels\nf_train_00099.txt,0,0
nf2_train_00000,train,SYNTHETIC_HIFI_3D,SYNTHETIC_3D,,False,1,430.215,>=32px,slight,steep,tbg_008.jpg,157451353f086bf9da27fb89bce795666d4da0d9aea7ed3c808d09ef3946f109,outputs\shuttle_capability\train_data\train\images\nf2_train_00000.jpg,outputs\shuttle_capability\train_data\train\labels\nf2_train_00000.txt,0,0
nf2_train_00001,train,SYNTHETIC_HIFI_3D,SYNTHETIC_3D,,False,1,503.736,>=32px,sharp,steep,tbg_009.jpg,915cd9036541b6be7d12d5f81f8b5626a96323422669c65930e94a41f7fed7b5,outputs\shuttle_capability\train_data\train\images\nf2_train_00001.jpg,outputs\shuttle_capability\train_data\train\labels\nf2_train_00001.txt,0,0
nf2_train_00002,train,SYNTHETIC_HIFI_3D,SYNTHETIC_3D,,False,1,588.173,>=32px,sharp,steep,tbg_012.jpg,086799f5a4eaf65b982981ef53359715cbe88ca368c9f7fa700759c4de3fd1f0,outputs\shuttle_capability\train_data\train\images\nf2_train_00002.jpg,outputs\shuttle_capability\train_data\train\labels\nf2_train_00002.txt,0,0
nf2_train_00003,train,SYNTHETIC_HIFI_3D,SYNTHETIC_3D,,False,1,505.859,>=32px,sharp,steep,tbg_013.jpg,ecc7b06d10a222367e5df94fd97a0a2eb886edc4ba6f7aeb0dabee4fb3e81b8b,outputs\shuttle_capability\train_data\train\images\nf2_train_00003.jpg,outputs\shuttle_capability\train_data\train\labels\nf2_train_00003.txt,0,0
nf2_train_00004,train,SYNTHETIC_HIFI_3D,SYNTHETIC_3D,,False,1,436.211,>=32px,moderate,steep,tbg_014.jpg,0bb2eb2268053dfa057dfb1c8819d037d97441e87e4faee6ddbf6883a261aaa4,outputs\shuttle_capability\train_data\train\images\nf2_train_00004.jpg,outputs\shuttle_capability\train_data\train\labels\nf2_train_00004.txt,0,0
nf2_train_00005,train,SYNTHETIC_HIFI_3D,SYNTHETIC_3D,,False,1,656.721,>=32px,heavy,steep,tbg_016.jpg,227ebfc3a5c324bd97420664e75edf1218b179aa71d8073db8204b2903dfb98e,outputs\shuttle_capability\train_data\train\images\nf2_train_00005.jpg,outputs\shuttle_capability\train_data\train\labels\nf2_train_00005.txt,0,0
nf2_train_00006,train,SYNTHETIC_HIFI_3D,SYNTHETIC_3D,,False,1,441.398,>=32px,moderate,tilted,tbg_019.jpg,d323f04e3b2ba55a77248976d4cef4f222fe5ab00406b1643f7944172671fc97,outputs\shuttle_capability\train_data\train\images\nf2_train_00006.jpg,outputs\shuttle_capability\train_data\train\labels\nf2_train_00006.txt,0,0
nf2_train_00007,train,SYNTHETIC_HIFI_3D,SYNTHETIC_3D,,False,1,578.463,>=32px,slight,steep,tbg_021.jpg,b8de58d94cc230403d7921dc00166ad84ec78f15ed9e388cdd249c505605c76b,outputs\shuttle_capability\train_data\train\images\nf2_train_00007.jpg,outputs\shuttle_capability\train_data\train\labels\nf2_train_00007.txt,0,0
nf2_train_00008,train,SYNTHETIC_HIFI_3D,SYNTHETIC_3D,,False,1,584.915,>=32px,heavy,steep,tbg_022.jpg,9576e39a67a0afc1112955a895b34942b82b9a6c5c42d00c98793344f517c7a5,outputs\shuttle_capability\train_data\train\images\nf2_train_00008.jpg,outputs\shuttle_capability\train_data\train\labels\nf2_train_00008.txt,0,0
nf2_train_00009,train,SYNTHETIC_HIFI_3D,SYNTHETIC_3D,,False,1,667.35,>=32px,moderate,steep,tbg_023.jpg,ae47debef026c301a690b55729f0cff6d735d50e6cbc3ca240c46290e3029b14,outputs\shuttle_capability\train_data\train\images\nf2_train_00009.jpg,outputs\shuttle_capability\train_data\train\labels\nf2_train_00009.txt,0,0
nf2_train_00010,train,SYNTHETIC_HIFI_3D,SYNTHETIC_3D,,False,1,454.999,>=32px,sharp,tilted,tbg_024.jpg,00fe01d7e60562189a8f327e916ebb1e2137dba28f3318c37607b5e739f0d95e,outputs\shuttle_capability\train_data\train\images\nf2_train_00010.jpg,outputs\shuttle_capability\train_data\train\labels\nf2_train_00010.txt,0,0
nf2_train_00011,train,SYNTHETIC_HIFI_3D,SYNTHETIC_3D,,False,1,514.415,>=32px,moderate,tilted,tbg_026.jpg,b8f3dab5c1635c3405d98e8e590aae218a0f9a57f7b73202073fa21d6a62aea5,outputs\shuttle_capability\train_data\train\images\nf2_train_00011.jpg,outputs\shuttle_capability\train_data\train\labels\nf2_train_00011.txt,0,0
nf2_train_00012,train,SYNTHETIC_HIFI_3D,SYNTHETIC_3D,,False,1,750.288,>=32px,slight,steep,tbg_027.jpg,c33893bb95aa5593c5c8e2c006237da8c54e4a81657d48001fecf4c9f2a2b07e,outputs\shuttle_capability\train_data\train\images\nf2_train_00012.jpg,outputs\shuttle_capability\train_data\train\labels\nf2_train_00012.txt,0,0
nf2_train_00013,train,SYNTHETIC_HIFI_3D,SYNTHETIC_3D,,False,1,674.142,>=32px,sharp,steep,tbg_028.jpg,591abdd670ea7e4721436961e7f9e809a4d70bf0aa4092069ca6f8e8dbd03239,outputs\shuttle_capability\train_data\train\images\nf2_train_00013.jpg,outputs\shuttle_capability\train_data\train\labels\nf2_train_00013.txt,0,0
nf2_train_00014,train,SYNTHETIC_HIFI_3D,SYNTHETIC_3D,,False,1,491.828,>=32px,sharp,steep,tbg_029.jpg,955a80fdb9c1520659e64c761c85ae79c7008f27ef5a59a052141989cbf4779a,outputs\shuttle_capability\train_data\train\images\nf2_train_00014.jpg,outputs\shuttle_capability\train_data\train\labels\nf2_train_00014.txt,0,0
nf2_train_00015,train,SYNTHETIC_HIFI_3D,SYNTHETIC_3D,,False,1,608.685,>=32px,moderate,steep,tbg_032.jpg,84df3d6a4fc8844f9d9e247058c51341fdec14e7aa6177b97b32227c28149cb4,outputs\shuttle_capability\train_data\train\images\nf2_train_00015.jpg,outputs\shuttle_capability\train_data\train\labels\nf2_train_00015.txt,0,0
nf2_train_00016,train,SYNTHETIC_HIFI_3D,SYNTHETIC_3D,,False,1,464.79,>=32px,slight,steep,tbg_033.jpg,4a58d77b3ccbc6e7412abfc387b7f468f3fdfa231baea9a5d904f761cf79a568,outputs\shuttle_capability\train_data\train\images\nf2_train_00016.jpg,outputs\shuttle_capability\train_data\train\labels\nf2_train_00016.txt,0,0
nf2_train_00017,train,SYNTHETIC_HIFI_3D,SYNTHETIC_3D,,False,1,599.413,>=32px,slight,steep,tbg_034.jpg,d2a349f776b17750e1d4787b044ad23cbdc6de3ae4e8ba02ba59d9aa122c3553,outputs\shuttle_capability\train_data\train\images\nf2_train_00017.jpg,outputs\shuttle_capability\train_data\train\labels\nf2_train_00017.txt,0,0
nf2_train_00018,train,SYNTHETIC_HIFI_3D,SYNTHETIC_3D,,False,1,603.985,>=32px,moderate,steep,tbg_036.jpg,d7992299b57a659c136f32e76b2bfd1a9e7bfd89639f6b2a70b7e41d28a56491,outputs\shuttle_capability\train_data\train\images\nf2_train_00018.jpg,outputs\shuttle_capability\train_data\train\labels\nf2_train_00018.txt,0,0
nf2_train_00019,train,SYNTHETIC_HIFI_3D,SYNTHETIC_3D,,False,1,448.312,>=32px,slight,steep,tbg_037.jpg,24b71c4a98b963014eb368425390bf74f013bbe6d7a133732e732d893d726772,outputs\shuttle_capability\train_data\train\images\nf2_train_00019.jpg,outputs\shuttle_capability\train_data\train\labels\nf2_train_00019.txt,0,0
nf2_train_00020,train,SYNTHETIC_HIFI_3D,SYNTHETIC_3D,,False,1,685.759,>=32px,slight,steep,tbg_038.jpg,dbb889e24a85416a49ea2763bfd9dff495390331ac1a374920dd23e80c52c69e,outputs\shuttle_capability\train_data\train\images\nf2_train_00020.jpg,outputs\shuttle_capability\train_data\train\labels\nf2_train_00020.txt,0,0
nf2_train_00021,train,SYNTHETIC_HIFI_3D,SYNTHETIC_3D,,False,1,562.877,>=32px,heavy,steep,tbg_039.jpg,6a5089299169f15639fe2ccd5d5c640482ed2069264258c8ccfaaa0618666713,outputs\shuttle_capability\train_data\train\images\nf2_train_00021.jpg,outputs\shuttle_capability\train_data\train\labels\nf2_train_00021.txt,0,0
nf2_train_00022,train,SYNTHETIC_HIFI_3D,SYNTHETIC_3D,,False,1,451.438,>=32px,sharp,steep,tbg_041.jpg,1fc85f94772e807cb673041a44746ac2c86b54de773c179844be8f70111d8434,outputs\shuttle_capability\train_data\train\images\nf2_train_00022.jpg,outputs\shuttle_capability\train_data\train\labels\nf2_train_00022.txt,0,0
nf2_train_00023,train,SYNTHETIC_HIFI_3D,SYNTHETIC_3D,,False,1,401.955,>=32px,sharp,steep,tbg_042.jpg,2e860024ddef59686ab4d9a8530a1ff272c86df5288da0827a35594c8c2d4269,outputs\shuttle_capability\train_data\train\images\nf2_train_00023.jpg,outputs\shuttle_capability\train_data\train\labels\nf2_train_00023.txt,0,0
nf2_train_00024,train,SYNTHETIC_HIFI_3D,SYNTHETIC_3D,,False,1,637.489,>=32px,slight,steep,tbg_046.jpg,e73fb3c0c73556a06b578cd668bd6e234b5c66c0b80f912a0ae17dcddf44f306,outputs\shuttle_capability\train_data\train\images\nf2_train_00024.jpg,outputs\shuttle_capability\train_data\train\labels\nf2_train_00024.txt,0,0
nf2_train_00025,train,SYNTHETIC_HIFI_3D,SYNTHETIC_3D,,False,1,425.329,>=32px,slight,steep,tbg_008.jpg,a806cc654c909e474bce4f3e47fae12df3ac3758532f1889b20391b9d1519998,outputs\shuttle_capability\train_data\train\images\nf2_train_00025.jpg,outputs\shuttle_capability\train_data\train\labels\nf2_train_00025.txt,0,0
nf2_train_00026,train,SYNTHETIC_HIFI_3D,SYNTHETIC_3D,,False,1,632.866,>=32px,slight,steep,tbg_009.jpg,0442b4117fd663e0a56f657de69d8e5a31cba41c843205bb01ac159b7f30411f,outputs\shuttle_capability\train_data\train\images\nf2_train_00026.jpg,outputs\shuttle_capability\train_data\train\labels\nf2_train_00026.txt,0,0
nf2_train_00027,train,SYNTHETIC_HIFI_3D,SYNTHETIC_3D,,False,1,613.351,>=32px,moderate,steep,tbg_012.jpg,83b9b88e6484aecf7471e0cca361feb14d07c098b02fd8faf4ed5656aa999902,outputs\shuttle_capability\train_data\train\images\nf2_train_00027.jpg,outputs\shuttle_capability\train_data\train\labels\nf2_train_00027.txt,0,0
nf2_train_00028,train,SYNTHETIC_HIFI_3D,SYNTHETIC_3D,,False,1,503.387,>=32px,sharp,steep,tbg_013.jpg,6ca675fa8d95f03688262c608f0496d7f6ca52df41ea0e23ef89054a909fd6e8,outputs\shuttle_capability\train_data\train\images\nf2_train_00028.jpg,outputs\shuttle_capability\train_data\train\labels\nf2_train_00028.txt,0,0
nf2_train_00029,train,SYNTHETIC_HIFI_3D,SYNTHETIC_3D,,False,1,610.303,>=32px,sharp,tilted,tbg_014.jpg,f44b70eccf19b934eb7e4098cab8a8951f5f3b66b01ea6704b904ce8394b72f3,outputs\shuttle_capability\train_data\train\images\nf2_train_00029.jpg,outputs\shuttle_capability\train_data\train\labels\nf2_train_00029.txt,0,0
nf2_train_00030,train,SYNTHETIC_HIFI_3D,SYNTHETIC_3D,,False,1,511.017,>=32px,slight,steep,tbg_016.jpg,c2e1b4f4f9935f99ecd815468d914603b2036cc3142d28bf28c2bc709200ad4c,outputs\shuttle_capability\train_data\train\images\nf2_train_00030.jpg,outputs\shuttle_capability\train_data\train\labels\nf2_train_00030.txt,0,0
nf2_train_00031,train,SYNTHETIC_HIFI_3D,SYNTHETIC_3D,,False,1,393.766,>=32px,slight,steep,tbg_019.jpg,e62b6fccfe6bd89480ba6ddfcb62f2bee73223d90aea15ea6ef9d40faabd0036,outputs\shuttle_capability\train_data\train\images\nf2_train_00031.jpg,outputs\shuttle_capability\train_data\train\labels\nf2_train_00031.txt,0,0
nf2_train_00032,train,SYNTHETIC_HIFI_3D,SYNTHETIC_3D,,False,1,462.167,>=32px,moderate,steep,tbg_021.jpg,33e6232c30cd1805ac8a30b5cdef0ba5310b995328404b38888a912d7d6d4beb,outputs\shuttle_capability\train_data\train\images\nf2_train_00032.jpg,outputs\shuttle_capability\train_data\train\labels\nf2_train_00032.txt,0,0
nf2_train_00033,train,SYNTHETIC_HIFI_3D,SYNTHETIC_3D,,False,1,494.045,>=32px,slight,steep,tbg_022.jpg,5235e91eee21745355c98836faf9ae4ccc4428d0ef159f01f9ec066b62015c0e,outputs\shuttle_capability\train_data\train\images\nf2_train_00033.jpg,outputs\shuttle_capability\train_data\train\labels\nf2_train_00033.txt,0,0
nf2_train_00034,train,SYNTHETIC_HIFI_3D,SYNTHETIC_3D,,False,1,739.147,>=32px,slight,steep,tbg_023.jpg,29fcdd0df15e3a21b1e568d83a2bddacfea0a1ec917bf7e324d7fc7281737427,outputs\shuttle_capability\train_data\train\images\nf2_train_00034.jpg,outputs\shuttle_capability\train_data\train\labels\nf2_train_00034.txt,0,0
nf2_train_00035,train,SYNTHETIC_HIFI_3D,SYNTHETIC_3D,,False,1,597.389,>=32px,moderate,steep,tbg_024.jpg,fe5fa13ec4d751d072aed50f5cc08ce5fd98e742fb247611bc072c556ecc2f96,outputs\shuttle_capability\train_data\train\images\nf2_train_00035.jpg,outputs\shuttle_capability\train_data\train\labels\nf2_train_00035.txt,0,0
nf2_train_00036,train,SYNTHETIC_HIFI_3D,SYNTHETIC_3D,,False,1,407.413,>=32px,sharp,steep,tbg_026.jpg,4999193fd7fdfacc9c032f67a9883c83f8b68ccb79820360749fef5877705392,outputs\shuttle_capability\train_data\train\images\nf2_train_00036.jpg,outputs\shuttle_capability\train_data\train\labels\nf2_train_00036.txt,0,0
nf2_train_00037,train,SYNTHETIC_HIFI_3D,SYNTHETIC_3D,,False,1,488.367,>=32px,heavy,steep,tbg_027.jpg,45f85305d05d73a371d1e4319dcc3a52e58747c0a614e415a2f614c57a55ecd9,outputs\shuttle_capability\train_data\train\images\nf2_train_00037.jpg,outputs\shuttle_capability\train_data\train\labels\nf2_train_00037.txt,0,0
nf2_train_00038,train,SYNTHETIC_HIFI_3D,SYNTHETIC_3D,,False,1,807.431,>=32px,heavy,steep,tbg_028.jpg,8ddd2b6d2be8487cf8a6bfc070ac2c188069dd8c4496ff9b7ddc0ada5ca4b419,outputs\shuttle_capability\train_data\train\images\nf2_train_00038.jpg,outputs\shuttle_capability\train_data\train\labels\nf2_train_00038.txt,0,0
nf2_train_00039,train,SYNTHETIC_HIFI_3D,SYNTHETIC_3D,,False,1,612.495,>=32px,sharp,steep,tbg_029.jpg,5f83207a9b593c4ca7f8923310649b1c68ee43db1c7897f6113e710b0fef15e9,outputs\shuttle_capability\train_data\train\images\nf2_train_00039.jpg,outputs\shuttle_capability\train_data\train\labels\nf2_train_00039.txt,0,0
hardneg_train_00001,train,NEGATIVE,NEGATIVE,,True,0,,unknown,unknown,unknown,hn_002.jpg,2899e1a2fdb350df50a8b79136403b9dd3e4ecc732424bf27bb0bfb4166c3068,outputs\shuttle_capability\train_data\train\images\hardneg_train_00001.jpg,outputs\shuttle_capability\train_data\train\labels\hardneg_train_00001.txt,0,0
hardneg_train_00002,train,NEGATIVE,NEGATIVE,,True,0,,unknown,unknown,unknown,hn_003.jpg,16db2765fbf99a438482f4d4b5528029ec7dcb2f8dfc126ff05d4946b0081089,outputs\shuttle_capability\train_data\train\images\hardneg_train_00002.jpg,outputs\shuttle_capability\train_data\train\labels\hardneg_train_00002.txt,0,0
hardneg_train_00003,train,NEGATIVE,NEGATIVE,,True,0,,unknown,unknown,unknown,hn_004.jpg,5658cfc49712cbb0d574ea1e4d20964c79f0b1440854d719d22a5debdb2df930,outputs\shuttle_capability\train_data\train\images\hardneg_train_00003.jpg,outputs\shuttle_capability\train_data\train\labels\hardneg_train_00003.txt,0,0
hardneg_train_00004,train,NEGATIVE,NEGATIVE,,True,0,,unknown,unknown,unknown,hn_005.jpg,0eba4a4eb5c431b79a696f8c9ef503c8a2a49b524359fb5454ed89af8dadd908,outputs\shuttle_capability\train_data\train\images\hardneg_train_00004.jpg,outputs\shuttle_capability\train_data\train\labels\hardneg_train_00004.txt,0,0
hardneg_train_00005,train,NEGATIVE,NEGATIVE,,True,0,,unknown,unknown,unknown,hn_006.jpg,5c7faf114efa52477fc3a12120372812212de9134f009c06d2139ece3dec2ce1,outputs\shuttle_capability\train_data\train\images\hardneg_train_00005.jpg,outputs\shuttle_capability\train_data\train\labels\hardneg_train_00005.txt,0,0
hardneg_train_00008,train,NEGATIVE,NEGATIVE,,True,0,,unknown,unknown,unknown,hn_009.jpg,589f40b991cb8088e8c5831bf7c074576cd1d6947fa3273a80c2067f4729a9f2,outputs\shuttle_capability\train_data\train\images\hardneg_train_00008.jpg,outputs\shuttle_capability\train_data\train\labels\hardneg_train_00008.txt,0,0
hardneg_train_00009,train,NEGATIVE,NEGATIVE,,True,0,,unknown,unknown,unknown,hn_010.jpg,f87cfac7d9f2d354a7da32c76c00bbf678a7927298dd33e4ed0efe0b591bc779,outputs\shuttle_capability\train_data\train\images\hardneg_train_00009.jpg,outputs\shuttle_capability\train_data\train\labels\hardneg_train_00009.txt,0,0
hardneg_train_00010,train,NEGATIVE,NEGATIVE,,True,0,,unknown,unknown,unknown,hn_011.jpg,573cce938d25ff0c45971837c40801e2bdc32995b9e557e5f90b84055adb7099,outputs\shuttle_capability\train_data\train\images\hardneg_train_00010.jpg,outputs\shuttle_capability\train_data\train\labels\hardneg_train_00010.txt,0,0
hardneg_train_00011,train,NEGATIVE,NEGATIVE,,True,0,,unknown,unknown,unknown,hn_012.jpg,d18a80fc87a2ad8c585730c7abebc310d804e76333f057d150a0eb924dafcaf3,outputs\shuttle_capability\train_data\train\images\hardneg_train_00011.jpg,outputs\shuttle_capability\train_data\train\labels\hardneg_train_00011.txt,0,0
hardneg_train_00012,train,NEGATIVE,NEGATIVE,,True,0,,unknown,unknown,unknown,hn_013.jpg,4459bbcf659ada8d6105d65fad2b18561510a33e861c1d8c7c897072c6516891,outputs\shuttle_capability\train_data\train\images\hardneg_train_00012.jpg,outputs\shuttle_capability\train_data\train\labels\hardneg_train_00012.txt,0,0
hardneg_train_00013,train,NEGATIVE,NEGATIVE,,True,0,,unknown,unknown,unknown,hn_014.jpg,6bca9c77d03529bae1f16b97415ce8f31b1c614d573d39abb7b6461cebc8ec1a,outputs\shuttle_capability\train_data\train\images\hardneg_train_00013.jpg,outputs\shuttle_capability\train_data\train\labels\hardneg_train_00013.txt,0,0
hardneg_train_00014,train,NEGATIVE,NEGATIVE,,True,0,,unknown,unknown,unknown,hn_015.jpg,94261db3b680a0b12e70ad46f4d0d1e736b6920fb2455690c9a76b9570f01ace,outputs\shuttle_capability\train_data\train\images\hardneg_train_00014.jpg,outputs\shuttle_capability\train_data\train\labels\hardneg_train_00014.txt,0,0
hardneg_train_00015,train,NEGATIVE,NEGATIVE,,True,0,,unknown,unknown,unknown,hn_016.jpg,9b0e0f5292caa4ebd419ffabb11186ae6e1ffdc6b96b46c7115f780247b2168d,outputs\shuttle_capability\train_data\train\images\hardneg_train_00015.jpg,outputs\shuttle_capability\train_data\train\labels\hardneg_train_00015.txt,0,0
hardneg_train_00016,train,NEGATIVE,NEGATIVE,,True,0,,unknown,unknown,unknown,hn_017.jpg,663975f89692d04434a10e09447172f02be81a2ccd236d655b3be438c6814d9a,outputs\shuttle_capability\train_data\train\images\hardneg_train_00016.jpg,outputs\shuttle_capability\train_data\train\labels\hardneg_train_00016.txt,0,0
hardneg_train_00017,train,NEGATIVE,NEGATIVE,,True,0,,unknown,unknown,unknown,hn_018.jpg,6c30030b94c062dc40e580cbb10025816222fcf14005103b9e6e07285ad5dadd,outputs\shuttle_capability\train_data\train\images\hardneg_train_00017.jpg,outputs\shuttle_capability\train_data\train\labels\hardneg_train_00017.txt,0,0
hardneg_train_00018,train,NEGATIVE,NEGATIVE,,True,0,,unknown,unknown,unknown,hn_019.jpg,9d42120a26b9c8b968143d27f57d089e8b1b1a4d1edca81410f3b17c991e0d27,outputs\shuttle_capability\train_data\train\images\hardneg_train_00018.jpg,outputs\shuttle_capability\train_data\train\labels\hardneg_train_00018.txt,0,0
hardneg_train_00019,train,NEGATIVE,NEGATIVE,,True,0,,unknown,unknown,unknown,hn_020.jpg,02e2632b3a18b26d9d97eacbee115b2ca6bee996044c47f515f78bc1553fad0b,outputs\shuttle_capability\train_data\train\images\hardneg_train_00019.jpg,outputs\shuttle_capability\train_data\train\labels\hardneg_train_00019.txt,0,0
hardneg_train_00020,train,NEGATIVE,NEGATIVE,,True,0,,unknown,unknown,unknown,hn_021.jpg,99b58eeef622d5221d4acdda8152b8c43bf185090d92e875c2853e337223fe03,outputs\shuttle_capability\train_data\train\images\hardneg_train_00020.jpg,outputs\shuttle_capability\train_data\train\labels\hardneg_train_00020.txt,0,0
hardneg_train_00021,train,NEGATIVE,NEGATIVE,,True,0,,unknown,unknown,unknown,hn_022.jpg,81c0d1f3b821f9ad06618833e316fbab3b68addbeaaae96df73acd67cd7bdd3b,outputs\shuttle_capability\train_data\train\images\hardneg_train_00021.jpg,outputs\shuttle_capability\train_data\train\labels\hardneg_train_00021.txt,0,0
hardneg_train_00022,train,NEGATIVE,NEGATIVE,,True,0,,unknown,unknown,unknown,hn_023.jpg,92ee36772da3813f5a168312793f7480c4de81dfc1336f0612d0ad55da36f76b,outputs\shuttle_capability\train_data\train\images\hardneg_train_00022.jpg,outputs\shuttle_capability\train_data\train\labels\hardneg_train_00022.txt,0,0
hardneg_train_00023,train,NEGATIVE,NEGATIVE,,True,0,,unknown,unknown,unknown,hn_024.jpg,95644393ed2e626acd98fc1dbd302a97c1baffde2414d4dea68a367f53d99bef,outputs\shuttle_capability\train_data\train\images\hardneg_train_00023.jpg,outputs\shuttle_capability\train_data\train\labels\hardneg_train_00023.txt,0,0
hardneg_train_00024,train,NEGATIVE,NEGATIVE,,True,0,,unknown,unknown,unknown,hn_025.jpg,4ea6eb96c5d9e1c5beae85c3e5638bec61163960f5ea5169d4a8931d81ae145c,outputs\shuttle_capability\train_data\train\images\hardneg_train_00024.jpg,outputs\shuttle_capability\train_data\train\labels\hardneg_train_00024.txt,0,0
hardneg_train_00025,train,NEGATIVE,NEGATIVE,,True,0,,unknown,unknown,unknown,hn_026.jpg,41d7a873a7ef63e7938ab4ab493f2d75bd9995a144bed90e10a2e26229b071dc,outputs\shuttle_capability\train_data\train\images\hardneg_train_00025.jpg,outputs\shuttle_capability\train_data\train\labels\hardneg_train_00025.txt,0,0
hardneg_train_00026,train,NEGATIVE,NEGATIVE,,True,0,,unknown,unknown,unknown,hn_027.jpg,50b8a50270f0fd636a9848b7c821f0f192363fafd4288b61830425dd010c9106,outputs\shuttle_capability\train_data\train\images\hardneg_train_00026.jpg,outputs\shuttle_capability\train_data\train\labels\hardneg_train_00026.txt,0,0
hardneg_train_00027,train,NEGATIVE,NEGATIVE,,True,0,,unknown,unknown,unknown,hn_028.jpg,b67bb1baa2baaf5abcfcdcc365d4b1c04661dfe015fc15f74dc03754a0d6a22d,outputs\shuttle_capability\train_data\train\images\hardneg_train_00027.jpg,outputs\shuttle_capability\train_data\train\labels\hardneg_train_00027.txt,0,0
hardneg_train_00028,train,NEGATIVE,NEGATIVE,,True,0,,unknown,unknown,unknown,hn_029.jpg,b628c1ebae3ff7869e5006968b127fc3ab39c0375f607e0345e5bdccf0bf322f,outputs\shuttle_capability\train_data\train\images\hardneg_train_00028.jpg,outputs\shuttle_capability\train_data\train\labels\hardneg_train_00028.txt,0,0
hardneg_train_00029,train,NEGATIVE,NEGATIVE,,True,0,,unknown,unknown,unknown,hn_030.jpg,1e73e5bc56a7715b6be0b2215529f870f965f3793a3f4fa7cdd3b002609c7f8e,outputs\shuttle_capability\train_data\train\images\hardneg_train_00029.jpg,outputs\shuttle_capability\train_data\train\labels\hardneg_train_00029.txt,0,0
hardneg_train_00030,train,NEGATIVE,NEGATIVE,,True,0,,unknown,unknown,unknown,hn_031.jpg,00ba9be0eb0b814fa519d99964e8bce5f3348577bed781b98e9ff1094543ec29,outputs\shuttle_capability\train_data\train\images\hardneg_train_00030.jpg,outputs\shuttle_capability\train_data\train\labels\hardneg_train_00030.txt,0,0
hardneg_train_00031,train,NEGATIVE,NEGATIVE,,True,0,,unknown,unknown,unknown,hn_032.jpg,0d36dfe1679179904593f15eac62adf117b8cfe5dee145d6eeae2d3e73b860a0,outputs\shuttle_capability\train_data\train\images\hardneg_train_00031.jpg,outputs\shuttle_capability\train_data\train\labels\hardneg_train_00031.txt,0,0
hardneg_train_00032,train,NEGATIVE,NEGATIVE,,True,0,,unknown,unknown,unknown,hn_033.jpg,b33f07da89003aa79f826210a722713c0a148a11cd4874db182e5113b369c429,outputs\shuttle_capability\train_data\train\images\hardneg_train_00032.jpg,outputs\shuttle_capability\train_data\train\labels\hardneg_train_00032.txt,0,0
hardneg_train_00033,train,NEGATIVE,NEGATIVE,,True,0,,unknown,unknown,unknown,hn_034.jpg,2a1036b9139dc707c888b0a9824b6fa777faa31d1871bed7ffd7f4bffaacc1d1,outputs\shuttle_capability\train_data\train\images\hardneg_train_00033.jpg,outputs\shuttle_capability\train_data\train\labels\hardneg_train_00033.txt,0,0
hardneg_train_00034,train,NEGATIVE,NEGATIVE,,True,0,,unknown,unknown,unknown,hn_035.jpg,f08cc13f6afffac1b0b49f61774496b14795c44ac330e3e41ee2435127a345b0,outputs\shuttle_capability\train_data\train\images\hardneg_train_00034.jpg,outputs\shuttle_capability\train_data\train\labels\hardneg_train_00034.txt,0,0
hardneg_train_00035,train,NEGATIVE,NEGATIVE,,True,0,,unknown,unknown,unknown,hn_036.jpg,0213a750d02af0bc8b66afb918014df6a6d38d07eb1630174120223f67004320,outputs\shuttle_capability\train_data\train\images\hardneg_train_00035.jpg,outputs\shuttle_capability\train_data\train\labels\hardneg_train_00035.txt,0,0
