file,split,source_type,background,target_px,equiv_size_px,distance_m,bbox_w_px,bbox_h_px,pos_x_px,pos_y_px,coverage_sum,solid_px,yaw_deg,pitch_deg,roll_deg,light_azimuth_deg,shadow_gain,motion_px,motion_angle_deg,noise_sigma,noise_seed,imgsz,supersample,is_negative
train_00000.jpg,train,SYNTHETIC_HIFI_3D,tbg_008.jpg,10.69757064716275,10.954,5.1858,12,10,617,510,52.444,50,85.19,33.94,5.09,277.77,0.22114269670031367,7.0,58.753769988598854,4.0840539375136995,1761766265,960,3,False
train_00001.jpg,train,SYNTHETIC_HIFI_3D,tbg_009.jpg,13.572336619155294,13.0,4.8185,13,13,218,783,64.889,64,49.21,-149.54,44.65,318.57,0.15806445347213577,0.0,48.94985005133252,3.216693947286597,53222948,960,3,False
train_00002.jpg,train,SYNTHETIC_HIFI_3D,tbg_012.jpg,10.61685800278398,10.392,5.2252,12,9,529,446,53.333,54,114.57,-168.58,-19.71,291.58,0.036863546776258416,7.0,91.29693950811885,4.726440032647131,428834216,960,3,False
train_00003.jpg,train,SYNTHETIC_HIFI_3D,tbg_013.jpg,4.691000854642663,4.472,13.3107,4,5,402,728,8.222,9,34.19,-105.9,87.17,182.73,0.0766826991999358,0.0,20.518137594127776,3.2889857658428694,488879726,960,3,False
train_00004.jpg,train,SYNTHETIC_HIFI_3D,tbg_014.jpg,14.152658844929796,14.0,3.4593,14,14,159,413,114.778,115,154.87,-158.62,-104.67,207.81,0.12975183386206546,0.0,47.980505749074794,3.268514314446312,815178345,960,3,False
train_00005.jpg,train,SYNTHETIC_HIFI_3D,tbg_016.jpg,11.250492028022016,10.817,5.1858,9,13,517,152,58.333,61,0.09,-49.55,-61.82,299.85,0.02957680076458619,0.0,127.86061713845118,2.6502163361405846,309197006,960,3,False
train_00006.jpg,train,SYNTHETIC_HIFI_3D,tbg_019.jpg,6.880889694571419,6.928,8.0622,6,8,328,289,25.222,26,26.99,-114.86,-130.99,117.47,0.33106459565164453,2.0,66.39219923948393,1.9514797257448935,1859183594,960,3,False
train_00007.jpg,train,SYNTHETIC_HIFI_3D,tbg_021.jpg,12.034573465487927,12.0,4.9794,12,12,182,448,55.556,55,-102.81,122.71,-81.12,125.93,0.2455799961963715,0.0,39.5030063111591,1.0934986552499515,1075437015,960,3,False
train_00008.jpg,train,SYNTHETIC_HIFI_3D,tbg_022.jpg,10.799618132781307,10.488,4.6386,10,11,412,526,62.0,64,7.24,-150.77,-178.7,124.93,0.3294196957405239,4.0,42.37108928687358,2.5124480192940664,1942971661,960,3,False
train_00009.jpg,train,SYNTHETIC_HIFI_3D,tbg_023.jpg,10.425876341263521,9.95,5.3209,9,11,605,481,54.111,55,-178.73,48.25,-103.48,201.2,0.03258468157043523,0.0,57.951206020593695,1.1141877154531246,1365884126,960,3,False
train_00010.jpg,train,SYNTHETIC_HIFI_3D,tbg_024.jpg,9.128813208066646,8.944,6.6235,10,8,270,112,37.222,39,-82.91,-15.9,-83.07,357.43,0.14532684480382027,7.0,165.56743258498688,2.1614343784554313,1349487043,960,3,False
train_00011.jpg,train,SYNTHETIC_HIFI_3D,tbg_026.jpg,11.829318524704089,12.0,4.1579,12,12,275,144,80.444,80,-0.62,43.54,135.58,121.18,0.24441118613349824,7.0,37.8627845262534,4.818660344708369,2052090860,960,3,False
train_00012.jpg,train,SYNTHETIC_HIFI_3D,tbg_027.jpg,6.227640529365161,6.481,8.9079,6,7,145,242,19.667,20,121.53,-99.17,-3.71,51.01,0.268496378936095,1.0,90.49394033869382,1.741763481911577,1403491245,960,3,False
train_00013.jpg,train,SYNTHETIC_HIFI_3D,tbg_028.jpg,8.295967914555872,7.937,7.2545,9,7,381,202,30.556,32,115.76,-160.59,42.06,339.87,0.3203975921687553,7.0,44.899697805505,4.4036510373383875,1026828776,960,3,False
train_00014.jpg,train,SYNTHETIC_HIFI_3D,tbg_029.jpg,7.072152726162906,6.928,8.0483,8,6,441,572,21.444,23,35.91,-7.34,139.36,238.15,0.09388948112883107,7.0,163.0484460639431,1.2141558838501978,1204927305,960,3,False
train_00015.jpg,train,SYNTHETIC_HIFI_3D,tbg_032.jpg,12.141722764214803,12.41,4.569,11,14,410,67,85.889,84,66.85,65.24,178.45,43.29,0.08417487212291229,0.0,128.8324679720556,4.842522234600807,1240872729,960,3,False
train_00016.jpg,train,SYNTHETIC_HIFI_3D,tbg_033.jpg,9.180536370430845,9.487,6.0427,9,10,846,473,38.667,41,-68.11,70.76,154.2,86.36,0.00049904732331148,0.0,115.55961991019234,3.32702107660821,1267841155,960,3,False
train_00017.jpg,train,SYNTHETIC_HIFI_3D,tbg_034.jpg,7.775643359571271,7.483,7.7856,7,8,575,282,21.222,20,-63.59,-51.51,-178.02,235.92,0.09939413957398216,0.0,19.89910986127984,4.3985332831235,1916461832,960,3,False
train_00018.jpg,train,SYNTHETIC_HIFI_3D,tbg_036.jpg,6.087700024833752,5.916,10.1731,5,7,377,796,14.889,13,-14.57,-98.14,134.5,265.77,0.01385208006970212,4.0,163.84767907952062,3.908964391703933,349027181,960,3,False
train_00019.jpg,train,SYNTHETIC_HIFI_3D,tbg_037.jpg,7.913961332793412,7.937,6.9788,7,9,600,289,32.444,33,0.71,146.5,177.91,203.77,0.23722075371861923,7.0,80.01195741808492,2.5860580346506596,1866266911,960,3,False
train_00020.jpg,train,SYNTHETIC_HIFI_3D,tbg_038.jpg,9.03671449563719,9.0,5.7642,9,9,163,732,41.667,41,-9.37,-7.31,-97.52,312.06,0.006037840143507522,1.0,134.80633220137616,2.9644040385288823,1811960870,960,3,False
train_00021.jpg,train,SYNTHETIC_HIFI_3D,tbg_039.jpg,7.841444969284707,8.367,7.1854,7,10,213,233,31.222,34,60.56,-94.21,154.35,161.87,0.013511584062646097,0.0,54.2968476998557,3.499306527793858,850740094,960,3,False
train_00022.jpg,train,SYNTHETIC_HIFI_3D,tbg_041.jpg,17.18877379750233,16.971,2.8102,16,18,568,900,180.667,178,-150.09,-138.04,31.49,183.75,0.2784780485920186,4.0,146.9284144203843,3.1553391311155474,1550866417,960,3,False
train_00023.jpg,train,SYNTHETIC_HIFI_3D,tbg_042.jpg,14.888464745838432,14.967,3.4947,16,14,673,413,124.556,127,-129.05,21.75,163.42,210.08,0.1097944264670762,1.0,132.63772819815927,4.4009469701126385,460747757,960,3,False
train_00024.jpg,train,SYNTHETIC_HIFI_3D,tbg_046.jpg,2.320176679773228,2.449,26.5255,2,3,887,136,2.444,3,-88.02,-114.06,-56.52,149.05,0.03272997494661656,0.0,92.62879748778595,4.703230863845005,1274912987,960,3,False
train_00025.jpg,train,SYNTHETIC_HIFI_3D,tbg_008.jpg,3.499842454045478,3.464,17.5407,3,4,110,397,5.556,5,-72.17,-109.15,-164.57,233.84,0.005417416010669784,4.0,168.75278350598904,4.644506469001975,928090972,960,3,False
train_00026.jpg,train,SYNTHETIC_HIFI_3D,tbg_009.jpg,8.246909559419256,8.0,8.1567,8,8,170,766,24.0,26,37.28,-145.02,-121.33,310.12,0.23982829396716424,0.0,36.784804085540664,1.0123103050550895,1222810404,960,3,False
train_00027.jpg,train,SYNTHETIC_HIFI_3D,tbg_012.jpg,7.287272778355479,6.928,8.6779,8,6,82,664,22.556,23,41.34,176.53,-64.12,112.34,0.20979130422483055,2.0,75.196020107731,2.5942115044989276,2141724584,960,3,False
train_00028.jpg,train,SYNTHETIC_HIFI_3D,tbg_013.jpg,10.014620508472039,10.392,5.5394,9,12,491,608,42.778,43,-111.27,-63.44,-16.99,241.05,0.13612960862352677,4.0,122.20307841364877,1.1994341888282172,280427125,960,3,False
train_00029.jpg,train,SYNTHETIC_HIFI_3D,tbg_014.jpg,10.0330590233497,9.798,5.5292,8,12,463,291,44.778,45,53.35,109.44,-177.14,96.17,0.25229405620764056,7.0,54.47438905648832,3.892150764728264,171068998,960,3,False
train_00030.jpg,train,SYNTHETIC_HIFI_3D,tbg_016.jpg,25.949282369156503,25.826,2.1378,23,29,827,655,349.0,358,2.78,91.62,-71.32,93.59,0.3134337421281862,4.0,121.4679467677261,2.6244392538581045,1400495468,960,3,False
train_00031.jpg,train,SYNTHETIC_HIFI_3D,tbg_019.jpg,5.161432699983869,4.899,11.4056,4,6,179,769,12.333,11,18.05,82.81,-172.02,212.49,0.17055385513590038,1.0,89.42934143833342,4.791278171484248,1810926773,960,3,False
train_00032.jpg,train,SYNTHETIC_HIFI_3D,tbg_021.jpg,7.4515500695240435,7.483,7.3731,8,7,315,601,29.667,31,41.91,173.13,145.15,28.07,0.005853787505505797,4.0,32.43706274341088,1.2638675495289249,1822733656,960,3,False
train_00033.jpg,train,SYNTHETIC_HIFI_3D,tbg_022.jpg,24.993364786031716,25.0,2.0426,25,25,898,664,374.0,375,-167.38,39.84,-149.51,65.4,0.024864235423275698,2.0,81.2389941735719,1.9016180169595143,1351535608,960,3,False
train_00034.jpg,train,SYNTHETIC_HIFI_3D,tbg_023.jpg,12.43575853552478,12.845,4.4609,11,15,191,124,92.111,92,-136.07,106.42,1.34,8.86,0.13581924343383928,7.0,6.991300844351707,3.9572639144842974,361651513,960,3,False
train_00035.jpg,train,SYNTHETIC_HIFI_3D,tbg_024.jpg,12.53790258855114,12.961,4.7608,12,14,872,54,88.222,86,146.55,-62.47,41.06,207.12,0.06908445028059669,0.0,20.51019712920717,2.734214488437965,1616626160,960,3,False
train_00036.jpg,train,SYNTHETIC_HIFI_3D,tbg_026.jpg,6.960291749451883,7.0,7.9702,7,7,850,556,24.889,25,-129.18,-29.33,-8.62,244.47,0.2643820053655765,2.0,32.50931945425821,1.027302345705726,2052059092,960,3,False
train_00037.jpg,train,SYNTHETIC_HIFI_3D,tbg_027.jpg,3.947912633057804,3.464,19.495,3,4,143,150,4.778,5,158.27,95.99,132.17,245.63,0.08078479475326113,0.0,23.283046766569452,2.0061763179131673,822527859,960,3,False
train_00038.jpg,train,SYNTHETIC_HIFI_3D,tbg_028.jpg,9.786040676382859,9.487,6.3258,9,10,423,794,41.333,42,-106.02,50.74,-49.06,167.47,0.13413274325380148,0.0,22.618396093356907,3.4686250947425425,1952444266,960,3,False
train_00039.jpg,train,SYNTHETIC_HIFI_3D,tbg_029.jpg,9.504179234078245,9.381,5.8369,8,11,317,209,46.0,47,-38.99,-45.8,154.48,326.59,0.15716213340027155,0.0,5.377526667126324,2.4368796932133487,411049687,960,3,False
train_00040.jpg,train,SYNTHETIC_HIFI_3D,tbg_032.jpg,4.8722144692168845,4.899,11.386,4,6,124,304,11.778,12,-103.16,-99.43,-62.27,344.0,0.13824504289703557,2.0,8.375209826049886,2.8427526137871655,660449704,960,3,False
train_00041.jpg,train,SYNTHETIC_HIFI_3D,tbg_033.jpg,6.395606347743661,6.481,9.3962,6,7,880,700,20.222,20,-161.73,-99.12,-138.39,55.93,0.18392560023449284,0.0,111.49825954026414,3.7311067013114845,703266666,960,3,False
train_00042.jpg,train,SYNTHETIC_HIFI_3D,tbg_034.jpg,8.681573034906593,7.937,6.39,7,9,243,389,31.667,32,-156.76,-101.97,171.97,165.42,0.11133286507877861,7.0,167.85369647169904,3.689122185376108,791061700,960,3,False
train_00043.jpg,train,SYNTHETIC_HIFI_3D,tbg_036.jpg,5.611672288778916,5.916,9.8856,5,7,583,126,17.556,16,120.75,-74.83,-141.06,262.41,0.08204423561011367,0.0,69.49522037591898,1.3301810001209295,138197692,960,3,False
train_00044.jpg,train,SYNTHETIC_HIFI_3D,tbg_037.jpg,8.568473483029914,8.485,7.1682,9,8,294,903,32.222,33,60.91,10.41,62.86,352.29,0.29093801820609133,0.0,67.72257178927013,1.8220025463017637,1382678684,960,3,False
train_00045.jpg,train,SYNTHETIC_HIFI_3D,tbg_038.jpg,9.440095447506321,9.381,6.186,8,11,504,674,36.0,35,-70.32,-124.13,-4.75,301.83,0.13035528377608988,0.0,32.23878532274248,4.049175101893267,1119315632,960,3,False
train_00046.jpg,train,SYNTHETIC_HIFI_3D,tbg_039.jpg,9.161571232092575,8.944,6.0552,8,10,344,544,43.111,41,-17.0,-61.24,-1.46,251.04,0.33408693380239296,7.0,147.34166092668588,4.818130110290111,1509694042,960,3,False
train_00047.jpg,train,SYNTHETIC_HIFI_3D,tbg_041.jpg,6.9871919258052815,6.928,8.35,8,6,127,663,21.889,22,76.04,158.14,-14.08,314.04,0.049264667317605364,2.0,121.01647631150986,4.944116753570684,452733250,960,3,False
train_00048.jpg,train,SYNTHETIC_HIFI_3D,tbg_042.jpg,12.110812071319298,11.958,4.5806,13,11,63,732,85.111,89,118.25,162.1,144.96,23.13,0.159376512185518,1.0,20.74717846221969,3.2411098581117344,1334304586,960,3,False
train_00049.jpg,train,SYNTHETIC_HIFI_3D,tbg_046.jpg,14.05260874686247,13.856,3.9477,12,16,580,571,97.444,95,56.88,-59.57,-101.94,257.3,0.18825679559076505,0.0,1.1337665414824571,1.6900673469574805,1135443545,960,3,False
train_00050.jpg,train,SYNTHETIC_HIFI_3D,tbg_008.jpg,10.566078514942086,10.954,5.2503,10,12,830,467,53.667,54,-79.6,104.88,-97.84,17.75,0.24643336432953794,2.0,68.00090031163208,4.66328706772574,114837634,960,3,False
train_00051.jpg,train,SYNTHETIC_HIFI_3D,tbg_009.jpg,5.978139885517413,5.916,9.2796,5,7,645,825,17.111,15,154.22,117.02,-44.35,275.19,0.2998385019833404,0.0,166.64219294558134,4.467693588623968,29089001,960,3,False
train_00052.jpg,train,SYNTHETIC_HIFI_3D,tbg_012.jpg,12.975341119530443,12.845,4.2754,11,15,634,351,84.111,89,171.9,-74.92,109.91,4.75,0.2252192619169021,7.0,10.319475300136085,4.980825818442341,695204809,960,3,False
train_00053.jpg,train,SYNTHETIC_HIFI_3D,tbg_013.jpg,7.004162170245744,7.348,7.9203,6,9,165,645,26.556,27,-0.54,-78.32,-92.24,36.78,0.23703887089497835,0.0,175.25247962675425,3.8345152870893404,1903441338,960,3,False
train_00054.jpg,train,SYNTHETIC_HIFI_3D,tbg_014.jpg,13.968501283960094,13.675,3.9714,11,17,516,840,103.0,105,150.02,98.5,-158.79,151.1,0.24840478388700457,4.0,18.175093544765378,3.971041436652011,1697869424,960,3,False
train_00055.jpg,train,SYNTHETIC_HIFI_3D,tbg_016.jpg,5.266314957416283,5.477,11.2889,5,6,499,722,12.111,13,-39.9,-95.38,-108.83,293.03,0.07373848582347683,4.0,41.58679326380144,3.477425580641661,62993289,960,3,False
train_00056.jpg,train,SYNTHETIC_HIFI_3D,tbg_019.jpg,14.217280749383306,14.866,3.641,13,17,343,640,118.333,118,125.76,70.76,4.19,336.96,0.16216231150527682,1.0,34.470023824058686,1.083318515913533,1625614950,960,3,False
train_00057.jpg,train,SYNTHETIC_HIFI_3D,tbg_021.jpg,8.91016580368541,8.944,6.226,8,10,194,471,41.667,43,177.66,115.5,140.0,110.63,0.23910663302507867,7.0,7.803917421177127,2.1044627115213608,1895199400,960,3,False
train_00058.jpg,train,SYNTHETIC_HIFI_3D,tbg_022.jpg,4.820367317788728,4.899,12.3299,6,4,669,188,10.444,12,156.96,-1.06,-2.3,336.51,0.1300509190414541,4.0,58.56079594544298,3.641607139058602,1636120931,960,3,False
train_00059.jpg,train,SYNTHETIC_HIFI_3D,tbg_023.jpg,7.692723186807384,7.483,7.9543,8,7,181,893,29.0,31,-72.21,13.71,-82.5,9.21,0.1635365971731387,0.0,55.2306660484592,4.58858048740139,133781772,960,3,False
train_00060.jpg,train,SYNTHETIC_HIFI_3D,tbg_024.jpg,9.246783087587815,9.0,6.3898,9,9,898,748,46.444,45,160.45,-120.37,-13.06,101.52,0.032892550852245975,7.0,80.40436637322382,4.9856873922087,1749377201,960,3,False
train_00061.jpg,train,SYNTHETIC_HIFI_3D,tbg_026.jpg,10.315217652873082,10.488,5.7112,11,10,527,400,41.778,41,99.66,144.76,-101.58,261.26,0.016854377007131174,4.0,29.894650315155886,1.0463447200381246,1385767971,960,3,False
train_00062.jpg,train,SYNTHETIC_HIFI_3D,tbg_027.jpg,5.507608582376674,5.477,9.7436,5,6,505,706,13.667,15,24.29,-10.49,77.1,254.99,0.02696111858873819,1.0,47.38855833700779,4.832800718413278,1599214336,960,3,False
train_00063.jpg,train,SYNTHETIC_HIFI_3D,tbg_028.jpg,5.173441082917604,5.0,11.8452,5,5,193,346,10.222,9,100.12,-93.1,-142.27,222.16,0.04046917875773867,0.0,100.37301279213683,1.9875909483372043,1083817902,960,3,False
train_00064.jpg,train,SYNTHETIC_HIFI_3D,tbg_029.jpg,9.944472247311943,10.0,5.5785,10,10,198,814,53.889,56,19.83,-52.67,83.0,32.34,0.02085252175871553,2.0,87.96091391116602,1.1412397372015848,1603597187,960,3,False
train_00065.jpg,train,SYNTHETIC_HIFI_3D,tbg_032.jpg,7.126710509823451,6.928,7.624,6,8,457,202,24.778,24,-174.33,-56.03,74.22,285.12,0.11115699577424498,1.0,137.27495561276834,2.9576741282549195,45434247,960,3,False
train_00066.jpg,train,SYNTHETIC_HIFI_3D,tbg_033.jpg,10.124693927989656,10.0,6.2176,10,10,150,250,45.111,47,89.86,-41.26,-29.41,113.26,0.34946188613850193,1.0,153.73864620835434,1.001374723523012,939463641,960,3,False
train_00067.jpg,train,SYNTHETIC_HIFI_3D,tbg_034.jpg,13.157400007716825,13.675,4.2163,17,11,108,525,93.0,95,79.99,8.29,92.69,125.15,0.0672994235744835,4.0,143.9560114661533,4.682644325025976,1936285136,960,3,False
train_00068.jpg,train,SYNTHETIC_HIFI_3D,tbg_036.jpg,3.94650704054028,3.464,18.0505,3,4,234,459,5.0,5,9.95,-53.6,-8.31,197.11,0.29195285121730835,7.0,35.14254680037942,1.252135528177225,1195625685,960,3,False
train_00069.jpg,train,SYNTHETIC_HIFI_3D,tbg_037.jpg,10.220736385903267,10.392,6.5901,9,12,731,48,41.333,41,120.85,57.29,-114.39,180.06,0.05494513484935746,0.0,42.15449426299767,1.801904368245295,1804627012,960,3,False
train_00070.jpg,train,SYNTHETIC_HIFI_3D,tbg_038.jpg,16.602413246707812,16.492,2.8104,16,17,607,740,171.556,173,172.69,35.12,73.04,358.51,0.31124692207362326,4.0,177.9267531976913,2.6627249755307942,1287999049,960,3,False
train_00071.jpg,train,SYNTHETIC_HIFI_3D,tbg_039.jpg,7.755956704349442,7.483,7.1526,8,7,152,223,28.778,28,161.94,-29.06,-51.86,15.14,0.04316052194055544,2.0,18.426715495301494,4.448361137469869,2063462655,960,3,False
train_00072.jpg,train,SYNTHETIC_HIFI_3D,tbg_041.jpg,6.00034690896471,5.916,10.7849,7,5,373,432,11.333,12,-98.12,-153.74,45.88,247.38,0.0023068008650716618,7.0,13.794790409341257,1.7701858583803443,1694335671,960,3,False
train_00073.jpg,train,SYNTHETIC_HIFI_3D,tbg_042.jpg,13.10962234764136,12.845,4.2316,11,15,372,351,84.778,86,-161.07,-75.34,11.97,321.5,0.33566243664731227,0.0,49.79062330009084,1.0513529537304978,1732433087,960,3,False
train_00074.jpg,train,SYNTHETIC_HIFI_3D,tbg_046.jpg,10.215925594180852,10.392,5.4302,9,12,735,281,57.556,58,29.09,143.14,-68.54,290.84,0.04360448623100771,1.0,129.92819190874513,4.58156054152769,147945529,960,3,False
train_00075.jpg,train,SYNTHETIC_HIFI_3D,tbg_008.jpg,14.085784716880642,14.697,3.9384,12,18,790,855,119.222,117,-137.75,-94.27,110.15,136.13,0.09281094343907853,0.0,54.95930365654618,2.6191508348492714,1041708698,960,3,False
train_00076.jpg,train,SYNTHETIC_HIFI_3D,tbg_009.jpg,7.573207746740225,7.937,7.3252,9,7,768,459,29.333,28,-90.06,156.07,119.28,10.69,0.049897233629443545,4.0,43.557505440017316,2.031765460722919,122092746,960,3,False
train_00077.jpg,train,SYNTHETIC_HIFI_3D,tbg_012.jpg,4.290123157093718,4.472,12.9309,4,5,739,257,9.333,11,-22.06,90.39,89.45,246.86,0.13045213909271167,1.0,47.60161712010415,4.140818093385636,1603141055,960,3,False
train_00078.jpg,train,SYNTHETIC_HIFI_3D,tbg_013.jpg,8.5183204828278,8.367,6.5124,7,10,240,220,34.333,35,138.55,-115.44,74.2,186.05,0.1809102116874792,4.0,70.52309830927638,2.9804420042261826,1050987103,960,3,False
train_00079.jpg,train,SYNTHETIC_HIFI_3D,tbg_014.jpg,7.201652408207653,7.483,7.7031,7,8,241,736,27.778,28,-126.94,60.34,101.19,155.75,0.12180542621209559,4.0,96.46457398702682,2.768178865901472,840880158,960,3,False
train_00080.jpg,train,SYNTHETIC_HIFI_3D,tbg_016.jpg,13.261783637716528,13.416,4.4046,15,12,133,667,90.556,90,-146.17,-141.41,-150.54,333.07,0.07875670315396072,2.0,175.30205371329066,3.0726714412641827,720061062,960,3,False
train_00081.jpg,train,SYNTHETIC_HIFI_3D,tbg_019.jpg,9.914923055466923,9.95,5.5951,9,11,177,564,52.778,53,177.04,-48.68,-46.04,244.07,0.04199132607701117,2.0,108.83539971488226,1.7961951824095763,1309672991,960,3,False
train_00082.jpg,train,SYNTHETIC_HIFI_3D,tbg_021.jpg,3.9820627388023166,4.0,13.9312,4,4,531,557,7.444,7,118.68,49.65,-94.58,200.96,0.21595325432765486,0.0,16.263142361756792,2.355273604869362,892574995,960,3,False
train_00083.jpg,train,SYNTHETIC_HIFI_3D,tbg_022.jpg,4.951264692017582,5.0,12.3944,5,5,204,390,9.778,9,-6.63,-68.84,-162.91,251.97,0.343709596908355,0.0,18.15466715261216,3.9914431043617795,1377271531,960,3,False
train_00084.jpg,train,SYNTHETIC_HIFI_3D,tbg_023.jpg,14.000864750910074,13.416,3.9623,12,15,451,396,86.111,84,158.78,92.55,61.83,316.63,0.25018871154709416,4.0,45.68006251272356,3.996309282537329,17060671,960,3,False
train_00085.jpg,train,SYNTHETIC_HIFI_3D,tbg_024.jpg,12.643042780385954,13.0,4.682,13,13,685,773,77.778,79,-125.07,-27.12,-105.62,230.88,0.015321244331448073,1.0,152.9940266409405,1.804257930073271,357905176,960,3,False
train_00086.jpg,train,SYNTHETIC_HIFI_3D,tbg_026.jpg,6.534546142404336,6.481,9.5432,7,6,112,104,17.556,15,-121.4,0.64,154.99,2.87,0.10697094231666818,0.0,113.09478418657392,1.1210798482062985,609384296,960,3,False
train_00087.jpg,train,SYNTHETIC_HIFI_3D,tbg_027.jpg,8.995281652701978,8.944,5.8175,10,8,151,389,44.889,45,7.89,-151.15,42.54,46.56,0.012217356240396165,7.0,132.43124547548493,3.7622113469512892,1398916085,960,3,False
train_00088.jpg,train,SYNTHETIC_HIFI_3D,tbg_028.jpg,11.245987003615998,10.954,5.2016,10,12,208,347,58.0,57,-129.25,119.77,-54.77,268.6,0.09647620765130431,1.0,155.01607804623106,4.605159790452898,577916856,960,3,False
train_00089.jpg,train,SYNTHETIC_HIFI_3D,tbg_029.jpg,11.375099877748337,10.954,4.8769,12,10,689,452,63.333,67,-120.45,-15.9,-54.66,229.17,0.07640234483284761,7.0,68.89186486903701,3.0326324209908533,1839390181,960,3,False
train_00090.jpg,train,SYNTHETIC_HIFI_3D,tbg_032.jpg,13.948133156333292,13.416,3.9772,12,15,233,641,97.444,99,85.24,76.96,106.23,207.43,0.26400446865812977,0.0,75.33684360396384,2.207174953515671,831239189,960,3,False
train_00091.jpg,train,SYNTHETIC_HIFI_3D,tbg_033.jpg,10.231461060686128,10.392,5.422,9,12,185,377,54.333,50,-67.55,-105.98,-98.43,282.24,0.23287105921248735,0.0,139.98137604472439,1.170424656220896,1368936088,960,3,False
train_00092.jpg,train,SYNTHETIC_HIFI_3D,tbg_034.jpg,8.583230929716244,8.944,6.4632,8,10,126,324,40.111,41,-167.25,-78.7,2.66,336.52,0.08613616288763523,2.0,140.07618943325176,1.0527100788416672,699166992,960,3,False
train_00093.jpg,train,SYNTHETIC_HIFI_3D,tbg_036.jpg,7.907411980088048,8.367,7.0156,10,7,50,326,31.556,31,62.51,163.14,-179.27,281.82,0.023717063497550615,0.0,89.83565579369171,3.6426833454090497,406962391,960,3,False
train_00094.jpg,train,SYNTHETIC_HIFI_3D,tbg_037.jpg,15.257878271166879,15.969,3.5612,15,17,838,528,110.0,112,130.13,-70.99,111.29,56.87,0.339004043118495,4.0,57.08625642682696,4.268669745664947,1161457760,960,3,False
train_00095.jpg,train,SYNTHETIC_HIFI_3D,tbg_038.jpg,2.920624431425623,2.828,22.5287,4,2,759,399,3.444,3,78.57,-18.83,121.0,245.88,0.10675108378269509,1.0,94.07973381911711,3.900365797427489,772412954,960,3,False
train_00096.jpg,train,SYNTHETIC_HIFI_3D,tbg_039.jpg,8.39718822581147,8.367,6.6064,10,7,735,518,31.222,30,113.29,176.19,124.74,142.51,0.1324047897415386,0.0,126.1135074682986,1.8737737715128833,1761072778,960,3,False
train_00097.jpg,train,SYNTHETIC_HIFI_3D,tbg_041.jpg,9.14973236678765,9.381,6.063,8,11,358,292,37.333,36,-55.02,-57.03,-32.55,216.64,0.12068408558474304,0.0,13.187553378384516,1.512613702986981,2036209141,960,3,False
train_00098.jpg,train,SYNTHETIC_HIFI_3D,tbg_042.jpg,4.412979552913697,4.472,12.9102,4,5,131,665,10.333,10,124.45,-29.89,-36.7,150.81,0.30679763043005154,7.0,123.42603774763795,4.8098859988149965,1914716744,960,3,False
train_00099.jpg,train,SYNTHETIC_HIFI_3D,tbg_046.jpg,10.629481178852767,10.488,5.219,11,10,115,183,54.778,54,159.71,-4.11,156.48,337.54,0.31822231750290614,1.0,160.14936320007743,1.175302854831255,451391626,960,3,False
train_00100.jpg,train,SYNTHETIC_HIFI_3D,tbg_008.jpg,6.49858246697575,6.481,9.7025,7,6,813,338,17.778,18,-34.75,162.82,-127.85,322.53,0.10340919907969157,0.0,112.37182898097682,3.0680217257994165,2143903359,960,3,False
train_00101.jpg,train,SYNTHETIC_HIFI_3D,tbg_009.jpg,13.852240319794307,14.422,4.0048,13,16,791,714,96.889,100,-12.41,-100.56,166.49,242.98,0.19152082365592768,2.0,48.0642907182099,4.52106406231848,371330090,960,3,False
train_00102.jpg,train,SYNTHETIC_HIFI_3D,tbg_012.jpg,8.452214984131567,8.367,6.5634,7,10,152,628,36.556,38,98.13,78.72,-27.51,112.65,0.32617101964058276,4.0,104.0939555214486,1.4300619605625298,417202199,960,3,False
train_00103.jpg,train,SYNTHETIC_HIFI_3D,tbg_013.jpg,12.576137859422152,12.961,4.4111,12,14,107,661,89.111,89,171.39,-50.47,74.94,116.01,0.10235433330657859,7.0,8.93253475355242,2.231748910585761,153246252,960,3,False
train_00104.jpg,train,SYNTHETIC_HIFI_3D,tbg_014.jpg,16.554308163170404,16.882,3.0966,15,19,527,562,145.889,153,-153.44,-94.65,-31.56,176.93,0.029433412416034987,7.0,162.39811377921765,1.8186541043486728,1193034590,960,3,False
train_00105.jpg,train,SYNTHETIC_HIFI_3D,tbg_016.jpg,10.899199745468568,10.583,5.3924,8,14,338,881,57.556,60,-40.54,77.8,144.26,263.09,0.09822937583433686,1.0,44.62432558058223,4.887834122625723,1535731749,960,3,False
train_00106.jpg,train,SYNTHETIC_HIFI_3D,tbg_019.jpg,5.808741892197402,5.916,10.7407,5,7,907,911,17.222,16,-77.37,-112.8,39.15,99.14,0.18083104854328005,2.0,68.89539153029615,4.329688985083888,1228043810,960,3,False
train_00107.jpg,train,SYNTHETIC_HIFI_3D,tbg_021.jpg,4.220971274856959,3.873,15.2538,3,5,626,56,8.111,7,116.77,-97.27,119.19,206.28,0.03226127115598109,0.0,111.19111114501449,2.450458478621656,2106536126,960,3,False
train_00108.jpg,train,SYNTHETIC_HIFI_3D,tbg_022.jpg,21.62643991128999,21.909,2.5651,20,24,903,636,249.556,256,-72.86,-90.46,165.19,8.52,0.33246686655945556,0.0,108.34509957226517,2.731258077457875,2060391059,960,3,False
train_00109.jpg,train,SYNTHETIC_HIFI_3D,tbg_023.jpg,8.51286442168414,8.367,6.5166,10,7,482,569,30.333,29,95.11,-159.41,72.59,307.19,0.0707472495755034,0.0,161.8891718424729,4.2717200729610525,2001717702,960,3,False
train_00110.jpg,train,SYNTHETIC_HIFI_3D,tbg_024.jpg,6.378558322227141,6.481,8.7616,7,6,770,420,21.333,20,83.37,6.02,-98.13,297.52,0.24195270359783808,2.0,15.367210989394529,4.396254422304418,147621894,960,3,False
train_00111.jpg,train,SYNTHETIC_HIFI_3D,tbg_026.jpg,9.673141441247953,9.381,6.2181,8,11,443,218,39.111,41,-95.9,-120.51,56.42,52.52,0.06135092740171982,2.0,108.19583010927258,4.7301394770698115,1426132288,960,3,False
train_00112.jpg,train,SYNTHETIC_HIFI_3D,tbg_027.jpg,8.178583031648653,7.937,7.2776,9,7,776,210,32.222,35,-41.27,-0.07,-120.5,113.01,0.2009251091551729,0.0,134.7691506918946,3.759863926698647,2018839312,960,3,False
train_00113.jpg,train,SYNTHETIC_HIFI_3D,tbg_028.jpg,13.781067217674355,14.283,4.0255,12,17,365,768,100.556,101,170.31,136.91,-125.66,167.9,0.1866141998299964,7.0,105.08715389575012,3.066917206807338,18015633,960,3,False
train_00114.jpg,train,SYNTHETIC_HIFI_3D,tbg_029.jpg,9.153979186787328,9.487,6.5871,9,10,79,212,40.889,41,110.89,95.22,67.18,51.42,0.028379500956328567,0.0,176.30234755052558,3.8609739358052577,897269919,960,3,False
train_00115.jpg,train,SYNTHETIC_HIFI_3D,tbg_032.jpg,9.062086296935073,9.487,6.1217,9,10,559,370,41.778,42,-137.91,-143.51,-124.08,15.41,0.21524257040524788,0.0,167.16809357554456,4.004473088842038,1391175117,960,3,False
train_00116.jpg,train,SYNTHETIC_HIFI_3D,tbg_033.jpg,6.296127216401628,6.0,8.811,6,6,517,482,18.0,19,-31.32,-168.27,-100.19,14.15,0.3325062429442763,4.0,95.05258763262363,3.211562505721501,2049414911,960,3,False
train_00117.jpg,train,SYNTHETIC_HIFI_3D,tbg_034.jpg,11.381720763458802,10.954,4.874,10,12,577,621,65.667,67,141.96,59.29,93.95,181.46,0.2657500367540464,4.0,179.1208980035881,4.526511973600429,841548854,960,3,False
train_00118.jpg,train,SYNTHETIC_HIFI_3D,tbg_036.jpg,5.367118735261367,5.477,10.3361,6,5,424,126,16.222,14,-41.8,-9.7,5.13,105.29,0.0636550223393841,0.0,58.72459892498273,1.4109308894084105,1191048357,960,3,False
train_00119.jpg,train,SYNTHETIC_HIFI_3D,tbg_037.jpg,12.55563159024748,12.961,3.8549,14,12,59,374,97.444,95,-28.13,168.32,-14.24,358.84,0.2175668707462034,0.0,167.5186710225012,3.8087723510209335,639425127,960,3,False
train_00120.jpg,train,SYNTHETIC_HIFI_3D,tbg_038.jpg,19.282411011569422,18.439,2.877,17,20,674,339,190.778,195,-158.64,36.85,-126.67,263.05,0.3112831295313661,0.0,57.12535869186755,1.5435529158997845,1249085973,960,3,False
train_00121.jpg,train,SYNTHETIC_HIFI_3D,tbg_039.jpg,4.199147625093665,4.0,14.9846,4,4,347,318,7.111,7,119.92,4.71,147.5,318.23,0.03890902080776761,0.0,125.71657835799469,1.4975881646600744,422694163,960,3,False
train_00122.jpg,train,SYNTHETIC_HIFI_3D,tbg_041.jpg,2.622452534155772,2.449,27.943,2,3,600,220,2.111,2,-71.4,-83.14,68.61,156.94,0.1757418990687478,7.0,159.53920855904195,4.969095526983336,2086795930,960,3,False
train_00123.jpg,train,SYNTHETIC_HIFI_3D,tbg_042.jpg,12.251690836232548,12.49,4.7903,13,12,273,457,59.0,56,75.65,-139.51,-87.64,83.67,0.002744912842172037,2.0,93.28384041314742,1.4221976724422722,1073186196,960,3,False
train_00124.jpg,train,SYNTHETIC_HIFI_3D,tbg_046.jpg,32.0,32.404,1.6216,35,30,760,122,602.0,604,-19.92,36.24,-141.03,190.14,0.2877310241887773,7.0,84.58626919578003,3.1061024728937037,816166061,960,3,False
train_00125.jpg,train,SYNTHETIC_HIFI_3D,tbg_008.jpg,5.456252249582316,5.477,12.0763,5,6,676,50,12.556,11,-61.95,-124.18,95.75,237.93,0.22382370441175425,4.0,126.04705257447931,2.246437043072534,803679649,960,3,False
train_00126.jpg,train,SYNTHETIC_HIFI_3D,tbg_009.jpg,4.815677290309166,4.899,11.5197,4,6,479,91,12.111,12,-152.43,73.48,20.16,85.35,0.2673058446266322,1.0,23.445970947323698,2.4602165110910974,622588851,960,3,False
train_00127.jpg,train,SYNTHETIC_HIFI_3D,tbg_012.jpg,12.081906999282632,12.49,4.9405,13,12,250,248,62.333,63,-109.02,133.5,64.76,159.05,0.17275524524625432,0.0,24.27456758910175,1.291881513134311,299567360,960,3,False
train_00128.jpg,train,SYNTHETIC_HIFI_3D,tbg_013.jpg,5.91128823013469,5.916,9.3846,7,5,422,556,17.111,17,58.3,-167.03,14.66,19.9,0.18597226543993584,2.0,90.57877218752279,2.4719806070879433,483988076,960,3,False
train_00129.jpg,train,SYNTHETIC_HIFI_3D,tbg_014.jpg,6.988121893418233,6.928,8.3478,8,6,239,364,21.0,20,85.4,-11.85,-170.24,171.01,0.20650327217708714,1.0,140.00967898191007,2.2559177544386673,702946569,960,3,False
train_00130.jpg,train,SYNTHETIC_HIFI_3D,tbg_016.jpg,7.56222791096494,7.937,7.3358,9,7,559,135,30.556,31,-71.67,-162.45,2.83,324.43,0.10265189811972147,0.0,27.596502052317472,3.3404896410534772,928330357,960,3,False
train_00131.jpg,train,SYNTHETIC_HIFI_3D,tbg_019.jpg,11.742627777449979,11.832,5.1678,10,14,847,109,63.444,65,-121.24,-105.83,-51.68,59.61,0.053119979243189175,4.0,173.598630173913,4.457866814212524,657477962,960,3,False
train_00132.jpg,train,SYNTHETIC_HIFI_3D,tbg_021.jpg,7.349067222293357,7.483,7.5486,7,8,182,562,25.778,27,-160.68,-93.58,-160.32,128.62,0.2244596903750897,4.0,135.7635165502486,1.5096583635207637,1107975269,960,3,False
train_00133.jpg,train,SYNTHETIC_HIFI_3D,tbg_022.jpg,10.341511076983675,9.95,4.921,11,9,877,332,61.0,63,-149.48,177.04,103.84,19.14,0.18223945855529866,2.0,84.85867624545146,3.0437518119477107,1411582880,960,3,False
train_00134.jpg,train,SYNTHETIC_HIFI_3D,tbg_023.jpg,8.239650664102026,8.485,6.7327,8,9,90,196,33.667,34,159.84,131.04,158.81,241.09,0.08391364500615942,0.0,79.31637489148089,1.487610539193005,274314230,960,3,False
train_00135.jpg,train,SYNTHETIC_HIFI_3D,tbg_024.jpg,5.899626391962155,6.0,8.2888,6,6,783,321,20.889,21,12.3,-162.72,126.05,54.56,0.08867257813528304,7.0,179.74502574367733,4.342577344031245,1337113176,960,3,False
train_00136.jpg,train,SYNTHETIC_HIFI_3D,tbg_026.jpg,7.669960369867739,7.937,7.2328,7,9,840,592,31.778,33,26.88,-75.45,-1.09,122.57,0.21002148267767157,2.0,88.44739477315494,4.490157530949961,993613218,960,3,False
train_00137.jpg,train,SYNTHETIC_HIFI_3D,tbg_027.jpg,5.595847163849891,5.477,10.4809,6,5,619,360,13.889,15,60.14,-174.45,-143.46,325.88,0.30560725390093957,2.0,96.22943550486642,2.531441840570296,1775626702,960,3,False
train_00138.jpg,train,SYNTHETIC_HIFI_3D,tbg_028.jpg,9.029365238976274,9.381,6.1438,11,8,797,675,40.0,37,-70.13,178.26,18.04,95.38,0.12187333690287223,0.0,65.6500136744876,3.8081251456357785,1462551105,960,3,False
train_00139.jpg,train,SYNTHETIC_HIFI_3D,tbg_029.jpg,5.130953264979467,5.0,13.3075,5,5,78,422,8.556,9,-119.16,-149.21,-16.42,169.41,0.1522920674114439,7.0,168.93432741338933,2.12310259275515,1532727165,960,3,False
train_00140.jpg,train,SYNTHETIC_HIFI_3D,tbg_032.jpg,5.211029269026482,5.477,10.6457,5,6,528,764,14.556,14,-48.06,124.8,-156.46,11.96,0.10856201925442387,2.0,7.311039334984564,4.670607133600237,1335676657,960,3,False
train_00141.jpg,train,SYNTHETIC_HIFI_3D,tbg_033.jpg,18.64737685495833,17.889,2.9749,20,16,262,724,187.778,193,-69.78,-17.04,-35.82,216.45,0.03621979972339101,1.0,62.27931220766225,3.267860658627957,207579758,960,3,False
train_00142.jpg,train,SYNTHETIC_HIFI_3D,tbg_034.jpg,8.763825120071514,8.775,6.33,7,11,446,879,39.667,38,127.47,112.74,121.2,142.81,0.16776854339046507,1.0,74.36105121077377,1.4323981542456536,1066096281,960,3,False
train_00143.jpg,train,SYNTHETIC_HIFI_3D,tbg_036.jpg,8.760680324967185,9.0,6.3323,9,9,497,396,36.222,38,-126.37,-132.08,-160.33,310.72,0.031189691604148733,2.0,70.59690061466364,1.5997439003138618,771203410,960,3,False
train_00144.jpg,train,SYNTHETIC_HIFI_3D,tbg_037.jpg,11.623080124977863,11.958,4.7728,11,13,112,616,68.444,68,60.64,111.92,146.49,247.47,0.05715062463234062,2.0,13.452278350782041,1.9408103073540115,1623517722,960,3,False
train_00145.jpg,train,SYNTHETIC_HIFI_3D,tbg_038.jpg,7.292132855947483,6.928,8.7285,6,8,141,852,23.444,24,-54.04,-94.75,1.38,206.45,0.013581488307323291,0.0,101.72531062933207,3.1874077990748924,994705313,960,3,False
train_00146.jpg,train,SYNTHETIC_HIFI_3D,tbg_039.jpg,8.028172304108002,8.367,6.91,10,7,257,321,33.333,34,-129.17,154.97,175.41,343.17,0.03960886486189242,0.0,178.5325212442854,4.963097356110968,849682974,960,3,False
train_00147.jpg,train,SYNTHETIC_HIFI_3D,tbg_041.jpg,11.13172283155109,11.489,5.5916,12,11,856,636,50.333,50,-63.63,47.65,-96.63,124.28,0.12540812281177036,1.0,52.77414772334777,4.59437680384932,1569958619,960,3,False
train_00148.jpg,train,SYNTHETIC_HIFI_3D,tbg_042.jpg,10.364976705421249,10.488,5.3522,11,10,142,572,58.778,60,29.93,-43.49,-108.95,306.66,0.2586164087955188,0.0,9.994292721463832,4.138168483763539,987972454,960,3,False
train_00149.jpg,train,SYNTHETIC_HIFI_3D,tbg_046.jpg,5.040857537150202,5.0,12.5248,5,5,766,437,9.0,8,165.07,-88.01,103.77,150.51,0.33375633981247815,2.0,83.73608371361465,3.44255156850825,331043710,960,3,False
train_00150.jpg,train,SYNTHETIC_HIFI_3D,tbg_008.jpg,13.652134399503762,13.964,4.2927,13,15,173,777,90.778,89,68.3,114.04,112.36,100.34,0.28531617984303187,0.0,107.65797888658707,3.826670756011266,102410794,960,3,False
train_00151.jpg,train,SYNTHETIC_HIFI_3D,tbg_009.jpg,6.699327215056345,6.928,8.2807,6,8,603,126,24.222,23,-10.65,138.17,47.11,110.8,0.08220382294362592,7.0,77.87762057279429,4.6093816586859795,440932899,960,3,False
train_00152.jpg,train,SYNTHETIC_HIFI_3D,tbg_012.jpg,5.307840686535103,5.477,10.4515,5,6,805,808,16.111,17,-8.23,116.95,-20.02,98.1,0.016658688340522358,1.0,111.49740829969159,3.918305657596395,1654268945,960,3,False
train_00153.jpg,train,SYNTHETIC_HIFI_3D,tbg_013.jpg,5.737290395454568,6.0,9.6692,6,6,821,397,16.0,15,-13.7,-75.45,49.4,57.13,0.09549343120566085,0.0,127.5529712495746,2.8379698337530854,216309404,960,3,False
train_00154.jpg,train,SYNTHETIC_HIFI_3D,tbg_014.jpg,7.403492920716875,7.483,6.6986,7,8,762,565,30.444,33,-143.51,29.32,-62.41,252.37,0.042108484533656454,2.0,19.300169027190623,2.360847152034444,1411427957,960,3,False
train_00155.jpg,train,SYNTHETIC_HIFI_3D,tbg_016.jpg,20.305153171537963,19.774,2.7321,17,23,454,720,208.0,212,-176.45,152.91,153.34,53.49,0.16711621473576801,2.0,96.83471195664058,4.872567753770512,1044422947,960,3,False
train_00156.jpg,train,SYNTHETIC_HIFI_3D,tbg_019.jpg,5.000093563084039,5.0,11.6665,5,5,693,183,12.444,14,-41.75,-144.61,29.72,119.8,0.2658786026801927,4.0,50.27939651468116,2.255582423168273,1119862940,960,3,False
train_00157.jpg,train,SYNTHETIC_HIFI_3D,tbg_021.jpg,9.749953576398454,10.0,6.4193,10,10,138,171,43.444,45,23.1,-21.01,-59.13,307.12,0.08528293452348877,7.0,125.45917278631214,3.471629714878811,1617166681,960,3,False
train_00158.jpg,train,SYNTHETIC_HIFI_3D,tbg_022.jpg,3.0904366706598125,3.0,20.1209,3,3,176,252,4.111,5,46.0,-65.8,124.02,196.35,0.2503841789701814,0.0,115.468677206523,2.6331007392449646,988326535,960,3,False
train_00159.jpg,train,SYNTHETIC_HIFI_3D,tbg_023.jpg,8.992951562314811,8.944,6.1687,8,10,483,768,36.778,36,-179.56,112.7,74.98,323.19,0.04485590812162604,7.0,133.51663805530353,4.613360372641018,301362673,960,3,False
train_00160.jpg,train,SYNTHETIC_HIFI_3D,tbg_024.jpg,14.111750033673578,14.491,3.9311,14,15,89,557,98.556,100,60.59,68.94,95.27,282.89,0.08164350768959316,7.0,141.9234566316263,4.222119720825887,248508962,960,3,False
train_00161.jpg,train,SYNTHETIC_HIFI_3D,tbg_026.jpg,7.995612200744311,8.0,6.4936,8,8,598,717,32.778,33,153.59,-153.79,-3.93,18.14,0.23478550731834358,4.0,69.12563358738278,1.0611121164735478,1081514683,960,3,False
train_00162.jpg,train,SYNTHETIC_HIFI_3D,tbg_027.jpg,6.570218672279057,6.481,8.4434,6,7,471,494,19.778,20,-32.67,-73.18,160.07,216.06,0.019284445083164285,0.0,179.67215985500823,3.583427534070684,1464255417,960,3,False
train_00163.jpg,train,SYNTHETIC_HIFI_3D,tbg_028.jpg,10.104492322495924,10.488,5.4901,10,11,861,146,55.889,54,35.43,-14.5,68.42,84.41,0.15985675481747172,0.0,147.80034154050273,2.8705647591393846,1376516071,960,3,False
train_00164.jpg,train,SYNTHETIC_HIFI_3D,tbg_029.jpg,12.772577027204049,12.49,4.3433,13,12,655,429,83.556,81,62.58,148.89,100.4,334.62,0.09441218820115604,7.0,79.5668753026214,3.056627082787924,207881098,960,3,False
train_00165.jpg,train,SYNTHETIC_HIFI_3D,tbg_032.jpg,12.541628144294236,12.0,4.4233,12,12,842,872,80.556,82,15.97,165.64,139.77,141.13,0.3305815746080577,1.0,161.1910840543215,3.948462977015746,1645006421,960,3,False
train_00166.jpg,train,SYNTHETIC_HIFI_3D,tbg_033.jpg,24.130135723528245,23.238,2.1726,20,27,568,611,297.111,302,153.76,89.01,30.94,164.06,0.050390300050064375,1.0,165.33088874563558,4.883839292357681,2120394392,960,3,False
train_00167.jpg,train,SYNTHETIC_HIFI_3D,tbg_034.jpg,9.992235221253988,9.798,5.5518,8,12,436,84,57.222,58,53.17,66.47,-114.15,124.67,0.14901609518247058,4.0,9.293279543674338,2.5565590749885505,431139375,960,3,False
train_00168.jpg,train,SYNTHETIC_HIFI_3D,tbg_036.jpg,6.692714371217858,6.928,8.7582,8,6,80,182,21.889,22,-126.85,175.58,112.28,69.28,0.10210026680537482,0.0,116.42121395274661,2.0538546923868077,1576577431,960,3,False
train_00169.jpg,train,SYNTHETIC_HIFI_3D,tbg_037.jpg,8.450579191077678,8.944,6.5646,10,8,643,404,31.0,32,-85.09,-157.63,-71.59,117.73,0.062252165653948636,4.0,139.2480979221249,1.4224362932110401,272893638,960,3,False
train_00170.jpg,train,SYNTHETIC_HIFI_3D,tbg_038.jpg,8.679598783686208,8.367,6.9078,7,10,272,819,37.0,37,145.53,77.61,-64.95,327.51,0.2764495698108803,2.0,42.67500874164019,3.583075929235441,694014987,960,3,False
train_00171.jpg,train,SYNTHETIC_HIFI_3D,tbg_039.jpg,9.50286440119794,9.487,5.4946,10,9,468,510,45.0,48,-36.08,177.48,-135.14,105.75,0.15563711775903472,1.0,40.97481425902993,3.30849641041022,256169065,960,3,False
train_00172.jpg,train,SYNTHETIC_HIFI_3D,tbg_041.jpg,8.865884161135101,9.0,6.9174,9,9,195,437,33.778,35,102.62,-39.74,151.82,253.19,0.16449792439767563,0.0,118.54162471999814,3.35868291994551,1334186225,960,3,False
train_00173.jpg,train,SYNTHETIC_HIFI_3D,tbg_042.jpg,9.817902911735631,9.95,5.6504,11,9,698,887,55.556,55,150.03,-168.67,-175.28,119.28,0.008125104103418528,4.0,142.0472376526163,2.380694105514769,1627943668,960,3,False
train_00174.jpg,train,SYNTHETIC_HIFI_3D,tbg_046.jpg,3.903210997317296,3.873,16.2843,5,3,884,632,6.556,8,75.28,-29.28,115.06,232.04,0.33811973576400683,0.0,89.92261994025723,1.5014228668871596,226157484,960,3,False
train_00175.jpg,train,SYNTHETIC_HIFI_3D,tbg_008.jpg,13.626808359239837,13.416,4.3086,15,12,764,90,98.667,101,145.1,-27.96,-117.92,251.9,0.1864243123212919,1.0,173.87592410738833,4.010082114466926,357073609,960,3,False
train_00176.jpg,train,SYNTHETIC_HIFI_3D,tbg_009.jpg,6.75210928593441,6.928,8.216,6,8,200,232,24.0,25,141.84,84.94,133.27,69.65,0.03877085948207565,7.0,109.35098843207841,4.731366873799131,759608350,960,3,False
train_00177.jpg,train,SYNTHETIC_HIFI_3D,tbg_012.jpg,5.006040228893885,5.0,13.0961,5,5,767,544,8.333,9,115.05,28.67,-13.98,158.71,0.28106776118852356,0.0,176.50356724719788,2.6992243134267553,1121547922,960,3,False
train_00178.jpg,train,SYNTHETIC_HIFI_3D,tbg_013.jpg,12.380221478949146,11.402,4.856,13,10,746,459,65.778,69,-89.22,-25.78,-114.59,207.86,0.3237505650126386,0.0,58.81614053402734,1.6804290273911584,1162858482,960,3,False
train_00179.jpg,train,SYNTHETIC_HIFI_3D,tbg_014.jpg,17.389865274332646,17.493,3.576,17,18,112,126,125.778,130,-91.84,130.04,-119.22,52.67,0.09766632823911811,0.0,24.45492727739584,4.039759592006819,463549522,960,3,False
train_00180.jpg,train,SYNTHETIC_HIFI_3D,tbg_016.jpg,11.516014732842933,11.0,4.8172,11,11,737,257,62.111,64,-155.79,-10.81,161.83,185.04,0.09310323069243834,7.0,163.02567678053768,2.5589426986533317,1264724159,960,3,False
train_00181.jpg,train,SYNTHETIC_HIFI_3D,tbg_019.jpg,9.755236660964705,9.381,7.1458,8,11,735,909,33.333,35,-52.08,48.54,-140.15,340.11,0.34150430235210527,0.0,111.67497821586151,1.895753015538936,830987362,960,3,False
train_00182.jpg,train,SYNTHETIC_HIFI_3D,tbg_021.jpg,5.646943496172234,5.916,9.8239,5,7,427,192,16.778,16,-69.7,-120.96,-33.85,209.18,0.342662744873334,7.0,42.232474577948174,4.777092650095638,1486045984,960,3,False
train_00183.jpg,train,SYNTHETIC_HIFI_3D,tbg_022.jpg,32.0,32.0,1.3812,32,32,464,526,675.222,685,-164.33,-14.88,150.23,118.2,0.10708069599198045,0.0,19.122443640280665,4.525862957033147,1412994881,960,3,False
train_00184.jpg,train,SYNTHETIC_HIFI_3D,tbg_023.jpg,13.976172113196782,13.856,3.9693,12,16,630,274,89.889,93,-130.17,76.85,154.95,344.75,0.05692912647308685,0.0,57.52186236923408,4.267954725321344,225911991,960,3,False
train_00185.jpg,train,SYNTHETIC_HIFI_3D,tbg_024.jpg,5.091524233230879,4.899,13.564,4,6,857,865,10.333,9,137.02,75.26,-162.15,310.0,0.12194650459536621,7.0,18.1742502618767,3.1292755825727343,21518546,960,3,False
train_00186.jpg,train,SYNTHETIC_HIFI_3D,tbg_026.jpg,6.0946151511960895,5.916,9.679,7,5,172,331,16.111,15,82.8,17.81,54.03,331.36,0.17532370498277908,2.0,26.121923541465605,1.4515504845749923,1529174925,960,3,False
train_00187.jpg,train,SYNTHETIC_HIFI_3D,tbg_027.jpg,9.400042416150107,8.944,5.9016,10,8,341,748,40.222,44,-108.74,-11.1,79.74,52.86,0.0023124684377256064,0.0,171.2534798365344,3.3806442837245974,277845509,960,3,False
train_00188.jpg,train,SYNTHETIC_HIFI_3D,tbg_028.jpg,4.1365371942934255,4.0,14.499,4,4,418,376,6.222,5,-122.85,-114.46,26.22,275.68,0.18746049375678056,0.0,59.5512818492808,2.0860591924817995,1877100038,960,3,False
train_00189.jpg,train,SYNTHETIC_HIFI_3D,tbg_029.jpg,9.791745950555853,9.487,5.6655,9,10,553,633,44.444,44,37.64,136.45,-164.46,335.5,0.0976518071606832,4.0,80.74167543893847,3.432925454269803,1968754775,960,3,False
train_00190.jpg,train,SYNTHETIC_HIFI_3D,tbg_032.jpg,7.154122753985265,7.483,7.7543,8,7,654,62,28.111,29,96.04,15.77,57.71,225.85,0.03823595666750811,2.0,179.5223294275501,3.2358792583562397,1862582068,960,3,False
train_00191.jpg,train,SYNTHETIC_HIFI_3D,tbg_033.jpg,16.615896830255608,16.882,3.3387,15,19,105,695,148.222,150,145.42,-59.45,-115.22,2.74,0.1267599597776425,2.0,168.41014990501117,3.5516882808489196,423716514,960,3,False
train_00192.jpg,train,SYNTHETIC_HIFI_3D,tbg_034.jpg,14.560347498665802,14.491,3.3916,14,15,568,55,135.333,142,12.58,-146.49,127.41,216.14,0.29502481739538644,0.0,20.739014675369972,4.250723648038889,585927738,960,3,False
train_00193.jpg,train,SYNTHETIC_HIFI_3D,tbg_036.jpg,2.3200340414719696,2.449,26.6542,3,2,910,103,2.444,2,-114.49,135.44,-57.61,13.12,0.3278595215215696,7.0,71.86111308270411,4.396156300636093,1621623419,960,3,False
train_00194.jpg,train,SYNTHETIC_HIFI_3D,tbg_037.jpg,9.189631800673345,8.944,6.0367,8,10,328,849,43.556,44,-165.52,-0.22,-159.19,331.26,0.15681421746323113,2.0,11.1075392181682,4.4469810154457035,114182876,960,3,False
train_00195.jpg,train,SYNTHETIC_HIFI_3D,tbg_038.jpg,4.008795521816109,4.0,15.4378,4,4,158,728,6.333,6,87.21,115.25,154.9,85.6,0.10976644065891222,0.0,95.8014804990885,2.391519564835017,1320012423,960,3,False
train_00196.jpg,train,SYNTHETIC_HIFI_3D,tbg_039.jpg,15.67463149200221,16.0,3.9497,16,16,549,849,94.667,96,-63.69,-157.22,-146.31,256.86,0.1580870528167624,0.0,177.90178750989622,3.9707455438146066,499584303,960,3,False
train_00197.jpg,train,SYNTHETIC_HIFI_3D,tbg_041.jpg,9.789178216444654,9.95,5.667,9,11,696,257,46.889,48,112.64,72.74,-110.48,96.09,0.33212091941946875,0.0,110.96346371493378,3.2501703865560967,489032166,960,3,False
train_00198.jpg,train,SYNTHETIC_HIFI_3D,tbg_042.jpg,11.839333118632048,12.41,4.6857,11,14,241,266,72.222,73,7.99,-92.53,-95.72,279.1,0.1540678571014263,7.0,79.90119194123525,2.1687014517362586,851036875,960,3,False
train_00199.jpg,train,SYNTHETIC_HIFI_3D,tbg_046.jpg,5.283888119218882,5.477,11.755,5,6,355,719,10.889,11,-86.62,84.09,-92.13,200.51,0.09655795270970435,2.0,27.578331593080048,4.838250167238796,1203771986,960,3,False
train_00200.jpg,train,SYNTHETIC_HIFI_3D,tbg_008.jpg,22.453347143664594,22.226,2.4707,19,26,275,148,257.889,264,28.99,108.7,-83.57,53.55,0.029096619968429476,4.0,2.629121799760714,1.2841302113365405,1805280363,960,3,False
train_00201.jpg,train,SYNTHETIC_HIFI_3D,tbg_009.jpg,24.711315617930957,24.819,2.0716,22,28,629,586,360.556,366,-6.18,125.18,68.64,97.11,0.1440978510455903,1.0,29.13713204753762,4.808353323402731,187651169,960,3,False
train_00202.jpg,train,SYNTHETIC_HIFI_3D,tbg_012.jpg,5.2848226209410525,5.477,10.497,5,6,193,702,15.444,15,-175.87,-46.71,7.82,159.16,0.18033859764475388,1.0,61.99666671864767,2.4981104896205233,177028116,960,3,False
train_00203.jpg,train,SYNTHETIC_HIFI_3D,tbg_013.jpg,10.844219122941665,10.954,4.6937,12,10,276,451,62.778,62,-160.43,-4.27,129.27,215.96,0.3360532664064276,7.0,166.55647743876335,2.2627275073126865,1473193421,960,3,False
train_00204.jpg,train,SYNTHETIC_HIFI_3D,tbg_014.jpg,6.427420961410608,6.481,10.2372,6,7,561,778,13.556,13,118.84,-34.85,-28.6,21.41,0.24377864139820501,4.0,52.015300992894964,1.6452121305928582,451234824,960,3,False
train_00205.jpg,train,SYNTHETIC_HIFI_3D,tbg_016.jpg,8.89455782086569,8.944,6.9376,8,10,893,148,37.444,34,42.35,130.94,-161.24,128.6,0.29820824663855566,7.0,159.4602803950117,3.3585698725815467,513396762,960,3,False
train_00206.jpg,train,SYNTHETIC_HIFI_3D,tbg_019.jpg,4.77983528987221,5.0,11.606,5,5,546,532,9.778,9,-92.44,-113.3,-78.55,61.93,0.09951641295721252,0.0,137.12771535626624,4.94059265955822,1233369025,960,3,False
train_00207.jpg,train,SYNTHETIC_HIFI_3D,tbg_021.jpg,22.892225031289914,23.452,2.4233,25,22,545,304,226.444,229,-77.85,151.37,177.78,210.07,0.16543411487731255,4.0,37.80181684383197,3.6903891561999664,1532343490,960,3,False
train_00208.jpg,train,SYNTHETIC_HIFI_3D,tbg_022.jpg,5.543548514510738,6.0,10.0071,6,6,618,431,13.556,12,162.6,78.29,47.07,276.49,0.3344709951017631,1.0,12.909945308575274,4.228715344947039,897186321,960,3,False
train_00209.jpg,train,SYNTHETIC_HIFI_3D,tbg_023.jpg,7.76155476031635,7.937,7.1474,9,7,166,699,29.556,29,-106.8,-177.66,-92.37,68.12,0.10071371865751592,4.0,175.5951651133958,2.328632759860605,1657620269,960,3,False
train_00210.jpg,train,SYNTHETIC_HIFI_3D,tbg_024.jpg,11.564800473182625,12.0,4.7969,12,12,767,657,73.0,75,52.87,26.08,128.32,262.99,0.30270645172584143,1.0,72.83788276614544,3.530605462173328,1247298333,960,3,False
train_00211.jpg,train,SYNTHETIC_HIFI_3D,tbg_026.jpg,6.5106821659576815,5.916,9.4698,7,5,366,80,17.556,18,-81.62,176.05,-146.54,308.83,0.040921508076316296,7.0,123.08077879823233,4.042332024994,1672754437,960,3,False
train_00212.jpg,train,SYNTHETIC_HIFI_3D,tbg_027.jpg,7.9850285927638875,7.937,6.9474,9,7,101,822,34.889,37,117.78,4.05,-8.13,282.95,0.17816297477229218,0.0,138.96470975417512,4.016542768671451,457358419,960,3,False
train_00213.jpg,train,SYNTHETIC_HIFI_3D,tbg_028.jpg,6.789685715502751,6.928,8.1705,6,8,230,483,20.222,20,82.33,94.6,92.99,236.85,0.17934432239359646,1.0,141.33947675427817,1.1845277814606434,329322220,960,3,False
train_00214.jpg,train,SYNTHETIC_HIFI_3D,tbg_029.jpg,8.41902646569467,8.485,7.53,9,8,340,198,25.444,28,-90.92,143.07,87.62,278.23,0.01584221054565562,0.0,117.69304802333535,2.4102549767880617,1292983602,960,3,False
train_00215.jpg,train,SYNTHETIC_HIFI_3D,tbg_032.jpg,5.012592567461047,5.0,10.5181,5,5,481,226,11.889,13,-154.19,148.44,-94.35,249.15,0.03638388371596281,7.0,33.350147602821444,4.965906623867578,1607823206,960,3,False
train_00216.jpg,train,SYNTHETIC_HIFI_3D,tbg_033.jpg,7.229938569585559,6.928,7.5507,8,6,466,378,24.0,24,140.29,-1.73,-90.8,239.74,0.05099078367618051,0.0,124.58711501183109,1.991868143841459,1505853300,960,3,False
train_00217.jpg,train,SYNTHETIC_HIFI_3D,tbg_034.jpg,8.115518678795146,7.937,6.8357,7,9,266,672,34.333,35,-15.88,51.46,-172.9,278.46,0.2593150219428355,2.0,154.1680148378106,3.707309987549319,861676657,960,3,False
train_00218.jpg,train,SYNTHETIC_HIFI_3D,tbg_036.jpg,7.616839923141437,7.937,7.7793,7,9,668,887,28.0,31,123.39,115.51,154.55,265.76,0.3443097964703696,1.0,79.69300097553737,2.9654433349602285,756791612,960,3,False
train_00219.jpg,train,SYNTHETIC_HIFI_3D,tbg_037.jpg,9.258754670464242,9.381,5.9916,8,11,649,900,46.556,48,0.71,10.59,-29.85,98.96,0.050888731011921685,2.0,125.86321288683153,2.415344108886385,1670603261,960,3,False
train_00220.jpg,train,SYNTHETIC_HIFI_3D,tbg_038.jpg,7.773134298466352,7.937,7.1368,9,7,135,704,33.667,33,-83.17,-168.4,122.21,288.13,0.07390141460998498,1.0,45.76536468569812,1.6642858475077387,285247406,960,3,False
train_00221.jpg,train,SYNTHETIC_HIFI_3D,tbg_039.jpg,13.115966194517702,12.961,3.8562,12,14,580,54,98.111,99,-149.26,128.26,-169.35,7.85,0.06200197929799104,0.0,175.68294145357254,4.555435601529835,599363394,960,3,False
train_00222.jpg,train,SYNTHETIC_HIFI_3D,tbg_041.jpg,7.65704863980991,7.483,6.132,8,7,358,624,33.667,33,-175.93,-158.1,26.13,170.45,0.012952074999111989,7.0,57.49456900814282,3.6943434455296233,2078909156,960,3,False
train_00223.jpg,train,SYNTHETIC_HIFI_3D,tbg_042.jpg,8.405613691017539,8.485,6.5998,8,9,572,534,32.333,32,-54.59,103.16,-142.08,225.43,0.11733236937031566,0.0,170.36061384347917,1.609599315589921,236922026,960,3,False
train_00224.jpg,train,SYNTHETIC_HIFI_3D,tbg_046.jpg,6.454863704370126,6.481,8.5943,7,6,303,368,19.556,20,26.47,15.68,-111.02,347.36,0.22055294126389496,4.0,82.10630518098982,4.360123299166462,988820791,960,3,False
train_00225.jpg,train,SYNTHETIC_HIFI_3D,tbg_008.jpg,6.916896298762645,6.928,8.5206,8,6,242,392,20.444,20,-119.47,-24.09,-34.87,348.45,0.31903162096483395,2.0,98.95523391188007,2.5016202475289777,1882632049,960,3,False
train_00226.jpg,train,SYNTHETIC_HIFI_3D,tbg_009.jpg,4.782570588279673,4.899,13.4172,4,6,114,911,8.667,9,16.23,-129.25,-23.46,46.87,0.06981529930130892,1.0,5.003221722866968,1.1592698553626297,1041344211,960,3,False
train_00227.jpg,train,SYNTHETIC_HIFI_3D,tbg_012.jpg,11.665281506697283,11.489,4.7556,12,11,375,859,62.556,65,-105.73,168.04,93.32,41.46,0.14663501977212223,7.0,41.375673862055166,1.7695600354276015,1942628697,960,3,False
train_00228.jpg,train,SYNTHETIC_HIFI_3D,tbg_013.jpg,5.083324966807254,5.0,10.9131,5,5,548,787,11.778,13,-149.9,28.8,-95.32,204.57,0.008123242367030941,1.0,115.7987713256867,2.3525003762336523,1128434830,960,3,False
train_00229.jpg,train,SYNTHETIC_HIFI_3D,tbg_014.jpg,6.198432132660278,5.916,8.9498,5,7,363,735,18.444,17,-125.8,103.54,-3.98,46.88,0.08375166739037665,0.0,29.84244979169027,1.422497572452512,1310969590,960,3,False
train_00230.jpg,train,SYNTHETIC_HIFI_3D,tbg_016.jpg,10.770887615683527,10.392,5.1505,9,12,451,656,51.667,51,20.09,83.06,-172.57,191.52,0.1809316994542278,4.0,60.45715272743708,4.4880850035948985,1064138802,960,3,False
train_00231.jpg,train,SYNTHETIC_HIFI_3D,tbg_019.jpg,11.006777949963212,10.954,5.1156,10,12,759,203,62.889,65,45.82,134.62,-76.41,63.75,0.12863303190826875,1.0,163.5846105380094,1.2584826024309237,993075349,960,3,False
train_00232.jpg,train,SYNTHETIC_HIFI_3D,tbg_021.jpg,7.368154014034501,7.483,7.6847,7,8,435,434,22.333,19,166.74,79.05,-119.95,19.76,0.05529375160537519,4.0,19.389519174414843,4.151381822657731,606547147,960,3,False
train_00233.jpg,train,SYNTHETIC_HIFI_3D,tbg_022.jpg,3.2791743629336656,3.464,16.9174,3,4,461,829,5.0,4,-163.98,18.48,-4.84,184.57,0.04035108725823015,0.0,17.74760161134258,4.056985746161082,2073151850,960,3,False
train_00234.jpg,train,SYNTHETIC_HIFI_3D,tbg_023.jpg,11.105952446037767,11.0,4.7172,11,11,715,869,69.222,67,-138.15,-176.97,-143.81,73.54,0.3017880716167358,7.0,130.80045045210144,2.9595294322988055,114803945,960,3,False
train_00235.jpg,train,SYNTHETIC_HIFI_3D,tbg_024.jpg,10.247218539737343,10.488,4.7548,11,10,105,471,64.333,65,143.18,8.78,153.75,326.25,0.02431966202949849,1.0,161.98307550556808,1.6305901190743421,2130380571,960,3,False
train_00236.jpg,train,SYNTHETIC_HIFI_3D,tbg_026.jpg,4.44168571353594,4.0,14.0596,4,4,640,775,8.444,9,-126.26,-23.37,101.36,90.77,0.2087192722847441,0.0,124.5861280583762,1.0650300333358849,1481290697,960,3,False
train_00237.jpg,train,SYNTHETIC_HIFI_3D,tbg_027.jpg,13.228659083183766,12.845,4.1935,11,15,735,383,76.556,79,-89.59,-108.77,-144.61,87.06,0.19930831818230915,1.0,152.87681871608243,2.637567522330786,1630781398,960,3,False
train_00238.jpg,train,SYNTHETIC_HIFI_3D,tbg_028.jpg,6.338706193002044,6.481,9.0003,6,7,120,805,21.222,22,-162.89,100.43,-112.87,3.72,0.1830875704596091,0.0,91.36193304414833,3.052175914695888,731701616,960,3,False
train_00239.jpg,train,SYNTHETIC_HIFI_3D,tbg_029.jpg,5.124999970454875,5.292,10.8244,7,4,91,457,14.222,14,-141.02,13.13,-42.43,118.15,0.27785475125463693,7.0,38.758815979700564,3.160545750017529,1320234535,960,3,False
train_00240.jpg,train,SYNTHETIC_HIFI_3D,tbg_032.jpg,9.441264597815492,9.0,5.8758,9,9,782,872,43.444,42,50.6,-32.14,118.94,171.19,0.10395454560963466,2.0,64.65461969545801,4.1075037859796915,1218637955,960,3,False
train_00241.jpg,train,SYNTHETIC_HIFI_3D,tbg_033.jpg,8.231673715545732,8.0,7.3226,8,8,794,691,29.222,30,120.26,-64.9,-93.81,257.48,0.23225856190607064,0.0,116.80492719384357,3.5622087305789445,86481754,960,3,False
train_00242.jpg,train,SYNTHETIC_HIFI_3D,tbg_034.jpg,9.959596690269274,9.487,6.1264,10,9,132,85,46.444,48,-159.72,-35.29,-61.98,121.15,0.15826858695799229,4.0,170.30685143395118,4.891239977090105,1695503728,960,3,False
train_00243.jpg,train,SYNTHETIC_HIFI_3D,tbg_036.jpg,4.032354901795227,4.472,13.7575,4,5,130,411,7.889,7,-37.86,40.7,78.2,248.26,0.05235510090959883,7.0,105.96117569688234,1.865313697949432,1496804866,960,3,False
train_00244.jpg,train,SYNTHETIC_HIFI_3D,tbg_037.jpg,22.2722082735817,23.238,2.4908,20,27,888,130,306.111,314,-24.62,79.04,65.57,207.05,0.19218303963831113,2.0,26.51361666945457,4.136098807797372,125926572,960,3,False
train_00245.jpg,train,SYNTHETIC_HIFI_3D,tbg_038.jpg,6.658506898904009,6.481,9.1948,7,6,166,395,17.667,17,-109.02,-174.76,120.67,50.44,0.28996486025467416,4.0,77.96763917446734,4.043850072977367,1596871542,960,3,False
train_00246.jpg,train,SYNTHETIC_HIFI_3D,tbg_039.jpg,4.167827526047429,4.0,14.2821,4,4,426,725,8.222,8,111.97,13.57,-153.77,266.3,0.1536809091385251,1.0,120.28420100836745,1.409571717121632,162370683,960,3,False
train_00247.jpg,train,SYNTHETIC_HIFI_3D,tbg_041.jpg,12.263724431632664,12.49,4.5235,12,13,888,538,75.778,78,133.27,72.42,77.89,76.28,0.0420628190073231,1.0,15.6057303299613,2.3772744325467015,1631312382,960,3,False
train_00248.jpg,train,SYNTHETIC_HIFI_3D,tbg_042.jpg,7.53698709232799,7.483,6.3489,7,8,501,570,31.444,32,-155.8,3.82,-34.99,28.17,0.11778032433298706,7.0,79.16907245162508,4.767202425181068,970215616,960,3,False
train_00249.jpg,train,SYNTHETIC_HIFI_3D,tbg_046.jpg,10.587285713757186,10.392,5.2398,9,12,704,520,53.111,52,82.93,112.25,-149.05,235.2,0.11151960046666137,4.0,170.79855673694064,2.1534344901800986,28268450,960,3,False
train_00250.jpg,train,SYNTHETIC_HIFI_3D,tbg_008.jpg,7.59447008477482,7.483,6.5663,8,7,805,546,31.222,32,-137.85,173.2,53.47,356.77,0.2879675763295535,2.0,94.86911493766827,4.929799174120674,856750190,960,3,False
train_00251.jpg,train,SYNTHETIC_HIFI_3D,tbg_009.jpg,8.73514372259431,8.485,6.3508,9,8,831,588,36.778,39,17.84,23.16,131.94,33.62,0.23477939846568893,0.0,20.694459913599903,1.7204181719696456,1292451362,960,3,False
train_00252.jpg,train,SYNTHETIC_HIFI_3D,tbg_012.jpg,10.176803860525773,10.488,4.5451,11,10,567,488,64.333,66,160.81,20.08,-108.18,223.2,0.07457778504746082,7.0,145.66874486499427,2.225214672299721,884665804,960,3,False
train_00253.jpg,train,SYNTHETIC_HIFI_3D,tbg_013.jpg,6.195964142551515,6.481,8.9534,7,6,728,149,21.222,20,56.69,-2.42,-163.49,355.56,0.24606892528407331,7.0,67.94856435447478,1.7850176863978517,548786905,960,3,False
train_00254.jpg,train,SYNTHETIC_HIFI_3D,tbg_014.jpg,12.636562217540448,12.49,4.661,12,13,550,902,81.0,81,153.38,-5.71,-177.68,201.96,0.01708436512317561,0.0,114.60737393845878,4.161906698354185,1544732650,960,3,False
train_00255.jpg,train,SYNTHETIC_HIFI_3D,tbg_016.jpg,7.115493059935113,6.928,7.7964,8,6,493,666,24.0,27,78.83,154.97,67.92,55.72,0.15108220648315643,0.0,138.8135701752658,2.990791325615835,1887861068,960,3,False
train_00256.jpg,train,SYNTHETIC_HIFI_3D,tbg_019.jpg,5.826293327338224,6.0,8.4148,6,6,280,215,19.0,21,-21.85,178.17,43.58,278.36,0.3420307343251887,4.0,127.82546011272456,1.1009145246463925,578780194,960,3,False
train_00257.jpg,train,SYNTHETIC_HIFI_3D,tbg_021.jpg,9.353408181262783,9.798,5.931,8,12,341,68,49.778,51,163.91,36.09,16.14,70.82,0.15604297637270156,2.0,102.77799715588168,1.8116819835133513,1778427569,960,3,False
train_00258.jpg,train,SYNTHETIC_HIFI_3D,tbg_022.jpg,11.24299442138351,11.489,4.1635,12,11,333,447,72.222,73,-34.13,1.74,166.24,72.47,0.2166599889273712,2.0,109.48942055881221,1.1233699411410059,294127189,960,3,False
train_00259.jpg,train,SYNTHETIC_HIFI_3D,tbg_023.jpg,8.025989041966616,7.937,7.7256,9,7,162,107,28.0,31,71.08,-142.0,167.15,99.67,0.21369714372486132,0.0,131.1353900931673,2.1359542217574456,1236260194,960,3,False
train_00260.jpg,train,SYNTHETIC_HIFI_3D,tbg_024.jpg,5.847210347286742,5.916,10.5154,5,7,90,780,16.222,17,168.84,-47.44,19.63,107.21,0.1921062132156577,1.0,10.499465487668386,1.155240929457194,350162076,960,3,False
train_00261.jpg,train,SYNTHETIC_HIFI_3D,tbg_026.jpg,12.269510458455862,12.41,4.5214,11,14,316,529,75.556,75,-164.01,64.21,-36.93,108.47,0.02346410867513784,1.0,23.625316823058224,1.474019732908526,1353452416,960,3,False
train_00262.jpg,train,SYNTHETIC_HIFI_3D,tbg_027.jpg,3.732432557483139,3.464,17.1507,3,4,593,344,4.111,4,19.74,-69.49,104.5,70.55,0.012520388658413255,0.0,69.46956926726742,4.704986626214261,45712099,960,3,False
train_00263.jpg,train,SYNTHETIC_HIFI_3D,tbg_028.jpg,5.3751824053578785,5.477,10.3206,6,5,856,723,14.556,13,-124.86,-4.54,-12.35,296.46,0.24990806838743596,1.0,164.60377661272153,1.3073724837883045,405144823,960,3,False
train_00264.jpg,train,SYNTHETIC_HIFI_3D,tbg_029.jpg,9.179621956753655,9.381,6.9047,11,8,60,368,31.333,29,49.52,-26.79,-69.55,152.56,0.2965513562078127,0.0,102.26436855397253,3.899053648642054,610603147,960,3,False
train_00265.jpg,train,SYNTHETIC_HIFI_3D,tbg_032.jpg,4.557138379516141,5.0,12.1732,5,5,564,664,10.333,11,34.58,-80.04,-110.89,133.52,0.17755857889618212,4.0,110.42006194469259,1.5854137950227236,2073750896,960,3,False
train_00266.jpg,train,SYNTHETIC_HIFI_3D,tbg_033.jpg,9.12685995571161,9.381,6.0782,8,11,513,336,42.556,43,-167.06,111.1,80.46,219.57,0.08537378007449131,0.0,117.80249886870027,1.7569862648869998,950129392,960,3,False
train_00267.jpg,train,SYNTHETIC_HIFI_3D,tbg_034.jpg,8.756471424053053,8.944,6.3353,8,10,408,489,31.556,33,-102.41,-63.83,-0.8,193.6,0.2855714287801254,7.0,12.188004536649487,3.7694587199556278,1877004760,960,3,False
train_00268.jpg,train,SYNTHETIC_HIFI_3D,tbg_036.jpg,14.105918650640806,13.416,3.9327,12,15,264,320,103.333,103,163.3,-131.9,159.12,119.47,0.05219692143688455,0.0,62.955233722222395,1.9173814130880085,1101684592,960,3,False
train_00269.jpg,train,SYNTHETIC_HIFI_3D,tbg_037.jpg,5.69637154693152,5.477,9.7387,6,5,623,699,14.222,14,-18.43,160.68,30.22,6.44,0.15573137859708355,7.0,143.0701140797262,1.1258064304603042,1684627315,960,3,False
train_00270.jpg,train,SYNTHETIC_HIFI_3D,tbg_038.jpg,6.581556815913223,6.481,9.5837,6,7,902,197,20.111,21,-112.85,33.34,-83.61,6.24,0.1441279420722918,7.0,141.57734253367005,4.730603072932768,985117211,960,3,False
train_00271.jpg,train,SYNTHETIC_HIFI_3D,tbg_039.jpg,10.631437563745102,11.0,4.7093,11,11,770,293,63.111,65,-131.9,-3.36,52.64,348.88,0.16053825593221202,0.0,148.76564311927345,2.075810867147066,1599510103,960,3,False
train_00272.jpg,train,SYNTHETIC_HIFI_3D,tbg_041.jpg,2.633839802126559,3.0,21.0624,3,3,838,538,3.556,3,143.64,-128.09,141.53,320.76,0.08024892151817936,1.0,41.43310211219128,4.8396172762772345,1044931239,960,3,False
train_00273.jpg,train,SYNTHETIC_HIFI_3D,tbg_042.jpg,32.0,32.863,1.6171,36,30,517,181,542.111,557,-94.82,2.07,-111.08,55.21,0.11394825537680246,7.0,102.21154054717525,1.991539888019402,967656667,960,3,False
train_00274.jpg,train,SYNTHETIC_HIFI_3D,tbg_046.jpg,6.346472914841065,6.481,8.7411,7,6,632,389,18.0,17,157.97,-23.73,-66.17,300.01,0.2601495181715697,2.0,37.58409384796236,1.1628643824066596,163259666,960,3,False
train_00275.jpg,train,SYNTHETIC_HIFI_3D,tbg_008.jpg,6.248285155455452,6.481,8.8784,6,7,636,783,21.111,20,130.05,-120.46,-4.58,340.94,0.26078769115268213,2.0,153.97365776870708,3.2272846860582187,974921322,960,3,False
train_00276.jpg,train,SYNTHETIC_HIFI_3D,tbg_009.jpg,13.843119646707802,14.283,4.0074,12,17,96,823,112.111,116,-97.42,-103.32,-112.56,273.32,0.22770810166602792,4.0,77.2937964010474,2.9290115627673123,1295808812,960,3,False
train_00277.jpg,train,SYNTHETIC_HIFI_3D,tbg_012.jpg,8.822529820551134,9.0,6.7613,9,9,727,645,34.333,32,70.63,-141.63,-118.97,127.98,0.1862470516208241,0.0,159.53981448052883,3.0067674263224435,1785111035,960,3,False
train_00278.jpg,train,SYNTHETIC_HIFI_3D,tbg_013.jpg,3.6969578101873837,3.464,15.0056,3,4,762,82,7.222,8,177.79,-53.15,-55.48,65.81,0.2767952432965912,0.0,97.37841470326191,4.827540798116977,657248913,960,3,False
train_00279.jpg,train,SYNTHETIC_HIFI_3D,tbg_014.jpg,12.313402057680536,12.41,4.5053,11,14,163,555,71.333,71,-3.13,91.76,-35.66,55.77,0.12279254114319711,7.0,141.4144391864447,4.211223284714677,1988830806,960,3,False
train_00280.jpg,train,SYNTHETIC_HIFI_3D,tbg_016.jpg,13.803380063858375,13.856,4.0189,12,16,646,255,100.778,103,175.48,-140.75,-3.59,305.91,0.09087221367657855,7.0,72.91426397065068,1.6670886151034257,1526063574,960,3,False
train_00281.jpg,train,SYNTHETIC_HIFI_3D,tbg_019.jpg,7.186839028181258,7.483,7.719,7,8,156,567,26.667,25,-169.64,-108.51,3.73,152.02,0.1485843357303299,4.0,10.17387743556868,3.8579643020653926,1504480395,960,3,False
train_00282.jpg,train,SYNTHETIC_HIFI_3D,tbg_021.jpg,7.817965841821037,7.937,7.9644,7,9,328,64,28.333,28,145.06,-82.61,-48.12,54.69,0.13232106664695675,0.0,57.31033202309922,4.084573033699203,887220318,960,3,False
train_00283.jpg,train,SYNTHETIC_HIFI_3D,tbg_022.jpg,11.475529239425718,11.489,4.8342,11,12,122,664,62.111,65,158.14,163.94,177.42,266.37,0.2068961861767442,0.0,68.30963644594256,2.7100125465638585,222416488,960,3,False
train_00284.jpg,train,SYNTHETIC_HIFI_3D,tbg_023.jpg,5.71351517950049,5.916,9.7094,5,7,752,155,19.222,19,-6.52,-22.48,132.45,279.78,0.22383748448872687,1.0,19.63925223475974,3.9224123910059503,1679083170,960,3,False
train_00285.jpg,train,SYNTHETIC_HIFI_3D,tbg_024.jpg,11.205658337592107,11.402,4.9506,10,13,597,219,68.0,70,-175.63,-75.75,22.26,215.59,0.12187579233396077,7.0,37.97971222485074,2.5410237709591788,1190668008,960,3,False
train_00286.jpg,train,SYNTHETIC_HIFI_3D,tbg_026.jpg,9.943050178077984,10.392,5.5793,9,12,667,860,51.889,53,-178.88,-8.84,159.88,157.46,0.09672739835173672,1.0,44.531275400486884,2.2493216143261865,904723275,960,3,False
train_00287.jpg,train,SYNTHETIC_HIFI_3D,tbg_027.jpg,6.42218414566125,6.481,8.638,7,6,589,164,20.444,21,54.54,21.95,-137.01,188.15,0.3346192434638261,4.0,112.82152278416984,4.31351436467237,1440560304,960,3,False
train_00288.jpg,train,SYNTHETIC_HIFI_3D,tbg_028.jpg,4.486952049645568,4.472,13.7773,5,4,554,901,8.222,9,-142.15,20.34,-149.77,263.97,0.33211823209258634,0.0,104.1020987237547,4.382678949505145,1258974501,960,3,False
train_00289.jpg,train,SYNTHETIC_HIFI_3D,tbg_029.jpg,8.039940333490403,7.937,6.8999,7,9,277,628,30.0,32,-6.15,133.0,136.84,295.38,0.026332518886740718,4.0,31.2940403710991,4.288823619110389,713509031,960,3,False
train_00290.jpg,train,SYNTHETIC_HIFI_3D,tbg_032.jpg,5.809610030446896,5.477,10.6519,5,6,61,126,16.0,17,158.16,-65.05,-66.04,22.68,0.10901546266768967,0.0,52.03699392374048,2.329213712467548,1227579160,960,3,False
train_00291.jpg,train,SYNTHETIC_HIFI_3D,tbg_033.jpg,14.848957936738618,15.492,3.321,16,15,737,132,134.333,135,48.12,-146.86,62.78,105.44,0.1908621362601476,1.0,32.53988896548728,4.920288483574986,346689378,960,3,False
train_00292.jpg,train,SYNTHETIC_HIFI_3D,tbg_034.jpg,9.672310943101243,9.487,5.3368,10,9,717,316,50.667,51,170.33,-37.44,29.66,91.87,0.1920341161987164,7.0,38.84626390305394,3.011079332937073,2033489598,960,3,False
train_00293.jpg,train,SYNTHETIC_HIFI_3D,tbg_036.jpg,13.306688966543119,13.856,4.169,12,16,415,140,97.556,98,104.58,118.35,-136.96,219.3,0.3442264132663602,0.0,58.31242374479487,1.9547070775291968,1827703760,960,3,False
train_00294.jpg,train,SYNTHETIC_HIFI_3D,tbg_037.jpg,9.626652415859821,9.487,5.7626,10,9,649,657,43.556,43,-130.37,-177.29,-92.38,302.51,0.13662689601686223,0.0,178.04410874241225,4.648966711139421,1245721588,960,3,False
train_00295.jpg,train,SYNTHETIC_HIFI_3D,tbg_038.jpg,10.264333673338854,10.488,6.0495,11,10,840,178,50.444,48,93.39,39.21,-40.15,260.04,0.3382962276105953,4.0,11.276112465014291,4.480188173688239,1411407828,960,3,False
train_00296.jpg,train,SYNTHETIC_HIFI_3D,tbg_039.jpg,6.084381748443261,6.0,11.173,6,6,125,477,12.444,12,89.06,134.23,-78.12,168.02,0.2528686207626534,7.0,61.29507892100327,4.274482653761867,1859270791,960,3,False
train_00297.jpg,train,SYNTHETIC_HIFI_3D,tbg_041.jpg,12.569186345348127,12.961,4.9034,12,14,502,886,65.0,66,-123.96,147.16,-137.47,204.73,0.27523368034303203,4.0,114.52397260754093,4.910493759897211,903313463,960,3,False
train_00298.jpg,train,SYNTHETIC_HIFI_3D,tbg_042.jpg,21.967711462410623,21.213,2.5253,18,25,667,836,264.0,266,28.12,-164.01,2.56,319.92,0.0963231992136557,1.0,98.34935735797019,3.453909211324981,721825373,960,3,False
train_00299.jpg,train,SYNTHETIC_HIFI_3D,tbg_046.jpg,7.708940811298618,7.483,8.3494,7,8,605,105,22.889,23,-61.12,-56.3,110.56,194.65,0.20479272712010704,2.0,86.66217933524285,4.1430812068803,861615946,960,3,False
train_00300.jpg,train,SYNTHETIC_HIFI_3D,tbg_008.jpg,6.691494976189989,6.928,8.2904,6,8,233,751,24.444,24,7.78,43.75,52.98,141.64,0.06763501358061302,0.0,74.33473266756369,2.108339288756592,1312140764,960,3,False
train_00301.jpg,train,SYNTHETIC_HIFI_3D,tbg_009.jpg,8.317038369357823,8.367,6.67,7,10,345,265,30.556,32,152.59,-103.72,137.42,205.42,0.3005622752342867,2.0,177.03416896713765,2.2692239943015506,2056285439,960,3,False
train_00302.jpg,train,SYNTHETIC_HIFI_3D,tbg_012.jpg,7.075120219466353,6.928,7.8409,6,8,770,252,27.444,29,-119.65,101.39,93.27,273.14,0.07975515205212391,7.0,103.58612896433732,2.0748978385056023,1872343129,960,3,False
train_00303.jpg,train,SYNTHETIC_HIFI_3D,tbg_013.jpg,6.337503543247478,6.481,8.7534,6,7,446,491,19.0,19,3.46,-134.33,-68.53,216.44,0.3303195027665716,4.0,128.41203832632598,4.003187110027055,1181510247,960,3,False
train_00304.jpg,train,SYNTHETIC_HIFI_3D,tbg_014.jpg,9.643859574751662,9.381,6.1988,8,11,545,797,41.333,43,80.5,-114.01,-137.29,351.24,0.1260302407684627,0.0,110.21419447104854,3.532331272933019,2100071145,960,3,False
train_00305.jpg,train,SYNTHETIC_HIFI_3D,tbg_016.jpg,7.781629867690769,7.483,8.2452,7,8,372,224,21.889,20,-92.78,-50.63,-112.12,36.92,0.06633518179401376,0.0,128.35851736534357,1.6798095827126258,1849788888,960,3,False
train_00306.jpg,train,SYNTHETIC_HIFI_3D,tbg_019.jpg,18.479488259738897,18.493,3.1667,19,18,379,409,133.556,138,-93.9,-140.01,13.23,82.9,0.33824786020258574,7.0,59.109941727215194,1.7953024619425313,730275782,960,3,False
train_00307.jpg,train,SYNTHETIC_HIFI_3D,tbg_021.jpg,9.000907439041965,9.0,7.5321,9,9,142,881,32.889,34,-154.9,-12.31,157.68,352.69,0.265097268345338,0.0,174.4858817847195,3.649779651231776,950378144,960,3,False
train_00308.jpg,train,SYNTHETIC_HIFI_3D,tbg_022.jpg,10.582276423122174,10.392,5.2423,9,12,524,676,56.0,54,-9.51,-61.94,121.19,73.06,0.1018799485825953,2.0,12.052878424272059,2.921647380866777,1596850094,960,3,False
train_00309.jpg,train,SYNTHETIC_HIFI_3D,tbg_023.jpg,14.486765541052959,14.697,3.8294,12,18,667,78,122.778,122,136.25,-72.05,-94.1,12.13,0.09211666641407915,4.0,38.87888243766354,1.4791432902479458,2035854294,960,3,False
train_00310.jpg,train,SYNTHETIC_HIFI_3D,tbg_024.jpg,7.743444783697735,7.483,7.1641,7,8,109,905,31.111,33,-4.77,139.73,166.38,281.32,0.3490133174453569,1.0,150.4006065415587,4.014114683581293,194973014,960,3,False
train_00311.jpg,train,SYNTHETIC_HIFI_3D,tbg_026.jpg,18.45975297558125,18.33,3.0052,16,21,205,278,163.444,168,-66.4,117.93,177.66,234.62,0.04889875435167956,1.0,137.94828404358108,4.814264422117537,1326336400,960,3,False
train_00312.jpg,train,SYNTHETIC_HIFI_3D,tbg_027.jpg,6.559257896846841,6.928,8.0772,8,6,598,427,22.556,23,53.13,-7.21,80.3,331.69,0.10660852471990333,0.0,25.22357276587558,4.146470152086517,1161460623,960,3,False
train_00313.jpg,train,SYNTHETIC_HIFI_3D,tbg_028.jpg,6.0078126250053385,5.916,9.9607,5,7,912,826,16.444,16,-12.36,-107.11,152.29,197.2,0.2576633253242438,0.0,16.05761438590501,3.8191117381406117,639908368,960,3,False
train_00314.jpg,train,SYNTHETIC_HIFI_3D,tbg_029.jpg,7.493912826848768,7.483,7.8406,7,8,794,420,25.444,25,173.41,107.7,-27.9,255.4,0.2641017561560673,2.0,78.35989805420425,2.971962232906261,1798146336,960,3,False
train_00315.jpg,train,SYNTHETIC_HIFI_3D,tbg_032.jpg,8.498297772247835,8.367,6.9366,10,7,128,665,35.667,34,-139.17,-166.47,116.92,112.97,0.2621356706527453,7.0,123.30161369481142,4.983555021574694,1879108641,960,3,False
train_00316.jpg,train,SYNTHETIC_HIFI_3D,tbg_033.jpg,4.466323010078265,4.472,12.4207,4,5,646,654,9.444,10,-61.18,94.43,62.91,255.31,0.04481820298382386,4.0,5.5129932637204515,2.170072413642283,1835884150,960,3,False
train_00317.jpg,train,SYNTHETIC_HIFI_3D,tbg_034.jpg,8.843451001654676,8.944,6.273,8,10,376,440,36.222,37,9.56,-102.23,137.49,345.48,0.34333643211935816,7.0,6.146908333640299,4.38944663780554,63193365,960,3,False
train_00318.jpg,train,SYNTHETIC_HIFI_3D,tbg_036.jpg,3.909780686897107,4.0,16.2296,4,4,222,400,5.444,4,75.78,-47.45,-78.69,79.47,0.05753090312774006,4.0,54.05104899200797,3.8672354649167984,1418003954,960,3,False
train_00319.jpg,train,SYNTHETIC_HIFI_3D,tbg_037.jpg,18.052673273524363,18.493,3.073,18,19,614,198,168.778,170,107.91,128.56,-80.26,83.7,0.3002769286941632,7.0,52.11008024450941,1.4249580202021446,553207406,960,3,False
train_00320.jpg,train,SYNTHETIC_HIFI_3D,tbg_038.jpg,8.642795654772847,9.0,7.0455,9,9,524,864,31.778,31,89.46,33.82,-149.61,11.6,0.1379407635344522,0.0,123.53357106315119,2.2939503171488993,1325917328,960,3,False
train_00321.jpg,train,SYNTHETIC_HIFI_3D,tbg_039.jpg,6.528947264067993,6.481,9.1098,6,7,535,654,18.333,18,-37.14,-140.17,166.46,212.29,0.1624569687986052,1.0,169.46731568847338,1.3177438848248606,571407808,960,3,False
train_00322.jpg,train,SYNTHETIC_HIFI_3D,tbg_041.jpg,5.714778382012969,5.477,11.0084,5,6,158,583,13.333,13,-53.28,-73.78,-152.52,131.16,0.1221403016889056,4.0,161.32092612522337,2.7527534726537866,212563477,960,3,False
train_00323.jpg,train,SYNTHETIC_HIFI_3D,tbg_042.jpg,7.426163258522499,6.928,8.5338,6,8,826,227,23.111,23,176.61,89.26,74.33,97.48,0.14438584604653154,0.0,52.812640226332604,2.070710890865578,2033572913,960,3,False
train_00324.jpg,train,SYNTHETIC_HIFI_3D,tbg_046.jpg,8.050102651763293,8.367,6.8912,7,10,638,762,32.111,32,-145.79,124.51,-67.77,107.85,0.22638067888625088,0.0,106.18024018776788,1.6980868796003254,107589844,960,3,False
train_00325.jpg,train,SYNTHETIC_HIFI_3D,tbg_008.jpg,5.3386301536523835,5.477,11.6785,5,6,716,633,9.667,11,-60.01,57.16,-131.86,15.05,0.2594497144009497,1.0,94.20431171725525,1.6684835974311443,860788631,960,3,False
train_00326.jpg,train,SYNTHETIC_HIFI_3D,tbg_009.jpg,5.682134932015233,5.477,9.7631,6,5,593,607,15.0,13,-94.7,164.23,142.72,251.95,0.23072103651679957,0.0,12.58620742214414,4.425115337088338,2106878223,960,3,False
train_00327.jpg,train,SYNTHETIC_HIFI_3D,tbg_012.jpg,8.19592496128194,7.937,6.7686,9,7,500,162,33.333,33,105.89,3.51,45.77,183.06,0.20771232893753652,1.0,97.89297185837184,4.060357701108082,947119121,960,3,False
train_00328.jpg,train,SYNTHETIC_HIFI_3D,tbg_013.jpg,6.9367454100793,6.928,8.2132,6,8,436,232,20.667,20,21.32,-67.69,16.34,13.86,0.14591638480455268,0.0,18.261849476906505,4.8578590969760915,226059168,960,3,False
train_00329.jpg,train,SYNTHETIC_HIFI_3D,tbg_014.jpg,14.394283220422437,14.422,3.5921,13,16,637,505,101.0,103,116.1,-93.13,-47.69,119.38,0.055923575929741294,2.0,52.67890466554522,2.528527213293168,1909772016,960,3,False
train_00330.jpg,train,SYNTHETIC_HIFI_3D,tbg_016.jpg,15.897466620047238,16.432,3.4895,15,18,854,388,137.222,138,-140.44,60.87,111.56,160.46,0.1479376714164018,7.0,127.19676768990578,2.0576159250753454,1210245978,960,3,False
train_00331.jpg,train,SYNTHETIC_HIFI_3D,tbg_019.jpg,9.072384952638894,9.487,5.3919,9,10,380,452,46.333,44,-30.94,-150.79,140.91,343.15,0.08540183396142924,0.0,163.01375148047495,3.339755893654017,511936352,960,3,False
train_00332.jpg,train,SYNTHETIC_HIFI_3D,tbg_021.jpg,11.404686453797524,10.954,4.8642,12,10,727,634,60.778,63,165.78,5.97,95.26,108.04,0.2692187260182704,4.0,29.62974984444104,3.516992269869375,443076587,960,3,False
train_00333.jpg,train,SYNTHETIC_HIFI_3D,tbg_022.jpg,4.616470215791241,4.472,12.7521,4,5,400,454,7.667,7,23.38,-82.0,-119.82,97.68,0.24041861730574166,2.0,27.255588963834057,1.814205047535559,477007210,960,3,False
train_00334.jpg,train,SYNTHETIC_HIFI_3D,tbg_023.jpg,12.378157557289002,12.0,4.7068,12,12,728,621,74.778,78,60.01,34.59,8.23,263.73,0.054024085033594293,0.0,58.88435781862566,3.586555195744003,726663181,960,3,False
train_00335.jpg,train,SYNTHETIC_HIFI_3D,tbg_024.jpg,8.86342131115254,9.0,6.6991,9,9,84,517,35.333,37,-102.59,-62.08,-135.92,16.87,0.2564228742637398,0.0,80.34134123714306,2.278930630505721,1114648665,960,3,False
train_00336.jpg,train,SYNTHETIC_HIFI_3D,tbg_026.jpg,11.467979211866464,11.489,4.8374,11,12,732,484,58.0,57,112.61,110.08,53.06,221.56,0.19750443969924333,4.0,138.44699554335,1.3857094937169885,538221560,960,3,False
train_00337.jpg,train,SYNTHETIC_HIFI_3D,tbg_027.jpg,20.033435308468146,19.339,2.7691,17,22,319,587,202.111,207,-143.41,63.19,-168.62,90.35,0.12088278316332367,2.0,114.46105026610931,2.9782187903098296,1516864527,960,3,False
train_00338.jpg,train,SYNTHETIC_HIFI_3D,tbg_028.jpg,2.8771369904500874,3.0,19.7643,3,3,411,174,4.333,5,-113.34,146.88,-172.97,192.68,0.05032954323119149,2.0,96.01915970733738,3.226799542135505,1371190402,960,3,False
train_00339.jpg,train,SYNTHETIC_HIFI_3D,tbg_029.jpg,10.254315761425289,9.798,5.7066,12,8,852,328,53.667,54,84.07,-8.47,92.51,277.43,0.1354285384812403,7.0,147.46080645613222,2.8624866355331795,2113432000,960,3,False
train_00340.jpg,train,SYNTHETIC_HIFI_3D,tbg_032.jpg,5.194835950729954,5.0,12.334,5,5,143,694,11.333,11,11.24,20.77,120.72,182.15,0.08689559965915354,4.0,116.29173108663343,3.3260414002437044,514848072,960,3,False
train_00341.jpg,train,SYNTHETIC_HIFI_3D,tbg_033.jpg,12.101421475761848,12.49,4.91,12,13,475,269,57.889,61,-96.99,-130.04,-169.37,230.46,0.2981146342696153,2.0,13.198410289652804,1.7110131940138134,213711605,960,3,False
train_00342.jpg,train,SYNTHETIC_HIFI_3D,tbg_034.jpg,4.667239851013774,4.472,13.6413,4,5,753,379,8.444,8,-39.04,55.27,-119.76,337.33,0.19420807924420916,1.0,44.185066351698154,1.252158426135351,1536517447,960,3,False
train_00343.jpg,train,SYNTHETIC_HIFI_3D,tbg_036.jpg,7.025348298400258,6.928,8.4112,6,8,808,330,23.556,24,90.11,-112.82,-162.71,258.77,0.20159988881701582,1.0,157.71081726731046,4.277708431835899,2049793056,960,3,False
train_00344.jpg,train,SYNTHETIC_HIFI_3D,tbg_037.jpg,9.96014326188451,9.95,6.4247,11,9,99,128,44.556,44,28.99,-10.71,86.46,221.97,0.26711396504726503,0.0,150.7863382238256,4.966368636982458,951412909,960,3,False
train_00345.jpg,train,SYNTHETIC_HIFI_3D,tbg_038.jpg,12.23106798068232,11.489,5.3172,11,12,337,901,54.556,57,-122.79,154.76,92.44,210.09,0.22561943782751845,0.0,108.40739409686765,1.765483379730008,63846676,960,3,False
train_00346.jpg,train,SYNTHETIC_HIFI_3D,tbg_039.jpg,9.342946018111565,9.381,6.3234,8,11,109,177,46.444,46,170.98,30.21,-122.85,96.64,0.2478623099263384,0.0,95.45741833795316,1.057855287857501,1198005478,960,3,False
train_00347.jpg,train,SYNTHETIC_HIFI_3D,tbg_041.jpg,6.054544262371309,6.325,9.8187,8,5,166,750,17.667,19,-95.81,-19.36,-135.71,235.86,0.20401920244144642,1.0,170.46457460713967,2.4358675707262236,996399651,960,3,False
train_00348.jpg,train,SYNTHETIC_HIFI_3D,tbg_042.jpg,6.8240863807117895,6.928,8.1293,8,6,801,653,23.0,21,-64.75,154.71,120.82,113.59,0.19717859501943463,1.0,133.27539206836101,1.6952437147197985,1448595444,960,3,False
train_00349.jpg,train,SYNTHETIC_HIFI_3D,tbg_046.jpg,14.00586293413921,14.422,3.6326,13,16,425,720,107.556,106,-13.29,16.9,-57.06,219.92,0.14137617968038885,0.0,160.4388097026458,2.2448659581299184,1015187221,960,3,False
train_00350.jpg,train,SYNTHETIC_HIFI_3D,tbg_008.jpg,8.975285724737521,9.0,5.2085,9,9,519,396,45.778,50,162.41,163.35,-50.22,241.48,0.22398611235311192,0.0,148.53919915926252,4.937642320616259,1099445725,960,3,False
train_00351.jpg,train,SYNTHETIC_HIFI_3D,tbg_009.jpg,3.8779915540945016,4.0,14.3051,4,4,685,727,8.111,9,-121.88,-175.17,165.98,38.01,0.0323464235226879,1.0,152.35831729340924,3.8186353896271465,2085071981,960,3,False
train_00352.jpg,train,SYNTHETIC_HIFI_3D,tbg_012.jpg,13.722762239880822,13.416,4.0426,15,12,194,673,98.0,101,-161.63,0.37,-129.52,19.77,0.18568467468495337,2.0,151.30651538679396,3.8577199694348128,844030715,960,3,False
train_00353.jpg,train,SYNTHETIC_HIFI_3D,tbg_013.jpg,11.082295303193526,11.402,5.0057,10,13,304,748,63.778,65,-95.7,80.78,81.07,301.39,0.054584471350082,2.0,34.082045828510545,2.8188737150507794,224865223,960,3,False
train_00354.jpg,train,SYNTHETIC_HIFI_3D,tbg_014.jpg,13.928433829084849,14.0,3.4314,14,14,644,494,112.444,113,-144.92,158.39,92.43,226.06,0.31811946939474844,2.0,80.94602270584197,3.0771024256401898,1676600568,960,3,False
train_00355.jpg,train,SYNTHETIC_HIFI_3D,tbg_016.jpg,7.605797946569437,7.483,6.126,8,7,551,382,33.444,37,174.28,168.73,172.57,84.69,0.0950583865194697,0.0,150.40326794579494,4.378978792232353,309859828,960,3,False
train_00356.jpg,train,SYNTHETIC_HIFI_3D,tbg_019.jpg,13.616779738732728,13.0,4.074,13,13,95,350,96.444,97,-3.84,-23.05,-160.75,215.02,0.27141095277565136,4.0,24.654299380799774,1.44013410476852,27287337,960,3,False
train_00357.jpg,train,SYNTHETIC_HIFI_3D,tbg_021.jpg,5.294624800497053,5.477,12.1112,6,5,894,673,10.0,11,-72.68,131.47,-39.08,198.01,0.1782230012738225,7.0,131.82671424240027,1.827909996884845,1029094040,960,3,False
train_00358.jpg,train,SYNTHETIC_HIFI_3D,tbg_022.jpg,11.967857121325633,12.41,5.3668,14,11,61,159,61.667,61,36.79,166.19,16.24,31.64,0.29632579182512564,2.0,174.31929116575705,1.2720025812273774,1771319987,960,3,False
train_00359.jpg,train,SYNTHETIC_HIFI_3D,tbg_023.jpg,7.043001456203208,6.928,9.4896,6,8,446,901,17.556,17,70.81,42.1,-6.0,90.36,0.11692751412021159,0.0,70.55131626613922,4.804947751144056,1523963408,960,3,False
train_00360.jpg,train,SYNTHETIC_HIFI_3D,tbg_024.jpg,12.60886867927536,11.832,4.3997,10,14,631,634,76.222,77,-122.8,85.71,-12.27,152.87,0.23289768312884998,7.0,59.23296390383328,3.048326613977661,363145324,960,3,False
train_00361.jpg,train,SYNTHETIC_HIFI_3D,tbg_026.jpg,14.880425665443592,14.866,3.7281,13,17,839,316,119.778,121,155.08,102.41,-147.95,152.82,0.14633402475804286,0.0,92.63251054136211,4.472270485821889,1927636410,960,3,False
train_00362.jpg,train,SYNTHETIC_HIFI_3D,tbg_027.jpg,6.229085307112547,6.481,9.6873,7,6,249,847,17.889,17,-128.19,5.15,135.15,315.09,0.2792715177418874,0.0,122.86445469605334,4.620647949757781,65730097,960,3,False
train_00363.jpg,train,SYNTHETIC_HIFI_3D,tbg_028.jpg,8.7723948105623,8.485,6.7624,9,8,252,347,30.667,31,76.64,-19.38,-45.93,3.83,0.08004846014323563,0.0,177.0917476195465,3.859812403026722,1279322008,960,3,False
train_00364.jpg,train,SYNTHETIC_HIFI_3D,tbg_029.jpg,9.177014102557665,8.944,6.045,10,8,349,795,46.778,49,-141.42,1.06,-78.36,346.18,0.23733795233762914,4.0,117.07370679724637,3.045650023521187,1744085222,960,3,False
train_00365.jpg,train,SYNTHETIC_HIFI_3D,tbg_032.jpg,16.314544103456296,16.492,3.1194,16,17,708,871,156.0,156,46.71,136.28,91.3,126.75,0.2236981258285867,7.0,84.44117625617558,4.853242444902548,1376753430,960,3,False
train_00366.jpg,train,SYNTHETIC_HIFI_3D,tbg_033.jpg,12.839208114329473,12.41,4.3207,14,11,470,462,71.0,75,95.26,159.98,64.51,68.59,0.33294199243486267,4.0,169.94687078224857,3.5112967611015597,1993284026,960,3,False
train_00367.jpg,train,SYNTHETIC_HIFI_3D,tbg_034.jpg,4.891924602660698,4.899,11.8809,6,4,327,252,11.444,12,46.34,-145.53,-175.01,70.02,0.17496612548282536,0.0,158.2810242595192,3.9693204982407164,16197654,960,3,False
train_00368.jpg,train,SYNTHETIC_HIFI_3D,tbg_036.jpg,11.31386209188701,11.489,4.9033,12,11,318,335,61.667,65,-126.66,-158.93,20.36,19.39,0.2965289619733618,4.0,26.51413712773894,2.607779094103639,1443602454,960,3,False
train_00369.jpg,train,SYNTHETIC_HIFI_3D,tbg_037.jpg,13.062808961832483,12.961,4.2468,14,12,691,633,89.556,87,62.57,-162.17,-72.83,346.85,0.31910436396325687,4.0,148.40530816450413,1.9128597440054267,300812685,960,3,False
train_00370.jpg,train,SYNTHETIC_HIFI_3D,tbg_038.jpg,26.026819492145826,26.495,1.6783,26,27,471,328,448.0,455,169.74,168.06,-18.41,339.61,0.33873700454372924,0.0,103.9073537680542,1.5795563430968276,1147310374,960,3,False
train_00371.jpg,train,SYNTHETIC_HIFI_3D,tbg_039.jpg,3.88704811004282,4.0,14.2718,4,4,479,167,8.333,8,109.52,164.73,109.73,27.54,0.06113757001536077,1.0,141.46201329288505,1.6694561142270934,1828923541,960,3,False
train_00372.jpg,train,SYNTHETIC_HIFI_3D,tbg_041.jpg,6.882957490399749,6.928,8.7628,8,6,116,420,21.222,21,39.35,148.41,128.64,65.44,0.044677506684698526,4.0,74.56409997792689,2.3312371638255143,1569953757,960,3,False
train_00373.jpg,train,SYNTHETIC_HIFI_3D,tbg_042.jpg,17.529938162100485,18.0,3.5191,18,18,68,227,149.333,149,96.56,-47.91,20.36,22.36,0.3175274825424665,1.0,118.81009646460228,3.8836082905458973,659669938,960,3,False
train_00374.jpg,train,SYNTHETIC_HIFI_3D,tbg_046.jpg,4.5708054106532,4.472,15.9317,5,4,773,69,6.444,5,130.19,15.77,-109.57,276.07,0.03035852507615884,2.0,59.65367507810371,4.9813052600415455,862060449,960,3,False
train_00375.jpg,train,SYNTHETIC_HIFI_3D,tbg_008.jpg,4.940637074695523,4.472,13.7997,5,4,714,892,9.556,11,123.33,34.91,6.71,168.21,0.15208105814103245,7.0,101.41048485691634,3.2688232326014157,1938131779,960,3,False
train_00376.jpg,train,SYNTHETIC_HIFI_3D,tbg_009.jpg,11.65535434697444,11.958,4.7596,11,13,817,202,75.111,77,17.79,-24.08,-24.71,332.8,0.027320127237945423,1.0,128.62012600161793,2.34863160914757,35597455,960,3,False
train_00377.jpg,train,SYNTHETIC_HIFI_3D,tbg_012.jpg,14.975700303891415,14.283,3.7043,12,17,425,345,107.556,110,-52.11,80.28,-90.32,76.71,0.3395621995237264,1.0,37.44794822476127,3.5255125223918027,898570810,960,3,False
train_00378.jpg,train,SYNTHETIC_HIFI_3D,tbg_013.jpg,6.442291718012288,6.481,8.6111,6,7,226,688,21.222,20,154.91,-23.68,80.57,227.16,0.19203811169664736,4.0,124.15767768214009,1.5192677562065824,1378536916,960,3,False
train_00379.jpg,train,SYNTHETIC_HIFI_3D,tbg_014.jpg,11.790429740751474,11.958,4.9522,11,13,801,317,70.333,72,-146.72,107.91,-144.67,147.79,0.17019502460878844,7.0,57.52527591769629,3.6586644411403495,500580888,960,3,False
train_00380.jpg,train,SYNTHETIC_HIFI_3D,tbg_016.jpg,9.541991459506166,10.0,6.7021,10,10,302,868,34.222,33,-126.0,-25.39,-111.36,194.01,0.3318556341837211,2.0,33.10988559104849,4.627511587727436,1381009247,960,3,False
train_00381.jpg,train,SYNTHETIC_HIFI_3D,tbg_019.jpg,19.232452649540086,19.442,2.615,18,21,703,580,209.444,205,10.69,-45.02,-66.02,62.33,0.03966790269235512,0.0,157.89723556188156,2.7773507343212387,320455803,960,3,False
train_00382.jpg,train,SYNTHETIC_HIFI_3D,tbg_021.jpg,8.993169614520914,9.0,7.5451,9,9,822,880,32.111,32,152.33,164.91,64.51,344.79,0.28514886189540656,0.0,8.485494738063288,1.350886652535173,994578119,960,3,False
train_00383.jpg,train,SYNTHETIC_HIFI_3D,tbg_022.jpg,14.766309981214956,14.866,4.0388,13,17,513,109,91.556,92,-117.79,52.57,-98.18,219.66,0.17933745703712237,2.0,140.5290425666276,1.2644629346648308,484999861,960,3,False
train_00384.jpg,train,SYNTHETIC_HIFI_3D,tbg_023.jpg,5.729714177266387,6.481,10.3487,6,7,131,85,17.111,15,-114.64,-95.12,146.39,287.68,0.12473846426539116,0.0,123.22942419964171,4.636596347407283,1152452837,960,3,False
train_00385.jpg,train,SYNTHETIC_HIFI_3D,tbg_024.jpg,8.205339924299336,8.367,6.7608,7,10,429,299,32.111,32,12.05,-91.52,83.41,172.29,0.049337849260658886,7.0,65.51800623890355,1.3171390044176636,1133938367,960,3,False
train_00386.jpg,train,SYNTHETIC_HIFI_3D,tbg_026.jpg,8.575183141689061,8.367,6.4692,10,7,458,428,30.444,30,88.05,-8.15,74.91,105.79,0.0020083342316784655,2.0,70.44504129953225,4.873881498591514,251144232,960,3,False
train_00387.jpg,train,SYNTHETIC_HIFI_3D,tbg_027.jpg,15.90730680385429,16.492,3.9462,16,17,849,736,102.778,105,-33.72,39.47,53.54,82.85,0.318631378494318,2.0,130.7084137652426,1.5448447462079584,1613362523,960,3,False
train_00388.jpg,train,SYNTHETIC_HIFI_3D,tbg_028.jpg,12.025520466546197,11.958,4.2022,11,13,474,822,81.222,81,-17.73,178.29,97.66,335.45,0.1944123101446028,0.0,53.48529619431315,3.3941395682298805,388092020,960,3,False
train_00389.jpg,train,SYNTHETIC_HIFI_3D,tbg_029.jpg,6.180183797291656,6.481,8.9763,7,6,340,53,19.778,19,122.76,-36.99,-127.36,309.92,0.15587647702665594,0.0,144.84640830471926,4.391965798840726,1715029225,960,3,False
train_00390.jpg,train,SYNTHETIC_HIFI_3D,tbg_032.jpg,12.65697515896427,12.49,3.8092,13,12,216,634,95.222,99,-28.7,-7.43,64.91,104.17,0.0180657972856479,7.0,48.26498564833657,3.065196688935778,243314415,960,3,False
train_00391.jpg,train,SYNTHETIC_HIFI_3D,tbg_033.jpg,13.230704349857161,13.491,4.1929,14,13,453,430,79.111,84,-109.95,-140.86,179.61,220.7,0.14553135439718287,1.0,152.25356619745463,2.703480238904001,2027360850,960,3,False
train_00392.jpg,train,SYNTHETIC_HIFI_3D,tbg_034.jpg,8.51135978188695,8.367,6.8493,7,10,771,850,33.333,33,175.86,121.49,-100.0,65.71,0.15696942084358886,0.0,61.83055187137189,3.7955344446530135,1150129400,960,3,False
train_00393.jpg,train,SYNTHETIC_HIFI_3D,tbg_036.jpg,7.912101476005982,8.0,8.0641,8,8,297,226,22.333,22,50.14,141.93,146.62,220.74,0.060486342794798906,7.0,81.551491364597,3.061989493955407,1629032217,960,3,False
train_00394.jpg,train,SYNTHETIC_HIFI_3D,tbg_037.jpg,8.168807640819315,8.367,6.7911,7,10,362,170,36.667,36,-24.22,78.49,-138.87,327.45,0.07857769238717917,1.0,166.57977460536392,4.225720425743652,855378273,960,3,False
train_00395.jpg,train,SYNTHETIC_HIFI_3D,tbg_038.jpg,3.856377897236661,4.0,16.6822,4,4,256,352,5.111,5,-44.64,-68.68,-152.22,77.15,0.1675454814437762,7.0,61.357440201791825,1.388972728346356,1201190131,960,3,False
train_00396.jpg,train,SYNTHETIC_HIFI_3D,tbg_039.jpg,9.890711470294816,9.95,5.6088,9,11,510,510,47.667,48,140.76,131.84,-133.28,156.12,0.27733340840995974,7.0,136.31782906973862,4.8227485526559395,1960257209,960,3,False
train_00397.jpg,train,SYNTHETIC_HIFI_3D,tbg_041.jpg,10.119998766276339,10.0,6.2233,10,10,854,304,37.222,39,-50.45,-42.47,-15.31,56.28,0.060559200564349734,0.0,142.27208558882023,2.5622576394971217,416004296,960,3,False
train_00398.jpg,train,SYNTHETIC_HIFI_3D,tbg_042.jpg,5.838420602329343,5.916,10.2929,5,7,862,862,17.667,17,55.26,-91.48,155.18,185.18,0.060897451928915734,7.0,178.53838920877683,1.3455274059508087,2068416679,960,3,False
train_00399.jpg,train,SYNTHETIC_HIFI_3D,tbg_046.jpg,13.045558125110867,12.649,4.2524,10,16,417,832,81.111,86,146.41,116.72,14.04,77.26,0.1041815903779228,4.0,154.6134084931411,1.3990311024201914,1592585871,960,3,False
neg_train_00000.jpg,train,NEGATIVE,tbg_008.jpg,,,,,,,,,,,,,,,,,,,960,,True
neg_train_00001.jpg,train,NEGATIVE,tbg_008.jpg,,,,,,,,,,,,,,,,,,,960,,True
neg_train_00002.jpg,train,NEGATIVE,tbg_008.jpg,,,,,,,,,,,,,,,,,,,960,,True
neg_train_00003.jpg,train,NEGATIVE,tbg_008.jpg,,,,,,,,,,,,,,,,,,,960,,True
neg_train_00004.jpg,train,NEGATIVE,tbg_009.jpg,,,,,,,,,,,,,,,,,,,960,,True
neg_train_00005.jpg,train,NEGATIVE,tbg_009.jpg,,,,,,,,,,,,,,,,,,,960,,True
neg_train_00006.jpg,train,NEGATIVE,tbg_009.jpg,,,,,,,,,,,,,,,,,,,960,,True
neg_train_00007.jpg,train,NEGATIVE,tbg_009.jpg,,,,,,,,,,,,,,,,,,,960,,True
neg_train_00008.jpg,train,NEGATIVE,tbg_012.jpg,,,,,,,,,,,,,,,,,,,960,,True
neg_train_00009.jpg,train,NEGATIVE,tbg_012.jpg,,,,,,,,,,,,,,,,,,,960,,True
neg_train_00010.jpg,train,NEGATIVE,tbg_012.jpg,,,,,,,,,,,,,,,,,,,960,,True
neg_train_00011.jpg,train,NEGATIVE,tbg_012.jpg,,,,,,,,,,,,,,,,,,,960,,True
neg_train_00012.jpg,train,NEGATIVE,tbg_013.jpg,,,,,,,,,,,,,,,,,,,960,,True
neg_train_00013.jpg,train,NEGATIVE,tbg_013.jpg,,,,,,,,,,,,,,,,,,,960,,True
neg_train_00014.jpg,train,NEGATIVE,tbg_013.jpg,,,,,,,,,,,,,,,,,,,960,,True
neg_train_00015.jpg,train,NEGATIVE,tbg_013.jpg,,,,,,,,,,,,,,,,,,,960,,True
neg_train_00016.jpg,train,NEGATIVE,tbg_014.jpg,,,,,,,,,,,,,,,,,,,960,,True
neg_train_00017.jpg,train,NEGATIVE,tbg_014.jpg,,,,,,,,,,,,,,,,,,,960,,True
neg_train_00018.jpg,train,NEGATIVE,tbg_014.jpg,,,,,,,,,,,,,,,,,,,960,,True
neg_train_00019.jpg,train,NEGATIVE,tbg_014.jpg,,,,,,,,,,,,,,,,,,,960,,True
neg_train_00020.jpg,train,NEGATIVE,tbg_016.jpg,,,,,,,,,,,,,,,,,,,960,,True
neg_train_00021.jpg,train,NEGATIVE,tbg_016.jpg,,,,,,,,,,,,,,,,,,,960,,True
neg_train_00022.jpg,train,NEGATIVE,tbg_016.jpg,,,,,,,,,,,,,,,,,,,960,,True
neg_train_00023.jpg,train,NEGATIVE,tbg_016.jpg,,,,,,,,,,,,,,,,,,,960,,True
neg_train_00024.jpg,train,NEGATIVE,tbg_019.jpg,,,,,,,,,,,,,,,,,,,960,,True
neg_train_00025.jpg,train,NEGATIVE,tbg_019.jpg,,,,,,,,,,,,,,,,,,,960,,True
neg_train_00026.jpg,train,NEGATIVE,tbg_019.jpg,,,,,,,,,,,,,,,,,,,960,,True
neg_train_00027.jpg,train,NEGATIVE,tbg_019.jpg,,,,,,,,,,,,,,,,,,,960,,True
neg_train_00028.jpg,train,NEGATIVE,tbg_021.jpg,,,,,,,,,,,,,,,,,,,960,,True
neg_train_00029.jpg,train,NEGATIVE,tbg_021.jpg,,,,,,,,,,,,,,,,,,,960,,True
neg_train_00030.jpg,train,NEGATIVE,tbg_021.jpg,,,,,,,,,,,,,,,,,,,960,,True
neg_train_00031.jpg,train,NEGATIVE,tbg_021.jpg,,,,,,,,,,,,,,,,,,,960,,True
neg_train_00032.jpg,train,NEGATIVE,tbg_022.jpg,,,,,,,,,,,,,,,,,,,960,,True
neg_train_00033.jpg,train,NEGATIVE,tbg_022.jpg,,,,,,,,,,,,,,,,,,,960,,True
neg_train_00034.jpg,train,NEGATIVE,tbg_022.jpg,,,,,,,,,,,,,,,,,,,960,,True
neg_train_00035.jpg,train,NEGATIVE,tbg_022.jpg,,,,,,,,,,,,,,,,,,,960,,True
neg_train_00036.jpg,train,NEGATIVE,tbg_023.jpg,,,,,,,,,,,,,,,,,,,960,,True
neg_train_00037.jpg,train,NEGATIVE,tbg_023.jpg,,,,,,,,,,,,,,,,,,,960,,True
neg_train_00038.jpg,train,NEGATIVE,tbg_023.jpg,,,,,,,,,,,,,,,,,,,960,,True
neg_train_00039.jpg,train,NEGATIVE,tbg_023.jpg,,,,,,,,,,,,,,,,,,,960,,True
neg_train_00040.jpg,train,NEGATIVE,tbg_024.jpg,,,,,,,,,,,,,,,,,,,960,,True
neg_train_00041.jpg,train,NEGATIVE,tbg_024.jpg,,,,,,,,,,,,,,,,,,,960,,True
neg_train_00042.jpg,train,NEGATIVE,tbg_024.jpg,,,,,,,,,,,,,,,,,,,960,,True
neg_train_00043.jpg,train,NEGATIVE,tbg_024.jpg,,,,,,,,,,,,,,,,,,,960,,True
neg_train_00044.jpg,train,NEGATIVE,tbg_026.jpg,,,,,,,,,,,,,,,,,,,960,,True
neg_train_00045.jpg,train,NEGATIVE,tbg_026.jpg,,,,,,,,,,,,,,,,,,,960,,True
neg_train_00046.jpg,train,NEGATIVE,tbg_026.jpg,,,,,,,,,,,,,,,,,,,960,,True
neg_train_00047.jpg,train,NEGATIVE,tbg_026.jpg,,,,,,,,,,,,,,,,,,,960,,True
neg_train_00048.jpg,train,NEGATIVE,tbg_027.jpg,,,,,,,,,,,,,,,,,,,960,,True
neg_train_00049.jpg,train,NEGATIVE,tbg_027.jpg,,,,,,,,,,,,,,,,,,,960,,True
neg_train_00050.jpg,train,NEGATIVE,tbg_027.jpg,,,,,,,,,,,,,,,,,,,960,,True
neg_train_00051.jpg,train,NEGATIVE,tbg_027.jpg,,,,,,,,,,,,,,,,,,,960,,True
neg_train_00052.jpg,train,NEGATIVE,tbg_028.jpg,,,,,,,,,,,,,,,,,,,960,,True
neg_train_00053.jpg,train,NEGATIVE,tbg_028.jpg,,,,,,,,,,,,,,,,,,,960,,True
neg_train_00054.jpg,train,NEGATIVE,tbg_028.jpg,,,,,,,,,,,,,,,,,,,960,,True
neg_train_00055.jpg,train,NEGATIVE,tbg_028.jpg,,,,,,,,,,,,,,,,,,,960,,True
neg_train_00056.jpg,train,NEGATIVE,tbg_029.jpg,,,,,,,,,,,,,,,,,,,960,,True
neg_train_00057.jpg,train,NEGATIVE,tbg_029.jpg,,,,,,,,,,,,,,,,,,,960,,True
neg_train_00058.jpg,train,NEGATIVE,tbg_029.jpg,,,,,,,,,,,,,,,,,,,960,,True
neg_train_00059.jpg,train,NEGATIVE,tbg_029.jpg,,,,,,,,,,,,,,,,,,,960,,True
neg_train_00060.jpg,train,NEGATIVE,tbg_032.jpg,,,,,,,,,,,,,,,,,,,960,,True
neg_train_00061.jpg,train,NEGATIVE,tbg_032.jpg,,,,,,,,,,,,,,,,,,,960,,True
neg_train_00062.jpg,train,NEGATIVE,tbg_032.jpg,,,,,,,,,,,,,,,,,,,960,,True
neg_train_00063.jpg,train,NEGATIVE,tbg_032.jpg,,,,,,,,,,,,,,,,,,,960,,True
neg_train_00064.jpg,train,NEGATIVE,tbg_033.jpg,,,,,,,,,,,,,,,,,,,960,,True
neg_train_00065.jpg,train,NEGATIVE,tbg_033.jpg,,,,,,,,,,,,,,,,,,,960,,True
neg_train_00066.jpg,train,NEGATIVE,tbg_033.jpg,,,,,,,,,,,,,,,,,,,960,,True
neg_train_00067.jpg,train,NEGATIVE,tbg_033.jpg,,,,,,,,,,,,,,,,,,,960,,True
neg_train_00068.jpg,train,NEGATIVE,tbg_034.jpg,,,,,,,,,,,,,,,,,,,960,,True
neg_train_00069.jpg,train,NEGATIVE,tbg_034.jpg,,,,,,,,,,,,,,,,,,,960,,True
neg_train_00070.jpg,train,NEGATIVE,tbg_034.jpg,,,,,,,,,,,,,,,,,,,960,,True
neg_train_00071.jpg,train,NEGATIVE,tbg_034.jpg,,,,,,,,,,,,,,,,,,,960,,True
neg_train_00072.jpg,train,NEGATIVE,tbg_036.jpg,,,,,,,,,,,,,,,,,,,960,,True
neg_train_00073.jpg,train,NEGATIVE,tbg_036.jpg,,,,,,,,,,,,,,,,,,,960,,True
neg_train_00074.jpg,train,NEGATIVE,tbg_036.jpg,,,,,,,,,,,,,,,,,,,960,,True
neg_train_00075.jpg,train,NEGATIVE,tbg_036.jpg,,,,,,,,,,,,,,,,,,,960,,True
neg_train_00076.jpg,train,NEGATIVE,tbg_037.jpg,,,,,,,,,,,,,,,,,,,960,,True
neg_train_00077.jpg,train,NEGATIVE,tbg_037.jpg,,,,,,,,,,,,,,,,,,,960,,True
neg_train_00078.jpg,train,NEGATIVE,tbg_037.jpg,,,,,,,,,,,,,,,,,,,960,,True
neg_train_00079.jpg,train,NEGATIVE,tbg_037.jpg,,,,,,,,,,,,,,,,,,,960,,True
neg_train_00080.jpg,train,NEGATIVE,tbg_038.jpg,,,,,,,,,,,,,,,,,,,960,,True
neg_train_00081.jpg,train,NEGATIVE,tbg_038.jpg,,,,,,,,,,,,,,,,,,,960,,True
neg_train_00082.jpg,train,NEGATIVE,tbg_038.jpg,,,,,,,,,,,,,,,,,,,960,,True
neg_train_00083.jpg,train,NEGATIVE,tbg_038.jpg,,,,,,,,,,,,,,,,,,,960,,True
neg_train_00084.jpg,train,NEGATIVE,tbg_039.jpg,,,,,,,,,,,,,,,,,,,960,,True
neg_train_00085.jpg,train,NEGATIVE,tbg_039.jpg,,,,,,,,,,,,,,,,,,,960,,True
neg_train_00086.jpg,train,NEGATIVE,tbg_039.jpg,,,,,,,,,,,,,,,,,,,960,,True
neg_train_00087.jpg,train,NEGATIVE,tbg_039.jpg,,,,,,,,,,,,,,,,,,,960,,True
neg_train_00088.jpg,train,NEGATIVE,tbg_041.jpg,,,,,,,,,,,,,,,,,,,960,,True
neg_train_00089.jpg,train,NEGATIVE,tbg_041.jpg,,,,,,,,,,,,,,,,,,,960,,True
neg_train_00090.jpg,train,NEGATIVE,tbg_041.jpg,,,,,,,,,,,,,,,,,,,960,,True
neg_train_00091.jpg,train,NEGATIVE,tbg_041.jpg,,,,,,,,,,,,,,,,,,,960,,True
neg_train_00092.jpg,train,NEGATIVE,tbg_042.jpg,,,,,,,,,,,,,,,,,,,960,,True
neg_train_00093.jpg,train,NEGATIVE,tbg_042.jpg,,,,,,,,,,,,,,,,,,,960,,True
neg_train_00094.jpg,train,NEGATIVE,tbg_042.jpg,,,,,,,,,,,,,,,,,,,960,,True
neg_train_00095.jpg,train,NEGATIVE,tbg_042.jpg,,,,,,,,,,,,,,,,,,,960,,True
neg_train_00096.jpg,train,NEGATIVE,tbg_046.jpg,,,,,,,,,,,,,,,,,,,960,,True
neg_train_00097.jpg,train,NEGATIVE,tbg_046.jpg,,,,,,,,,,,,,,,,,,,960,,True
neg_train_00098.jpg,train,NEGATIVE,tbg_046.jpg,,,,,,,,,,,,,,,,,,,960,,True
neg_train_00099.jpg,train,NEGATIVE,tbg_046.jpg,,,,,,,,,,,,,,,,,,,960,,True
nf_train_00000.jpg,train,SYNTHETIC_HIFI_3D,tbg_008.jpg,178.91038289811658,173.704,0.3101,211,143,854,319,17985.0,17985,96.64,-15.87,-24.26,210.74,0.11208014085938778,1.0,104.62944176794213,2.346857311502818,1374416200,960,1,False
nf_train_00001.jpg,train,SYNTHETIC_HIFI_3D,tbg_009.jpg,131.33471378833914,125.06,0.4224,115,136,202,527,8963.0,8963,-15.1,-118.02,163.0,309.79,0.12927691886597048,0.0,113.79246796303211,3.315577237910561,578435040,960,1,False
nf_train_00002.jpg,train,SYNTHETIC_HIFI_3D,tbg_012.jpg,58.86033890360387,56.569,0.9425,50,64,196,268,1727.556,1752,52.71,-79.69,-2.45,260.79,0.2674448214222778,2.0,40.46782189351619,3.4326426384771285,500810039,960,3,False
nf_train_00003.jpg,train,SYNTHETIC_HIFI_3D,tbg_013.jpg,147.33411303051463,147.641,0.3765,126,173,791,873,12518.0,12518,-56.02,84.62,121.88,256.06,0.24507054943141618,1.0,161.59794474971528,2.65684630087265,1573749574,960,1,False
nf_train_00004.jpg,train,SYNTHETIC_HIFI_3D,tbg_014.jpg,65.67707306311114,65.238,0.8447,56,76,794,106,2190.667,2203,12.0,-69.82,98.31,224.4,0.005331587790793768,1.0,51.455489700161024,1.7602519254473545,589832581,960,3,False
nf_train_00005.jpg,train,SYNTHETIC_HIFI_3D,tbg_016.jpg,135.29834073379342,135.056,0.3796,114,160,269,541,10418.0,10418,24.88,65.02,80.53,246.21,0.18190949998371542,2.0,64.57542669567734,3.1680235609802603,1415297330,960,1,False
nf_train_00006.jpg,train,SYNTHETIC_HIFI_3D,tbg_019.jpg,91.26778875649781,91.559,0.6559,101,83,901,518,3695.445,3709,-47.94,138.35,157.63,257.91,0.3082147325117584,0.0,115.8366005280308,3.900857089909313,1319473623,960,3,False
nf_train_00007.jpg,train,SYNTHETIC_HIFI_3D,tbg_021.jpg,221.20236285109382,220.472,0.2192,196,248,771,365,28872.0,28872,32.65,42.53,-121.55,117.68,0.14666243217685124,0.0,0.9614113406545788,4.797795098529392,1842976655,960,1,False
nf_train_00008.jpg,train,SYNTHETIC_HIFI_3D,tbg_022.jpg,157.69977234349517,160.997,0.3518,160,162,376,638,11066.0,11066,-97.12,135.05,-153.9,137.87,0.2682763813026021,2.0,166.06631469622315,3.1023202881043677,412103252,960,1,False
nf_train_00009.jpg,train,SYNTHETIC_HIFI_3D,tbg_023.jpg,68.8024264979008,69.742,0.8063,64,76,71,689,2649.222,2670,0.33,96.42,-170.34,87.63,0.03330116982394238,0.0,103.53669508755019,1.0448257362304987,634898868,960,3,False
nf_train_00010.jpg,train,SYNTHETIC_HIFI_3D,tbg_024.jpg,48.90620651923393,49.071,1.0344,43,56,552,148,1427.333,1438,28.89,-119.75,-170.87,212.94,0.16055134312778446,0.0,52.27484784236277,2.727181181714182,1818595751,960,3,False
nf_train_00011.jpg,train,SYNTHETIC_HIFI_3D,tbg_026.jpg,185.92476801283146,186.829,0.2669,179,195,321,600,20953.0,20953,150.99,44.43,102.99,14.58,0.007315058366911236,2.0,107.65801650619716,1.6612708434458758,499963998,960,1,False
nf_train_00012.jpg,train,SYNTHETIC_HIFI_3D,tbg_027.jpg,96.90648626080309,97.488,0.4848,88,108,583,569,5438.777,5450,-171.13,-139.78,71.6,347.83,0.030796126456096338,1.0,80.81606898505923,4.618897082484473,979324099,960,3,False
nf_train_00013.jpg,train,SYNTHETIC_HIFI_3D,tbg_028.jpg,242.77538868974824,242.213,0.2001,289,203,605,323,35205.0,35205,-128.46,168.71,143.2,25.72,0.20414886635719895,1.0,3.9895234941884716,3.014483645083007,1657473877,960,1,False
nf_train_00014.jpg,train,SYNTHETIC_HIFI_3D,tbg_029.jpg,258.9552145111573,251.44,0.2142,257,246,746,633,43182.0,43182,-162.94,9.71,157.94,164.02,0.3217888246531693,0.0,120.61405836597937,4.006574082848073,1643075660,960,1,False
nf_train_00015.jpg,train,SYNTHETIC_HIFI_3D,tbg_032.jpg,66.93328407731731,67.639,0.7628,61,75,677,525,2241.333,2262,-73.19,95.97,12.39,335.42,0.32129733893648005,0.0,160.76594530447449,2.7987181121997526,569141066,960,3,False
nf_train_00016.jpg,train,SYNTHETIC_HIFI_3D,tbg_033.jpg,97.93467491596714,101.961,0.5664,92,113,96,74,5980.889,5997,-16.57,165.7,129.02,96.88,0.34587792939534384,2.0,11.256368877520949,3.5850311871205234,1323597353,960,3,False
nf_train_00017.jpg,train,SYNTHETIC_HIFI_3D,tbg_034.jpg,107.85942521207558,108.665,0.4872,96,123,597,461,5915.111,5934,-106.71,-115.79,111.41,197.13,0.06643385518839898,2.0,25.546177757947312,4.4129892728432445,438472355,960,3,False
nf_train_00018.jpg,train,SYNTHETIC_HIFI_3D,tbg_036.jpg,138.3395668875146,139.241,0.3748,148,131,325,589,11598.0,11598,-139.97,35.86,134.51,302.82,0.15910369106076988,1.0,98.86631014331063,4.220414593134473,429411025,960,1,False
nf_train_00019.jpg,train,SYNTHETIC_HIFI_3D,tbg_037.jpg,45.3467299293314,47.286,1.2234,52,43,144,147,1170.444,1187,55.7,40.01,108.53,228.56,0.2732612640039152,1.0,71.40358187718196,1.0418539958973638,89469439,960,3,False
nf_train_00020.jpg,train,SYNTHETIC_HIFI_3D,tbg_038.jpg,41.57499087861624,43.359,1.3343,40,47,915,126,893.111,907,169.64,58.98,19.39,145.7,0.10711969025041232,7.0,168.72600256300174,2.6112145780212006,1018216170,960,3,False
nf_train_00021.jpg,train,SYNTHETIC_HIFI_3D,tbg_039.jpg,53.94369554344128,54.259,1.0284,46,64,199,135,1646.556,1661,80.51,-88.88,-60.25,241.94,0.2215305484259777,1.0,128.0919859194876,1.4711780256814393,7974394,960,3,False
nf_train_00022.jpg,train,SYNTHETIC_HIFI_3D,tbg_041.jpg,87.59113665702752,83.785,0.6333,78,90,287,224,4202.556,4215,12.46,161.19,30.94,167.5,0.0155215359843555,2.0,107.4594323272763,3.9320724376179803,1611051643,960,3,False
nf_train_00023.jpg,train,SYNTHETIC_HIFI_3D,tbg_042.jpg,104.47565887094629,106.649,0.531,121,94,175,309,5468.777,5497,62.3,33.08,36.09,83.85,0.2367808878124164,4.0,105.52671997796095,1.6169542813689457,842828923,960,3,False
nf_train_00024.jpg,train,SYNTHETIC_HIFI_3D,tbg_046.jpg,92.00657131390011,91.652,0.5693,80,105,695,328,4959.556,4965,-128.59,-66.48,70.14,162.92,0.3193138777011318,7.0,48.60177509793335,3.282515058549889,682938281,960,3,False
nf_train_00025.jpg,train,SYNTHETIC_HIFI_3D,tbg_008.jpg,54.18344315523975,55.561,1.0238,49,63,773,828,1586.667,1603,-88.19,113.41,117.3,316.64,0.14478009502393618,0.0,157.6053266468765,4.744349103573899,583749995,960,3,False
nf_train_00026.jpg,train,SYNTHETIC_HIFI_3D,tbg_009.jpg,205.78425935451656,198.431,0.2696,175,225,733,193,22698.0,22698,-23.21,-97.24,-107.83,352.37,0.10131210461274463,7.0,74.99497270954404,1.7754147640335565,236334915,960,1,False
nf_train_00027.jpg,train,SYNTHETIC_HIFI_3D,tbg_012.jpg,273.2150046740979,283.937,0.203,290,278,350,156,37064.0,37064,91.02,32.63,-143.72,64.16,0.04075319576347963,2.0,139.666622648767,2.0858807141962457,888631305,960,1,False
nf_train_00028.jpg,train,SYNTHETIC_HIFI_3D,tbg_013.jpg,192.90804287409614,194.082,0.2876,172,219,132,850,21344.0,21344,-148.49,-72.68,142.71,2.76,0.2942503776083057,0.0,170.77219065818514,4.649360431919198,1345893045,960,1,False
nf_train_00029.jpg,train,SYNTHETIC_HIFI_3D,tbg_014.jpg,142.4298243649842,138.708,0.3487,130,148,153,73,11621.0,11621,-164.48,-113.58,28.41,320.64,0.2274594561206566,7.0,95.3387664171589,4.660132527090518,1485766899,960,1,False
nf_train_00030.jpg,train,SYNTHETIC_HIFI_3D,tbg_016.jpg,257.63160821288864,255.333,0.2153,221,295,121,324,34363.0,34363,85.9,71.37,47.14,13.8,0.07934042757996355,7.0,69.90428816328435,4.123765286911531,630141043,960,1,False
nf_train_00031.jpg,train,SYNTHETIC_HIFI_3D,tbg_019.jpg,142.30136250064302,142.871,0.3898,126,162,62,80,11121.0,11121,-106.92,48.37,85.13,108.57,0.3498188471139539,7.0,72.70913873032025,2.7969526730096823,943934235,960,1,False
nf_train_00032.jpg,train,SYNTHETIC_HIFI_3D,tbg_021.jpg,83.89390785379892,82.958,0.6613,74,93,108,568,3916.0,3929,144.14,-107.75,-35.82,312.06,0.1627148543587724,0.0,78.37607347859655,3.3364051414234823,996656669,960,3,False
nf_train_00033.jpg,train,SYNTHETIC_HIFI_3D,tbg_022.jpg,162.77948959768162,162.954,0.3088,187,142,405,436,15195.0,15195,105.36,-16.71,-168.61,136.38,0.15201903476668502,1.0,53.90447352637859,3.935353602626938,1983266185,960,1,False
nf_train_00034.jpg,train,SYNTHETIC_HIFI_3D,tbg_023.jpg,72.58921362113206,72.443,0.705,64,82,396,429,3135.0,3138,158.53,50.1,-34.81,98.51,0.1518395410136175,7.0,11.104093352355488,4.774047165692845,1785510022,960,3,False
nf_train_00035.jpg,train,SYNTHETIC_HIFI_3D,tbg_024.jpg,195.95345955918293,194.268,0.2339,170,222,272,615,22674.0,22674,-6.58,20.59,-169.07,189.66,0.0025952950570979293,2.0,41.39481167393652,2.997912896388677,1462082802,960,1,False
nf_train_00036.jpg,train,SYNTHETIC_HIFI_3D,tbg_026.jpg,109.95455945769767,104.766,0.5045,112,98,806,454,6611.889,6623,-11.26,152.5,-17.44,259.08,0.06637976287216485,4.0,28.66140943552068,1.4295421087887457,1821625754,960,3,False
nf_train_00037.jpg,train,SYNTHETIC_HIFI_3D,tbg_027.jpg,92.64067106407289,95.551,0.5988,83,110,773,155,4144.0,4163,72.32,121.1,-57.0,9.23,0.052264553436608074,4.0,138.92337043119417,4.086338971746768,1045307607,960,3,False
nf_train_00038.jpg,train,SYNTHETIC_HIFI_3D,tbg_028.jpg,47.24956554277961,45.475,1.1741,44,47,281,161,1166.444,1173,12.26,175.14,-20.13,344.33,0.31934620571061945,4.0,159.34446093639352,4.661267990539662,580349216,960,3,False
nf_train_00039.jpg,train,SYNTHETIC_HIFI_3D,tbg_029.jpg,77.9800546271777,75.22,0.7114,69,82,255,444,2897.444,2924,45.35,-116.81,79.43,270.31,0.05767821858493656,2.0,71.15646092044818,1.5372361658290292,1299486718,960,3,False
nf_train_00040.jpg,train,SYNTHETIC_HIFI_3D,tbg_032.jpg,210.4800393172165,206.049,0.2636,174,244,291,717,23617.0,23617,-150.59,-80.7,98.84,118.15,0.051718195790801356,1.0,71.47452323735976,3.418114085601793,1115282481,960,1,False
nf_train_00041.jpg,train,SYNTHETIC_HIFI_3D,tbg_033.jpg,48.81770640444994,49.508,1.0348,43,57,579,581,1282.889,1301,33.96,73.93,-115.36,293.63,0.13672774424732487,4.0,79.06002029280312,1.4910898197318976,1270024919,960,3,False
nf_train_00042.jpg,train,SYNTHETIC_HIFI_3D,tbg_034.jpg,40.38712103236661,39.547,1.3736,34,46,194,796,934.444,941,-136.05,69.64,-62.48,76.36,0.11457117489649636,0.0,5.899739246717337,2.140588989701159,1113423706,960,3,False
nf_train_00043.jpg,train,SYNTHETIC_HIFI_3D,tbg_036.jpg,54.19818552443881,53.981,1.0236,47,62,102,277,1648.778,1663,84.83,108.28,155.8,79.6,0.05763002430373905,7.0,11.87155321565142,1.7054367703754245,1454479063,960,3,False
nf_train_00044.jpg,train,SYNTHETIC_HIFI_3D,tbg_037.jpg,42.44337863849966,42.261,1.2395,47,38,542,779,916.889,935,96.0,168.61,-130.17,182.23,0.022499331261876625,0.0,119.59646833221501,3.7181277128787453,2043366827,960,3,False
nf_train_00045.jpg,train,SYNTHETIC_HIFI_3D,tbg_038.jpg,93.8756248002248,94.573,0.558,86,104,738,703,5386.0,5412,-20.73,-56.07,-87.36,109.47,0.09275901185583144,0.0,71.76884703827876,4.569677950156128,2032723020,960,3,False
nf_train_00046.jpg,train,SYNTHETIC_HIFI_3D,tbg_039.jpg,50.73951199923931,50.517,1.0232,44,58,462,521,1272.222,1289,94.59,-109.52,-142.05,213.32,0.09855237951560818,0.0,171.29736040791326,4.958862506538387,1489774747,960,3,False
nf_train_00047.jpg,train,SYNTHETIC_HIFI_3D,tbg_041.jpg,129.66146910309755,129.985,0.3795,128,132,263,754,10589.0,10589,135.84,17.28,86.75,52.51,0.25504050601275524,0.0,106.48299391191625,2.9252519275266193,1694110644,960,1,False
nf_train_00048.jpg,train,SYNTHETIC_HIFI_3D,tbg_042.jpg,195.74038374793335,189.283,0.2834,212,169,352,464,16424.0,16424,-97.79,153.17,-87.78,288.88,0.20019855047181043,1.0,60.58998640370474,2.9891931550891697,694665780,960,1,False
nf_train_00049.jpg,train,SYNTHETIC_HIFI_3D,tbg_046.jpg,49.663091826045715,49.94,0.9902,58,43,516,483,1532.778,1540,-46.0,15.06,125.34,67.14,0.2765602736988197,7.0,142.70498350376243,3.1186647559641725,623558825,960,3,False
nf_train_00050.jpg,train,SYNTHETIC_HIFI_3D,tbg_008.jpg,66.59461867504993,66.332,0.7864,55,80,404,160,2717.445,2714,128.84,114.45,-123.01,256.89,0.1909447725843691,2.0,162.19045161011337,4.931705902973073,1174917121,960,3,False
nf_train_00051.jpg,train,SYNTHETIC_HIFI_3D,tbg_009.jpg,57.26122488906261,56.48,0.9048,55,58,48,518,1847.667,1863,142.84,-143.44,116.0,82.84,0.28914739980248194,0.0,92.53416113217396,2.724063737315363,1182493507,960,3,False
nf_train_00052.jpg,train,SYNTHETIC_HIFI_3D,tbg_012.jpg,112.72674273084799,113.367,0.4556,108,119,316,258,7815.666,7816,-165.43,16.94,179.9,145.11,0.09846632997953722,2.0,21.20283328105337,4.316722222889595,138259210,960,3,False
nf_train_00053.jpg,train,SYNTHETIC_HIFI_3D,tbg_013.jpg,156.71579633232346,156.211,0.2864,147,166,723,805,15907.0,15907,4.43,-42.57,151.71,62.02,0.18180583438230785,0.0,136.37908786912055,4.117118180491149,2014580398,960,1,False
nf_train_00054.jpg,train,SYNTHETIC_HIFI_3D,tbg_014.jpg,98.75508186670875,99.8,0.5617,83,120,779,888,5560.112,5584,138.88,104.88,32.6,151.91,0.2994874870297621,4.0,86.91617086373832,1.740207071975227,2021148172,960,3,False
nf_train_00055.jpg,train,SYNTHETIC_HIFI_3D,tbg_016.jpg,168.88526801305372,167.979,0.3104,139,203,520,821,16483.0,16483,90.16,81.51,2.0,127.14,0.01156934441552339,7.0,44.78483507424883,2.9841432265523355,1307912509,960,1,False
nf_train_00056.jpg,train,SYNTHETIC_HIFI_3D,tbg_019.jpg,290.87285872168525,283.91,0.1639,329,245,651,122,50026.0,50026,59.71,-155.3,-39.75,72.97,0.13282158787472886,4.0,140.0834461723422,3.895533862191928,426945682,960,1,False
nf_train_00057.jpg,train,SYNTHETIC_HIFI_3D,tbg_021.jpg,236.59412131215845,238.321,0.2136,257,221,825,538,38338.0,38338,-174.66,31.57,27.46,44.08,0.03974010639323628,1.0,142.69206039241402,4.674732645327891,28000683,960,1,False
nf_train_00058.jpg,train,SYNTHETIC_HIFI_3D,tbg_022.jpg,69.70241915320477,66.731,0.7959,73,61,541,388,2375.667,2386,124.94,23.12,5.19,163.41,0.1773334073052874,2.0,51.7996985066292,4.6108933986548095,1429924807,960,3,False
nf_train_00059.jpg,train,SYNTHETIC_HIFI_3D,tbg_023.jpg,81.52946916635622,80.901,0.7416,77,85,292,150,2777.889,2801,65.71,-46.77,-72.13,63.09,0.3435114830223191,2.0,175.85235539296258,2.861575233422674,1476187568,960,3,False
nf_train_00060.jpg,train,SYNTHETIC_HIFI_3D,tbg_024.jpg,45.63265362704912,43.589,1.2157,50,38,494,236,1082.889,1087,120.59,172.02,-177.74,114.66,0.14472055261280026,4.0,152.84121560629475,2.9891060713965514,1374525224,960,3,False
nf_train_00061.jpg,train,SYNTHETIC_HIFI_3D,tbg_026.jpg,46.75667751763675,45.033,1.1865,39,52,278,242,1103.778,1111,-105.12,-93.71,-108.79,167.48,0.24937410358936424,7.0,89.79108297184338,4.677359451773619,2084857029,960,3,False
nf_train_00062.jpg,train,SYNTHETIC_HIFI_3D,tbg_027.jpg,176.6247334253583,168.819,0.3141,150,190,755,231,15857.0,15857,-122.69,-89.69,80.65,62.83,0.34553250895889737,0.0,11.476297867299028,4.651574000398063,964739976,960,1,False
nf_train_00063.jpg,train,SYNTHETIC_HIFI_3D,tbg_028.jpg,127.79644612952141,128.004,0.4098,113,145,672,665,8541.444,8574,-16.55,-104.71,39.02,101.42,0.23107195608346176,2.0,68.93283302481352,3.7009254118691084,1835149540,960,3,False
nf_train_00064.jpg,train,SYNTHETIC_HIFI_3D,tbg_029.jpg,129.09488311722924,128.452,0.4297,125,132,520,542,7358.0,7358,-64.68,-132.62,-117.04,296.21,0.16571254031932822,7.0,72.2581170747699,1.942750592163088,1220164258,960,1,False
nf_train_00065.jpg,train,SYNTHETIC_HIFI_3D,tbg_032.jpg,53.372640453536555,53.991,1.0394,53,55,424,445,1223.111,1224,92.55,-46.97,60.33,53.68,0.25521001177292696,7.0,96.16184916808297,3.186500153611692,1853775247,960,3,False
nf_train_00066.jpg,train,SYNTHETIC_HIFI_3D,tbg_033.jpg,53.280150745743555,54.0,0.8989,54,54,648,234,1757.778,1766,167.17,-22.97,-104.85,335.59,0.09919980393333169,0.0,20.70679772998149,1.0718761664517027,871462228,960,3,False
nf_train_00067.jpg,train,SYNTHETIC_HIFI_3D,tbg_034.jpg,293.6337278533141,280.824,0.1889,262,301,822,450,41665.0,41665,130.81,-79.44,83.77,281.78,0.04510520080682513,2.0,150.76315678986472,3.650396582894922,1508506946,960,1,False
nf_train_00068.jpg,train,SYNTHETIC_HIFI_3D,tbg_036.jpg,224.4695161347714,224.499,0.2324,200,252,783,711,26787.0,26787,-27.25,80.06,-55.9,220.18,0.05700048765296917,7.0,86.6318399813816,3.1794272812492252,951692625,960,1,False
nf_train_00069.jpg,train,SYNTHETIC_HIFI_3D,tbg_037.jpg,129.61873929226,129.399,0.3956,104,161,466,712,9597.0,9597,-11.7,54.24,144.82,84.14,0.030683839369330355,2.0,42.48328682599583,2.3075343661451955,909307984,960,1,False
nf_train_00070.jpg,train,SYNTHETIC_HIFI_3D,tbg_038.jpg,101.46739227638089,101.321,0.5141,87,118,601,327,5468.111,5468,178.1,86.89,-77.32,128.1,0.24345689790232466,0.0,106.48189702569294,1.0583525098520439,142172557,960,3,False
nf_train_00071.jpg,train,SYNTHETIC_HIFI_3D,tbg_039.jpg,219.813226470452,209.256,0.2524,178,246,870,162,25318.0,25318,89.14,-75.77,153.95,35.08,0.12999087983280969,2.0,122.96854679771286,3.999726326913913,2084277189,960,1,False
nf_train_00072.jpg,train,SYNTHETIC_HIFI_3D,tbg_041.jpg,227.30867253761616,222.297,0.2247,232,213,265,853,23238.0,23238,50.53,43.07,-166.68,135.15,0.19090752822944054,7.0,116.1417341508922,2.7455382349736994,1872014848,960,1,False
nf_train_00073.jpg,train,SYNTHETIC_HIFI_3D,tbg_042.jpg,103.18346462169363,103.441,0.5,100,107,628,903,6579.111,6595,-17.8,160.05,-10.59,359.73,0.24366996055799212,1.0,36.000456515187444,2.7024240618088453,765426794,960,3,False
nf_train_00074.jpg,train,SYNTHETIC_HIFI_3D,tbg_046.jpg,100.64510965566896,99.277,0.5512,88,112,862,603,5551.556,5559,16.52,58.08,24.76,284.31,0.20237335567635928,4.0,140.10331727338414,2.2530015325238826,349654743,960,3,False
nf_train_00075.jpg,train,SYNTHETIC_HIFI_3D,tbg_008.jpg,114.47541783889595,111.839,0.4846,106,118,776,638,7193.0,7211,67.96,128.18,-173.94,155.59,0.20573353624257038,0.0,20.326039261804354,4.584776267699445,852529750,960,3,False
nf_train_00076.jpg,train,SYNTHETIC_HIFI_3D,tbg_009.jpg,73.4242709606585,73.0,0.6071,73,73,745,752,3437.333,3444,-168.97,-173.08,-31.38,160.78,0.2667990770189327,4.0,166.70079084868243,4.362670642275371,849643195,960,3,False
nf_train_00077.jpg,train,SYNTHETIC_HIFI_3D,tbg_012.jpg,209.23069173939345,206.913,0.2065,213,201,177,181,28631.0,28631,175.05,147.18,27.68,276.98,0.1685134973489491,7.0,137.9745941905191,4.619064512236587,1954724994,960,1,False
nf_train_00078.jpg,train,SYNTHETIC_HIFI_3D,tbg_013.jpg,54.32120170429677,54.479,0.9586,53,56,362,158,1705.667,1715,125.58,-44.4,-1.78,172.94,0.23642843067029706,0.0,77.1878688626493,4.408612505236146,1801491516,960,3,False
nf_train_00079.jpg,train,SYNTHETIC_HIFI_3D,tbg_014.jpg,49.29515703145632,50.438,1.1254,53,48,480,815,1134.889,1146,83.2,27.37,132.92,119.45,0.055812595879233075,1.0,37.56251679712383,2.5253334790580264,546089251,960,3,False
nf_train_00080.jpg,train,SYNTHETIC_HIFI_3D,tbg_016.jpg,152.43587608716797,149.93,0.3639,127,177,853,819,13706.0,13706,-138.31,145.43,162.35,102.18,0.11054290151059738,0.0,49.1797141723987,2.5722217083674046,1767684533,960,1,False
nf_train_00081.jpg,train,SYNTHETIC_HIFI_3D,tbg_019.jpg,103.96415704952922,106.301,0.5336,113,100,866,518,6015.333,6025,-21.02,-38.15,70.7,166.67,0.13580572471895705,0.0,0.5846278319174236,2.7774821462772485,526441084,960,3,False
nf_train_00082.jpg,train,SYNTHETIC_HIFI_3D,tbg_021.jpg,116.54980525502584,118.499,0.476,118,119,252,594,6934.444,6942,-144.11,-40.2,-165.34,323.53,0.161979581750316,2.0,31.644277914589953,1.0495572988584887,248042896,960,3,False
nf_train_00083.jpg,train,SYNTHETIC_HIFI_3D,tbg_022.jpg,62.04161823914352,62.338,0.7261,67,58,753,450,2338.778,2351,0.39,-2.33,-93.12,251.78,0.1274354694368087,4.0,27.70265771622235,2.1732858876954557,1580472873,960,3,False
nf_train_00084.jpg,train,SYNTHETIC_HIFI_3D,tbg_023.jpg,222.6493332128948,217.642,0.2256,191,248,585,835,29932.0,29932,100.02,106.15,76.48,150.66,0.349073550136634,7.0,125.05736524455189,1.1040156669011703,1907902405,960,1,False
nf_train_00085.jpg,train,SYNTHETIC_HIFI_3D,tbg_024.jpg,58.20970969839717,57.131,0.9024,64,51,503,206,1637.778,1651,96.5,12.52,99.01,111.56,0.18919822767887898,0.0,52.921457277362926,3.181300847521368,765240363,960,3,False
nf_train_00086.jpg,train,SYNTHETIC_HIFI_3D,tbg_026.jpg,197.06648576783158,198.394,0.2613,246,160,709,641,22298.0,22298,121.07,178.24,-162.47,217.38,0.20549584722277228,4.0,48.709319377533,1.7571593554554314,972663327,960,1,False
nf_train_00087.jpg,train,SYNTHETIC_HIFI_3D,tbg_027.jpg,59.129402036508324,59.025,0.8885,67,52,574,234,1881.222,1904,84.07,-6.72,-139.5,29.91,0.2527520036940408,0.0,161.74426559647057,3.147292154582974,615682240,960,3,False
nf_train_00088.jpg,train,SYNTHETIC_HIFI_3D,tbg_028.jpg,186.31123210599674,184.572,0.2826,163,209,284,855,21371.0,21371,-167.22,81.77,-26.5,53.89,0.337001909601307,1.0,132.36675304572444,1.3739108024662627,1428740085,960,1,False
nf_train_00089.jpg,train,SYNTHETIC_HIFI_3D,tbg_029.jpg,42.692610808528165,41.833,1.2296,35,50,559,284,973.889,979,37.72,125.51,59.73,186.53,0.007266510192038233,1.0,115.46845709804701,4.423673831587735,2071505076,960,3,False
nf_train_00090.jpg,train,SYNTHETIC_HIFI_3D,tbg_032.jpg,59.42580736402412,58.241,0.9335,53,64,827,539,1685.444,1704,91.58,67.66,-82.2,318.21,0.15380433295318285,1.0,72.91388142593357,2.0407567487309772,1712775089,960,3,False
nf_train_00091.jpg,train,SYNTHETIC_HIFI_3D,tbg_033.jpg,139.42964866445726,135.1,0.3979,117,156,556,765,10926.0,10926,176.23,-34.95,22.14,328.51,0.19379225963448235,0.0,92.21206889704317,4.959685035054026,1198565000,960,1,False
nf_train_00092.jpg,train,SYNTHETIC_HIFI_3D,tbg_034.jpg,119.41438023076839,124.378,0.4646,119,130,714,316,7283.555,7308,99.84,55.74,147.25,263.54,0.2405428374776276,0.0,36.54833897305909,2.5603621821341798,461914386,960,3,False
nf_train_00093.jpg,train,SYNTHETIC_HIFI_3D,tbg_036.jpg,48.98577790243042,49.78,1.1325,42,59,753,85,1338.0,1357,25.92,-80.2,-37.2,83.3,0.008911853826350168,4.0,108.03170740383223,2.7274597752149536,1858950040,960,3,False
nf_train_00094.jpg,train,SYNTHETIC_HIFI_3D,tbg_037.jpg,46.277188792426294,47.958,1.1988,46,50,383,199,1084.667,1098,-58.52,148.11,-7.52,339.53,0.1163321434667369,7.0,4.117886075743911,1.2720499562306702,1726274227,960,3,False
nf_train_00095.jpg,train,SYNTHETIC_HIFI_3D,tbg_038.jpg,50.23617305276762,50.951,1.1043,59,44,776,181,1240.444,1266,-83.57,-155.19,-18.72,272.29,0.278268006895442,0.0,78.23977446623883,3.5605409579585343,381029956,960,3,False
nf_train_00096.jpg,train,SYNTHETIC_HIFI_3D,tbg_039.jpg,43.852108939477375,43.012,1.3865,37,50,363,64,783.0,789,37.86,-43.39,-29.59,200.95,0.17750839931676776,0.0,61.77481071040115,4.403606214687278,1029519135,960,3,False
nf_train_00097.jpg,train,SYNTHETIC_HIFI_3D,tbg_041.jpg,225.06229791434018,225.36,0.2248,209,243,317,410,27325.0,27325,-178.89,72.56,93.49,184.0,0.31129944209089794,7.0,151.52053356146448,4.694883362278073,2083253613,960,1,False
nf_train_00098.jpg,train,SYNTHETIC_HIFI_3D,tbg_042.jpg,145.9024370164679,145.616,0.3519,114,186,519,188,12694.0,12694,-14.09,-41.84,-0.28,254.61,0.22448971280304708,4.0,55.35653073666358,4.692798486072697,1493722805,960,1,False
nf_train_00099.jpg,train,SYNTHETIC_HIFI_3D,tbg_046.jpg,168.2745252709553,168.487,0.3095,151,188,473,360,15776.0,15776,39.15,130.8,-144.21,20.82,0.1671418568958479,7.0,69.57705095964886,2.7472471687577635,1482097013,960,1,False
nf2_train_00000.jpg,train,SYNTHETIC_HIFI_3D,tbg_008.jpg,451.08129104618723,430.215,0.0956,405,457,202,731,97164.0,97164,65.17,-145.5,-35.74,287.65,0.2012942684811661,2.0,156.26613506843898,1.6824800528993267,1508322096,960,1,False
nf2_train_00001.jpg,train,SYNTHETIC_HIFI_3D,tbg_009.jpg,523.5774263404712,503.736,0.0684,290,875,814,522,212900.0,212900,-131.15,-122.68,27.04,352.64,0.10495926645112608,0.0,130.03709016877974,4.11620962473372,1144212700,960,1,False
nf2_train_00002.jpg,train,SYNTHETIC_HIFI_3D,tbg_012.jpg,601.2926105331917,588.173,0.0666,681,508,619,657,250489.0,250489,137.68,-173.09,126.12,30.42,0.08405252245395761,0.0,52.946763819827964,4.869165933920263,340850677,960,1,False
nf2_train_00003.jpg,train,SYNTHETIC_HIFI_3D,tbg_013.jpg,521.6618800631795,505.859,0.0886,473,541,723,270,140081.0,140081,-93.09,143.3,-117.53,198.82,0.10133076013514444,0.0,125.70681179445845,3.9926216098353127,1521363965,960,1,False
nf2_train_00004.jpg,train,SYNTHETIC_HIFI_3D,tbg_014.jpg,458.6502217397599,436.211,0.0925,355,536,782,267,138906.0,138906,-155.84,-41.65,-70.51,82.65,0.22499331986381121,4.0,89.09960924731227,3.9368570438607686,1234995607,960,1,False
nf2_train_00005.jpg,train,SYNTHETIC_HIFI_3D,tbg_016.jpg,686.5815284661575,656.721,0.0541,699,617,349,308,312830.0,312830,68.77,-14.21,-51.45,79.94,0.1969264467708803,7.0,168.41521631007438,3.4324784153567784,1559512187,960,1,False
nf2_train_00006.jpg,train,SYNTHETIC_HIFI_3D,tbg_019.jpg,458.9614201930144,441.398,0.0684,451,432,734,743,152785.0,152785,-21.62,-161.14,-136.38,241.88,0.16299587441261748,4.0,32.210942420669326,1.0581751610218983,37959299,960,1,False
nf2_train_00007.jpg,train,SYNTHETIC_HIFI_3D,tbg_021.jpg,593.0722229809081,578.463,0.0628,572,585,298,667,158180.0,158180,7.44,-104.54,10.67,330.72,0.16118017127426518,2.0,4.980559162577551,1.8243071582390162,1231064469,960,1,False
nf2_train_00008.jpg,train,SYNTHETIC_HIFI_3D,tbg_022.jpg,609.1493207395487,584.915,0.0647,595,575,297,672,227885.0,227885,-94.58,45.87,146.99,87.38,0.08059820670161158,7.0,13.775317505134119,1.8925941361120922,1188000292,960,1,False
nf2_train_00009.jpg,train,SYNTHETIC_HIFI_3D,tbg_023.jpg,696.4278598411776,667.35,0.0679,556,801,681,559,280354.0,280354,65.26,102.35,137.57,305.95,0.20896619346760303,4.0,82.8039577659209,2.152474783807276,252103559,960,1,False
nf2_train_00010.jpg,train,SYNTHETIC_HIFI_3D,tbg_024.jpg,463.86225742644353,454.999,0.0848,681,304,544,151,116737.0,116737,30.05,-173.01,-23.95,137.23,0.03669264273710428,0.0,145.14817359566615,3.2414681845952735,578764812,960,1,False
nf2_train_00011.jpg,train,SYNTHETIC_HIFI_3D,tbg_026.jpg,645.4071570693594,514.415,0.0382,409,647,204,323,187613.0,187613,13.13,136.26,39.54,296.08,0.15073989220022532,4.0,106.12266584196976,4.823351425362761,735338569,960,1,False
nf2_train_00012.jpg,train,SYNTHETIC_HIFI_3D,tbg_027.jpg,845.3645257534926,750.288,0.0552,823,684,548,341,378752.0,378752,-56.04,-14.01,-30.16,245.71,0.15973585478313385,2.0,9.112086889474138,3.3856634104137155,1216436634,960,1,False
nf2_train_00013.jpg,train,SYNTHETIC_HIFI_3D,tbg_028.jpg,679.9151181989993,674.142,0.0771,813,559,519,680,228767.0,228767,-64.68,32.08,165.14,63.27,0.17858553486750325,0.0,120.015297923415,4.105046152887529,1341539333,960,1,False
nf2_train_00014.jpg,train,SYNTHETIC_HIFI_3D,tbg_029.jpg,479.2935105662083,491.828,0.1157,479,505,469,261,130690.0,130690,-14.2,130.82,42.44,284.87,0.1667744363383349,0.0,42.227570677804174,4.867997528945862,1350035385,960,1,False
nf2_train_00015.jpg,train,SYNTHETIC_HIFI_3D,tbg_032.jpg,620.7399101154023,608.685,0.0582,578,641,499,320,193864.0,193864,36.57,92.76,-121.21,163.74,0.010335530975068057,4.0,61.34597252622781,4.013129143396265,1090970049,960,1,False
nf2_train_00016.jpg,train,SYNTHETIC_HIFI_3D,tbg_033.jpg,479.87983590549385,464.79,0.0879,379,570,770,284,147793.0,147793,-48.45,-128.58,40.98,94.42,0.24800975677999615,2.0,2.7928990422033295,4.89683491499957,197619778,960,1,False
nf2_train_00017.jpg,train,SYNTHETIC_HIFI_3D,tbg_034.jpg,681.7973537491413,599.413,0.0556,802,448,558,735,264827.0,264827,-48.07,-30.64,103.87,150.51,0.18275580238247524,1.0,134.055754933608,1.2119979065719333,270443688,960,1,False
nf2_train_00018.jpg,train,SYNTHETIC_HIFI_3D,tbg_036.jpg,707.3292070627524,603.985,0.0407,497,734,248,592,249865.0,249865,-149.24,-25.3,118.35,307.84,0.0240997978101775,4.0,50.50330370125083,4.0738839196839045,580896016,960,1,False
nf2_train_00019.jpg,train,SYNTHETIC_HIFI_3D,tbg_037.jpg,459.1594533715627,448.312,0.1072,388,518,278,700,120922.0,120922,160.76,113.65,-43.52,193.15,0.3151389740852894,1.0,66.909964753798,1.4813619635754662,1520737641,960,1,False
nf2_train_00020.jpg,train,SYNTHETIC_HIFI_3D,tbg_038.jpg,698.2363733904933,685.759,0.0454,535,879,692,520,270662.0,270662,-74.51,-126.2,12.93,216.68,0.2939403044610775,1.0,101.47867714472356,3.9637065176090767,1755238995,960,1,False
nf2_train_00021.jpg,train,SYNTHETIC_HIFI_3D,tbg_039.jpg,581.361613277886,562.877,0.0864,537,590,268,552,164840.0,164840,45.9,30.75,-11.51,1.01,0.01023334964062833,7.0,178.71360163429273,2.9775889539111122,1725891770,960,1,False
nf2_train_00022.jpg,train,SYNTHETIC_HIFI_3D,tbg_041.jpg,469.47598708592807,451.438,0.1182,444,459,297,566,120612.0,120612,124.64,-3.44,-96.81,321.64,0.170394498608857,0.0,25.374670565514478,3.5993192350634806,208991954,960,1,False
nf2_train_00023.jpg,train,SYNTHETIC_HIFI_3D,tbg_042.jpg,417.907668002772,401.955,0.1142,396,408,545,203,85152.0,85152,112.95,67.35,23.59,152.46,0.009723758309233138,0.0,94.01763032489862,3.2116057822480637,239806939,960,1,False
nf2_train_00024.jpg,train,SYNTHETIC_HIFI_3D,tbg_046.jpg,721.6112249306653,637.489,0.0457,826,492,412,713,311562.0,311562,-76.41,-15.57,32.03,344.12,0.06092700354996516,1.0,153.5203773545697,3.1783290212854167,1727283204,960,1,False
nf2_train_00025.jpg,train,SYNTHETIC_HIFI_3D,tbg_008.jpg,444.51466556658204,425.329,0.0979,485,373,242,186,134282.0,134282,-137.94,-90.43,-156.67,256.11,0.02680711534066693,2.0,90.32230726576638,1.3884013347243136,1628864433,960,1,False
nf2_train_00026.jpg,train,SYNTHETIC_HIFI_3D,tbg_009.jpg,628.8030423895365,632.866,0.0882,646,620,636,320,184094.0,184094,-76.46,-31.54,96.59,18.56,0.3013831903873796,1.0,161.508976518986,1.1179871288835708,1450845925,960,1,False
nf2_train_00027.jpg,train,SYNTHETIC_HIFI_3D,tbg_012.jpg,884.3782256033951,613.351,0.0574,836,450,417,734,199656.0,199656,134.13,-175.38,-68.13,287.5,0.28120938501812487,4.0,71.82233672039139,3.486120949227132,1269061908,960,1,False
nf2_train_00028.jpg,train,SYNTHETIC_HIFI_3D,tbg_013.jpg,523.4432920013865,503.387,0.0717,471,538,724,268,120454.0,120454,68.59,111.48,-126.05,296.73,0.03958303194813425,0.0,175.17864247858384,4.522469370778708,1018700671,960,1,False
nf2_train_00029.jpg,train,SYNTHETIC_HIFI_3D,tbg_014.jpg,702.9903493966825,610.303,0.0576,626,595,312,326,270028.0,270028,28.24,21.31,-11.71,54.48,0.21734401340612317,0.0,170.1545516725699,1.1367364883949582,2032613845,960,1,False
nf2_train_00030.jpg,train,SYNTHETIC_HIFI_3D,tbg_016.jpg,521.5251917544118,511.017,0.0761,613,426,653,212,185658.0,185658,-138.45,9.6,-120.67,214.02,0.21900338040267428,1.0,134.4034047431619,3.869886519357243,117271721,960,1,False
nf2_train_00031.jpg,train,SYNTHETIC_HIFI_3D,tbg_019.jpg,407.93363792899237,393.766,0.0976,531,292,582,145,89685.0,89685,132.58,128.96,176.84,97.6,0.21992244935272887,1.0,98.99122747507276,4.672311727732435,1791993264,960,1,False
nf2_train_00032.jpg,train,SYNTHETIC_HIFI_3D,tbg_021.jpg,475.3886431374746,462.167,0.1167,418,511,518,704,119635.0,119635,-37.58,-120.23,-115.73,180.86,0.0056650062300946935,4.0,118.59676150513624,4.202988381350896,1229604870,960,1,False
nf2_train_00033.jpg,train,SYNTHETIC_HIFI_3D,tbg_022.jpg,510.5242082748991,494.045,0.0767,678,360,338,179,154389.0,154389,108.88,176.53,-134.4,302.19,0.3418271974665642,2.0,40.07716354554795,1.2403713867047115,1627503152,960,1,False
nf2_train_00034.jpg,train,SYNTHETIC_HIFI_3D,tbg_023.jpg,775.4744290926949,739.147,0.0465,677,807,621,556,425227.0,425227,-24.65,116.25,-94.95,252.84,0.022172202054922756,1.0,126.36897455904926,3.926374558957358,89302960,960,1,False
nf2_train_00035.jpg,train,SYNTHETIC_HIFI_3D,tbg_024.jpg,586.1452272061968,597.389,0.0946,586,609,455,488,165778.0,165778,110.3,45.97,-14.08,13.31,0.0484791881278433,4.0,133.93979515105596,1.2737327388128494,2066930586,960,1,False
nf2_train_00036.jpg,train,SYNTHETIC_HIFI_3D,tbg_026.jpg,404.7686003091798,407.413,0.1109,445,373,695,186,100221.0,100221,-141.63,175.03,-54.16,168.23,0.33319795837344235,0.0,114.50184740569168,2.263931772990272,287735420,960,1,False
nf2_train_00037.jpg,train,SYNTHETIC_HIFI_3D,tbg_027.jpg,512.1736984997025,488.367,0.1083,586,407,626,489,126773.0,126773,97.4,-161.75,112.94,7.07,0.038868206974621976,7.0,51.15797671747694,2.4715219406681785,219024398,960,1,False
nf2_train_00038.jpg,train,SYNTHETIC_HIFI_3D,tbg_028.jpg,785.3053819721613,807.431,0.0816,887,735,484,367,480021.0,480021,163.41,0.84,-75.61,119.41,0.2247050632159144,7.0,27.681620998233306,4.079842883696497,1788008569,960,1,False
nf2_train_00039.jpg,train,SYNTHETIC_HIFI_3D,tbg_029.jpg,629.4458575349045,612.495,0.0576,615,610,652,304,312694.0,312694,-33.28,-109.52,-15.13,244.56,0.10415849097637625,0.0,124.24715755043752,1.2891752828215322,1999371954,960,1,False
hardneg_train_00001.jpg,train,NEGATIVE,hn_002.jpg,,,,,,,,,,,,,,,,,,,960,,True
hardneg_train_00002.jpg,train,NEGATIVE,hn_003.jpg,,,,,,,,,,,,,,,,,,,960,,True
hardneg_train_00003.jpg,train,NEGATIVE,hn_004.jpg,,,,,,,,,,,,,,,,,,,960,,True
hardneg_train_00004.jpg,train,NEGATIVE,hn_005.jpg,,,,,,,,,,,,,,,,,,,960,,True
hardneg_train_00005.jpg,train,NEGATIVE,hn_006.jpg,,,,,,,,,,,,,,,,,,,960,,True
hardneg_train_00008.jpg,train,NEGATIVE,hn_009.jpg,,,,,,,,,,,,,,,,,,,960,,True
hardneg_train_00009.jpg,train,NEGATIVE,hn_010.jpg,,,,,,,,,,,,,,,,,,,960,,True
hardneg_train_00010.jpg,train,NEGATIVE,hn_011.jpg,,,,,,,,,,,,,,,,,,,960,,True
hardneg_train_00011.jpg,train,NEGATIVE,hn_012.jpg,,,,,,,,,,,,,,,,,,,960,,True
hardneg_train_00012.jpg,train,NEGATIVE,hn_013.jpg,,,,,,,,,,,,,,,,,,,960,,True
hardneg_train_00013.jpg,train,NEGATIVE,hn_014.jpg,,,,,,,,,,,,,,,,,,,960,,True
hardneg_train_00014.jpg,train,NEGATIVE,hn_015.jpg,,,,,,,,,,,,,,,,,,,960,,True
hardneg_train_00015.jpg,train,NEGATIVE,hn_016.jpg,,,,,,,,,,,,,,,,,,,960,,True
hardneg_train_00016.jpg,train,NEGATIVE,hn_017.jpg,,,,,,,,,,,,,,,,,,,960,,True
hardneg_train_00017.jpg,train,NEGATIVE,hn_018.jpg,,,,,,,,,,,,,,,,,,,960,,True
hardneg_train_00018.jpg,train,NEGATIVE,hn_019.jpg,,,,,,,,,,,,,,,,,,,960,,True
hardneg_train_00019.jpg,train,NEGATIVE,hn_020.jpg,,,,,,,,,,,,,,,,,,,960,,True
hardneg_train_00020.jpg,train,NEGATIVE,hn_021.jpg,,,,,,,,,,,,,,,,,,,960,,True
hardneg_train_00021.jpg,train,NEGATIVE,hn_022.jpg,,,,,,,,,,,,,,,,,,,960,,True
hardneg_train_00022.jpg,train,NEGATIVE,hn_023.jpg,,,,,,,,,,,,,,,,,,,960,,True
hardneg_train_00023.jpg,train,NEGATIVE,hn_024.jpg,,,,,,,,,,,,,,,,,,,960,,True
hardneg_train_00024.jpg,train,NEGATIVE,hn_025.jpg,,,,,,,,,,,,,,,,,,,960,,True
hardneg_train_00025.jpg,train,NEGATIVE,hn_026.jpg,,,,,,,,,,,,,,,,,,,960,,True
hardneg_train_00026.jpg,train,NEGATIVE,hn_027.jpg,,,,,,,,,,,,,,,,,,,960,,True
hardneg_train_00027.jpg,train,NEGATIVE,hn_028.jpg,,,,,,,,,,,,,,,,,,,960,,True
hardneg_train_00028.jpg,train,NEGATIVE,hn_029.jpg,,,,,,,,,,,,,,,,,,,960,,True
hardneg_train_00029.jpg,train,NEGATIVE,hn_030.jpg,,,,,,,,,,,,,,,,,,,960,,True
hardneg_train_00030.jpg,train,NEGATIVE,hn_031.jpg,,,,,,,,,,,,,,,,,,,960,,True
hardneg_train_00031.jpg,train,NEGATIVE,hn_032.jpg,,,,,,,,,,,,,,,,,,,960,,True
hardneg_train_00032.jpg,train,NEGATIVE,hn_033.jpg,,,,,,,,,,,,,,,,,,,960,,True
hardneg_train_00033.jpg,train,NEGATIVE,hn_034.jpg,,,,,,,,,,,,,,,,,,,960,,True
hardneg_train_00034.jpg,train,NEGATIVE,hn_035.jpg,,,,,,,,,,,,,,,,,,,960,,True
hardneg_train_00035.jpg,train,NEGATIVE,hn_036.jpg,,,,,,,,,,,,,,,,,,,960,,True
isaac_train_00000.jpg,train,SYNTHETIC_3D,tbg_008.jpg,115.5,115.5,,,,,,,,,,,,,,,,,960,,False
isaac_train_00001.jpg,train,SYNTHETIC_3D,tbg_009.jpg,96.09,96.09,,,,,,,,,,,,,,,,,960,,False
isaac_train_00002.jpg,train,SYNTHETIC_3D,tbg_012.jpg,131.7,131.7,,,,,,,,,,,,,,,,,960,,False
isaac_train_00003.jpg,train,SYNTHETIC_3D,tbg_013.jpg,7.07,7.07,,,,,,,,,,,,,,,,,960,,False
isaac_train_00004.jpg,train,SYNTHETIC_3D,tbg_014.jpg,36.66,36.66,,,,,,,,,,,,,,,,,960,,False
isaac_train_00005.jpg,train,SYNTHETIC_3D,tbg_016.jpg,571.49,571.49,,,,,,,,,,,,,,,,,960,,False
isaac_train_00006.jpg,train,SYNTHETIC_3D,tbg_019.jpg,14.28,14.28,,,,,,,,,,,,,,,,,960,,False
isaac_train_00008.jpg,train,SYNTHETIC_3D,tbg_022.jpg,55.75,55.75,,,,,,,,,,,,,,,,,960,,False
isaac_train_00009.jpg,train,SYNTHETIC_3D,tbg_023.jpg,98.29,98.29,,,,,,,,,,,,,,,,,960,,False
isaac_train_00011.jpg,train,SYNTHETIC_3D,tbg_026.jpg,9.17,9.17,,,,,,,,,,,,,,,,,960,,False
isaac_train_00012.jpg,train,SYNTHETIC_3D,tbg_027.jpg,230.36,230.36,,,,,,,,,,,,,,,,,960,,False
isaac_train_00013.jpg,train,SYNTHETIC_3D,tbg_028.jpg,19.97,19.97,,,,,,,,,,,,,,,,,960,,False
isaac_train_00014.jpg,train,SYNTHETIC_3D,tbg_029.jpg,365.22,365.22,,,,,,,,,,,,,,,,,960,,False
isaac_train_00015.jpg,train,SYNTHETIC_3D,tbg_032.jpg,4.47,4.47,,,,,,,,,,,,,,,,,960,,False
isaac_train_00016.jpg,train,SYNTHETIC_3D,tbg_033.jpg,325.52,325.52,,,,,,,,,,,,,,,,,960,,False
isaac_train_00017.jpg,train,SYNTHETIC_3D,tbg_034.jpg,31.3,31.3,,,,,,,,,,,,,,,,,960,,False
isaac_train_00018.jpg,train,SYNTHETIC_3D,tbg_036.jpg,29.46,29.46,,,,,,,,,,,,,,,,,960,,False
isaac_train_00019.jpg,train,SYNTHETIC_3D,tbg_037.jpg,2.83,2.83,,,,,,,,,,,,,,,,,960,,False
isaac_train_00020.jpg,train,SYNTHETIC_3D,tbg_038.jpg,381.74,381.74,,,,,,,,,,,,,,,,,960,,False
isaac_train_00021.jpg,train,SYNTHETIC_3D,tbg_039.jpg,561.96,561.96,,,,,,,,,,,,,,,,,960,,False
isaac_train_00022.jpg,train,SYNTHETIC_3D,tbg_041.jpg,670.21,670.21,,,,,,,,,,,,,,,,,960,,False
isaac_train_00023.jpg,train,SYNTHETIC_3D,tbg_042.jpg,16.31,16.31,,,,,,,,,,,,,,,,,960,,False
isaac_train_00024.jpg,train,SYNTHETIC_3D,tbg_046.jpg,99.5,99.5,,,,,,,,,,,,,,,,,960,,False
isaac_train_00025.jpg,train,SYNTHETIC_3D,tbg_008.jpg,25.22,25.22,,,,,,,,,,,,,,,,,960,,False
isaac_train_00026.jpg,train,SYNTHETIC_3D,tbg_009.jpg,9.0,9.0,,,,,,,,,,,,,,,,,960,,False
isaac_train_00030.jpg,train,SYNTHETIC_3D,tbg_016.jpg,39.6,39.6,,,,,,,,,,,,,,,,,960,,False
isaac_train_00031.jpg,train,SYNTHETIC_3D,tbg_019.jpg,434.74,434.74,,,,,,,,,,,,,,,,,960,,False
isaac_train_00032.jpg,train,SYNTHETIC_3D,tbg_021.jpg,83.71,83.71,,,,,,,,,,,,,,,,,960,,False
isaac_train_00033.jpg,train,SYNTHETIC_3D,tbg_022.jpg,11.31,11.31,,,,,,,,,,,,,,,,,960,,False
isaac_train_00034.jpg,train,SYNTHETIC_3D,tbg_023.jpg,11.22,11.22,,,,,,,,,,,,,,,,,960,,False
isaac_train_00035.jpg,train,SYNTHETIC_3D,tbg_024.jpg,56.99,56.99,,,,,,,,,,,,,,,,,960,,False
isaac_train_00036.jpg,train,SYNTHETIC_3D,tbg_026.jpg,5.92,5.92,,,,,,,,,,,,,,,,,960,,False
isaac_train_00037.jpg,train,SYNTHETIC_3D,tbg_027.jpg,68.12,68.12,,,,,,,,,,,,,,,,,960,,False
isaac_train_00038.jpg,train,SYNTHETIC_3D,tbg_028.jpg,547.55,547.55,,,,,,,,,,,,,,,,,960,,False
isaac_train_00039.jpg,train,SYNTHETIC_3D,tbg_029.jpg,6.93,6.93,,,,,,,,,,,,,,,,,960,,False
isaac_train_00040.jpg,train,SYNTHETIC_3D,tbg_032.jpg,5.0,5.0,,,,,,,,,,,,,,,,,960,,False
isaac_train_00041.jpg,train,SYNTHETIC_3D,tbg_033.jpg,13.49,13.49,,,,,,,,,,,,,,,,,960,,False
isaac_train_00042.jpg,train,SYNTHETIC_3D,tbg_034.jpg,8.83,8.83,,,,,,,,,,,,,,,,,960,,False
isaac_train_00043.jpg,train,SYNTHETIC_3D,tbg_036.jpg,150.37,150.37,,,,,,,,,,,,,,,,,960,,False
isaac_train_00044.jpg,train,SYNTHETIC_3D,tbg_037.jpg,91.95,91.95,,,,,,,,,,,,,,,,,960,,False
isaac_train_00045.jpg,train,SYNTHETIC_3D,tbg_038.jpg,26.5,26.5,,,,,,,,,,,,,,,,,960,,False
isaac_train_00046.jpg,train,SYNTHETIC_3D,tbg_039.jpg,31.37,31.37,,,,,,,,,,,,,,,,,960,,False
isaac_train_00047.jpg,train,SYNTHETIC_3D,tbg_041.jpg,124.6,124.6,,,,,,,,,,,,,,,,,960,,False
isaac_train_00048.jpg,train,SYNTHETIC_3D,tbg_042.jpg,29.5,29.5,,,,,,,,,,,,,,,,,960,,False
isaac_train_00049.jpg,train,SYNTHETIC_3D,tbg_046.jpg,29.5,29.5,,,,,,,,,,,,,,,,,960,,False
isaac_train_00050.jpg,train,SYNTHETIC_3D,tbg_008.jpg,290.96,290.96,,,,,,,,,,,,,,,,,960,,False
isaac_train_00051.jpg,train,SYNTHETIC_3D,tbg_009.jpg,49.8,49.8,,,,,,,,,,,,,,,,,960,,False
isaac_train_00052.jpg,train,SYNTHETIC_3D,tbg_012.jpg,92.03,92.03,,,,,,,,,,,,,,,,,960,,False
isaac_train_00053.jpg,train,SYNTHETIC_3D,tbg_013.jpg,22.91,22.91,,,,,,,,,,,,,,,,,960,,False
isaac_train_00054.jpg,train,SYNTHETIC_3D,tbg_014.jpg,12.0,12.0,,,,,,,,,,,,,,,,,960,,False
isaac_train_00055.jpg,train,SYNTHETIC_3D,tbg_016.jpg,258.59,258.59,,,,,,,,,,,,,,,,,960,,False
isaac_train_00056.jpg,train,SYNTHETIC_3D,tbg_019.jpg,26.5,26.5,,,,,,,,,,,,,,,,,960,,False
isaac_train_00057.jpg,train,SYNTHETIC_3D,tbg_021.jpg,7.48,7.48,,,,,,,,,,,,,,,,,960,,False
isaac_train_00058.jpg,train,SYNTHETIC_3D,tbg_022.jpg,22.58,22.58,,,,,,,,,,,,,,,,,960,,False
isaac_train_00059.jpg,train,SYNTHETIC_3D,tbg_023.jpg,189.22,189.22,,,,,,,,,,,,,,,,,960,,False
isaac_train_00060.jpg,train,SYNTHETIC_3D,tbg_024.jpg,51.0,51.0,,,,,,,,,,,,,,,,,960,,False
isaac_train_00061.jpg,train,SYNTHETIC_3D,tbg_026.jpg,7.94,7.94,,,,,,,,,,,,,,,,,960,,False
isaac_train_00062.jpg,train,SYNTHETIC_3D,tbg_027.jpg,3.46,3.46,,,,,,,,,,,,,,,,,960,,False
isaac_train_00063.jpg,train,SYNTHETIC_3D,tbg_028.jpg,38.0,38.0,,,,,,,,,,,,,,,,,960,,False
isaac_train_00064.jpg,train,SYNTHETIC_3D,tbg_029.jpg,6.48,6.48,,,,,,,,,,,,,,,,,960,,False
isaac_train_00065.jpg,train,SYNTHETIC_3D,tbg_032.jpg,13.49,13.49,,,,,,,,,,,,,,,,,960,,False
isaac_train_00066.jpg,train,SYNTHETIC_3D,tbg_033.jpg,6.0,6.0,,,,,,,,,,,,,,,,,960,,False
isaac_train_00067.jpg,train,SYNTHETIC_3D,tbg_034.jpg,13.42,13.42,,,,,,,,,,,,,,,,,960,,False
isaac_train_00068.jpg,train,SYNTHETIC_3D,tbg_036.jpg,486.15,486.15,,,,,,,,,,,,,,,,,960,,False
isaac_train_00069.jpg,train,SYNTHETIC_3D,tbg_037.jpg,4.9,4.9,,,,,,,,,,,,,,,,,960,,False
isaac_train_00070.jpg,train,SYNTHETIC_3D,tbg_038.jpg,90.73,90.73,,,,,,,,,,,,,,,,,960,,False
isaac_train_00071.jpg,train,SYNTHETIC_3D,tbg_039.jpg,12.96,12.96,,,,,,,,,,,,,,,,,960,,False
isaac_train_00072.jpg,train,SYNTHETIC_3D,tbg_041.jpg,4.0,4.0,,,,,,,,,,,,,,,,,960,,False
isaac_train_00073.jpg,train,SYNTHETIC_3D,tbg_042.jpg,486.49,486.49,,,,,,,,,,,,,,,,,960,,False
isaac_train_00074.jpg,train,SYNTHETIC_3D,tbg_046.jpg,23.24,23.24,,,,,,,,,,,,,,,,,960,,False
isaac_train_00075.jpg,train,SYNTHETIC_3D,tbg_008.jpg,22.74,22.74,,,,,,,,,,,,,,,,,960,,False
isaac_train_00076.jpg,train,SYNTHETIC_3D,tbg_009.jpg,4.9,4.9,,,,,,,,,,,,,,,,,960,,False
isaac_train_00077.jpg,train,SYNTHETIC_3D,tbg_012.jpg,12.0,12.0,,,,,,,,,,,,,,,,,960,,False
isaac_train_00078.jpg,train,SYNTHETIC_3D,tbg_013.jpg,53.67,53.67,,,,,,,,,,,,,,,,,960,,False
isaac_train_00079.jpg,train,SYNTHETIC_3D,tbg_014.jpg,396.59,396.59,,,,,,,,,,,,,,,,,960,,False
isaac_train_00080.jpg,train,SYNTHETIC_3D,tbg_016.jpg,476.01,476.01,,,,,,,,,,,,,,,,,960,,False
isaac_train_00081.jpg,train,SYNTHETIC_3D,tbg_019.jpg,185.52,185.52,,,,,,,,,,,,,,,,,960,,False
isaac_train_00082.jpg,train,SYNTHETIC_3D,tbg_021.jpg,357.44,357.44,,,,,,,,,,,,,,,,,960,,False
isaac_train_00083.jpg,train,SYNTHETIC_3D,tbg_022.jpg,174.7,174.7,,,,,,,,,,,,,,,,,960,,False
isaac_train_00084.jpg,train,SYNTHETIC_3D,tbg_023.jpg,317.02,317.02,,,,,,,,,,,,,,,,,960,,False
isaac_train_00085.jpg,train,SYNTHETIC_3D,tbg_024.jpg,231.96,231.96,,,,,,,,,,,,,,,,,960,,False
isaac_train_00086.jpg,train,SYNTHETIC_3D,tbg_026.jpg,374.87,374.87,,,,,,,,,,,,,,,,,960,,False
isaac_train_00087.jpg,train,SYNTHETIC_3D,tbg_027.jpg,120.48,120.48,,,,,,,,,,,,,,,,,960,,False
isaac_train_00088.jpg,train,SYNTHETIC_3D,tbg_028.jpg,12.96,12.96,,,,,,,,,,,,,,,,,960,,False
isaac_train_00089.jpg,train,SYNTHETIC_3D,tbg_029.jpg,13.67,13.67,,,,,,,,,,,,,,,,,960,,False
isaac_train_00090.jpg,train,SYNTHETIC_3D,tbg_032.jpg,44.02,44.02,,,,,,,,,,,,,,,,,960,,False
isaac_train_00091.jpg,train,SYNTHETIC_3D,tbg_033.jpg,79.18,79.18,,,,,,,,,,,,,,,,,960,,False
isaac_train_00093.jpg,train,SYNTHETIC_3D,tbg_036.jpg,61.32,61.32,,,,,,,,,,,,,,,,,960,,False
isaac_train_00094.jpg,train,SYNTHETIC_3D,tbg_037.jpg,7.75,7.75,,,,,,,,,,,,,,,,,960,,False
isaac_train_00095.jpg,train,SYNTHETIC_3D,tbg_038.jpg,22.0,22.0,,,,,,,,,,,,,,,,,960,,False
isaac_train_00096.jpg,train,SYNTHETIC_3D,tbg_039.jpg,252.19,252.19,,,,,,,,,,,,,,,,,960,,False
isaac_train_00097.jpg,train,SYNTHETIC_3D,tbg_041.jpg,12.85,12.85,,,,,,,,,,,,,,,,,960,,False
isaac_train_00098.jpg,train,SYNTHETIC_3D,tbg_042.jpg,15.87,15.87,,,,,,,,,,,,,,,,,960,,False
isaac_train_00099.jpg,train,SYNTHETIC_3D,tbg_046.jpg,28.28,28.28,,,,,,,,,,,,,,,,,960,,False
isaac_train_00100.jpg,train,SYNTHETIC_3D,tbg_008.jpg,33.94,33.94,,,,,,,,,,,,,,,,,960,,False
isaac_train_00101.jpg,train,SYNTHETIC_3D,tbg_009.jpg,7.0,7.0,,,,,,,,,,,,,,,,,960,,False
isaac_train_00102.jpg,train,SYNTHETIC_3D,tbg_012.jpg,4.9,4.9,,,,,,,,,,,,,,,,,960,,False
isaac_train_00103.jpg,train,SYNTHETIC_3D,tbg_013.jpg,49.38,49.38,,,,,,,,,,,,,,,,,960,,False
isaac_train_00104.jpg,train,SYNTHETIC_3D,tbg_014.jpg,602.59,602.59,,,,,,,,,,,,,,,,,960,,False
isaac_train_00105.jpg,train,SYNTHETIC_3D,tbg_016.jpg,589.76,589.76,,,,,,,,,,,,,,,,,960,,False
isaac_train_00106.jpg,train,SYNTHETIC_3D,tbg_019.jpg,198.9,198.9,,,,,,,,,,,,,,,,,960,,False
isaac_train_00107.jpg,train,SYNTHETIC_3D,tbg_021.jpg,3.46,3.46,,,,,,,,,,,,,,,,,960,,False
isaac_train_00108.jpg,train,SYNTHETIC_3D,tbg_022.jpg,111.45,111.45,,,,,,,,,,,,,,,,,960,,False
isaac_train_00109.jpg,train,SYNTHETIC_3D,tbg_023.jpg,4.0,4.0,,,,,,,,,,,,,,,,,960,,False
isaac_train_00110.jpg,train,SYNTHETIC_3D,tbg_024.jpg,30.05,30.05,,,,,,,,,,,,,,,,,960,,False
isaac_train_00111.jpg,train,SYNTHETIC_3D,tbg_026.jpg,10.39,10.39,,,,,,,,,,,,,,,,,960,,False
isaac_train_00112.jpg,train,SYNTHETIC_3D,tbg_027.jpg,104.87,104.87,,,,,,,,,,,,,,,,,960,,False
isaac_train_00113.jpg,train,SYNTHETIC_3D,tbg_028.jpg,239.44,239.44,,,,,,,,,,,,,,,,,960,,False
isaac_train_00115.jpg,train,SYNTHETIC_3D,tbg_032.jpg,4.58,4.58,,,,,,,,,,,,,,,,,960,,False
isaac_train_00116.jpg,train,SYNTHETIC_3D,tbg_033.jpg,11.96,11.96,,,,,,,,,,,,,,,,,960,,False
isaac_train_00117.jpg,train,SYNTHETIC_3D,tbg_034.jpg,14.28,14.28,,,,,,,,,,,,,,,,,960,,False
isaac_train_00118.jpg,train,SYNTHETIC_3D,tbg_036.jpg,79.24,79.24,,,,,,,,,,,,,,,,,960,,False
isaac_train_00119.jpg,train,SYNTHETIC_3D,tbg_037.jpg,113.37,113.37,,,,,,,,,,,,,,,,,960,,False
isaac_train_00120.jpg,train,SYNTHETIC_3D,tbg_038.jpg,3.16,3.16,,,,,,,,,,,,,,,,,960,,False
isaac_train_00121.jpg,train,SYNTHETIC_3D,tbg_039.jpg,191.62,191.62,,,,,,,,,,,,,,,,,960,,False
isaac_train_00122.jpg,train,SYNTHETIC_3D,tbg_041.jpg,550.82,550.82,,,,,,,,,,,,,,,,,960,,False
isaac_train_00123.jpg,train,SYNTHETIC_3D,tbg_042.jpg,18.89,18.89,,,,,,,,,,,,,,,,,960,,False
isaac_train_00124.jpg,train,SYNTHETIC_3D,tbg_046.jpg,14.83,14.83,,,,,,,,,,,,,,,,,960,,False
isaac_train_00125.jpg,train,SYNTHETIC_3D,tbg_008.jpg,3.74,3.74,,,,,,,,,,,,,,,,,960,,False
isaac_train_00126.jpg,train,SYNTHETIC_3D,tbg_009.jpg,26.7,26.7,,,,,,,,,,,,,,,,,960,,False
isaac_train_00127.jpg,train,SYNTHETIC_3D,tbg_012.jpg,368.46,368.46,,,,,,,,,,,,,,,,,960,,False
isaac_train_00128.jpg,train,SYNTHETIC_3D,tbg_013.jpg,8.0,8.0,,,,,,,,,,,,,,,,,960,,False
isaac_train_00129.jpg,train,SYNTHETIC_3D,tbg_014.jpg,7.94,7.94,,,,,,,,,,,,,,,,,960,,False
isaac_train_00130.jpg,train,SYNTHETIC_3D,tbg_016.jpg,70.5,70.5,,,,,,,,,,,,,,,,,960,,False
isaac_train_00131.jpg,train,SYNTHETIC_3D,tbg_019.jpg,24.45,24.45,,,,,,,,,,,,,,,,,960,,False
isaac_train_00132.jpg,train,SYNTHETIC_3D,tbg_021.jpg,129.22,129.22,,,,,,,,,,,,,,,,,960,,False
isaac_train_00133.jpg,train,SYNTHETIC_3D,tbg_022.jpg,8.49,8.49,,,,,,,,,,,,,,,,,960,,False
isaac_train_00134.jpg,train,SYNTHETIC_3D,tbg_023.jpg,220.75,220.75,,,,,,,,,,,,,,,,,960,,False
isaac_train_00135.jpg,train,SYNTHETIC_3D,tbg_024.jpg,16.52,16.52,,,,,,,,,,,,,,,,,960,,False
isaac_train_00136.jpg,train,SYNTHETIC_3D,tbg_026.jpg,109.73,109.73,,,,,,,,,,,,,,,,,960,,False
isaac_train_00137.jpg,train,SYNTHETIC_3D,tbg_027.jpg,67.08,67.08,,,,,,,,,,,,,,,,,960,,False
isaac_train_00138.jpg,train,SYNTHETIC_3D,tbg_028.jpg,179.44,179.44,,,,,,,,,,,,,,,,,960,,False
isaac_train_00139.jpg,train,SYNTHETIC_3D,tbg_029.jpg,481.41,481.41,,,,,,,,,,,,,,,,,960,,False
isaac_train_00140.jpg,train,SYNTHETIC_3D,tbg_032.jpg,765.73,765.73,,,,,,,,,,,,,,,,,960,,False
isaac_train_00141.jpg,train,SYNTHETIC_3D,tbg_033.jpg,7.07,7.07,,,,,,,,,,,,,,,,,960,,False
isaac_train_00142.jpg,train,SYNTHETIC_3D,tbg_034.jpg,38.83,38.83,,,,,,,,,,,,,,,,,960,,False
isaac_train_00143.jpg,train,SYNTHETIC_3D,tbg_036.jpg,5.0,5.0,,,,,,,,,,,,,,,,,960,,False
isaac_train_00144.jpg,train,SYNTHETIC_3D,tbg_037.jpg,17.49,17.49,,,,,,,,,,,,,,,,,960,,False
isaac_train_00145.jpg,train,SYNTHETIC_3D,tbg_038.jpg,10.39,10.39,,,,,,,,,,,,,,,,,960,,False
isaac_train_00146.jpg,train,SYNTHETIC_3D,tbg_039.jpg,21.63,21.63,,,,,,,,,,,,,,,,,960,,False
isaac_train_00147.jpg,train,SYNTHETIC_3D,tbg_041.jpg,11.83,11.83,,,,,,,,,,,,,,,,,960,,False
isaac_train_00148.jpg,train,SYNTHETIC_3D,tbg_042.jpg,10.82,10.82,,,,,,,,,,,,,,,,,960,,False
isaac_train_00149.jpg,train,SYNTHETIC_3D,tbg_046.jpg,623.64,623.64,,,,,,,,,,,,,,,,,960,,False
isaac_train_00150.jpg,train,SYNTHETIC_3D,tbg_008.jpg,6.48,6.48,,,,,,,,,,,,,,,,,960,,False
isaac_train_00151.jpg,train,SYNTHETIC_3D,tbg_009.jpg,9.95,9.95,,,,,,,,,,,,,,,,,960,,False
isaac_train_00152.jpg,train,SYNTHETIC_3D,tbg_012.jpg,413.78,413.78,,,,,,,,,,,,,,,,,960,,False
isaac_train_00153.jpg,train,SYNTHETIC_3D,tbg_013.jpg,327.84,327.84,,,,,,,,,,,,,,,,,960,,False
isaac_train_00154.jpg,train,SYNTHETIC_3D,tbg_014.jpg,64.21,64.21,,,,,,,,,,,,,,,,,960,,False
isaac_train_00155.jpg,train,SYNTHETIC_3D,tbg_016.jpg,641.65,641.65,,,,,,,,,,,,,,,,,960,,False
isaac_train_00156.jpg,train,SYNTHETIC_3D,tbg_019.jpg,220.7,220.7,,,,,,,,,,,,,,,,,960,,False
isaac_train_00157.jpg,train,SYNTHETIC_3D,tbg_021.jpg,263.22,263.22,,,,,,,,,,,,,,,,,960,,False
isaac_train_00158.jpg,train,SYNTHETIC_3D,tbg_022.jpg,125.86,125.86,,,,,,,,,,,,,,,,,960,,False
isaac_train_00159.jpg,train,SYNTHETIC_3D,tbg_023.jpg,368.93,368.93,,,,,,,,,,,,,,,,,960,,False
isaac_train_00160.jpg,train,SYNTHETIC_3D,tbg_024.jpg,7.48,7.48,,,,,,,,,,,,,,,,,960,,False
isaac_train_00161.jpg,train,SYNTHETIC_3D,tbg_026.jpg,20.12,20.12,,,,,,,,,,,,,,,,,960,,False
isaac_train_00162.jpg,train,SYNTHETIC_3D,tbg_027.jpg,18.17,18.17,,,,,,,,,,,,,,,,,960,,False
isaac_train_00163.jpg,train,SYNTHETIC_3D,tbg_028.jpg,9.49,9.49,,,,,,,,,,,,,,,,,960,,False
isaac_train_00164.jpg,train,SYNTHETIC_3D,tbg_029.jpg,87.13,87.13,,,,,,,,,,,,,,,,,960,,False
isaac_train_00165.jpg,train,SYNTHETIC_3D,tbg_032.jpg,8.37,8.37,,,,,,,,,,,,,,,,,960,,False
isaac_train_00166.jpg,train,SYNTHETIC_3D,tbg_033.jpg,14.49,14.49,,,,,,,,,,,,,,,,,960,,False
isaac_train_00167.jpg,train,SYNTHETIC_3D,tbg_034.jpg,209.05,209.05,,,,,,,,,,,,,,,,,960,,False
isaac_train_00168.jpg,train,SYNTHETIC_3D,tbg_036.jpg,284.5,284.5,,,,,,,,,,,,,,,,,960,,False
isaac_train_00169.jpg,train,SYNTHETIC_3D,tbg_037.jpg,9.38,9.38,,,,,,,,,,,,,,,,,960,,False
isaac_train_00170.jpg,train,SYNTHETIC_3D,tbg_038.jpg,7.48,7.48,,,,,,,,,,,,,,,,,960,,False
isaac_train_00171.jpg,train,SYNTHETIC_3D,tbg_039.jpg,14.42,14.42,,,,,,,,,,,,,,,,,960,,False
isaac_train_00172.jpg,train,SYNTHETIC_3D,tbg_041.jpg,348.49,348.49,,,,,,,,,,,,,,,,,960,,False
isaac_train_00173.jpg,train,SYNTHETIC_3D,tbg_042.jpg,428.4,428.4,,,,,,,,,,,,,,,,,960,,False
isaac_train_00174.jpg,train,SYNTHETIC_3D,tbg_046.jpg,73.89,73.89,,,,,,,,,,,,,,,,,960,,False
isaac_train_00175.jpg,train,SYNTHETIC_3D,tbg_008.jpg,66.18,66.18,,,,,,,,,,,,,,,,,960,,False
isaac_train_00176.jpg,train,SYNTHETIC_3D,tbg_009.jpg,200.88,200.88,,,,,,,,,,,,,,,,,960,,False
isaac_train_00177.jpg,train,SYNTHETIC_3D,tbg_012.jpg,38.99,38.99,,,,,,,,,,,,,,,,,960,,False
isaac_train_00178.jpg,train,SYNTHETIC_3D,tbg_013.jpg,45.48,45.48,,,,,,,,,,,,,,,,,960,,False
isaac_train_00179.jpg,train,SYNTHETIC_3D,tbg_014.jpg,104.5,104.5,,,,,,,,,,,,,,,,,960,,False
isaac_train_00180.jpg,train,SYNTHETIC_3D,tbg_016.jpg,3.46,3.46,,,,,,,,,,,,,,,,,960,,False
isaac_train_00181.jpg,train,SYNTHETIC_3D,tbg_019.jpg,118.0,118.0,,,,,,,,,,,,,,,,,960,,False
isaac_train_00182.jpg,train,SYNTHETIC_3D,tbg_021.jpg,206.76,206.76,,,,,,,,,,,,,,,,,960,,False
isaac_train_00183.jpg,train,SYNTHETIC_3D,tbg_022.jpg,26.27,26.27,,,,,,,,,,,,,,,,,960,,False
isaac_train_00184.jpg,train,SYNTHETIC_3D,tbg_023.jpg,20.35,20.35,,,,,,,,,,,,,,,,,960,,False
isaac_train_00185.jpg,train,SYNTHETIC_3D,tbg_024.jpg,288.1,288.1,,,,,,,,,,,,,,,,,960,,False
isaac_train_00187.jpg,train,SYNTHETIC_3D,tbg_027.jpg,12.85,12.85,,,,,,,,,,,,,,,,,960,,False
isaac_train_00188.jpg,train,SYNTHETIC_3D,tbg_028.jpg,4.24,4.24,,,,,,,,,,,,,,,,,960,,False
isaac_train_00189.jpg,train,SYNTHETIC_3D,tbg_029.jpg,11.96,11.96,,,,,,,,,,,,,,,,,960,,False
isaac_train_00190.jpg,train,SYNTHETIC_3D,tbg_032.jpg,8.12,8.12,,,,,,,,,,,,,,,,,960,,False
isaac_train_00191.jpg,train,SYNTHETIC_3D,tbg_033.jpg,3.46,3.46,,,,,,,,,,,,,,,,,960,,False
isaac_train_00192.jpg,train,SYNTHETIC_3D,tbg_034.jpg,253.14,253.14,,,,,,,,,,,,,,,,,960,,False
isaac_train_00193.jpg,train,SYNTHETIC_3D,tbg_036.jpg,6.48,6.48,,,,,,,,,,,,,,,,,960,,False
isaac_train_00194.jpg,train,SYNTHETIC_3D,tbg_037.jpg,7.48,7.48,,,,,,,,,,,,,,,,,960,,False
isaac_train_00195.jpg,train,SYNTHETIC_3D,tbg_038.jpg,74.74,74.74,,,,,,,,,,,,,,,,,960,,False
isaac_train_00196.jpg,train,SYNTHETIC_3D,tbg_039.jpg,7.07,7.07,,,,,,,,,,,,,,,,,960,,False
isaac_train_00197.jpg,train,SYNTHETIC_3D,tbg_041.jpg,44.99,44.99,,,,,,,,,,,,,,,,,960,,False
isaac_train_00198.jpg,train,SYNTHETIC_3D,tbg_042.jpg,63.64,63.64,,,,,,,,,,,,,,,,,960,,False
isaac_train_00199.jpg,train,SYNTHETIC_3D,tbg_046.jpg,3.46,3.46,,,,,,,,,,,,,,,,,960,,False
isaac_train_00200.jpg,train,SYNTHETIC_3D,tbg_008.jpg,4.47,4.47,,,,,,,,,,,,,,,,,960,,False
isaac_train_00201.jpg,train,SYNTHETIC_3D,tbg_009.jpg,97.99,97.99,,,,,,,,,,,,,,,,,960,,False
isaac_train_00202.jpg,train,SYNTHETIC_3D,tbg_012.jpg,159.32,159.32,,,,,,,,,,,,,,,,,960,,False
isaac_train_00203.jpg,train,SYNTHETIC_3D,tbg_013.jpg,117.49,117.49,,,,,,,,,,,,,,,,,960,,False
isaac_train_00204.jpg,train,SYNTHETIC_3D,tbg_014.jpg,58.79,58.79,,,,,,,,,,,,,,,,,960,,False
isaac_train_00205.jpg,train,SYNTHETIC_3D,tbg_016.jpg,227.0,227.0,,,,,,,,,,,,,,,,,960,,False
isaac_train_00206.jpg,train,SYNTHETIC_3D,tbg_019.jpg,234.99,234.99,,,,,,,,,,,,,,,,,960,,False
isaac_train_00207.jpg,train,SYNTHETIC_3D,tbg_021.jpg,9.38,9.38,,,,,,,,,,,,,,,,,960,,False
isaac_train_00208.jpg,train,SYNTHETIC_3D,tbg_022.jpg,5.48,5.48,,,,,,,,,,,,,,,,,960,,False
isaac_train_00209.jpg,train,SYNTHETIC_3D,tbg_023.jpg,39.37,39.37,,,,,,,,,,,,,,,,,960,,False
isaac_train_00210.jpg,train,SYNTHETIC_3D,tbg_024.jpg,12.96,12.96,,,,,,,,,,,,,,,,,960,,False
isaac_train_00211.jpg,train,SYNTHETIC_3D,tbg_026.jpg,240.27,240.27,,,,,,,,,,,,,,,,,960,,False
isaac_train_00212.jpg,train,SYNTHETIC_3D,tbg_027.jpg,6.48,6.48,,,,,,,,,,,,,,,,,960,,False
isaac_train_00213.jpg,train,SYNTHETIC_3D,tbg_028.jpg,171.46,171.46,,,,,,,,,,,,,,,,,960,,False
isaac_train_00214.jpg,train,SYNTHETIC_3D,tbg_029.jpg,42.81,42.81,,,,,,,,,,,,,,,,,960,,False
isaac_train_00215.jpg,train,SYNTHETIC_3D,tbg_032.jpg,192.5,192.5,,,,,,,,,,,,,,,,,960,,False
isaac_train_00216.jpg,train,SYNTHETIC_3D,tbg_033.jpg,23.69,23.69,,,,,,,,,,,,,,,,,960,,False
isaac_train_00217.jpg,train,SYNTHETIC_3D,tbg_034.jpg,745.59,745.59,,,,,,,,,,,,,,,,,960,,False
isaac_train_00218.jpg,train,SYNTHETIC_3D,tbg_036.jpg,178.17,178.17,,,,,,,,,,,,,,,,,960,,False
isaac_train_00219.jpg,train,SYNTHETIC_3D,tbg_037.jpg,182.29,182.29,,,,,,,,,,,,,,,,,960,,False
isaac_train_00220.jpg,train,SYNTHETIC_3D,tbg_038.jpg,462.47,462.47,,,,,,,,,,,,,,,,,960,,False
isaac_train_00221.jpg,train,SYNTHETIC_3D,tbg_039.jpg,94.92,94.92,,,,,,,,,,,,,,,,,960,,False
isaac_train_00222.jpg,train,SYNTHETIC_3D,tbg_041.jpg,137.39,137.39,,,,,,,,,,,,,,,,,960,,False
isaac_train_00223.jpg,train,SYNTHETIC_3D,tbg_042.jpg,5.92,5.92,,,,,,,,,,,,,,,,,960,,False
isaac_train_00224.jpg,train,SYNTHETIC_3D,tbg_046.jpg,13.27,13.27,,,,,,,,,,,,,,,,,960,,False
isaac_train_00225.jpg,train,SYNTHETIC_3D,tbg_008.jpg,15.49,15.49,,,,,,,,,,,,,,,,,960,,False
isaac_train_00226.jpg,train,SYNTHETIC_3D,tbg_009.jpg,55.78,55.78,,,,,,,,,,,,,,,,,960,,False
isaac_train_00227.jpg,train,SYNTHETIC_3D,tbg_012.jpg,68.96,68.96,,,,,,,,,,,,,,,,,960,,False
isaac_train_00228.jpg,train,SYNTHETIC_3D,tbg_013.jpg,16.97,16.97,,,,,,,,,,,,,,,,,960,,False
isaac_train_00229.jpg,train,SYNTHETIC_3D,tbg_014.jpg,6.71,6.71,,,,,,,,,,,,,,,,,960,,False
isaac_train_00230.jpg,train,SYNTHETIC_3D,tbg_016.jpg,678.01,678.01,,,,,,,,,,,,,,,,,960,,False
isaac_train_00231.jpg,train,SYNTHETIC_3D,tbg_019.jpg,22.98,22.98,,,,,,,,,,,,,,,,,960,,False
isaac_train_00232.jpg,train,SYNTHETIC_3D,tbg_021.jpg,16.91,16.91,,,,,,,,,,,,,,,,,960,,False
isaac_train_00233.jpg,train,SYNTHETIC_3D,tbg_022.jpg,96.49,96.49,,,,,,,,,,,,,,,,,960,,False
isaac_train_00234.jpg,train,SYNTHETIC_3D,tbg_023.jpg,146.99,146.99,,,,,,,,,,,,,,,,,960,,False
isaac_train_00235.jpg,train,SYNTHETIC_3D,tbg_024.jpg,276.42,276.42,,,,,,,,,,,,,,,,,960,,False
isaac_train_00236.jpg,train,SYNTHETIC_3D,tbg_026.jpg,28.0,28.0,,,,,,,,,,,,,,,,,960,,False
isaac_train_00238.jpg,train,SYNTHETIC_3D,tbg_028.jpg,6.93,6.93,,,,,,,,,,,,,,,,,960,,False
isaac_train_00239.jpg,train,SYNTHETIC_3D,tbg_029.jpg,266.98,266.98,,,,,,,,,,,,,,,,,960,,False
isaac_train_00240.jpg,train,SYNTHETIC_3D,tbg_032.jpg,286.97,286.97,,,,,,,,,,,,,,,,,960,,False
isaac_train_00241.jpg,train,SYNTHETIC_3D,tbg_033.jpg,119.36,119.36,,,,,,,,,,,,,,,,,960,,False
isaac_train_00242.jpg,train,SYNTHETIC_3D,tbg_034.jpg,197.18,197.18,,,,,,,,,,,,,,,,,960,,False
isaac_train_00243.jpg,train,SYNTHETIC_3D,tbg_036.jpg,60.33,60.33,,,,,,,,,,,,,,,,,960,,False
isaac_train_00244.jpg,train,SYNTHETIC_3D,tbg_037.jpg,4.9,4.9,,,,,,,,,,,,,,,,,960,,False
isaac_train_00245.jpg,train,SYNTHETIC_3D,tbg_038.jpg,533.85,533.85,,,,,,,,,,,,,,,,,960,,False
isaac_train_00246.jpg,train,SYNTHETIC_3D,tbg_039.jpg,548.96,548.96,,,,,,,,,,,,,,,,,960,,False
isaac_train_00247.jpg,train,SYNTHETIC_3D,tbg_041.jpg,6.48,6.48,,,,,,,,,,,,,,,,,960,,False
isaac_train_00248.jpg,train,SYNTHETIC_3D,tbg_042.jpg,3.46,3.46,,,,,,,,,,,,,,,,,960,,False
isaac_train_00250.jpg,train,SYNTHETIC_3D,tbg_008.jpg,90.34,90.34,,,,,,,,,,,,,,,,,960,,False
isaac_train_00252.jpg,train,SYNTHETIC_3D,tbg_012.jpg,31.3,31.3,,,,,,,,,,,,,,,,,960,,False
isaac_train_00253.jpg,train,SYNTHETIC_3D,tbg_013.jpg,246.5,246.5,,,,,,,,,,,,,,,,,960,,False
isaac_train_00254.jpg,train,SYNTHETIC_3D,tbg_014.jpg,3.46,3.46,,,,,,,,,,,,,,,,,960,,False
isaac_train_00255.jpg,train,SYNTHETIC_3D,tbg_016.jpg,25.38,25.38,,,,,,,,,,,,,,,,,960,,False
isaac_train_00256.jpg,train,SYNTHETIC_3D,tbg_019.jpg,126.86,126.86,,,,,,,,,,,,,,,,,960,,False
isaac_train_00257.jpg,train,SYNTHETIC_3D,tbg_021.jpg,18.97,18.97,,,,,,,,,,,,,,,,,960,,False
isaac_train_00258.jpg,train,SYNTHETIC_3D,tbg_022.jpg,4.24,4.24,,,,,,,,,,,,,,,,,960,,False
isaac_train_00259.jpg,train,SYNTHETIC_3D,tbg_023.jpg,20.2,20.2,,,,,,,,,,,,,,,,,960,,False
isaac_train_00260.jpg,train,SYNTHETIC_3D,tbg_024.jpg,6.0,6.0,,,,,,,,,,,,,,,,,960,,False
isaac_train_00261.jpg,train,SYNTHETIC_3D,tbg_026.jpg,57.78,57.78,,,,,,,,,,,,,,,,,960,,False
isaac_train_00262.jpg,train,SYNTHETIC_3D,tbg_027.jpg,15.0,15.0,,,,,,,,,,,,,,,,,960,,False
isaac_train_00263.jpg,train,SYNTHETIC_3D,tbg_028.jpg,504.98,504.98,,,,,,,,,,,,,,,,,960,,False
isaac_train_00264.jpg,train,SYNTHETIC_3D,tbg_029.jpg,4.0,4.0,,,,,,,,,,,,,,,,,960,,False
isaac_train_00265.jpg,train,SYNTHETIC_3D,tbg_032.jpg,246.9,246.9,,,,,,,,,,,,,,,,,960,,False
isaac_train_00266.jpg,train,SYNTHETIC_3D,tbg_033.jpg,20.45,20.45,,,,,,,,,,,,,,,,,960,,False
isaac_train_00267.jpg,train,SYNTHETIC_3D,tbg_034.jpg,21.49,21.49,,,,,,,,,,,,,,,,,960,,False
isaac_train_00268.jpg,train,SYNTHETIC_3D,tbg_036.jpg,95.58,95.58,,,,,,,,,,,,,,,,,960,,False
isaac_train_00269.jpg,train,SYNTHETIC_3D,tbg_037.jpg,10.39,10.39,,,,,,,,,,,,,,,,,960,,False
isaac_train_00270.jpg,train,SYNTHETIC_3D,tbg_038.jpg,290.46,290.46,,,,,,,,,,,,,,,,,960,,False
isaac_train_00271.jpg,train,SYNTHETIC_3D,tbg_039.jpg,403.47,403.47,,,,,,,,,,,,,,,,,960,,False
isaac_train_00272.jpg,train,SYNTHETIC_3D,tbg_041.jpg,389.62,389.62,,,,,,,,,,,,,,,,,960,,False
isaac_train_00273.jpg,train,SYNTHETIC_3D,tbg_042.jpg,173.97,173.97,,,,,,,,,,,,,,,,,960,,False
isaac_train_00274.jpg,train,SYNTHETIC_3D,tbg_046.jpg,4.0,4.0,,,,,,,,,,,,,,,,,960,,False
isaac_train_00275.jpg,train,SYNTHETIC_3D,tbg_008.jpg,313.46,313.46,,,,,,,,,,,,,,,,,960,,False
isaac_train_00276.jpg,train,SYNTHETIC_3D,tbg_009.jpg,12.41,12.41,,,,,,,,,,,,,,,,,960,,False
isaac_train_00277.jpg,train,SYNTHETIC_3D,tbg_012.jpg,3.0,3.0,,,,,,,,,,,,,,,,,960,,False
isaac_train_00278.jpg,train,SYNTHETIC_3D,tbg_013.jpg,481.06,481.06,,,,,,,,,,,,,,,,,960,,False
isaac_train_00279.jpg,train,SYNTHETIC_3D,tbg_014.jpg,182.87,182.87,,,,,,,,,,,,,,,,,960,,False
isaac_train_00280.jpg,train,SYNTHETIC_3D,tbg_016.jpg,76.0,76.0,,,,,,,,,,,,,,,,,960,,False
isaac_train_00281.jpg,train,SYNTHETIC_3D,tbg_019.jpg,347.44,347.44,,,,,,,,,,,,,,,,,960,,False
isaac_train_00282.jpg,train,SYNTHETIC_3D,tbg_021.jpg,63.36,63.36,,,,,,,,,,,,,,,,,960,,False
isaac_train_00283.jpg,train,SYNTHETIC_3D,tbg_022.jpg,248.64,248.64,,,,,,,,,,,,,,,,,960,,False
isaac_train_00285.jpg,train,SYNTHETIC_3D,tbg_024.jpg,30.85,30.85,,,,,,,,,,,,,,,,,960,,False
isaac_train_00286.jpg,train,SYNTHETIC_3D,tbg_026.jpg,447.44,447.44,,,,,,,,,,,,,,,,,960,,False
isaac_train_00287.jpg,train,SYNTHETIC_3D,tbg_027.jpg,8.0,8.0,,,,,,,,,,,,,,,,,960,,False
isaac_train_00288.jpg,train,SYNTHETIC_3D,tbg_028.jpg,575.02,575.02,,,,,,,,,,,,,,,,,960,,False
isaac_train_00289.jpg,train,SYNTHETIC_3D,tbg_029.jpg,76.73,76.73,,,,,,,,,,,,,,,,,960,,False
isaac_train_00290.jpg,train,SYNTHETIC_3D,tbg_032.jpg,30.5,30.5,,,,,,,,,,,,,,,,,960,,False
isaac_train_00291.jpg,train,SYNTHETIC_3D,tbg_033.jpg,48.77,48.77,,,,,,,,,,,,,,,,,960,,False
isaac_train_00292.jpg,train,SYNTHETIC_3D,tbg_034.jpg,549.74,549.74,,,,,,,,,,,,,,,,,960,,False
isaac_train_00293.jpg,train,SYNTHETIC_3D,tbg_036.jpg,3.0,3.0,,,,,,,,,,,,,,,,,960,,False
isaac_train_00294.jpg,train,SYNTHETIC_3D,tbg_037.jpg,17.75,17.75,,,,,,,,,,,,,,,,,960,,False
isaac_train_00295.jpg,train,SYNTHETIC_3D,tbg_038.jpg,761.81,761.81,,,,,,,,,,,,,,,,,960,,False
isaac_train_00296.jpg,train,SYNTHETIC_3D,tbg_039.jpg,511.93,511.93,,,,,,,,,,,,,,,,,960,,False
isaac_train_00297.jpg,train,SYNTHETIC_3D,tbg_041.jpg,6.93,6.93,,,,,,,,,,,,,,,,,960,,False
isaac_train_00298.jpg,train,SYNTHETIC_3D,tbg_042.jpg,4.47,4.47,,,,,,,,,,,,,,,,,960,,False
isaac_train_00299.jpg,train,SYNTHETIC_3D,tbg_046.jpg,578.62,578.62,,,,,,,,,,,,,,,,,960,,False
isaac_train_00300.jpg,train,SYNTHETIC_3D,tbg_008.jpg,87.49,87.49,,,,,,,,,,,,,,,,,960,,False
isaac_train_00301.jpg,train,SYNTHETIC_3D,tbg_009.jpg,31.3,31.3,,,,,,,,,,,,,,,,,960,,False
isaac_train_00302.jpg,train,SYNTHETIC_3D,tbg_012.jpg,379.81,379.81,,,,,,,,,,,,,,,,,960,,False
isaac_train_00303.jpg,train,SYNTHETIC_3D,tbg_013.jpg,3.87,3.87,,,,,,,,,,,,,,,,,960,,False
isaac_train_00304.jpg,train,SYNTHETIC_3D,tbg_014.jpg,8.94,8.94,,,,,,,,,,,,,,,,,960,,False
isaac_train_00305.jpg,train,SYNTHETIC_3D,tbg_016.jpg,37.79,37.79,,,,,,,,,,,,,,,,,960,,False
isaac_train_00306.jpg,train,SYNTHETIC_3D,tbg_019.jpg,17.0,17.0,,,,,,,,,,,,,,,,,960,,False
isaac_train_00307.jpg,train,SYNTHETIC_3D,tbg_021.jpg,3.87,3.87,,,,,,,,,,,,,,,,,960,,False
isaac_train_00309.jpg,train,SYNTHETIC_3D,tbg_023.jpg,355.56,355.56,,,,,,,,,,,,,,,,,960,,False
isaac_train_00310.jpg,train,SYNTHETIC_3D,tbg_024.jpg,22.8,22.8,,,,,,,,,,,,,,,,,960,,False
isaac_train_00311.jpg,train,SYNTHETIC_3D,tbg_026.jpg,68.53,68.53,,,,,,,,,,,,,,,,,960,,False
isaac_train_00312.jpg,train,SYNTHETIC_3D,tbg_027.jpg,7.0,7.0,,,,,,,,,,,,,,,,,960,,False
isaac_train_00313.jpg,train,SYNTHETIC_3D,tbg_028.jpg,44.16,44.16,,,,,,,,,,,,,,,,,960,,False
isaac_train_00314.jpg,train,SYNTHETIC_3D,tbg_029.jpg,142.49,142.49,,,,,,,,,,,,,,,,,960,,False
isaac_train_00315.jpg,train,SYNTHETIC_3D,tbg_032.jpg,10.49,10.49,,,,,,,,,,,,,,,,,960,,False
isaac_train_00316.jpg,train,SYNTHETIC_3D,tbg_033.jpg,14.87,14.87,,,,,,,,,,,,,,,,,960,,False
isaac_train_00317.jpg,train,SYNTHETIC_3D,tbg_034.jpg,5.0,5.0,,,,,,,,,,,,,,,,,960,,False
isaac_train_00318.jpg,train,SYNTHETIC_3D,tbg_036.jpg,104.24,104.24,,,,,,,,,,,,,,,,,960,,False
isaac_train_00319.jpg,train,SYNTHETIC_3D,tbg_037.jpg,66.97,66.97,,,,,,,,,,,,,,,,,960,,False
isaac_train_00320.jpg,train,SYNTHETIC_3D,tbg_038.jpg,60.16,60.16,,,,,,,,,,,,,,,,,960,,False
isaac_train_00321.jpg,train,SYNTHETIC_3D,tbg_039.jpg,122.52,122.52,,,,,,,,,,,,,,,,,960,,False
isaac_train_00322.jpg,train,SYNTHETIC_3D,tbg_041.jpg,125.22,125.22,,,,,,,,,,,,,,,,,960,,False
isaac_train_00323.jpg,train,SYNTHETIC_3D,tbg_042.jpg,221.96,221.96,,,,,,,,,,,,,,,,,960,,False
isaac_train_00324.jpg,train,SYNTHETIC_3D,tbg_046.jpg,676.75,676.75,,,,,,,,,,,,,,,,,960,,False
isaac_train_00325.jpg,train,SYNTHETIC_3D,tbg_008.jpg,4.47,4.47,,,,,,,,,,,,,,,,,960,,False
isaac_train_00326.jpg,train,SYNTHETIC_3D,tbg_009.jpg,10.95,10.95,,,,,,,,,,,,,,,,,960,,False
isaac_train_00327.jpg,train,SYNTHETIC_3D,tbg_012.jpg,35.0,35.0,,,,,,,,,,,,,,,,,960,,False
isaac_train_00328.jpg,train,SYNTHETIC_3D,tbg_013.jpg,27.13,27.13,,,,,,,,,,,,,,,,,960,,False
isaac_train_00329.jpg,train,SYNTHETIC_3D,tbg_014.jpg,4.24,4.24,,,,,,,,,,,,,,,,,960,,False
isaac_train_00331.jpg,train,SYNTHETIC_3D,tbg_019.jpg,6.32,6.32,,,,,,,,,,,,,,,,,960,,False
isaac_train_00332.jpg,train,SYNTHETIC_3D,tbg_021.jpg,421.74,421.74,,,,,,,,,,,,,,,,,960,,False
isaac_train_00333.jpg,train,SYNTHETIC_3D,tbg_022.jpg,123.9,123.9,,,,,,,,,,,,,,,,,960,,False
isaac_train_00334.jpg,train,SYNTHETIC_3D,tbg_023.jpg,204.12,204.12,,,,,,,,,,,,,,,,,960,,False
isaac_train_00335.jpg,train,SYNTHETIC_3D,tbg_024.jpg,484.66,484.66,,,,,,,,,,,,,,,,,960,,False
isaac_train_00336.jpg,train,SYNTHETIC_3D,tbg_026.jpg,57.86,57.86,,,,,,,,,,,,,,,,,960,,False
isaac_train_00337.jpg,train,SYNTHETIC_3D,tbg_027.jpg,6.71,6.71,,,,,,,,,,,,,,,,,960,,False
isaac_train_00338.jpg,train,SYNTHETIC_3D,tbg_028.jpg,14.42,14.42,,,,,,,,,,,,,,,,,960,,False
isaac_train_00339.jpg,train,SYNTHETIC_3D,tbg_029.jpg,15.0,15.0,,,,,,,,,,,,,,,,,960,,False
isaac_train_00340.jpg,train,SYNTHETIC_3D,tbg_032.jpg,634.48,634.48,,,,,,,,,,,,,,,,,960,,False
isaac_train_00341.jpg,train,SYNTHETIC_3D,tbg_033.jpg,15.3,15.3,,,,,,,,,,,,,,,,,960,,False
isaac_train_00342.jpg,train,SYNTHETIC_3D,tbg_034.jpg,5.0,5.0,,,,,,,,,,,,,,,,,960,,False
isaac_train_00343.jpg,train,SYNTHETIC_3D,tbg_036.jpg,123.38,123.38,,,,,,,,,,,,,,,,,960,,False
isaac_train_00344.jpg,train,SYNTHETIC_3D,tbg_037.jpg,19.49,19.49,,,,,,,,,,,,,,,,,960,,False
isaac_train_00345.jpg,train,SYNTHETIC_3D,tbg_038.jpg,17.49,17.49,,,,,,,,,,,,,,,,,960,,False
isaac_train_00346.jpg,train,SYNTHETIC_3D,tbg_039.jpg,186.5,186.5,,,,,,,,,,,,,,,,,960,,False
isaac_train_00348.jpg,train,SYNTHETIC_3D,tbg_042.jpg,14.42,14.42,,,,,,,,,,,,,,,,,960,,False
isaac_train_00349.jpg,train,SYNTHETIC_3D,tbg_046.jpg,81.5,81.5,,,,,,,,,,,,,,,,,960,,False
isaac_train_00350.jpg,train,SYNTHETIC_3D,tbg_008.jpg,280.57,280.57,,,,,,,,,,,,,,,,,960,,False
isaac_train_00351.jpg,train,SYNTHETIC_3D,tbg_009.jpg,394.48,394.48,,,,,,,,,,,,,,,,,960,,False
isaac_train_00352.jpg,train,SYNTHETIC_3D,tbg_012.jpg,104.88,104.88,,,,,,,,,,,,,,,,,960,,False
isaac_train_00354.jpg,train,SYNTHETIC_3D,tbg_014.jpg,12.85,12.85,,,,,,,,,,,,,,,,,960,,False
isaac_train_00355.jpg,train,SYNTHETIC_3D,tbg_016.jpg,4.47,4.47,,,,,,,,,,,,,,,,,960,,False
isaac_train_00356.jpg,train,SYNTHETIC_3D,tbg_019.jpg,4.0,4.0,,,,,,,,,,,,,,,,,960,,False
isaac_train_00357.jpg,train,SYNTHETIC_3D,tbg_021.jpg,70.1,70.1,,,,,,,,,,,,,,,,,960,,False
isaac_train_00358.jpg,train,SYNTHETIC_3D,tbg_022.jpg,22.91,22.91,,,,,,,,,,,,,,,,,960,,False
isaac_train_00359.jpg,train,SYNTHETIC_3D,tbg_023.jpg,152.16,152.16,,,,,,,,,,,,,,,,,960,,False
isaac_train_00360.jpg,train,SYNTHETIC_3D,tbg_024.jpg,52.44,52.44,,,,,,,,,,,,,,,,,960,,False
isaac_train_00362.jpg,train,SYNTHETIC_3D,tbg_027.jpg,7.94,7.94,,,,,,,,,,,,,,,,,960,,False
isaac_train_00363.jpg,train,SYNTHETIC_3D,tbg_028.jpg,3.0,3.0,,,,,,,,,,,,,,,,,960,,False
isaac_train_00364.jpg,train,SYNTHETIC_3D,tbg_029.jpg,4.9,4.9,,,,,,,,,,,,,,,,,960,,False
isaac_train_00365.jpg,train,SYNTHETIC_3D,tbg_032.jpg,4.9,4.9,,,,,,,,,,,,,,,,,960,,False
isaac_train_00366.jpg,train,SYNTHETIC_3D,tbg_033.jpg,3.46,3.46,,,,,,,,,,,,,,,,,960,,False
isaac_train_00367.jpg,train,SYNTHETIC_3D,tbg_034.jpg,239.5,239.5,,,,,,,,,,,,,,,,,960,,False
isaac_train_00369.jpg,train,SYNTHETIC_3D,tbg_037.jpg,204.78,204.78,,,,,,,,,,,,,,,,,960,,False
isaac_train_00370.jpg,train,SYNTHETIC_3D,tbg_038.jpg,13.86,13.86,,,,,,,,,,,,,,,,,960,,False
isaac_train_00371.jpg,train,SYNTHETIC_3D,tbg_039.jpg,507.42,507.42,,,,,,,,,,,,,,,,,960,,False
isaac_train_00372.jpg,train,SYNTHETIC_3D,tbg_041.jpg,21.02,21.02,,,,,,,,,,,,,,,,,960,,False
isaac_train_00373.jpg,train,SYNTHETIC_3D,tbg_042.jpg,25.69,25.69,,,,,,,,,,,,,,,,,960,,False
isaac_train_00374.jpg,train,SYNTHETIC_3D,tbg_046.jpg,332.02,332.02,,,,,,,,,,,,,,,,,960,,False
isaac_train_00375.jpg,train,SYNTHETIC_3D,tbg_008.jpg,196.01,196.01,,,,,,,,,,,,,,,,,960,,False
isaac_train_00376.jpg,train,SYNTHETIC_3D,tbg_009.jpg,4.0,4.0,,,,,,,,,,,,,,,,,960,,False
isaac_train_00377.jpg,train,SYNTHETIC_3D,tbg_012.jpg,203.5,203.5,,,,,,,,,,,,,,,,,960,,False
isaac_train_00378.jpg,train,SYNTHETIC_3D,tbg_013.jpg,235.99,235.99,,,,,,,,,,,,,,,,,960,,False
isaac_train_00379.jpg,train,SYNTHETIC_3D,tbg_014.jpg,49.02,49.02,,,,,,,,,,,,,,,,,960,,False
isaac_train_00380.jpg,train,SYNTHETIC_3D,tbg_016.jpg,410.4,410.4,,,,,,,,,,,,,,,,,960,,False
isaac_train_00381.jpg,train,SYNTHETIC_3D,tbg_019.jpg,71.55,71.55,,,,,,,,,,,,,,,,,960,,False
isaac_train_00382.jpg,train,SYNTHETIC_3D,tbg_021.jpg,6.32,6.32,,,,,,,,,,,,,,,,,960,,False
isaac_train_00383.jpg,train,SYNTHETIC_3D,tbg_022.jpg,40.47,40.47,,,,,,,,,,,,,,,,,960,,False
isaac_train_00384.jpg,train,SYNTHETIC_3D,tbg_023.jpg,5.92,5.92,,,,,,,,,,,,,,,,,960,,False
isaac_train_00385.jpg,train,SYNTHETIC_3D,tbg_024.jpg,113.82,113.82,,,,,,,,,,,,,,,,,960,,False
isaac_train_00386.jpg,train,SYNTHETIC_3D,tbg_026.jpg,535.61,535.61,,,,,,,,,,,,,,,,,960,,False
isaac_train_00387.jpg,train,SYNTHETIC_3D,tbg_027.jpg,234.83,234.83,,,,,,,,,,,,,,,,,960,,False
isaac_train_00388.jpg,train,SYNTHETIC_3D,tbg_028.jpg,5.48,5.48,,,,,,,,,,,,,,,,,960,,False
isaac_train_00389.jpg,train,SYNTHETIC_3D,tbg_029.jpg,32.19,32.19,,,,,,,,,,,,,,,,,960,,False
isaac_train_00390.jpg,train,SYNTHETIC_3D,tbg_032.jpg,188.21,188.21,,,,,,,,,,,,,,,,,960,,False
isaac_train_00391.jpg,train,SYNTHETIC_3D,tbg_033.jpg,3.74,3.74,,,,,,,,,,,,,,,,,960,,False
isaac_train_00392.jpg,train,SYNTHETIC_3D,tbg_034.jpg,23.49,23.49,,,,,,,,,,,,,,,,,960,,False
isaac_train_00393.jpg,train,SYNTHETIC_3D,tbg_036.jpg,79.78,79.78,,,,,,,,,,,,,,,,,960,,False
isaac_train_00394.jpg,train,SYNTHETIC_3D,tbg_037.jpg,28.93,28.93,,,,,,,,,,,,,,,,,960,,False
isaac_train_00395.jpg,train,SYNTHETIC_3D,tbg_038.jpg,30.59,30.59,,,,,,,,,,,,,,,,,960,,False
isaac_train_00396.jpg,train,SYNTHETIC_3D,tbg_039.jpg,393.62,393.62,,,,,,,,,,,,,,,,,960,,False
isaac_train_00397.jpg,train,SYNTHETIC_3D,tbg_041.jpg,207.65,207.65,,,,,,,,,,,,,,,,,960,,False
isaac_train_00398.jpg,train,SYNTHETIC_3D,tbg_042.jpg,6.0,6.0,,,,,,,,,,,,,,,,,960,,False
isaac_train_00399.jpg,train,SYNTHETIC_3D,tbg_046.jpg,20.98,20.98,,,,,,,,,,,,,,,,,960,,False
hardneg2_train_00000.jpg,train,NEGATIVE,hn2_001.jpg,,,,,,,,,,,,,,,,,,,960,,True
hardneg2_train_00001.jpg,train,NEGATIVE,hn2_002.jpg,,,,,,,,,,,,,,,,,,,960,,True
hardneg2_train_00002.jpg,train,NEGATIVE,hn2_003.jpg,,,,,,,,,,,,,,,,,,,960,,True
hardneg2_train_00003.jpg,train,NEGATIVE,hn2_004.jpg,,,,,,,,,,,,,,,,,,,960,,True
hardneg2_train_00004.jpg,train,NEGATIVE,hn2_005.jpg,,,,,,,,,,,,,,,,,,,960,,True
hardneg2_train_00005.jpg,train,NEGATIVE,hn2_006.jpg,,,,,,,,,,,,,,,,,,,960,,True
hardneg2_train_00006.jpg,train,NEGATIVE,hn2_007.jpg,,,,,,,,,,,,,,,,,,,960,,True
hardneg2_train_00007.jpg,train,NEGATIVE,hn2_008.jpg,,,,,,,,,,,,,,,,,,,960,,True
hardneg2_train_00008.jpg,train,NEGATIVE,hn2_009.jpg,,,,,,,,,,,,,,,,,,,960,,True
hardneg2_train_00009.jpg,train,NEGATIVE,hn2_014.jpg,,,,,,,,,,,,,,,,,,,960,,True
hardneg2_train_00010.jpg,train,NEGATIVE,hn2_018.jpg,,,,,,,,,,,,,,,,,,,960,,True
hardneg2_train_00011.jpg,train,NEGATIVE,hn2_019.jpg,,,,,,,,,,,,,,,,,,,960,,True
hardneg2_train_00012.jpg,train,NEGATIVE,hn2_020.jpg,,,,,,,,,,,,,,,,,,,960,,True
hardneg2_train_00013.jpg,train,NEGATIVE,hn2_021.jpg,,,,,,,,,,,,,,,,,,,960,,True
hardneg2_train_00014.jpg,train,NEGATIVE,hn2_022.jpg,,,,,,,,,,,,,,,,,,,960,,True
hardneg2_train_00015.jpg,train,NEGATIVE,hn2_023.jpg,,,,,,,,,,,,,,,,,,,960,,True
hardneg2_train_00016.jpg,train,NEGATIVE,hn2_024.jpg,,,,,,,,,,,,,,,,,,,960,,True
hardneg2_train_00017.jpg,train,NEGATIVE,hn2_025.jpg,,,,,,,,,,,,,,,,,,,960,,True
hardneg2_train_00018.jpg,train,NEGATIVE,hn2_026.jpg,,,,,,,,,,,,,,,,,,,960,,True
hardneg2_train_00019.jpg,train,NEGATIVE,hn2_027.jpg,,,,,,,,,,,,,,,,,,,960,,True
hardneg2_train_00020.jpg,train,NEGATIVE,hn2_028.jpg,,,,,,,,,,,,,,,,,,,960,,True
hardneg2_train_00021.jpg,train,NEGATIVE,hn2_029.jpg,,,,,,,,,,,,,,,,,,,960,,True
hardneg2_train_00022.jpg,train,NEGATIVE,hn2_030.jpg,,,,,,,,,,,,,,,,,,,960,,True
hardneg2_train_00023.jpg,train,NEGATIVE,hn2_031.jpg,,,,,,,,,,,,,,,,,,,960,,True
hardneg2_train_00024.jpg,train,NEGATIVE,hn2_032.jpg,,,,,,,,,,,,,,,,,,,960,,True
hardneg2_train_00025.jpg,train,NEGATIVE,hn2_033.jpg,,,,,,,,,,,,,,,,,,,960,,True
hardneg2_train_00026.jpg,train,NEGATIVE,hn2_034.jpg,,,,,,,,,,,,,,,,,,,960,,True
hardneg2_train_00027.jpg,train,NEGATIVE,hn2_035.jpg,,,,,,,,,,,,,,,,,,,960,,True
hardneg2_train_00028.jpg,train,NEGATIVE,hn2_036.jpg,,,,,,,,,,,,,,,,,,,960,,True
hardneg2_train_00029.jpg,train,NEGATIVE,hn2_037.jpg,,,,,,,,,,,,,,,,,,,960,,True
hardneg2_train_00030.jpg,train,NEGATIVE,hn2_038.jpg,,,,,,,,,,,,,,,,,,,960,,True
hardneg2_train_00031.jpg,train,NEGATIVE,hn2_039.jpg,,,,,,,,,,,,,,,,,,,960,,True
hardneg2_train_00032.jpg,train,NEGATIVE,hn2_040.jpg,,,,,,,,,,,,,,,,,,,960,,True
hardneg2_train_00033.jpg,train,NEGATIVE,hn2_041.jpg,,,,,,,,,,,,,,,,,,,960,,True
hardneg2_train_00034.jpg,train,NEGATIVE,hn2_042.jpg,,,,,,,,,,,,,,,,,,,960,,True
hardneg2_train_00035.jpg,train,NEGATIVE,hn2_043.jpg,,,,,,,,,,,,,,,,,,,960,,True
hardneg2_train_00036.jpg,train,NEGATIVE,hn2_044.jpg,,,,,,,,,,,,,,,,,,,960,,True
hardneg2_train_00037.jpg,train,NEGATIVE,hn2_045.jpg,,,,,,,,,,,,,,,,,,,960,,True
hardneg2_train_00038.jpg,train,NEGATIVE,hn2_046.jpg,,,,,,,,,,,,,,,,,,,960,,True
hardneg2_train_00039.jpg,train,NEGATIVE,hn2_047.jpg,,,,,,,,,,,,,,,,,,,960,,True
hardneg2_train_00040.jpg,train,NEGATIVE,hn2_048.jpg,,,,,,,,,,,,,,,,,,,960,,True
hardneg2_train_00041.jpg,train,NEGATIVE,hn2_049.jpg,,,,,,,,,,,,,,,,,,,960,,True
hardneg2_train_00042.jpg,train,NEGATIVE,hn2_050.jpg,,,,,,,,,,,,,,,,,,,960,,True
hardneg2_train_00043.jpg,train,NEGATIVE,hn2_051.jpg,,,,,,,,,,,,,,,,,,,960,,True
hardneg2_train_00044.jpg,train,NEGATIVE,hn2_052.jpg,,,,,,,,,,,,,,,,,,,960,,True
hardneg2_train_00045.jpg,train,NEGATIVE,hn2_053.jpg,,,,,,,,,,,,,,,,,,,960,,True
hardneg2_train_00046.jpg,train,NEGATIVE,hn2_054.jpg,,,,,,,,,,,,,,,,,,,960,,True
hardneg2_train_00047.jpg,train,NEGATIVE,hn2_055.jpg,,,,,,,,,,,,,,,,,,,960,,True
hardneg2_train_00048.jpg,train,NEGATIVE,hn2_056.jpg,,,,,,,,,,,,,,,,,,,960,,True
hardneg2_train_00049.jpg,train,NEGATIVE,hn2_057.jpg,,,,,,,,,,,,,,,,,,,960,,True
hardneg2_train_00050.jpg,train,NEGATIVE,hn2_058.jpg,,,,,,,,,,,,,,,,,,,960,,True
hardneg2_train_00051.jpg,train,NEGATIVE,hn2_059.jpg,,,,,,,,,,,,,,,,,,,960,,True
hardneg2_train_00052.jpg,train,NEGATIVE,hn2_060.jpg,,,,,,,,,,,,,,,,,,,960,,True
