index,file,split,source_type,status,image_path,bbox_w_px,bbox_h_px,pos_x_px,pos_y_px,gt_x1,gt_y1,gt_x2,gt_y2,gt_width_px,gt_height_px,equivalent_size_px,size_bucket,pose_bucket,position_bucket,blur_bucket,occlusion_bucket,background,light_azimuth_deg,n_candidates,top1_confidence,top1_iou,top1_hit,topk_hit,gt_covered,gt_covered_fraction,center_error_px,center_error_defined,matched_rank,matched_confidence,best_iou,n_true_positives,n_false_positives,n_false_negatives,iou_threshold,top_k,error
1,images/s1_size_lt4_0.jpg,fixed_core_test,SYNTHETIC_3D,ok,outputs/shuttle_capability/controlled_capability/images/s1_size_lt4_0.jpg,3,3,480,479,478.5,477.5,481.5,480.5,3.0,3.0,3.0,<4,pinned_oblique,center,none,none,bg_001.jpg,315.0,1,0.8321475386619568,0.0,False,False,False,0.0,,False,,,0.0,0,1,1,0.5,5,
2,images/s1_size_lt4_1.jpg,fixed_core_test,SYNTHETIC_3D,ok,outputs/shuttle_capability/controlled_capability/images/s1_size_lt4_1.jpg,2,2,479,479,478.0,478.0,480.0,480.0,2.0,2.0,2.0,<4,pinned_oblique,center,none,none,bg_001.jpg,315.0,1,0.05526811257004738,0.0,False,False,False,0.0,,False,,,0.0,0,1,1,0.5,5,
3,images/s1_size_lt4_2.jpg,fixed_core_test,SYNTHETIC_3D,ok,outputs/shuttle_capability/controlled_capability/images/s1_size_lt4_2.jpg,3,3,480,479,478.5,477.5,481.5,480.5,3.0,3.0,3.0,<4,pinned_oblique,center,none,none,bg_001.jpg,315.0,1,0.06377162039279938,0.0,False,False,False,0.0,,False,,,0.0,0,1,1,0.5,5,
4,images/s1_size_lt4_3.jpg,fixed_core_test,SYNTHETIC_3D,ok,outputs/shuttle_capability/controlled_capability/images/s1_size_lt4_3.jpg,3,3,480,479,478.5,477.5,481.5,480.5,3.0,3.0,3.0,<4,pinned_oblique,center,none,none,bg_001.jpg,315.0,2,0.8778340220451355,0.0,False,False,False,0.0,,False,,,0.0,0,2,1,0.5,5,
5,images/s1_size_lt4_4.jpg,fixed_core_test,SYNTHETIC_3D,ok,outputs/shuttle_capability/controlled_capability/images/s1_size_lt4_4.jpg,2,2,479,479,478.0,478.0,480.0,480.0,2.0,2.0,2.0,<4,pinned_oblique,center,none,none,bg_001.jpg,315.0,4,0.6501519083976746,0.0,False,False,True,1.0,,False,,,0.0006061237461922285,0,4,1,0.5,5,
6,images/s1_size_lt4_5.jpg,fixed_core_test,SYNTHETIC_3D,ok,outputs/shuttle_capability/controlled_capability/images/s1_size_lt4_5.jpg,3,3,480,479,478.5,477.5,481.5,480.5,3.0,3.0,3.0,<4,pinned_oblique,center,none,none,bg_001.jpg,315.0,1,0.8133147358894348,0.0,False,False,False,0.0,,False,,,0.0,0,1,1,0.5,5,
7,images/s1_size_lt4_6.jpg,fixed_core_test,SYNTHETIC_3D,ok,outputs/shuttle_capability/controlled_capability/images/s1_size_lt4_6.jpg,3,3,480,479,478.5,477.5,481.5,480.5,3.0,3.0,3.0,<4,pinned_oblique,center,none,none,bg_001.jpg,315.0,1,0.8301870822906494,0.0,False,False,False,0.0,,False,,,0.0,0,1,1,0.5,5,
8,images/s1_size_lt4_7.jpg,fixed_core_test,SYNTHETIC_3D,ok,outputs/shuttle_capability/controlled_capability/images/s1_size_lt4_7.jpg,2,2,479,479,478.0,478.0,480.0,480.0,2.0,2.0,2.0,<4,pinned_oblique,center,none,none,bg_001.jpg,315.0,3,0.4962669014930725,0.0,False,False,False,0.0,,False,,,0.0,0,3,1,0.5,5,
9,images/s1_size_lt4_8.jpg,fixed_core_test,SYNTHETIC_3D,ok,outputs/shuttle_capability/controlled_capability/images/s1_size_lt4_8.jpg,3,3,480,479,478.5,477.5,481.5,480.5,3.0,3.0,3.0,<4,pinned_oblique,center,none,none,bg_001.jpg,315.0,3,0.7810459733009338,0.0,False,False,False,0.0,,False,,,0.0,0,3,1,0.5,5,
10,images/s1_size_lt4_9.jpg,fixed_core_test,SYNTHETIC_3D,ok,outputs/shuttle_capability/controlled_capability/images/s1_size_lt4_9.jpg,3,3,480,479,478.5,477.5,481.5,480.5,3.0,3.0,3.0,<4,pinned_oblique,center,none,none,bg_001.jpg,315.0,1,0.07964390516281128,0.0,False,False,False,0.0,,False,,,0.0,0,1,1,0.5,5,
11,images/s1_size_lt4_10.jpg,fixed_core_test,SYNTHETIC_3D,ok,outputs/shuttle_capability/controlled_capability/images/s1_size_lt4_10.jpg,2,2,479,479,478.0,478.0,480.0,480.0,2.0,2.0,2.0,<4,pinned_oblique,center,none,none,bg_001.jpg,315.0,2,0.8697797060012817,0.0,False,False,False,0.0,,False,,,0.0,0,2,1,0.5,5,
12,images/s1_size_lt4_11.jpg,fixed_core_test,SYNTHETIC_3D,ok,outputs/shuttle_capability/controlled_capability/images/s1_size_lt4_11.jpg,3,3,480,479,478.5,477.5,481.5,480.5,3.0,3.0,3.0,<4,pinned_oblique,center,none,none,bg_001.jpg,315.0,2,0.056335534900426865,0.0,False,False,False,0.0,,False,,,0.0,0,2,1,0.5,5,
13,images/s1_size_lt4_12.jpg,fixed_core_test,SYNTHETIC_3D,ok,outputs/shuttle_capability/controlled_capability/images/s1_size_lt4_12.jpg,3,3,480,479,478.5,477.5,481.5,480.5,3.0,3.0,3.0,<4,pinned_oblique,center,none,none,bg_001.jpg,315.0,5,0.10433460026979446,0.0,False,False,False,0.0,,False,,,0.0,0,5,1,0.5,5,
14,images/s1_size_lt4_13.jpg,fixed_core_test,SYNTHETIC_3D,ok,outputs/shuttle_capability/controlled_capability/images/s1_size_lt4_13.jpg,2,2,479,479,478.0,478.0,480.0,480.0,2.0,2.0,2.0,<4,pinned_oblique,center,none,none,bg_001.jpg,315.0,2,0.8074366450309753,0.0,False,False,False,0.0,,False,,,0.0,0,2,1,0.5,5,
15,images/s1_size_lt4_14.jpg,fixed_core_test,SYNTHETIC_3D,ok,outputs/shuttle_capability/controlled_capability/images/s1_size_lt4_14.jpg,3,3,480,479,478.5,477.5,481.5,480.5,3.0,3.0,3.0,<4,pinned_oblique,center,none,none,bg_001.jpg,315.0,3,0.8573187589645386,0.0,False,False,False,0.0,,False,,,0.0,0,3,1,0.5,5,
16,images/s1_size_lt4_15.jpg,fixed_core_test,SYNTHETIC_3D,ok,outputs/shuttle_capability/controlled_capability/images/s1_size_lt4_15.jpg,3,3,480,479,478.5,477.5,481.5,480.5,3.0,3.0,3.0,<4,pinned_oblique,center,none,none,bg_001.jpg,315.0,1,0.6917756199836731,0.0,False,False,False,0.0,,False,,,0.0,0,1,1,0.5,5,
17,images/s1_size_lt4_16.jpg,fixed_core_test,SYNTHETIC_3D,ok,outputs/shuttle_capability/controlled_capability/images/s1_size_lt4_16.jpg,2,2,479,479,478.0,478.0,480.0,480.0,2.0,2.0,2.0,<4,pinned_oblique,center,none,none,bg_001.jpg,315.0,1,0.05390314385294914,0.0,False,False,False,0.0,,False,,,0.0,0,1,1,0.5,5,
18,images/s1_size_lt4_17.jpg,fixed_core_test,SYNTHETIC_3D,ok,outputs/shuttle_capability/controlled_capability/images/s1_size_lt4_17.jpg,3,3,480,479,478.5,477.5,481.5,480.5,3.0,3.0,3.0,<4,pinned_oblique,center,none,none,bg_001.jpg,315.0,2,0.8393703103065491,0.0,False,False,False,0.0,,False,,,0.0,0,2,1,0.5,5,
19,images/s1_size_lt4_18.jpg,fixed_core_test,SYNTHETIC_3D,ok,outputs/shuttle_capability/controlled_capability/images/s1_size_lt4_18.jpg,3,3,480,479,478.5,477.5,481.5,480.5,3.0,3.0,3.0,<4,pinned_oblique,center,none,none,bg_001.jpg,315.0,5,0.8477727770805359,0.0,False,False,False,0.0,,False,,,0.0,0,5,1,0.5,5,
20,images/s1_size_lt4_19.jpg,fixed_core_test,SYNTHETIC_3D,ok,outputs/shuttle_capability/controlled_capability/images/s1_size_lt4_19.jpg,2,2,479,479,478.0,478.0,480.0,480.0,2.0,2.0,2.0,<4,pinned_oblique,center,none,none,bg_001.jpg,315.0,1,0.3701920509338379,0.0,False,False,False,0.0,,False,,,0.0,0,1,1,0.5,5,
21,images/s1_size_lt4_20.jpg,fixed_core_test,SYNTHETIC_3D,ok,outputs/shuttle_capability/controlled_capability/images/s1_size_lt4_20.jpg,3,3,480,479,478.5,477.5,481.5,480.5,3.0,3.0,3.0,<4,pinned_oblique,center,none,none,bg_001.jpg,315.0,2,0.5665053725242615,0.0,False,False,False,0.0,,False,,,0.0,0,2,1,0.5,5,
22,images/s1_size_lt4_21.jpg,fixed_core_test,SYNTHETIC_3D,ok,outputs/shuttle_capability/controlled_capability/images/s1_size_lt4_21.jpg,3,3,480,479,478.5,477.5,481.5,480.5,3.0,3.0,3.0,<4,pinned_oblique,center,none,none,bg_001.jpg,315.0,2,0.4802504777908325,0.0,False,False,False,0.0,,False,,,0.0,0,2,1,0.5,5,
23,images/s1_size_lt4_22.jpg,fixed_core_test,SYNTHETIC_3D,ok,outputs/shuttle_capability/controlled_capability/images/s1_size_lt4_22.jpg,2,2,479,479,478.0,478.0,480.0,480.0,2.0,2.0,2.0,<4,pinned_oblique,center,none,none,bg_001.jpg,315.0,1,0.8123043775558472,0.0,False,False,False,0.0,,False,,,0.0,0,1,1,0.5,5,
24,images/s1_size_lt4_23.jpg,fixed_core_test,SYNTHETIC_3D,ok,outputs/shuttle_capability/controlled_capability/images/s1_size_lt4_23.jpg,3,3,480,479,478.5,477.5,481.5,480.5,3.0,3.0,3.0,<4,pinned_oblique,center,none,none,bg_001.jpg,315.0,2,0.06699906289577484,0.0,False,False,False,0.0,,False,,,0.0,0,2,1,0.5,5,
25,images/s1_size_lt4_24.jpg,fixed_core_test,SYNTHETIC_3D,ok,outputs/shuttle_capability/controlled_capability/images/s1_size_lt4_24.jpg,3,3,480,479,478.5,477.5,481.5,480.5,3.0,3.0,3.0,<4,pinned_oblique,center,none,none,bg_001.jpg,315.0,3,0.287767618894577,0.0,False,False,False,0.0,,False,,,0.0,0,3,1,0.5,5,
26,images/s1_size_lt4_25.jpg,fixed_core_test,SYNTHETIC_3D,ok,outputs/shuttle_capability/controlled_capability/images/s1_size_lt4_25.jpg,2,2,479,479,478.0,478.0,480.0,480.0,2.0,2.0,2.0,<4,pinned_oblique,center,none,none,bg_001.jpg,315.0,1,0.8453589677810669,0.0,False,False,False,0.0,,False,,,0.0,0,1,1,0.5,5,
27,images/s1_size_lt4_26.jpg,fixed_core_test,SYNTHETIC_3D,ok,outputs/shuttle_capability/controlled_capability/images/s1_size_lt4_26.jpg,3,3,480,479,478.5,477.5,481.5,480.5,3.0,3.0,3.0,<4,pinned_oblique,center,none,none,bg_001.jpg,315.0,1,0.18406036496162415,0.0,False,False,False,0.0,,False,,,0.0,0,1,1,0.5,5,
28,images/s1_size_lt4_27.jpg,fixed_core_test,SYNTHETIC_3D,ok,outputs/shuttle_capability/controlled_capability/images/s1_size_lt4_27.jpg,3,3,480,479,478.5,477.5,481.5,480.5,3.0,3.0,3.0,<4,pinned_oblique,center,none,none,bg_001.jpg,315.0,2,0.7715069055557251,0.0,False,False,False,0.0,,False,,,0.0,0,2,1,0.5,5,
29,images/s1_size_lt4_28.jpg,fixed_core_test,SYNTHETIC_3D,ok,outputs/shuttle_capability/controlled_capability/images/s1_size_lt4_28.jpg,2,2,479,479,478.0,478.0,480.0,480.0,2.0,2.0,2.0,<4,pinned_oblique,center,none,none,bg_001.jpg,315.0,2,0.8698477149009705,0.0,False,False,False,0.0,,False,,,0.0,0,2,1,0.5,5,
30,images/s1_size_lt4_29.jpg,fixed_core_test,SYNTHETIC_3D,ok,outputs/shuttle_capability/controlled_capability/images/s1_size_lt4_29.jpg,3,3,480,479,478.5,477.5,481.5,480.5,3.0,3.0,3.0,<4,pinned_oblique,center,none,none,bg_001.jpg,315.0,3,0.06378614157438278,0.0,False,False,False,0.0,,False,,,0.0,0,3,1,0.5,5,
31,images/s1_size_lt4_30.jpg,fixed_core_test,SYNTHETIC_3D,ok,outputs/shuttle_capability/controlled_capability/images/s1_size_lt4_30.jpg,3,3,480,479,478.5,477.5,481.5,480.5,3.0,3.0,3.0,<4,pinned_oblique,center,none,none,bg_001.jpg,315.0,2,0.5594296455383301,0.0,False,False,False,0.0,,False,,,0.0,0,2,1,0.5,5,
32,images/s1_size_lt4_31.jpg,fixed_core_test,SYNTHETIC_3D,ok,outputs/shuttle_capability/controlled_capability/images/s1_size_lt4_31.jpg,2,2,479,479,478.0,478.0,480.0,480.0,2.0,2.0,2.0,<4,pinned_oblique,center,none,none,bg_001.jpg,315.0,1,0.857725977897644,0.0,False,False,False,0.0,,False,,,0.0,0,1,1,0.5,5,
33,images/s1_size_lt4_32.jpg,fixed_core_test,SYNTHETIC_3D,ok,outputs/shuttle_capability/controlled_capability/images/s1_size_lt4_32.jpg,3,3,480,479,478.5,477.5,481.5,480.5,3.0,3.0,3.0,<4,pinned_oblique,center,none,none,bg_001.jpg,315.0,1,0.8430258631706238,0.0,False,False,False,0.0,,False,,,0.0,0,1,1,0.5,5,
34,images/s1_size_lt4_33.jpg,fixed_core_test,SYNTHETIC_3D,ok,outputs/shuttle_capability/controlled_capability/images/s1_size_lt4_33.jpg,3,3,480,479,478.5,477.5,481.5,480.5,3.0,3.0,3.0,<4,pinned_oblique,center,none,none,bg_001.jpg,315.0,1,0.8108656406402588,0.0,False,False,False,0.0,,False,,,0.0,0,1,1,0.5,5,
35,images/s1_size_lt4_34.jpg,fixed_core_test,SYNTHETIC_3D,ok,outputs/shuttle_capability/controlled_capability/images/s1_size_lt4_34.jpg,2,2,479,479,478.0,478.0,480.0,480.0,2.0,2.0,2.0,<4,pinned_oblique,center,none,none,bg_001.jpg,315.0,2,0.7975620627403259,0.0,False,False,False,0.83001708984375,,False,,,0.00040896952420826633,0,2,1,0.5,5,
36,images/s1_size_lt4_35.jpg,fixed_core_test,SYNTHETIC_3D,ok,outputs/shuttle_capability/controlled_capability/images/s1_size_lt4_35.jpg,3,3,480,479,478.5,477.5,481.5,480.5,3.0,3.0,3.0,<4,pinned_oblique,center,none,none,bg_001.jpg,315.0,1,0.18866169452667236,0.0,False,False,False,0.0,,False,,,0.0,0,1,1,0.5,5,
37,images/s1_size_lt4_36.jpg,fixed_core_test,SYNTHETIC_3D,ok,outputs/shuttle_capability/controlled_capability/images/s1_size_lt4_36.jpg,3,3,480,479,478.5,477.5,481.5,480.5,3.0,3.0,3.0,<4,pinned_oblique,center,none,none,bg_001.jpg,315.0,0,,,False,False,False,0.0,,False,,,0.0,0,0,1,0.5,5,
38,images/s1_size_lt4_37.jpg,fixed_core_test,SYNTHETIC_3D,ok,outputs/shuttle_capability/controlled_capability/images/s1_size_lt4_37.jpg,2,2,479,479,478.0,478.0,480.0,480.0,2.0,2.0,2.0,<4,pinned_oblique,center,none,none,bg_001.jpg,315.0,1,0.7430703639984131,0.0,False,False,False,0.0,,False,,,0.0,0,1,1,0.5,5,
39,images/s1_size_lt4_38.jpg,fixed_core_test,SYNTHETIC_3D,ok,outputs/shuttle_capability/controlled_capability/images/s1_size_lt4_38.jpg,3,3,480,479,478.5,477.5,481.5,480.5,3.0,3.0,3.0,<4,pinned_oblique,center,none,none,bg_001.jpg,315.0,5,0.8262131214141846,0.0,False,False,False,0.0,,False,,,0.0,0,5,1,0.5,5,
40,images/s1_size_lt4_39.jpg,fixed_core_test,SYNTHETIC_3D,ok,outputs/shuttle_capability/controlled_capability/images/s1_size_lt4_39.jpg,3,3,480,479,478.5,477.5,481.5,480.5,3.0,3.0,3.0,<4,pinned_oblique,center,none,none,bg_001.jpg,315.0,1,0.3646242022514343,0.0,False,False,False,0.0,,False,,,0.0,0,1,1,0.5,5,
41,images/s1_size_4_6_0.jpg,fixed_core_test,SYNTHETIC_3D,ok,outputs/shuttle_capability/controlled_capability/images/s1_size_4_6_0.jpg,5,5,480,479,477.5,476.5,482.5,481.5,5.0,5.0,5.0,4-6,pinned_oblique,center,none,none,bg_001.jpg,315.0,1,0.8259258270263672,0.0,False,False,False,0.0,,False,,,0.0,0,1,1,0.5,5,
42,images/s1_size_4_6_1.jpg,fixed_core_test,SYNTHETIC_3D,ok,outputs/shuttle_capability/controlled_capability/images/s1_size_4_6_1.jpg,5,5,480,479,477.5,476.5,482.5,481.5,5.0,5.0,5.0,4-6,pinned_oblique,center,none,none,bg_001.jpg,315.0,1,0.0992506742477417,0.0,False,False,False,0.0,,False,,,0.0,0,1,1,0.5,5,
43,images/s1_size_4_6_2.jpg,fixed_core_test,SYNTHETIC_3D,ok,outputs/shuttle_capability/controlled_capability/images/s1_size_4_6_2.jpg,5,5,480,479,477.5,476.5,482.5,481.5,5.0,5.0,5.0,4-6,pinned_oblique,center,none,none,bg_001.jpg,315.0,1,0.05598876625299454,0.0,False,False,False,0.0,,False,,,0.0,0,1,1,0.5,5,
44,images/s1_size_4_6_3.jpg,fixed_core_test,SYNTHETIC_3D,ok,outputs/shuttle_capability/controlled_capability/images/s1_size_4_6_3.jpg,5,5,480,479,477.5,476.5,482.5,481.5,5.0,5.0,5.0,4-6,pinned_oblique,center,none,none,bg_001.jpg,315.0,2,0.8770752549171448,0.0,False,False,False,0.0,,False,,,0.0,0,2,1,0.5,5,
45,images/s1_size_4_6_4.jpg,fixed_core_test,SYNTHETIC_3D,ok,outputs/shuttle_capability/controlled_capability/images/s1_size_4_6_4.jpg,5,5,480,479,477.5,476.5,482.5,481.5,5.0,5.0,5.0,4-6,pinned_oblique,center,none,none,bg_001.jpg,315.0,2,0.7245545983314514,0.0,False,False,False,0.0,,False,,,0.0,0,2,1,0.5,5,
46,images/s1_size_4_6_5.jpg,fixed_core_test,SYNTHETIC_3D,ok,outputs/shuttle_capability/controlled_capability/images/s1_size_4_6_5.jpg,5,5,480,479,477.5,476.5,482.5,481.5,5.0,5.0,5.0,4-6,pinned_oblique,center,none,none,bg_001.jpg,315.0,1,0.807790219783783,0.0,False,False,False,0.0,,False,,,0.0,0,1,1,0.5,5,
47,images/s1_size_4_6_6.jpg,fixed_core_test,SYNTHETIC_3D,ok,outputs/shuttle_capability/controlled_capability/images/s1_size_4_6_6.jpg,5,5,480,479,477.5,476.5,482.5,481.5,5.0,5.0,5.0,4-6,pinned_oblique,center,none,none,bg_001.jpg,315.0,1,0.8308458924293518,0.0,False,False,False,0.0,,False,,,0.0,0,1,1,0.5,5,
48,images/s1_size_4_6_7.jpg,fixed_core_test,SYNTHETIC_3D,ok,outputs/shuttle_capability/controlled_capability/images/s1_size_4_6_7.jpg,5,5,480,479,477.5,476.5,482.5,481.5,5.0,5.0,5.0,4-6,pinned_oblique,center,none,none,bg_001.jpg,315.0,2,0.43310749530792236,0.0,False,False,False,0.0,,False,,,0.0,0,2,1,0.5,5,
49,images/s1_size_4_6_8.jpg,fixed_core_test,SYNTHETIC_3D,ok,outputs/shuttle_capability/controlled_capability/images/s1_size_4_6_8.jpg,5,5,480,479,477.5,476.5,482.5,481.5,5.0,5.0,5.0,4-6,pinned_oblique,center,none,none,bg_001.jpg,315.0,2,0.7791343331336975,0.0,False,False,False,0.0,,False,,,0.0,0,2,1,0.5,5,
50,images/s1_size_4_6_9.jpg,fixed_core_test,SYNTHETIC_3D,ok,outputs/shuttle_capability/controlled_capability/images/s1_size_4_6_9.jpg,5,5,480,479,477.5,476.5,482.5,481.5,5.0,5.0,5.0,4-6,pinned_oblique,center,none,none,bg_001.jpg,315.0,1,0.06564921885728836,0.0,False,False,False,0.0,,False,,,0.0,0,1,1,0.5,5,
51,images/s1_size_4_6_10.jpg,fixed_core_test,SYNTHETIC_3D,ok,outputs/shuttle_capability/controlled_capability/images/s1_size_4_6_10.jpg,5,5,480,479,477.5,476.5,482.5,481.5,5.0,5.0,5.0,4-6,pinned_oblique,center,none,none,bg_001.jpg,315.0,2,0.8704054951667786,0.0,False,False,False,0.0,,False,,,0.0,0,2,1,0.5,5,
52,images/s1_size_4_6_11.jpg,fixed_core_test,SYNTHETIC_3D,ok,outputs/shuttle_capability/controlled_capability/images/s1_size_4_6_11.jpg,5,5,480,479,477.5,476.5,482.5,481.5,5.0,5.0,5.0,4-6,pinned_oblique,center,none,none,bg_001.jpg,315.0,1,0.08002308756113052,0.0,False,False,False,0.0,,False,,,0.0,0,1,1,0.5,5,
53,images/s1_size_4_6_12.jpg,fixed_core_test,SYNTHETIC_3D,ok,outputs/shuttle_capability/controlled_capability/images/s1_size_4_6_12.jpg,5,5,480,479,477.5,476.5,482.5,481.5,5.0,5.0,5.0,4-6,pinned_oblique,center,none,none,bg_001.jpg,315.0,3,0.17345064878463745,0.0,False,False,False,0.0,,False,,,0.0,0,3,1,0.5,5,
54,images/s1_size_4_6_13.jpg,fixed_core_test,SYNTHETIC_3D,ok,outputs/shuttle_capability/controlled_capability/images/s1_size_4_6_13.jpg,5,5,480,479,477.5,476.5,482.5,481.5,5.0,5.0,5.0,4-6,pinned_oblique,center,none,none,bg_001.jpg,315.0,2,0.7876482009887695,0.0,False,False,False,0.0,,False,,,0.0,0,2,1,0.5,5,
55,images/s1_size_4_6_14.jpg,fixed_core_test,SYNTHETIC_3D,ok,outputs/shuttle_capability/controlled_capability/images/s1_size_4_6_14.jpg,5,5,480,479,477.5,476.5,482.5,481.5,5.0,5.0,5.0,4-6,pinned_oblique,center,none,none,bg_001.jpg,315.0,2,0.8661522269248962,0.0,False,False,False,0.0,,False,,,0.0,0,2,1,0.5,5,
56,images/s1_size_4_6_15.jpg,fixed_core_test,SYNTHETIC_3D,ok,outputs/shuttle_capability/controlled_capability/images/s1_size_4_6_15.jpg,5,5,480,479,477.5,476.5,482.5,481.5,5.0,5.0,5.0,4-6,pinned_oblique,center,none,none,bg_001.jpg,315.0,2,0.6788922548294067,0.0,False,False,False,0.0,,False,,,0.0,0,2,1,0.5,5,
57,images/s1_size_4_6_16.jpg,fixed_core_test,SYNTHETIC_3D,ok,outputs/shuttle_capability/controlled_capability/images/s1_size_4_6_16.jpg,5,5,480,479,477.5,476.5,482.5,481.5,5.0,5.0,5.0,4-6,pinned_oblique,center,none,none,bg_001.jpg,315.0,1,0.05869409441947937,0.0,False,False,False,0.0,,False,,,0.0,0,1,1,0.5,5,
58,images/s1_size_4_6_17.jpg,fixed_core_test,SYNTHETIC_3D,ok,outputs/shuttle_capability/controlled_capability/images/s1_size_4_6_17.jpg,5,5,480,479,477.5,476.5,482.5,481.5,5.0,5.0,5.0,4-6,pinned_oblique,center,none,none,bg_001.jpg,315.0,2,0.8334485292434692,0.0,False,False,False,0.0,,False,,,0.0,0,2,1,0.5,5,
59,images/s1_size_4_6_18.jpg,fixed_core_test,SYNTHETIC_3D,ok,outputs/shuttle_capability/controlled_capability/images/s1_size_4_6_18.jpg,5,5,480,479,477.5,476.5,482.5,481.5,5.0,5.0,5.0,4-6,pinned_oblique,center,none,none,bg_001.jpg,315.0,3,0.8531745672225952,0.0,False,False,False,0.0,,False,,,0.0,0,3,1,0.5,5,
60,images/s1_size_4_6_19.jpg,fixed_core_test,SYNTHETIC_3D,ok,outputs/shuttle_capability/controlled_capability/images/s1_size_4_6_19.jpg,5,5,480,479,477.5,476.5,482.5,481.5,5.0,5.0,5.0,4-6,pinned_oblique,center,none,none,bg_001.jpg,315.0,1,0.4050029516220093,0.0,False,False,False,0.0,,False,,,0.0,0,1,1,0.5,5,
61,images/s1_size_4_6_20.jpg,fixed_core_test,SYNTHETIC_3D,ok,outputs/shuttle_capability/controlled_capability/images/s1_size_4_6_20.jpg,5,5,480,479,477.5,476.5,482.5,481.5,5.0,5.0,5.0,4-6,pinned_oblique,center,none,none,bg_001.jpg,315.0,2,0.5944164991378784,0.0,False,False,False,0.0,,False,,,0.0,0,2,1,0.5,5,
62,images/s1_size_4_6_21.jpg,fixed_core_test,SYNTHETIC_3D,ok,outputs/shuttle_capability/controlled_capability/images/s1_size_4_6_21.jpg,5,5,480,479,477.5,476.5,482.5,481.5,5.0,5.0,5.0,4-6,pinned_oblique,center,none,none,bg_001.jpg,315.0,2,0.47738024592399597,0.0,False,False,False,0.0,,False,,,0.0,0,2,1,0.5,5,
63,images/s1_size_4_6_22.jpg,fixed_core_test,SYNTHETIC_3D,ok,outputs/shuttle_capability/controlled_capability/images/s1_size_4_6_22.jpg,5,5,480,479,477.5,476.5,482.5,481.5,5.0,5.0,5.0,4-6,pinned_oblique,center,none,none,bg_001.jpg,315.0,1,0.7813873291015625,0.0,False,False,False,0.0,,False,,,0.0,0,1,1,0.5,5,
64,images/s1_size_4_6_23.jpg,fixed_core_test,SYNTHETIC_3D,ok,outputs/shuttle_capability/controlled_capability/images/s1_size_4_6_23.jpg,5,5,480,479,477.5,476.5,482.5,481.5,5.0,5.0,5.0,4-6,pinned_oblique,center,none,none,bg_001.jpg,315.0,4,0.09011465311050415,0.0,False,False,False,0.0,,False,,,0.0,0,4,1,0.5,5,
65,images/s1_size_4_6_24.jpg,fixed_core_test,SYNTHETIC_3D,ok,outputs/shuttle_capability/controlled_capability/images/s1_size_4_6_24.jpg,5,5,480,479,477.5,476.5,482.5,481.5,5.0,5.0,5.0,4-6,pinned_oblique,center,none,none,bg_001.jpg,315.0,4,0.20169903337955475,0.0,False,False,False,0.0,,False,,,0.0,0,4,1,0.5,5,
66,images/s1_size_4_6_25.jpg,fixed_core_test,SYNTHETIC_3D,ok,outputs/shuttle_capability/controlled_capability/images/s1_size_4_6_25.jpg,5,5,480,479,477.5,476.5,482.5,481.5,5.0,5.0,5.0,4-6,pinned_oblique,center,none,none,bg_001.jpg,315.0,1,0.835344672203064,0.0,False,False,False,0.0,,False,,,0.0,0,1,1,0.5,5,
67,images/s1_size_4_6_26.jpg,fixed_core_test,SYNTHETIC_3D,ok,outputs/shuttle_capability/controlled_capability/images/s1_size_4_6_26.jpg,5,5,480,479,477.5,476.5,482.5,481.5,5.0,5.0,5.0,4-6,pinned_oblique,center,none,none,bg_001.jpg,315.0,1,0.20814883708953857,0.0,False,False,False,0.0,,False,,,0.0,0,1,1,0.5,5,
68,images/s1_size_4_6_27.jpg,fixed_core_test,SYNTHETIC_3D,ok,outputs/shuttle_capability/controlled_capability/images/s1_size_4_6_27.jpg,5,5,480,479,477.5,476.5,482.5,481.5,5.0,5.0,5.0,4-6,pinned_oblique,center,none,none,bg_001.jpg,315.0,2,0.7247653007507324,0.0,False,False,False,0.0,,False,,,0.0,0,2,1,0.5,5,
69,images/s1_size_4_6_28.jpg,fixed_core_test,SYNTHETIC_3D,ok,outputs/shuttle_capability/controlled_capability/images/s1_size_4_6_28.jpg,5,5,480,479,477.5,476.5,482.5,481.5,5.0,5.0,5.0,4-6,pinned_oblique,center,none,none,bg_001.jpg,315.0,2,0.8688435554504395,0.0,False,False,False,0.0,,False,,,0.0,0,2,1,0.5,5,
70,images/s1_size_4_6_29.jpg,fixed_core_test,SYNTHETIC_3D,ok,outputs/shuttle_capability/controlled_capability/images/s1_size_4_6_29.jpg,5,5,480,479,477.5,476.5,482.5,481.5,5.0,5.0,5.0,4-6,pinned_oblique,center,none,none,bg_001.jpg,315.0,2,0.08501829206943512,0.0,False,False,False,0.0,,False,,,0.0,0,2,1,0.5,5,
71,images/s1_size_4_6_30.jpg,fixed_core_test,SYNTHETIC_3D,ok,outputs/shuttle_capability/controlled_capability/images/s1_size_4_6_30.jpg,5,5,480,479,477.5,476.5,482.5,481.5,5.0,5.0,5.0,4-6,pinned_oblique,center,none,none,bg_001.jpg,315.0,4,0.5567582845687866,0.0,False,False,False,0.0,,False,,,0.0,0,4,1,0.5,5,
72,images/s1_size_4_6_31.jpg,fixed_core_test,SYNTHETIC_3D,ok,outputs/shuttle_capability/controlled_capability/images/s1_size_4_6_31.jpg,5,5,480,479,477.5,476.5,482.5,481.5,5.0,5.0,5.0,4-6,pinned_oblique,center,none,none,bg_001.jpg,315.0,3,0.8581920862197876,0.0,False,False,False,0.0,,False,,,0.0,0,3,1,0.5,5,
73,images/s1_size_4_6_32.jpg,fixed_core_test,SYNTHETIC_3D,ok,outputs/shuttle_capability/controlled_capability/images/s1_size_4_6_32.jpg,5,5,480,479,477.5,476.5,482.5,481.5,5.0,5.0,5.0,4-6,pinned_oblique,center,none,none,bg_001.jpg,315.0,1,0.8421328067779541,0.0,False,False,False,0.0,,False,,,0.0,0,1,1,0.5,5,
74,images/s1_size_4_6_33.jpg,fixed_core_test,SYNTHETIC_3D,ok,outputs/shuttle_capability/controlled_capability/images/s1_size_4_6_33.jpg,5,5,480,479,477.5,476.5,482.5,481.5,5.0,5.0,5.0,4-6,pinned_oblique,center,none,none,bg_001.jpg,315.0,1,0.8148397207260132,0.0,False,False,False,0.0,,False,,,0.0,0,1,1,0.5,5,
75,images/s1_size_4_6_34.jpg,fixed_core_test,SYNTHETIC_3D,ok,outputs/shuttle_capability/controlled_capability/images/s1_size_4_6_34.jpg,5,5,480,479,477.5,476.5,482.5,481.5,5.0,5.0,5.0,4-6,pinned_oblique,center,none,none,bg_001.jpg,315.0,2,0.7737604379653931,0.0,False,False,False,0.781121826171875,,False,,,0.00241107514023806,0,2,1,0.5,5,
76,images/s1_size_4_6_35.jpg,fixed_core_test,SYNTHETIC_3D,ok,outputs/shuttle_capability/controlled_capability/images/s1_size_4_6_35.jpg,5,5,480,479,477.5,476.5,482.5,481.5,5.0,5.0,5.0,4-6,pinned_oblique,center,none,none,bg_001.jpg,315.0,1,0.226578027009964,0.0,False,False,False,0.0,,False,,,0.0,0,1,1,0.5,5,
77,images/s1_size_4_6_36.jpg,fixed_core_test,SYNTHETIC_3D,ok,outputs/shuttle_capability/controlled_capability/images/s1_size_4_6_36.jpg,5,5,480,479,477.5,476.5,482.5,481.5,5.0,5.0,5.0,4-6,pinned_oblique,center,none,none,bg_001.jpg,315.0,0,,,False,False,False,0.0,,False,,,0.0,0,0,1,0.5,5,
78,images/s1_size_4_6_37.jpg,fixed_core_test,SYNTHETIC_3D,ok,outputs/shuttle_capability/controlled_capability/images/s1_size_4_6_37.jpg,5,5,480,479,477.5,476.5,482.5,481.5,5.0,5.0,5.0,4-6,pinned_oblique,center,none,none,bg_001.jpg,315.0,2,0.7704975008964539,0.0,False,False,False,0.0,,False,,,0.0,0,2,1,0.5,5,
79,images/s1_size_4_6_38.jpg,fixed_core_test,SYNTHETIC_3D,ok,outputs/shuttle_capability/controlled_capability/images/s1_size_4_6_38.jpg,5,5,480,479,477.5,476.5,482.5,481.5,5.0,5.0,5.0,4-6,pinned_oblique,center,none,none,bg_001.jpg,315.0,3,0.8050694465637207,0.0,False,False,False,0.0,,False,,,0.0,0,3,1,0.5,5,
80,images/s1_size_4_6_39.jpg,fixed_core_test,SYNTHETIC_3D,ok,outputs/shuttle_capability/controlled_capability/images/s1_size_4_6_39.jpg,5,5,480,479,477.5,476.5,482.5,481.5,5.0,5.0,5.0,4-6,pinned_oblique,center,none,none,bg_001.jpg,315.0,2,0.39876487851142883,0.0,False,False,False,0.0,,False,,,0.0,0,2,1,0.5,5,
81,images/s1_size_6_8_0.jpg,fixed_core_test,SYNTHETIC_3D,ok,outputs/shuttle_capability/controlled_capability/images/s1_size_6_8_0.jpg,7,7,480,479,476.5,475.5,483.5,482.5,7.0,7.0,7.0,6-8,pinned_oblique,center,none,none,bg_001.jpg,315.0,1,0.8306496739387512,0.0,False,False,False,0.0,,False,,,0.0,0,1,1,0.5,5,
82,images/s1_size_6_8_1.jpg,fixed_core_test,SYNTHETIC_3D,ok,outputs/shuttle_capability/controlled_capability/images/s1_size_6_8_1.jpg,6,6,480,478,477.0,475.0,483.0,481.0,6.0,6.0,6.0,6-8,pinned_oblique,center,none,none,bg_001.jpg,315.0,0,,,False,False,False,0.0,,False,,,0.0,0,0,1,0.5,5,
83,images/s1_size_6_8_2.jpg,fixed_core_test,SYNTHETIC_3D,ok,outputs/shuttle_capability/controlled_capability/images/s1_size_6_8_2.jpg,7,7,480,479,476.5,475.5,483.5,482.5,7.0,7.0,7.0,6-8,pinned_oblique,center,none,none,bg_001.jpg,315.0,1,0.059548813849687576,0.0,False,False,False,0.0,,False,,,0.0,0,1,1,0.5,5,
84,images/s1_size_6_8_3.jpg,fixed_core_test,SYNTHETIC_3D,ok,outputs/shuttle_capability/controlled_capability/images/s1_size_6_8_3.jpg,7,7,480,479,476.5,475.5,483.5,482.5,7.0,7.0,7.0,6-8,pinned_oblique,center,none,none,bg_001.jpg,315.0,3,0.8760838508605957,0.0,False,True,False,0.8402465232172791,0.48575968464481517,True,2,0.3554324507713318,0.8195730852139284,1,2,0,0.5,5,
85,images/s1_size_6_8_4.jpg,fixed_core_test,SYNTHETIC_3D,ok,outputs/shuttle_capability/controlled_capability/images/s1_size_6_8_4.jpg,6,6,480,478,477.0,475.0,483.0,481.0,6.0,6.0,6.0,6-8,pinned_oblique,center,none,none,bg_001.jpg,315.0,1,0.7636910676956177,0.0,False,False,False,0.0,,False,,,0.0,0,1,1,0.5,5,
86,images/s1_size_6_8_5.jpg,fixed_core_test,SYNTHETIC_3D,ok,outputs/shuttle_capability/controlled_capability/images/s1_size_6_8_5.jpg,7,7,480,479,476.5,475.5,483.5,482.5,7.0,7.0,7.0,6-8,pinned_oblique,center,none,none,bg_001.jpg,315.0,1,0.8076533079147339,0.0,False,False,False,0.0,,False,,,0.0,0,1,1,0.5,5,
87,images/s1_size_6_8_6.jpg,fixed_core_test,SYNTHETIC_3D,ok,outputs/shuttle_capability/controlled_capability/images/s1_size_6_8_6.jpg,7,7,480,479,476.5,475.5,483.5,482.5,7.0,7.0,7.0,6-8,pinned_oblique,center,none,none,bg_001.jpg,315.0,1,0.8333266973495483,0.0,False,False,False,0.0,,False,,,0.0,0,1,1,0.5,5,
88,images/s1_size_6_8_7.jpg,fixed_core_test,SYNTHETIC_3D,ok,outputs/shuttle_capability/controlled_capability/images/s1_size_6_8_7.jpg,6,6,480,478,477.0,475.0,483.0,481.0,6.0,6.0,6.0,6-8,pinned_oblique,center,none,none,bg_001.jpg,315.0,3,0.42454084753990173,0.0,False,False,False,0.0,,False,,,0.0,0,3,1,0.5,5,
89,images/s1_size_6_8_8.jpg,fixed_core_test,SYNTHETIC_3D,ok,outputs/shuttle_capability/controlled_capability/images/s1_size_6_8_8.jpg,7,7,480,479,476.5,475.5,483.5,482.5,7.0,7.0,7.0,6-8,pinned_oblique,center,none,none,bg_001.jpg,315.0,2,0.806934118270874,0.0,False,False,False,0.0,,False,,,0.0,0,2,1,0.5,5,
90,images/s1_size_6_8_9.jpg,fixed_core_test,SYNTHETIC_3D,ok,outputs/shuttle_capability/controlled_capability/images/s1_size_6_8_9.jpg,7,7,480,479,476.5,475.5,483.5,482.5,7.0,7.0,7.0,6-8,pinned_oblique,center,none,none,bg_001.jpg,315.0,1,0.06482566148042679,0.0,False,False,False,0.0,,False,,,0.0,0,1,1,0.5,5,
91,images/s1_size_6_8_10.jpg,fixed_core_test,SYNTHETIC_3D,ok,outputs/shuttle_capability/controlled_capability/images/s1_size_6_8_10.jpg,6,6,480,478,477.0,475.0,483.0,481.0,6.0,6.0,6.0,6-8,pinned_oblique,center,none,none,bg_001.jpg,315.0,2,0.8702899217605591,0.0,False,False,False,0.0,,False,,,0.0,0,2,1,0.5,5,
92,images/s1_size_6_8_11.jpg,fixed_core_test,SYNTHETIC_3D,ok,outputs/shuttle_capability/controlled_capability/images/s1_size_6_8_11.jpg,7,7,480,479,476.5,475.5,483.5,482.5,7.0,7.0,7.0,6-8,pinned_oblique,center,none,none,bg_001.jpg,315.0,2,0.10179600119590759,0.0,False,False,False,0.0,,False,,,0.0,0,2,1,0.5,5,
93,images/s1_size_6_8_12.jpg,fixed_core_test,SYNTHETIC_3D,ok,outputs/shuttle_capability/controlled_capability/images/s1_size_6_8_12.jpg,7,7,480,479,476.5,475.5,483.5,482.5,7.0,7.0,7.0,6-8,pinned_oblique,center,none,none,bg_001.jpg,315.0,4,0.1340276300907135,0.0,False,False,False,0.0,,False,,,0.0,0,4,1,0.5,5,
94,images/s1_size_6_8_13.jpg,fixed_core_test,SYNTHETIC_3D,ok,outputs/shuttle_capability/controlled_capability/images/s1_size_6_8_13.jpg,6,6,480,478,477.0,475.0,483.0,481.0,6.0,6.0,6.0,6-8,pinned_oblique,center,none,none,bg_001.jpg,315.0,2,0.8016833662986755,0.0,False,False,False,0.0,,False,,,0.0,0,2,1,0.5,5,
95,images/s1_size_6_8_14.jpg,fixed_core_test,SYNTHETIC_3D,ok,outputs/shuttle_capability/controlled_capability/images/s1_size_6_8_14.jpg,7,7,480,479,476.5,475.5,483.5,482.5,7.0,7.0,7.0,6-8,pinned_oblique,center,none,none,bg_001.jpg,315.0,2,0.8692987561225891,0.0,False,False,False,0.0,,False,,,0.0,0,2,1,0.5,5,
96,images/s1_size_6_8_15.jpg,fixed_core_test,SYNTHETIC_3D,ok,outputs/shuttle_capability/controlled_capability/images/s1_size_6_8_15.jpg,7,7,480,479,476.5,475.5,483.5,482.5,7.0,7.0,7.0,6-8,pinned_oblique,center,none,none,bg_001.jpg,315.0,2,0.6821041703224182,0.0,False,False,False,0.0,,False,,,0.0,0,2,1,0.5,5,
97,images/s1_size_6_8_16.jpg,fixed_core_test,SYNTHETIC_3D,ok,outputs/shuttle_capability/controlled_capability/images/s1_size_6_8_16.jpg,6,6,480,478,477.0,475.0,483.0,481.0,6.0,6.0,6.0,6-8,pinned_oblique,center,none,none,bg_001.jpg,315.0,0,,,False,False,False,0.0,,False,,,0.0,0,0,1,0.5,5,
98,images/s1_size_6_8_17.jpg,fixed_core_test,SYNTHETIC_3D,ok,outputs/shuttle_capability/controlled_capability/images/s1_size_6_8_17.jpg,7,7,480,479,476.5,475.5,483.5,482.5,7.0,7.0,7.0,6-8,pinned_oblique,center,none,none,bg_001.jpg,315.0,2,0.8421273827552795,0.0,False,False,False,0.0,,False,,,0.0,0,2,1,0.5,5,
99,images/s1_size_6_8_18.jpg,fixed_core_test,SYNTHETIC_3D,ok,outputs/shuttle_capability/controlled_capability/images/s1_size_6_8_18.jpg,7,7,480,479,476.5,475.5,483.5,482.5,7.0,7.0,7.0,6-8,pinned_oblique,center,none,none,bg_001.jpg,315.0,4,0.8520706295967102,0.0,False,False,False,0.0,,False,,,0.0,0,4,1,0.5,5,
100,images/s1_size_6_8_19.jpg,fixed_core_test,SYNTHETIC_3D,ok,outputs/shuttle_capability/controlled_capability/images/s1_size_6_8_19.jpg,6,6,480,478,477.0,475.0,483.0,481.0,6.0,6.0,6.0,6-8,pinned_oblique,center,none,none,bg_001.jpg,315.0,1,0.5503709316253662,0.0,False,False,False,0.0,,False,,,0.0,0,1,1,0.5,5,
101,images/s1_size_6_8_20.jpg,fixed_core_test,SYNTHETIC_3D,ok,outputs/shuttle_capability/controlled_capability/images/s1_size_6_8_20.jpg,7,7,480,479,476.5,475.5,483.5,482.5,7.0,7.0,7.0,6-8,pinned_oblique,center,none,none,bg_001.jpg,315.0,2,0.7141228914260864,0.0,False,False,False,0.0,,False,,,0.0,0,2,1,0.5,5,
102,images/s1_size_6_8_21.jpg,fixed_core_test,SYNTHETIC_3D,ok,outputs/shuttle_capability/controlled_capability/images/s1_size_6_8_21.jpg,7,7,480,479,476.5,475.5,483.5,482.5,7.0,7.0,7.0,6-8,pinned_oblique,center,none,none,bg_001.jpg,315.0,3,0.48000863194465637,0.0,False,False,False,0.0,,False,,,0.0,0,3,1,0.5,5,
103,images/s1_size_6_8_22.jpg,fixed_core_test,SYNTHETIC_3D,ok,outputs/shuttle_capability/controlled_capability/images/s1_size_6_8_22.jpg,6,6,480,478,477.0,475.0,483.0,481.0,6.0,6.0,6.0,6-8,pinned_oblique,center,none,none,bg_001.jpg,315.0,2,0.8056190013885498,0.0,False,False,False,0.0,,False,,,0.0,0,2,1,0.5,5,
104,images/s1_size_6_8_23.jpg,fixed_core_test,SYNTHETIC_3D,ok,outputs/shuttle_capability/controlled_capability/images/s1_size_6_8_23.jpg,7,7,480,479,476.5,475.5,483.5,482.5,7.0,7.0,7.0,6-8,pinned_oblique,center,none,none,bg_001.jpg,315.0,3,0.08366558700799942,0.0,False,False,False,0.0,,False,,,0.0,0,3,1,0.5,5,
105,images/s1_size_6_8_24.jpg,fixed_core_test,SYNTHETIC_3D,ok,outputs/shuttle_capability/controlled_capability/images/s1_size_6_8_24.jpg,7,7,480,479,476.5,475.5,483.5,482.5,7.0,7.0,7.0,6-8,pinned_oblique,center,none,none,bg_001.jpg,315.0,3,0.13901428878307343,0.0,False,False,False,0.0,,False,,,0.0,0,3,1,0.5,5,
106,images/s1_size_6_8_25.jpg,fixed_core_test,SYNTHETIC_3D,ok,outputs/shuttle_capability/controlled_capability/images/s1_size_6_8_25.jpg,6,6,480,478,477.0,475.0,483.0,481.0,6.0,6.0,6.0,6-8,pinned_oblique,center,none,none,bg_001.jpg,315.0,2,0.8341633677482605,0.0,False,False,False,0.0,,False,,,0.0,0,2,1,0.5,5,
107,images/s1_size_6_8_26.jpg,fixed_core_test,SYNTHETIC_3D,ok,outputs/shuttle_capability/controlled_capability/images/s1_size_6_8_26.jpg,7,7,480,479,476.5,475.5,483.5,482.5,7.0,7.0,7.0,6-8,pinned_oblique,center,none,none,bg_001.jpg,315.0,1,0.18615789711475372,0.0,False,False,False,0.0,,False,,,0.0,0,1,1,0.5,5,
108,images/s1_size_6_8_27.jpg,fixed_core_test,SYNTHETIC_3D,ok,outputs/shuttle_capability/controlled_capability/images/s1_size_6_8_27.jpg,7,7,480,479,476.5,475.5,483.5,482.5,7.0,7.0,7.0,6-8,pinned_oblique,center,none,none,bg_001.jpg,315.0,1,0.6945063471794128,0.0,False,False,False,0.0,,False,,,0.0,0,1,1,0.5,5,
109,images/s1_size_6_8_28.jpg,fixed_core_test,SYNTHETIC_3D,ok,outputs/shuttle_capability/controlled_capability/images/s1_size_6_8_28.jpg,6,6,480,478,477.0,475.0,483.0,481.0,6.0,6.0,6.0,6-8,pinned_oblique,center,none,none,bg_001.jpg,315.0,2,0.8707782030105591,0.0,False,False,False,0.0,,False,,,0.0,0,2,1,0.5,5,
110,images/s1_size_6_8_29.jpg,fixed_core_test,SYNTHETIC_3D,ok,outputs/shuttle_capability/controlled_capability/images/s1_size_6_8_29.jpg,7,7,480,479,476.5,475.5,483.5,482.5,7.0,7.0,7.0,6-8,pinned_oblique,center,none,none,bg_001.jpg,315.0,3,0.0874326080083847,0.0,False,False,False,0.0,,False,,,0.0,0,3,1,0.5,5,
111,images/s1_size_6_8_30.jpg,fixed_core_test,SYNTHETIC_3D,ok,outputs/shuttle_capability/controlled_capability/images/s1_size_6_8_30.jpg,7,7,480,479,476.5,475.5,483.5,482.5,7.0,7.0,7.0,6-8,pinned_oblique,center,none,none,bg_001.jpg,315.0,3,0.5396388173103333,0.0,False,False,False,0.0,,False,,,0.0,0,3,1,0.5,5,
112,images/s1_size_6_8_31.jpg,fixed_core_test,SYNTHETIC_3D,ok,outputs/shuttle_capability/controlled_capability/images/s1_size_6_8_31.jpg,6,6,480,478,477.0,475.0,483.0,481.0,6.0,6.0,6.0,6-8,pinned_oblique,center,none,none,bg_001.jpg,315.0,1,0.8570743203163147,0.0,False,False,False,0.0,,False,,,0.0,0,1,1,0.5,5,
113,images/s1_size_6_8_32.jpg,fixed_core_test,SYNTHETIC_3D,ok,outputs/shuttle_capability/controlled_capability/images/s1_size_6_8_32.jpg,7,7,480,479,476.5,475.5,483.5,482.5,7.0,7.0,7.0,6-8,pinned_oblique,center,none,none,bg_001.jpg,315.0,1,0.8485465049743652,0.0,False,False,False,0.0,,False,,,0.0,0,1,1,0.5,5,
114,images/s1_size_6_8_33.jpg,fixed_core_test,SYNTHETIC_3D,ok,outputs/shuttle_capability/controlled_capability/images/s1_size_6_8_33.jpg,7,7,480,479,476.5,475.5,483.5,482.5,7.0,7.0,7.0,6-8,pinned_oblique,center,none,none,bg_001.jpg,315.0,1,0.8232477307319641,0.0,False,False,False,0.0,,False,,,0.0,0,1,1,0.5,5,
115,images/s1_size_6_8_34.jpg,fixed_core_test,SYNTHETIC_3D,ok,outputs/shuttle_capability/controlled_capability/images/s1_size_6_8_34.jpg,6,6,480,478,477.0,475.0,483.0,481.0,6.0,6.0,6.0,6-8,pinned_oblique,center,none,none,bg_001.jpg,315.0,2,0.7718015313148499,0.0,False,False,False,0.36895751953125,,False,,,0.0016526277480466787,0,2,1,0.5,5,
116,images/s1_size_6_8_35.jpg,fixed_core_test,SYNTHETIC_3D,ok,outputs/shuttle_capability/controlled_capability/images/s1_size_6_8_35.jpg,7,7,480,479,476.5,475.5,483.5,482.5,7.0,7.0,7.0,6-8,pinned_oblique,center,none,none,bg_001.jpg,315.0,1,0.24382999539375305,0.0,False,False,False,0.0,,False,,,0.0,0,1,1,0.5,5,
117,images/s1_size_6_8_36.jpg,fixed_core_test,SYNTHETIC_3D,ok,outputs/shuttle_capability/controlled_capability/images/s1_size_6_8_36.jpg,7,7,480,479,476.5,475.5,483.5,482.5,7.0,7.0,7.0,6-8,pinned_oblique,center,none,none,bg_001.jpg,315.0,0,,,False,False,False,0.0,,False,,,0.0,0,0,1,0.5,5,
118,images/s1_size_6_8_37.jpg,fixed_core_test,SYNTHETIC_3D,ok,outputs/shuttle_capability/controlled_capability/images/s1_size_6_8_37.jpg,6,6,480,478,477.0,475.0,483.0,481.0,6.0,6.0,6.0,6-8,pinned_oblique,center,none,none,bg_001.jpg,315.0,2,0.7606397867202759,0.0,False,False,False,0.0,,False,,,0.0,0,2,1,0.5,5,
119,images/s1_size_6_8_38.jpg,fixed_core_test,SYNTHETIC_3D,ok,outputs/shuttle_capability/controlled_capability/images/s1_size_6_8_38.jpg,7,7,480,479,476.5,475.5,483.5,482.5,7.0,7.0,7.0,6-8,pinned_oblique,center,none,none,bg_001.jpg,315.0,4,0.8288552165031433,0.0,False,False,False,0.0,,False,,,0.0,0,4,1,0.5,5,
120,images/s1_size_6_8_39.jpg,fixed_core_test,SYNTHETIC_3D,ok,outputs/shuttle_capability/controlled_capability/images/s1_size_6_8_39.jpg,7,7,480,479,476.5,475.5,483.5,482.5,7.0,7.0,7.0,6-8,pinned_oblique,center,none,none,bg_001.jpg,315.0,1,0.33382147550582886,0.0,False,False,False,0.0,,False,,,0.0,0,1,1,0.5,5,
121,images/s1_size_8_12_0.jpg,fixed_core_test,SYNTHETIC_3D,ok,outputs/shuttle_capability/controlled_capability/images/s1_size_8_12_0.jpg,10,10,480,478,475.0,473.0,485.0,483.0,10.0,10.0,10.0,8-12,pinned_oblique,center,none,none,bg_001.jpg,315.0,1,0.8206254243850708,0.0,False,False,False,0.0,,False,,,0.0,0,1,1,0.5,5,
122,images/s1_size_8_12_1.jpg,fixed_core_test,SYNTHETIC_3D,ok,outputs/shuttle_capability/controlled_capability/images/s1_size_8_12_1.jpg,8,9,480,478,476.0,473.5,484.0,482.5,8.0,9.0,8.485,8-12,pinned_oblique,center,none,none,bg_001.jpg,315.0,1,0.06644009053707123,0.0,False,False,False,0.0,,False,,,0.0,0,1,1,0.5,5,
123,images/s1_size_8_12_2.jpg,fixed_core_test,SYNTHETIC_3D,ok,outputs/shuttle_capability/controlled_capability/images/s1_size_8_12_2.jpg,11,11,481,478,475.5,472.5,486.5,483.5,11.0,11.0,11.0,8-12,pinned_oblique,center,none,none,bg_001.jpg,315.0,2,0.16163751482963562,0.0,False,True,True,0.9789095791903409,0.18948208019849216,True,2,0.1184888556599617,0.9055949556153995,1,1,0,0.5,5,
124,images/s1_size_8_12_3.jpg,fixed_core_test,SYNTHETIC_3D,ok,outputs/shuttle_capability/controlled_capability/images/s1_size_8_12_3.jpg,10,10,480,478,475.0,473.0,485.0,483.0,10.0,10.0,10.0,8-12,pinned_oblique,center,none,none,bg_001.jpg,315.0,4,0.8690056204795837,0.0,False,True,False,0.7102584790438413,1.186173623032448,True,2,0.3592124581336975,0.6846502922668508,1,3,0,0.5,5,
125,images/s1_size_8_12_4.jpg,fixed_core_test,SYNTHETIC_3D,ok,outputs/shuttle_capability/controlled_capability/images/s1_size_8_12_4.jpg,8,9,480,478,476.0,473.5,484.0,482.5,8.0,9.0,8.485,8-12,pinned_oblique,center,none,none,bg_001.jpg,315.0,2,0.7339228987693787,0.0,False,False,False,0.0,,False,,,0.0,0,2,1,0.5,5,
126,images/s1_size_8_12_5.jpg,fixed_core_test,SYNTHETIC_3D,ok,outputs/shuttle_capability/controlled_capability/images/s1_size_8_12_5.jpg,11,11,481,478,475.5,472.5,486.5,483.5,11.0,11.0,11.0,8-12,pinned_oblique,center,none,none,bg_001.jpg,315.0,1,0.7993014454841614,0.0,False,False,False,0.0,,False,,,0.0,0,1,1,0.5,5,
127,images/s1_size_8_12_6.jpg,fixed_core_test,SYNTHETIC_3D,ok,outputs/shuttle_capability/controlled_capability/images/s1_size_8_12_6.jpg,10,10,480,478,475.0,473.0,485.0,483.0,10.0,10.0,10.0,8-12,pinned_oblique,center,none,none,bg_001.jpg,315.0,1,0.8431594967842102,0.0,False,False,False,0.0,,False,,,0.0,0,1,1,0.5,5,
128,images/s1_size_8_12_7.jpg,fixed_core_test,SYNTHETIC_3D,ok,outputs/shuttle_capability/controlled_capability/images/s1_size_8_12_7.jpg,8,9,480,478,476.0,473.5,484.0,482.5,8.0,9.0,8.485,8-12,pinned_oblique,center,none,none,bg_001.jpg,315.0,3,0.39457690715789795,0.0,False,False,False,0.0,,False,,,0.0,0,3,1,0.5,5,
129,images/s1_size_8_12_8.jpg,fixed_core_test,SYNTHETIC_3D,ok,outputs/shuttle_capability/controlled_capability/images/s1_size_8_12_8.jpg,11,11,481,478,475.5,472.5,486.5,483.5,11.0,11.0,11.0,8-12,pinned_oblique,center,none,none,bg_001.jpg,315.0,3,0.7996109127998352,0.0,False,False,False,0.0,,False,,,0.0,0,3,1,0.5,5,
130,images/s1_size_8_12_9.jpg,fixed_core_test,SYNTHETIC_3D,ok,outputs/shuttle_capability/controlled_capability/images/s1_size_8_12_9.jpg,10,10,480,478,475.0,473.0,485.0,483.0,10.0,10.0,10.0,8-12,pinned_oblique,center,none,none,bg_001.jpg,315.0,0,,,False,False,False,0.0,,False,,,0.0,0,0,1,0.5,5,
131,images/s1_size_8_12_10.jpg,fixed_core_test,SYNTHETIC_3D,ok,outputs/shuttle_capability/controlled_capability/images/s1_size_8_12_10.jpg,8,9,480,478,476.0,473.5,484.0,482.5,8.0,9.0,8.485,8-12,pinned_oblique,center,none,none,bg_001.jpg,315.0,2,0.8684982061386108,0.0,False,False,False,0.0,,False,,,0.0,0,2,1,0.5,5,
132,images/s1_size_8_12_11.jpg,fixed_core_test,SYNTHETIC_3D,ok,outputs/shuttle_capability/controlled_capability/images/s1_size_8_12_11.jpg,11,11,481,478,475.5,472.5,486.5,483.5,11.0,11.0,11.0,8-12,pinned_oblique,center,none,none,bg_001.jpg,315.0,1,0.053548093885183334,0.0,False,False,False,0.0,,False,,,0.0,0,1,1,0.5,5,
133,images/s1_size_8_12_12.jpg,fixed_core_test,SYNTHETIC_3D,ok,outputs/shuttle_capability/controlled_capability/images/s1_size_8_12_12.jpg,10,10,480,478,475.0,473.0,485.0,483.0,10.0,10.0,10.0,8-12,pinned_oblique,center,none,none,bg_001.jpg,315.0,4,0.09796489775180817,0.0,False,False,False,0.0,,False,,,0.0,0,4,1,0.5,5,
134,images/s1_size_8_12_13.jpg,fixed_core_test,SYNTHETIC_3D,ok,outputs/shuttle_capability/controlled_capability/images/s1_size_8_12_13.jpg,8,9,480,478,476.0,473.5,484.0,482.5,8.0,9.0,8.485,8-12,pinned_oblique,center,none,none,bg_001.jpg,315.0,2,0.8031957745552063,0.0,False,False,False,0.0,,False,,,0.0,0,2,1,0.5,5,
135,images/s1_size_8_12_14.jpg,fixed_core_test,SYNTHETIC_3D,ok,outputs/shuttle_capability/controlled_capability/images/s1_size_8_12_14.jpg,11,11,481,478,475.5,472.5,486.5,483.5,11.0,11.0,11.0,8-12,pinned_oblique,center,none,none,bg_001.jpg,315.0,2,0.8658028244972229,0.0,False,False,False,0.0,,False,,,0.0,0,2,1,0.5,5,
136,images/s1_size_8_12_15.jpg,fixed_core_test,SYNTHETIC_3D,ok,outputs/shuttle_capability/controlled_capability/images/s1_size_8_12_15.jpg,10,10,480,478,475.0,473.0,485.0,483.0,10.0,10.0,10.0,8-12,pinned_oblique,center,none,none,bg_001.jpg,315.0,1,0.6811476945877075,0.0,False,False,False,0.0,,False,,,0.0,0,1,1,0.5,5,
137,images/s1_size_8_12_16.jpg,fixed_core_test,SYNTHETIC_3D,ok,outputs/shuttle_capability/controlled_capability/images/s1_size_8_12_16.jpg,8,9,480,478,476.0,473.5,484.0,482.5,8.0,9.0,8.485,8-12,pinned_oblique,center,none,none,bg_001.jpg,315.0,0,,,False,False,False,0.0,,False,,,0.0,0,0,1,0.5,5,
138,images/s1_size_8_12_17.jpg,fixed_core_test,SYNTHETIC_3D,ok,outputs/shuttle_capability/controlled_capability/images/s1_size_8_12_17.jpg,11,11,481,478,475.5,472.5,486.5,483.5,11.0,11.0,11.0,8-12,pinned_oblique,center,none,none,bg_001.jpg,315.0,3,0.8300615549087524,0.0,False,True,True,0.9979359019886364,0.29942099189329474,True,3,0.07867493480443954,0.8472796554230227,1,2,0,0.5,5,
139,images/s1_size_8_12_18.jpg,fixed_core_test,SYNTHETIC_3D,ok,outputs/shuttle_capability/controlled_capability/images/s1_size_8_12_18.jpg,10,10,480,478,475.0,473.0,485.0,483.0,10.0,10.0,10.0,8-12,pinned_oblique,center,none,none,bg_001.jpg,315.0,3,0.8513820171356201,0.0,False,False,False,0.0,,False,,,0.0,0,3,1,0.5,5,
140,images/s1_size_8_12_19.jpg,fixed_core_test,SYNTHETIC_3D,ok,outputs/shuttle_capability/controlled_capability/images/s1_size_8_12_19.jpg,8,9,480,478,476.0,473.5,484.0,482.5,8.0,9.0,8.485,8-12,pinned_oblique,center,none,none,bg_001.jpg,315.0,1,0.42269861698150635,0.0,False,False,False,0.0,,False,,,0.0,0,1,1,0.5,5,
141,images/s1_size_8_12_20.jpg,fixed_core_test,SYNTHETIC_3D,ok,outputs/shuttle_capability/controlled_capability/images/s1_size_8_12_20.jpg,11,11,481,478,475.5,472.5,486.5,483.5,11.0,11.0,11.0,8-12,pinned_oblique,center,none,none,bg_001.jpg,315.0,2,0.6451573371887207,0.0,False,False,False,0.0,,False,,,0.0,0,2,1,0.5,5,
142,images/s1_size_8_12_21.jpg,fixed_core_test,SYNTHETIC_3D,ok,outputs/shuttle_capability/controlled_capability/images/s1_size_8_12_21.jpg,10,10,480,478,475.0,473.0,485.0,483.0,10.0,10.0,10.0,8-12,pinned_oblique,center,none,none,bg_001.jpg,315.0,2,0.43712130188941956,0.0,False,False,False,0.0,,False,,,0.0,0,2,1,0.5,5,
143,images/s1_size_8_12_22.jpg,fixed_core_test,SYNTHETIC_3D,ok,outputs/shuttle_capability/controlled_capability/images/s1_size_8_12_22.jpg,8,9,480,478,476.0,473.5,484.0,482.5,8.0,9.0,8.485,8-12,pinned_oblique,center,none,none,bg_001.jpg,315.0,1,0.8111288547515869,0.0,False,False,False,0.0,,False,,,0.0,0,1,1,0.5,5,
144,images/s1_size_8_12_23.jpg,fixed_core_test,SYNTHETIC_3D,ok,outputs/shuttle_capability/controlled_capability/images/s1_size_8_12_23.jpg,11,11,481,478,475.5,472.5,486.5,483.5,11.0,11.0,11.0,8-12,pinned_oblique,center,none,none,bg_001.jpg,315.0,3,0.07920462638139725,0.0,False,False,False,0.0,,False,,,0.0,0,3,1,0.5,5,
145,images/s1_size_8_12_24.jpg,fixed_core_test,SYNTHETIC_3D,ok,outputs/shuttle_capability/controlled_capability/images/s1_size_8_12_24.jpg,10,10,480,478,475.0,473.0,485.0,483.0,10.0,10.0,10.0,8-12,pinned_oblique,center,none,none,bg_001.jpg,315.0,2,0.2431751787662506,0.0,False,False,False,0.0,,False,,,0.0,0,2,1,0.5,5,
146,images/s1_size_8_12_25.jpg,fixed_core_test,SYNTHETIC_3D,ok,outputs/shuttle_capability/controlled_capability/images/s1_size_8_12_25.jpg,8,9,480,478,476.0,473.5,484.0,482.5,8.0,9.0,8.485,8-12,pinned_oblique,center,none,none,bg_001.jpg,315.0,2,0.8451527953147888,0.0,False,False,False,0.0,,False,,,0.0,0,2,1,0.5,5,
147,images/s1_size_8_12_26.jpg,fixed_core_test,SYNTHETIC_3D,ok,outputs/shuttle_capability/controlled_capability/images/s1_size_8_12_26.jpg,11,11,481,478,475.5,472.5,486.5,483.5,11.0,11.0,11.0,8-12,pinned_oblique,center,none,none,bg_001.jpg,315.0,2,0.19433115422725677,0.0,False,True,False,0.6565678102726286,0.8597629993369164,True,2,0.09383690357208252,0.6565678102726286,1,1,0,0.5,5,
148,images/s1_size_8_12_27.jpg,fixed_core_test,SYNTHETIC_3D,ok,outputs/shuttle_capability/controlled_capability/images/s1_size_8_12_27.jpg,10,10,480,478,475.0,473.0,485.0,483.0,10.0,10.0,10.0,8-12,pinned_oblique,center,none,none,bg_001.jpg,315.0,1,0.7304069995880127,0.0,False,False,False,0.0,,False,,,0.0,0,1,1,0.5,5,
149,images/s1_size_8_12_28.jpg,fixed_core_test,SYNTHETIC_3D,ok,outputs/shuttle_capability/controlled_capability/images/s1_size_8_12_28.jpg,8,9,480,478,476.0,473.5,484.0,482.5,8.0,9.0,8.485,8-12,pinned_oblique,center,none,none,bg_001.jpg,315.0,2,0.8665851950645447,0.0,False,False,False,0.0,,False,,,0.0,0,2,1,0.5,5,
150,images/s1_size_8_12_29.jpg,fixed_core_test,SYNTHETIC_3D,ok,outputs/shuttle_capability/controlled_capability/images/s1_size_8_12_29.jpg,11,11,481,478,475.5,472.5,486.5,483.5,11.0,11.0,11.0,8-12,pinned_oblique,center,none,none,bg_001.jpg,315.0,2,0.07251272350549698,0.0,False,False,False,0.0,,False,,,0.0,0,2,1,0.5,5,
151,images/s1_size_8_12_30.jpg,fixed_core_test,SYNTHETIC_3D,ok,outputs/shuttle_capability/controlled_capability/images/s1_size_8_12_30.jpg,10,10,480,478,475.0,473.0,485.0,483.0,10.0,10.0,10.0,8-12,pinned_oblique,center,none,none,bg_001.jpg,315.0,3,0.5553457736968994,0.0,False,False,False,0.0,,False,,,0.0,0,3,1,0.5,5,
152,images/s1_size_8_12_31.jpg,fixed_core_test,SYNTHETIC_3D,ok,outputs/shuttle_capability/controlled_capability/images/s1_size_8_12_31.jpg,8,9,480,478,476.0,473.5,484.0,482.5,8.0,9.0,8.485,8-12,pinned_oblique,center,none,none,bg_001.jpg,315.0,2,0.8563430309295654,0.0,False,False,False,0.0,,False,,,0.0,0,2,1,0.5,5,
153,images/s1_size_8_12_32.jpg,fixed_core_test,SYNTHETIC_3D,ok,outputs/shuttle_capability/controlled_capability/images/s1_size_8_12_32.jpg,11,11,481,478,475.5,472.5,486.5,483.5,11.0,11.0,11.0,8-12,pinned_oblique,center,none,none,bg_001.jpg,315.0,1,0.8444193005561829,0.0,False,False,False,0.0,,False,,,0.0,0,1,1,0.5,5,
154,images/s1_size_8_12_33.jpg,fixed_core_test,SYNTHETIC_3D,ok,outputs/shuttle_capability/controlled_capability/images/s1_size_8_12_33.jpg,10,10,480,478,475.0,473.0,485.0,483.0,10.0,10.0,10.0,8-12,pinned_oblique,center,none,none,bg_001.jpg,315.0,1,0.8250923752784729,0.0,False,False,False,0.0,,False,,,0.0,0,1,1,0.5,5,
155,images/s1_size_8_12_34.jpg,fixed_core_test,SYNTHETIC_3D,ok,outputs/shuttle_capability/controlled_capability/images/s1_size_8_12_34.jpg,8,9,480,478,476.0,473.5,484.0,482.5,8.0,9.0,8.485,8-12,pinned_oblique,center,none,none,bg_001.jpg,315.0,2,0.7310696244239807,0.0,False,False,False,0.5585784912109375,,False,,,0.004918446853378996,0,2,1,0.5,5,
156,images/s1_size_8_12_35.jpg,fixed_core_test,SYNTHETIC_3D,ok,outputs/shuttle_capability/controlled_capability/images/s1_size_8_12_35.jpg,11,11,481,478,475.5,472.5,486.5,483.5,11.0,11.0,11.0,8-12,pinned_oblique,center,none,none,bg_001.jpg,315.0,1,0.22336408495903015,0.0,False,False,False,0.0,,False,,,0.0,0,1,1,0.5,5,
157,images/s1_size_8_12_36.jpg,fixed_core_test,SYNTHETIC_3D,ok,outputs/shuttle_capability/controlled_capability/images/s1_size_8_12_36.jpg,10,10,480,478,475.0,473.0,485.0,483.0,10.0,10.0,10.0,8-12,pinned_oblique,center,none,none,bg_001.jpg,315.0,0,,,False,False,False,0.0,,False,,,0.0,0,0,1,0.5,5,
158,images/s1_size_8_12_37.jpg,fixed_core_test,SYNTHETIC_3D,ok,outputs/shuttle_capability/controlled_capability/images/s1_size_8_12_37.jpg,8,9,480,478,476.0,473.5,484.0,482.5,8.0,9.0,8.485,8-12,pinned_oblique,center,none,none,bg_001.jpg,315.0,2,0.791989266872406,0.0,False,False,False,0.0,,False,,,0.0,0,2,1,0.5,5,
159,images/s1_size_8_12_38.jpg,fixed_core_test,SYNTHETIC_3D,ok,outputs/shuttle_capability/controlled_capability/images/s1_size_8_12_38.jpg,11,11,481,478,475.5,472.5,486.5,483.5,11.0,11.0,11.0,8-12,pinned_oblique,center,none,none,bg_001.jpg,315.0,4,0.8286077976226807,0.0,False,False,False,0.0,,False,,,0.0,0,4,1,0.5,5,
160,images/s1_size_8_12_39.jpg,fixed_core_test,SYNTHETIC_3D,ok,outputs/shuttle_capability/controlled_capability/images/s1_size_8_12_39.jpg,10,10,480,478,475.0,473.0,485.0,483.0,10.0,10.0,10.0,8-12,pinned_oblique,center,none,none,bg_001.jpg,315.0,2,0.2839304506778717,0.0,False,True,False,0.5369872040301561,0.6924420117572035,True,2,0.11077449470758438,0.5369872040301561,1,1,0,0.5,5,
161,images/s1_size_12_16_0.jpg,fixed_core_test,SYNTHETIC_3D,ok,outputs/shuttle_capability/controlled_capability/images/s1_size_12_16_0.jpg,14,14,481,477,474.0,470.0,488.0,484.0,14.0,14.0,14.0,12-16,pinned_oblique,center,none,none,bg_001.jpg,315.0,1,0.8241214752197266,0.0,False,False,False,0.0,,False,,,0.0,0,1,1,0.5,5,
162,images/s1_size_12_16_1.jpg,fixed_core_test,SYNTHETIC_3D,ok,outputs/shuttle_capability/controlled_capability/images/s1_size_12_16_1.jpg,13,13,481,478,474.5,471.5,487.5,484.5,13.0,13.0,13.0,12-16,pinned_oblique,center,none,none,bg_001.jpg,315.0,2,0.07642073929309845,0.44568667080275404,False,False,False,0.44568667080275404,,False,,,0.44568667080275404,0,2,1,0.5,5,
163,images/s1_size_12_16_2.jpg,fixed_core_test,SYNTHETIC_3D,ok,outputs/shuttle_capability/controlled_capability/images/s1_size_12_16_2.jpg,15,15,481,478,473.5,470.5,488.5,485.5,15.0,15.0,15.0,12-16,pinned_oblique,center,none,none,bg_001.jpg,315.0,1,0.6453272700309753,0.8168840228131176,True,True,True,0.9405834784441524,1.1824593884656505,True,1,0.6453272700309753,0.8168840228131176,1,0,0,0.5,5,
164,images/s1_size_12_16_3.jpg,fixed_core_test,SYNTHETIC_3D,ok,outputs/shuttle_capability/controlled_capability/images/s1_size_12_16_3.jpg,14,14,481,477,474.0,470.0,488.0,484.0,14.0,14.0,14.0,12-16,pinned_oblique,center,none,none,bg_001.jpg,315.0,2,0.8775497078895569,0.0,False,True,False,0.7777252362242767,2.0555753586810797,True,2,0.35197576880455017,0.6926636446899969,1,1,0,0.5,5,
165,images/s1_size_12_16_4.jpg,fixed_core_test,SYNTHETIC_3D,ok,outputs/shuttle_capability/controlled_capability/images/s1_size_12_16_4.jpg,13,13,481,478,474.5,471.5,487.5,484.5,13.0,13.0,13.0,12-16,pinned_oblique,center,none,none,bg_001.jpg,315.0,2,0.7437573075294495,0.0,False,False,False,0.0,,False,,,0.0,0,2,1,0.5,5,
166,images/s1_size_12_16_5.jpg,fixed_core_test,SYNTHETIC_3D,ok,outputs/shuttle_capability/controlled_capability/images/s1_size_12_16_5.jpg,15,15,481,478,473.5,470.5,488.5,485.5,15.0,15.0,15.0,12-16,pinned_oblique,center,none,none,bg_001.jpg,315.0,1,0.8091728687286377,0.0,False,False,False,0.0,,False,,,0.0,0,1,1,0.5,5,
167,images/s1_size_12_16_6.jpg,fixed_core_test,SYNTHETIC_3D,ok,outputs/shuttle_capability/controlled_capability/images/s1_size_12_16_6.jpg,14,14,481,477,474.0,470.0,488.0,484.0,14.0,14.0,14.0,12-16,pinned_oblique,center,none,none,bg_001.jpg,315.0,1,0.8339141011238098,0.0,False,False,False,0.0,,False,,,0.0,0,1,1,0.5,5,
168,images/s1_size_12_16_7.jpg,fixed_core_test,SYNTHETIC_3D,ok,outputs/shuttle_capability/controlled_capability/images/s1_size_12_16_7.jpg,13,13,481,478,474.5,471.5,487.5,484.5,13.0,13.0,13.0,12-16,pinned_oblique,center,none,none,bg_001.jpg,315.0,2,0.35061994194984436,0.0,False,False,False,0.0,,False,,,0.0,0,2,1,0.5,5,
169,images/s1_size_12_16_8.jpg,fixed_core_test,SYNTHETIC_3D,ok,outputs/shuttle_capability/controlled_capability/images/s1_size_12_16_8.jpg,15,15,481,478,473.5,470.5,488.5,485.5,15.0,15.0,15.0,12-16,pinned_oblique,center,none,none,bg_001.jpg,315.0,3,0.7768009305000305,0.0,False,False,False,0.0,,False,,,0.0,0,3,1,0.5,5,
170,images/s1_size_12_16_9.jpg,fixed_core_test,SYNTHETIC_3D,ok,outputs/shuttle_capability/controlled_capability/images/s1_size_12_16_9.jpg,14,14,481,477,474.0,470.0,488.0,484.0,14.0,14.0,14.0,12-16,pinned_oblique,center,none,none,bg_001.jpg,315.0,2,0.1208401620388031,0.7750856078865783,True,True,False,0.840226290215339,1.1369834297623471,True,1,0.1208401620388031,0.7750856078865783,1,1,0,0.5,5,
171,images/s1_size_12_16_10.jpg,fixed_core_test,SYNTHETIC_3D,ok,outputs/shuttle_capability/controlled_capability/images/s1_size_12_16_10.jpg,13,13,481,478,474.5,471.5,487.5,484.5,13.0,13.0,13.0,12-16,pinned_oblique,center,none,none,bg_001.jpg,315.0,2,0.8693492412567139,0.0,False,False,False,0.0,,False,,,0.0,0,2,1,0.5,5,
172,images/s1_size_12_16_11.jpg,fixed_core_test,SYNTHETIC_3D,ok,outputs/shuttle_capability/controlled_capability/images/s1_size_12_16_11.jpg,15,15,481,478,473.5,470.5,488.5,485.5,15.0,15.0,15.0,12-16,pinned_oblique,center,none,none,bg_001.jpg,315.0,2,0.09293585270643234,0.0,False,False,False,0.0,,False,,,0.0,0,2,1,0.5,5,
173,images/s1_size_12_16_12.jpg,fixed_core_test,SYNTHETIC_3D,ok,outputs/shuttle_capability/controlled_capability/images/s1_size_12_16_12.jpg,14,14,481,477,474.0,470.0,488.0,484.0,14.0,14.0,14.0,12-16,pinned_oblique,center,none,none,bg_001.jpg,315.0,2,0.09712166339159012,0.0,False,False,False,0.0,,False,,,0.0,0,2,1,0.5,5,
174,images/s1_size_12_16_13.jpg,fixed_core_test,SYNTHETIC_3D,ok,outputs/shuttle_capability/controlled_capability/images/s1_size_12_16_13.jpg,13,13,481,478,474.5,471.5,487.5,484.5,13.0,13.0,13.0,12-16,pinned_oblique,center,none,none,bg_001.jpg,315.0,2,0.8215442299842834,0.0,False,False,False,0.0,,False,,,0.0,0,2,1,0.5,5,
175,images/s1_size_12_16_14.jpg,fixed_core_test,SYNTHETIC_3D,ok,outputs/shuttle_capability/controlled_capability/images/s1_size_12_16_14.jpg,15,15,481,478,473.5,470.5,488.5,485.5,15.0,15.0,15.0,12-16,pinned_oblique,center,none,none,bg_001.jpg,315.0,3,0.8648388385772705,0.0,False,False,False,0.0,,False,,,0.0,0,3,1,0.5,5,
176,images/s1_size_12_16_15.jpg,fixed_core_test,SYNTHETIC_3D,ok,outputs/shuttle_capability/controlled_capability/images/s1_size_12_16_15.jpg,14,14,481,477,474.0,470.0,488.0,484.0,14.0,14.0,14.0,12-16,pinned_oblique,center,none,none,bg_001.jpg,315.0,4,0.6677389740943909,0.0,False,True,False,0.6613614817378016,2.8287924790938233,True,2,0.3019888997077942,0.5685067673001576,1,3,0,0.5,5,
177,images/s1_size_12_16_16.jpg,fixed_core_test,SYNTHETIC_3D,ok,outputs/shuttle_capability/controlled_capability/images/s1_size_12_16_16.jpg,13,13,481,478,474.5,471.5,487.5,484.5,13.0,13.0,13.0,12-16,pinned_oblique,center,none,none,bg_001.jpg,315.0,0,,,False,False,False,0.0,,False,,,0.0,0,0,1,0.5,5,
178,images/s1_size_12_16_17.jpg,fixed_core_test,SYNTHETIC_3D,ok,outputs/shuttle_capability/controlled_capability/images/s1_size_12_16_17.jpg,15,15,481,478,473.5,470.5,488.5,485.5,15.0,15.0,15.0,12-16,pinned_oblique,center,none,none,bg_001.jpg,315.0,2,0.834023654460907,0.0,False,False,False,0.0,,False,,,0.0,0,2,1,0.5,5,
179,images/s1_size_12_16_18.jpg,fixed_core_test,SYNTHETIC_3D,ok,outputs/shuttle_capability/controlled_capability/images/s1_size_12_16_18.jpg,14,14,481,477,474.0,470.0,488.0,484.0,14.0,14.0,14.0,12-16,pinned_oblique,center,none,none,bg_001.jpg,315.0,4,0.8501442670822144,0.0,False,False,False,0.0,,False,,,0.0,0,4,1,0.5,5,
180,images/s1_size_12_16_19.jpg,fixed_core_test,SYNTHETIC_3D,ok,outputs/shuttle_capability/controlled_capability/images/s1_size_12_16_19.jpg,13,13,481,478,474.5,471.5,487.5,484.5,13.0,13.0,13.0,12-16,pinned_oblique,center,none,none,bg_001.jpg,315.0,2,0.48311278223991394,0.0,False,True,False,0.5595472846510847,1.1357648298642058,True,2,0.2851722538471222,0.5595472846510847,1,1,0,0.5,5,
181,images/s1_size_12_16_20.jpg,fixed_core_test,SYNTHETIC_3D,ok,outputs/shuttle_capability/controlled_capability/images/s1_size_12_16_20.jpg,15,15,481,478,473.5,470.5,488.5,485.5,15.0,15.0,15.0,12-16,pinned_oblique,center,none,none,bg_001.jpg,315.0,2,0.6018362641334534,0.0,False,False,False,0.0,,False,,,0.0,0,2,1,0.5,5,
182,images/s1_size_12_16_21.jpg,fixed_core_test,SYNTHETIC_3D,ok,outputs/shuttle_capability/controlled_capability/images/s1_size_12_16_21.jpg,14,14,481,477,474.0,470.0,488.0,484.0,14.0,14.0,14.0,12-16,pinned_oblique,center,none,none,bg_001.jpg,315.0,3,0.5258336663246155,0.0,False,False,False,0.0,,False,,,0.0,0,3,1,0.5,5,
183,images/s1_size_12_16_22.jpg,fixed_core_test,SYNTHETIC_3D,ok,outputs/shuttle_capability/controlled_capability/images/s1_size_12_16_22.jpg,13,13,481,478,474.5,471.5,487.5,484.5,13.0,13.0,13.0,12-16,pinned_oblique,center,none,none,bg_001.jpg,315.0,1,0.8108336329460144,0.0,False,False,False,0.0,,False,,,0.0,0,1,1,0.5,5,
184,images/s1_size_12_16_23.jpg,fixed_core_test,SYNTHETIC_3D,ok,outputs/shuttle_capability/controlled_capability/images/s1_size_12_16_23.jpg,15,15,481,478,473.5,470.5,488.5,485.5,15.0,15.0,15.0,12-16,pinned_oblique,center,none,none,bg_001.jpg,315.0,3,0.08292562514543533,0.5847279509156942,True,True,False,0.5847279509156942,1.8708956099988712,True,1,0.08292562514543533,0.5847279509156942,1,2,0,0.5,5,
185,images/s1_size_12_16_24.jpg,fixed_core_test,SYNTHETIC_3D,ok,outputs/shuttle_capability/controlled_capability/images/s1_size_12_16_24.jpg,14,14,481,477,474.0,470.0,488.0,484.0,14.0,14.0,14.0,12-16,pinned_oblique,center,none,none,bg_001.jpg,315.0,4,0.29310840368270874,0.6496191956668917,True,True,False,0.6518107309405293,1.9012550733376015,True,1,0.29310840368270874,0.6496191956668917,1,3,0,0.5,5,
186,images/s1_size_12_16_25.jpg,fixed_core_test,SYNTHETIC_3D,ok,outputs/shuttle_capability/controlled_capability/images/s1_size_12_16_25.jpg,13,13,481,478,474.5,471.5,487.5,484.5,13.0,13.0,13.0,12-16,pinned_oblique,center,none,none,bg_001.jpg,315.0,2,0.8507749438285828,0.0,False,False,False,0.0,,False,,,0.0,0,2,1,0.5,5,
187,images/s1_size_12_16_26.jpg,fixed_core_test,SYNTHETIC_3D,ok,outputs/shuttle_capability/controlled_capability/images/s1_size_12_16_26.jpg,15,15,481,478,473.5,470.5,488.5,485.5,15.0,15.0,15.0,12-16,pinned_oblique,center,none,none,bg_001.jpg,315.0,2,0.15339937806129456,0.65237953175941,True,True,False,0.7024051707983017,2.3845679283598846,True,1,0.15339937806129456,0.65237953175941,1,1,0,0.5,5,
188,images/s1_size_12_16_27.jpg,fixed_core_test,SYNTHETIC_3D,ok,outputs/shuttle_capability/controlled_capability/images/s1_size_12_16_27.jpg,14,14,481,477,474.0,470.0,488.0,484.0,14.0,14.0,14.0,12-16,pinned_oblique,center,none,none,bg_001.jpg,315.0,2,0.7396422028541565,0.0,False,False,False,0.0,,False,,,0.0,0,2,1,0.5,5,
189,images/s1_size_12_16_28.jpg,fixed_core_test,SYNTHETIC_3D,ok,outputs/shuttle_capability/controlled_capability/images/s1_size_12_16_28.jpg,13,13,481,478,474.5,471.5,487.5,484.5,13.0,13.0,13.0,12-16,pinned_oblique,center,none,none,bg_001.jpg,315.0,3,0.8660992980003357,0.0,False,True,False,0.7357519148964677,1.0487685751614466,True,3,0.16430795192718506,0.7357519148964677,1,2,0,0.5,5,
190,images/s1_size_12_16_29.jpg,fixed_core_test,SYNTHETIC_3D,ok,outputs/shuttle_capability/controlled_capability/images/s1_size_12_16_29.jpg,15,15,481,478,473.5,470.5,488.5,485.5,15.0,15.0,15.0,12-16,pinned_oblique,center,none,none,bg_001.jpg,315.0,2,0.0719132125377655,0.0,False,False,False,0.0,,False,,,0.0,0,2,1,0.5,5,
191,images/s1_size_12_16_30.jpg,fixed_core_test,SYNTHETIC_3D,ok,outputs/shuttle_capability/controlled_capability/images/s1_size_12_16_30.jpg,14,14,481,477,474.0,470.0,488.0,484.0,14.0,14.0,14.0,12-16,pinned_oblique,center,none,none,bg_001.jpg,315.0,2,0.5130173563957214,0.0,False,False,False,0.0,,False,,,0.0,0,2,1,0.5,5,
192,images/s1_size_12_16_31.jpg,fixed_core_test,SYNTHETIC_3D,ok,outputs/shuttle_capability/controlled_capability/images/s1_size_12_16_31.jpg,13,13,481,478,474.5,471.5,487.5,484.5,13.0,13.0,13.0,12-16,pinned_oblique,center,none,none,bg_001.jpg,315.0,1,0.8541550636291504,0.0,False,False,False,0.0,,False,,,0.0,0,1,1,0.5,5,
193,images/s1_size_12_16_32.jpg,fixed_core_test,SYNTHETIC_3D,ok,outputs/shuttle_capability/controlled_capability/images/s1_size_12_16_32.jpg,15,15,481,478,473.5,470.5,488.5,485.5,15.0,15.0,15.0,12-16,pinned_oblique,center,none,none,bg_001.jpg,315.0,2,0.8466671705245972,0.0,False,True,False,0.7499756148747272,1.8553213828943855,True,2,0.4501152038574219,0.7120246218228785,1,1,0,0.5,5,
194,images/s1_size_12_16_33.jpg,fixed_core_test,SYNTHETIC_3D,ok,outputs/shuttle_capability/controlled_capability/images/s1_size_12_16_33.jpg,14,14,481,477,474.0,470.0,488.0,484.0,14.0,14.0,14.0,12-16,pinned_oblique,center,none,none,bg_001.jpg,315.0,2,0.8020183444023132,0.0,False,True,False,0.7572994415306163,1.430720132324669,True,2,0.15220396220684052,0.740411341666017,1,1,0,0.5,5,
195,images/s1_size_12_16_34.jpg,fixed_core_test,SYNTHETIC_3D,ok,outputs/shuttle_capability/controlled_capability/images/s1_size_12_16_34.jpg,13,13,481,478,474.5,471.5,487.5,484.5,13.0,13.0,13.0,12-16,pinned_oblique,center,none,none,bg_001.jpg,315.0,3,0.7787598967552185,0.0,False,True,True,0.9261270714758416,2.1818095206831662,True,3,0.06375090032815933,0.6071291307676537,1,2,0,0.5,5,
196,images/s1_size_12_16_35.jpg,fixed_core_test,SYNTHETIC_3D,ok,outputs/shuttle_capability/controlled_capability/images/s1_size_12_16_35.jpg,15,15,481,478,473.5,470.5,488.5,485.5,15.0,15.0,15.0,12-16,pinned_oblique,center,none,none,bg_001.jpg,315.0,1,0.2338908612728119,0.0,False,False,False,0.0,,False,,,0.0,0,1,1,0.5,5,
197,images/s1_size_12_16_36.jpg,fixed_core_test,SYNTHETIC_3D,ok,outputs/shuttle_capability/controlled_capability/images/s1_size_12_16_36.jpg,14,14,481,477,474.0,470.0,488.0,484.0,14.0,14.0,14.0,12-16,pinned_oblique,center,none,none,bg_001.jpg,315.0,1,0.32813698053359985,0.5982055566005384,True,True,False,0.7034783475481126,2.57769881341871,True,1,0.32813698053359985,0.5982055566005384,1,0,0,0.5,5,
198,images/s1_size_12_16_37.jpg,fixed_core_test,SYNTHETIC_3D,ok,outputs/shuttle_capability/controlled_capability/images/s1_size_12_16_37.jpg,13,13,481,478,474.5,471.5,487.5,484.5,13.0,13.0,13.0,12-16,pinned_oblique,center,none,none,bg_001.jpg,315.0,2,0.7761037945747375,0.0,False,False,False,0.0,,False,,,0.0,0,2,1,0.5,5,
199,images/s1_size_12_16_38.jpg,fixed_core_test,SYNTHETIC_3D,ok,outputs/shuttle_capability/controlled_capability/images/s1_size_12_16_38.jpg,15,15,481,478,473.5,470.5,488.5,485.5,15.0,15.0,15.0,12-16,pinned_oblique,center,none,none,bg_001.jpg,315.0,3,0.8192917704582214,0.0,False,False,False,0.0,,False,,,0.0,0,3,1,0.5,5,
200,images/s1_size_12_16_39.jpg,fixed_core_test,SYNTHETIC_3D,ok,outputs/shuttle_capability/controlled_capability/images/s1_size_12_16_39.jpg,14,14,481,477,474.0,470.0,488.0,484.0,14.0,14.0,14.0,12-16,pinned_oblique,center,none,none,bg_001.jpg,315.0,3,0.2868402600288391,0.0,False,True,False,0.531081790337339,2.1564232741603053,True,2,0.11180093884468079,0.5232630798915114,1,2,0,0.5,5,
201,images/s1_size_16_24_0.jpg,fixed_core_test,SYNTHETIC_3D,ok,outputs/shuttle_capability/controlled_capability/images/s1_size_16_24_0.jpg,19,19,482,477,472.5,467.5,491.5,486.5,19.0,19.0,19.0,16-24,pinned_oblique,center,none,none,bg_001.jpg,315.0,1,0.8176795244216919,0.0,False,False,False,0.0,,False,,,0.0,0,1,1,0.5,5,
202,images/s1_size_16_24_1.jpg,fixed_core_test,SYNTHETIC_3D,ok,outputs/shuttle_capability/controlled_capability/images/s1_size_16_24_1.jpg,18,18,481,477,472.0,468.0,490.0,486.0,18.0,18.0,18.0,16-24,pinned_oblique,center,none,none,bg_001.jpg,315.0,0,,,False,False,False,0.0,,False,,,0.0,0,0,1,0.5,5,
203,images/s1_size_16_24_2.jpg,fixed_core_test,SYNTHETIC_3D,ok,outputs/shuttle_capability/controlled_capability/images/s1_size_16_24_2.jpg,21,21,482,477,471.5,466.5,492.5,487.5,21.0,21.0,21.0,16-24,pinned_oblique,center,none,none,bg_001.jpg,315.0,2,0.7629398107528687,0.8737513801339849,True,True,True,0.9909464518229166,0.5382354064875265,True,1,0.7629398107528687,0.8737513801339849,1,1,0,0.5,5,
204,images/s1_size_16_24_3.jpg,fixed_core_test,SYNTHETIC_3D,ok,outputs/shuttle_capability/controlled_capability/images/s1_size_16_24_3.jpg,19,19,482,477,472.5,467.5,491.5,486.5,19.0,19.0,19.0,16-24,pinned_oblique,center,none,none,bg_001.jpg,315.0,3,0.878479540348053,0.0,False,True,False,0.8506668477610703,0.8932830617877365,True,2,0.711513876914978,0.81623241937008,1,2,0,0.5,5,
205,images/s1_size_16_24_4.jpg,fixed_core_test,SYNTHETIC_3D,ok,outputs/shuttle_capability/controlled_capability/images/s1_size_16_24_4.jpg,18,18,481,477,472.0,468.0,490.0,486.0,18.0,18.0,18.0,16-24,pinned_oblique,center,none,none,bg_001.jpg,315.0,2,0.6376267075538635,0.0,False,False,False,0.5963592529296875,,False,,,0.03812900139220482,0,2,1,0.5,5,
206,images/s1_size_16_24_5.jpg,fixed_core_test,SYNTHETIC_3D,ok,outputs/shuttle_capability/controlled_capability/images/s1_size_16_24_5.jpg,21,21,482,477,471.5,466.5,492.5,487.5,21.0,21.0,21.0,16-24,pinned_oblique,center,none,none,bg_001.jpg,315.0,2,0.7916185259819031,0.0,False,False,True,1.0,,False,,,0.3347159131430324,0,2,1,0.5,5,
207,images/s1_size_16_24_6.jpg,fixed_core_test,SYNTHETIC_3D,ok,outputs/shuttle_capability/controlled_capability/images/s1_size_16_24_6.jpg,19,19,482,477,472.5,467.5,491.5,486.5,19.0,19.0,19.0,16-24,pinned_oblique,center,none,none,bg_001.jpg,315.0,1,0.8351698517799377,0.0,False,False,False,0.0,,False,,,0.0,0,1,1,0.5,5,
208,images/s1_size_16_24_7.jpg,fixed_core_test,SYNTHETIC_3D,ok,outputs/shuttle_capability/controlled_capability/images/s1_size_16_24_7.jpg,18,18,481,477,472.0,468.0,490.0,486.0,18.0,18.0,18.0,16-24,pinned_oblique,center,none,none,bg_001.jpg,315.0,3,0.3769359588623047,0.0,False,False,False,0.0,,False,,,0.0,0,3,1,0.5,5,
209,images/s1_size_16_24_8.jpg,fixed_core_test,SYNTHETIC_3D,ok,outputs/shuttle_capability/controlled_capability/images/s1_size_16_24_8.jpg,21,21,482,477,471.5,466.5,492.5,487.5,21.0,21.0,21.0,16-24,pinned_oblique,center,none,none,bg_001.jpg,315.0,4,0.7691060900688171,0.0,False,True,False,0.8651688576859682,0.9151190521265854,True,2,0.4369516372680664,0.8453537328961112,1,3,0,0.5,5,
210,images/s1_size_16_24_9.jpg,fixed_core_test,SYNTHETIC_3D,ok,outputs/shuttle_capability/controlled_capability/images/s1_size_16_24_9.jpg,19,19,482,477,472.5,467.5,491.5,486.5,19.0,19.0,19.0,16-24,pinned_oblique,center,none,none,bg_001.jpg,315.0,2,0.08130522817373276,0.0,False,True,False,0.8545461838389037,1.4729782534745233,True,2,0.07310931384563446,0.8007418230362302,1,1,0,0.5,5,
211,images/s1_size_16_24_10.jpg,fixed_core_test,SYNTHETIC_3D,ok,outputs/shuttle_capability/controlled_capability/images/s1_size_16_24_10.jpg,18,18,481,477,472.0,468.0,490.0,486.0,18.0,18.0,18.0,16-24,pinned_oblique,center,none,none,bg_001.jpg,315.0,2,0.8655095100402832,0.0,False,False,False,0.0,,False,,,0.0,0,2,1,0.5,5,
212,images/s1_size_16_24_11.jpg,fixed_core_test,SYNTHETIC_3D,ok,outputs/shuttle_capability/controlled_capability/images/s1_size_16_24_11.jpg,21,21,482,477,471.5,466.5,492.5,487.5,21.0,21.0,21.0,16-24,pinned_oblique,center,none,none,bg_001.jpg,315.0,1,0.05772092565894127,0.0,False,False,False,0.0,,False,,,0.0,0,1,1,0.5,5,
213,images/s1_size_16_24_12.jpg,fixed_core_test,SYNTHETIC_3D,ok,outputs/shuttle_capability/controlled_capability/images/s1_size_16_24_12.jpg,19,19,482,477,472.5,467.5,491.5,486.5,19.0,19.0,19.0,16-24,pinned_oblique,center,none,none,bg_001.jpg,315.0,4,0.14450548589229584,0.0,False,False,False,0.0,,False,,,0.0,0,4,1,0.5,5,
214,images/s1_size_16_24_13.jpg,fixed_core_test,SYNTHETIC_3D,ok,outputs/shuttle_capability/controlled_capability/images/s1_size_16_24_13.jpg,18,18,481,477,472.0,468.0,490.0,486.0,18.0,18.0,18.0,16-24,pinned_oblique,center,none,none,bg_001.jpg,315.0,2,0.8007977604866028,0.0,False,False,False,0.0,,False,,,0.0,0,2,1,0.5,5,
215,images/s1_size_16_24_14.jpg,fixed_core_test,SYNTHETIC_3D,ok,outputs/shuttle_capability/controlled_capability/images/s1_size_16_24_14.jpg,21,21,482,477,471.5,466.5,492.5,487.5,21.0,21.0,21.0,16-24,pinned_oblique,center,none,none,bg_001.jpg,315.0,3,0.8656867146492004,0.0,False,True,False,0.8647037871866202,1.6659350940341353,True,2,0.7644835114479065,0.8039502553683393,1,2,0,0.5,5,
216,images/s1_size_16_24_15.jpg,fixed_core_test,SYNTHETIC_3D,ok,outputs/shuttle_capability/controlled_capability/images/s1_size_16_24_15.jpg,19,19,482,477,472.5,467.5,491.5,486.5,19.0,19.0,19.0,16-24,pinned_oblique,center,none,none,bg_001.jpg,315.0,3,0.5879880785942078,0.0,False,True,False,0.8295612858964383,1.736975348629013,True,2,0.28341004252433777,0.7726983635449364,1,2,0,0.5,5,
217,images/s1_size_16_24_16.jpg,fixed_core_test,SYNTHETIC_3D,ok,outputs/shuttle_capability/controlled_capability/images/s1_size_16_24_16.jpg,18,18,481,477,472.0,468.0,490.0,486.0,18.0,18.0,18.0,16-24,pinned_oblique,center,none,none,bg_001.jpg,315.0,1,0.2501077651977539,0.8232718652120259,True,True,False,0.8836338627669547,1.2537961960562953,True,1,0.2501077651977539,0.8232718652120259,1,0,0,0.5,5,
218,images/s1_size_16_24_17.jpg,fixed_core_test,SYNTHETIC_3D,ok,outputs/shuttle_capability/controlled_capability/images/s1_size_16_24_17.jpg,21,21,482,477,471.5,466.5,492.5,487.5,21.0,21.0,21.0,16-24,pinned_oblique,center,none,none,bg_001.jpg,315.0,4,0.8379643559455872,0.0,False,True,True,0.9503798711867559,1.092472394601562,True,2,0.6901115775108337,0.860656636832238,1,3,0,0.5,5,
219,images/s1_size_16_24_18.jpg,fixed_core_test,SYNTHETIC_3D,ok,outputs/shuttle_capability/controlled_capability/images/s1_size_16_24_18.jpg,19,19,482,477,472.5,467.5,491.5,486.5,19.0,19.0,19.0,16-24,pinned_oblique,center,none,none,bg_001.jpg,315.0,5,0.8508558869361877,0.0,False,True,True,0.9652481613541409,0.768027285812155,True,2,0.7674050331115723,0.8996276542488402,1,4,0,0.5,5,
220,images/s1_size_16_24_19.jpg,fixed_core_test,SYNTHETIC_3D,ok,outputs/shuttle_capability/controlled_capability/images/s1_size_16_24_19.jpg,18,18,481,477,472.0,468.0,490.0,486.0,18.0,18.0,18.0,16-24,pinned_oblique,center,none,none,bg_001.jpg,315.0,2,0.7054442763328552,0.6820955350599343,True,True,False,0.6833640072080824,1.779077753001295,True,1,0.7054442763328552,0.6820955350599343,1,1,0,0.5,5,
221,images/s1_size_16_24_20.jpg,fixed_core_test,SYNTHETIC_3D,ok,outputs/shuttle_capability/controlled_capability/images/s1_size_16_24_20.jpg,21,21,482,477,471.5,466.5,492.5,487.5,21.0,21.0,21.0,16-24,pinned_oblique,center,none,none,bg_001.jpg,315.0,1,0.6886591911315918,0.0,False,False,False,0.0,,False,,,0.0,0,1,1,0.5,5,
222,images/s1_size_16_24_21.jpg,fixed_core_test,SYNTHETIC_3D,ok,outputs/shuttle_capability/controlled_capability/images/s1_size_16_24_21.jpg,19,19,482,477,472.5,467.5,491.5,486.5,19.0,19.0,19.0,16-24,pinned_oblique,center,none,none,bg_001.jpg,315.0,3,0.46229857206344604,0.0,False,False,False,0.0,,False,,,0.0,0,3,1,0.5,5,
223,images/s1_size_16_24_22.jpg,fixed_core_test,SYNTHETIC_3D,ok,outputs/shuttle_capability/controlled_capability/images/s1_size_16_24_22.jpg,18,18,481,477,472.0,468.0,490.0,486.0,18.0,18.0,18.0,16-24,pinned_oblique,center,none,none,bg_001.jpg,315.0,1,0.8005779385566711,0.0,False,False,False,0.0,,False,,,0.0,0,1,1,0.5,5,
224,images/s1_size_16_24_23.jpg,fixed_core_test,SYNTHETIC_3D,ok,outputs/shuttle_capability/controlled_capability/images/s1_size_16_24_23.jpg,21,21,482,477,471.5,466.5,492.5,487.5,21.0,21.0,21.0,16-24,pinned_oblique,center,none,none,bg_001.jpg,315.0,1,0.820046067237854,0.7488653357779103,True,True,True,0.9337235665510571,2.791268342090951,True,1,0.820046067237854,0.7488653357779103,1,0,0,0.5,5,
225,images/s1_size_16_24_24.jpg,fixed_core_test,SYNTHETIC_3D,ok,outputs/shuttle_capability/controlled_capability/images/s1_size_16_24_24.jpg,19,19,482,477,472.5,467.5,491.5,486.5,19.0,19.0,19.0,16-24,pinned_oblique,center,none,none,bg_001.jpg,315.0,4,0.20871064066886902,0.0,False,False,False,0.0,,False,,,0.0,0,4,1,0.5,5,
226,images/s1_size_16_24_25.jpg,fixed_core_test,SYNTHETIC_3D,ok,outputs/shuttle_capability/controlled_capability/images/s1_size_16_24_25.jpg,18,18,481,477,472.0,468.0,490.0,486.0,18.0,18.0,18.0,16-24,pinned_oblique,center,none,none,bg_001.jpg,315.0,1,0.8419637680053711,0.0,False,False,False,0.0,,False,,,0.0,0,1,1,0.5,5,
227,images/s1_size_16_24_26.jpg,fixed_core_test,SYNTHETIC_3D,ok,outputs/shuttle_capability/controlled_capability/images/s1_size_16_24_26.jpg,21,21,482,477,471.5,466.5,492.5,487.5,21.0,21.0,21.0,16-24,pinned_oblique,center,none,none,bg_001.jpg,315.0,2,0.5332201719284058,0.6945793584921649,True,True,False,0.6982080177182243,2.2290024491020195,True,1,0.5332201719284058,0.6945793584921649,1,1,0,0.5,5,
228,images/s1_size_16_24_27.jpg,fixed_core_test,SYNTHETIC_3D,ok,outputs/shuttle_capability/controlled_capability/images/s1_size_16_24_27.jpg,19,19,482,477,472.5,467.5,491.5,486.5,19.0,19.0,19.0,16-24,pinned_oblique,center,none,none,bg_001.jpg,315.0,1,0.7592698931694031,0.0,False,False,False,0.0,,False,,,0.0,0,1,1,0.5,5,
229,images/s1_size_16_24_28.jpg,fixed_core_test,SYNTHETIC_3D,ok,outputs/shuttle_capability/controlled_capability/images/s1_size_16_24_28.jpg,18,18,481,477,472.0,468.0,490.0,486.0,18.0,18.0,18.0,16-24,pinned_oblique,center,none,none,bg_001.jpg,315.0,3,0.8648426532745361,0.0,False,True,False,0.7758666683781754,2.086691162415901,True,2,0.4071943759918213,0.7333252687790787,1,2,0,0.5,5,
230,images/s1_size_16_24_29.jpg,fixed_core_test,SYNTHETIC_3D,ok,outputs/shuttle_capability/controlled_capability/images/s1_size_16_24_29.jpg,21,21,482,477,471.5,466.5,492.5,487.5,21.0,21.0,21.0,16-24,pinned_oblique,center,none,none,bg_001.jpg,315.0,3,0.2662740647792816,0.9390051658614414,True,True,True,0.9519412293269927,0.38743188638169485,True,1,0.2662740647792816,0.9390051658614414,1,2,0,0.5,5,
231,images/s1_size_16_24_30.jpg,fixed_core_test,SYNTHETIC_3D,ok,outputs/shuttle_capability/controlled_capability/images/s1_size_16_24_30.jpg,19,19,482,477,472.5,467.5,491.5,486.5,19.0,19.0,19.0,16-24,pinned_oblique,center,none,none,bg_001.jpg,315.0,4,0.5006346702575684,0.0,False,True,False,0.7588075330878229,1.9295486726514093,True,2,0.26478978991508484,0.722261054082294,1,3,0,0.5,5,
232,images/s1_size_16_24_31.jpg,fixed_core_test,SYNTHETIC_3D,ok,outputs/shuttle_capability/controlled_capability/images/s1_size_16_24_31.jpg,18,18,481,477,472.0,468.0,490.0,486.0,18.0,18.0,18.0,16-24,pinned_oblique,center,none,none,bg_001.jpg,315.0,2,0.8594545125961304,0.0,False,False,False,0.0,,False,,,0.0,0,2,1,0.5,5,
233,images/s1_size_16_24_32.jpg,fixed_core_test,SYNTHETIC_3D,ok,outputs/shuttle_capability/controlled_capability/images/s1_size_16_24_32.jpg,21,21,482,477,471.5,466.5,492.5,487.5,21.0,21.0,21.0,16-24,pinned_oblique,center,none,none,bg_001.jpg,315.0,2,0.8410707712173462,0.0,False,True,False,0.7758009666767047,1.4856690930158054,True,2,0.7879812717437744,0.7475970882416286,1,1,0,0.5,5,
234,images/s1_size_16_24_33.jpg,fixed_core_test,SYNTHETIC_3D,ok,outputs/shuttle_capability/controlled_capability/images/s1_size_16_24_33.jpg,19,19,482,477,472.5,467.5,491.5,486.5,19.0,19.0,19.0,16-24,pinned_oblique,center,none,none,bg_001.jpg,315.0,2,0.7916786670684814,0.0,False,True,False,0.7791260537018075,1.0507926532594585,True,2,0.6156671047210693,0.7791260537018075,1,1,0,0.5,5,
235,images/s1_size_16_24_34.jpg,fixed_core_test,SYNTHETIC_3D,ok,outputs/shuttle_capability/controlled_capability/images/s1_size_16_24_34.jpg,18,18,481,477,472.0,468.0,490.0,486.0,18.0,18.0,18.0,16-24,pinned_oblique,center,none,none,bg_001.jpg,315.0,1,0.7325177192687988,0.0,False,False,False,0.0,,False,,,0.0,0,1,1,0.5,5,
236,images/s1_size_16_24_35.jpg,fixed_core_test,SYNTHETIC_3D,ok,outputs/shuttle_capability/controlled_capability/images/s1_size_16_24_35.jpg,21,21,482,477,471.5,466.5,492.5,487.5,21.0,21.0,21.0,16-24,pinned_oblique,center,none,none,bg_001.jpg,315.0,1,0.17297174036502838,0.0,False,False,False,0.0,,False,,,0.0,0,1,1,0.5,5,
237,images/s1_size_16_24_36.jpg,fixed_core_test,SYNTHETIC_3D,ok,outputs/shuttle_capability/controlled_capability/images/s1_size_16_24_36.jpg,19,19,482,477,472.5,467.5,491.5,486.5,19.0,19.0,19.0,16-24,pinned_oblique,center,none,none,bg_001.jpg,315.0,2,0.19023726880550385,0.7802260558702598,True,True,False,0.8076692182942193,1.6796231507018042,True,1,0.19023726880550385,0.7802260558702598,1,1,0,0.5,5,
238,images/s1_size_16_24_37.jpg,fixed_core_test,SYNTHETIC_3D,ok,outputs/shuttle_capability/controlled_capability/images/s1_size_16_24_37.jpg,18,18,481,477,472.0,468.0,490.0,486.0,18.0,18.0,18.0,16-24,pinned_oblique,center,none,none,bg_001.jpg,315.0,2,0.7688862085342407,0.0,False,False,False,0.0,,False,,,0.0,0,2,1,0.5,5,
239,images/s1_size_16_24_38.jpg,fixed_core_test,SYNTHETIC_3D,ok,outputs/shuttle_capability/controlled_capability/images/s1_size_16_24_38.jpg,21,21,482,477,471.5,466.5,492.5,487.5,21.0,21.0,21.0,16-24,pinned_oblique,center,none,none,bg_001.jpg,315.0,5,0.8204259276390076,0.0,False,True,False,0.8472245146653482,2.414664411233547,True,2,0.7515490055084229,0.7537878557185922,1,4,0,0.5,5,
240,images/s1_size_16_24_39.jpg,fixed_core_test,SYNTHETIC_3D,ok,outputs/shuttle_capability/controlled_capability/images/s1_size_16_24_39.jpg,19,19,482,477,472.5,467.5,491.5,486.5,19.0,19.0,19.0,16-24,pinned_oblique,center,none,none,bg_001.jpg,315.0,2,0.20187775790691376,0.0,False,True,False,0.6217292330828895,1.844840002396281,True,2,0.14773891866207123,0.6217292330828895,1,1,0,0.5,5,
241,images/s1_size_24_32_0.jpg,fixed_core_test,SYNTHETIC_3D,ok,outputs/shuttle_capability/controlled_capability/images/s1_size_24_32_0.jpg,27,27,483,476,469.5,462.5,496.5,489.5,27.0,27.0,27.0,24-32,pinned_oblique,center,none,none,bg_001.jpg,315.0,2,0.8135377168655396,0.0,False,True,True,1.0,0.635792051467831,True,2,0.22059549391269684,0.8383324000746966,1,1,0,0.5,5,
242,images/s1_size_24_32_1.jpg,fixed_core_test,SYNTHETIC_3D,ok,outputs/shuttle_capability/controlled_capability/images/s1_size_24_32_1.jpg,26,26,482,476,469.0,463.0,495.0,489.0,26.0,26.0,26.0,24-32,pinned_oblique,center,none,none,bg_001.jpg,315.0,2,0.7514310479164124,0.6344510451940233,True,True,False,0.8139047925966687,4.745071095405462,True,1,0.7514310479164124,0.6344510451940233,1,1,0,0.5,5,
243,images/s1_size_24_32_2.jpg,fixed_core_test,SYNTHETIC_3D,ok,outputs/shuttle_capability/controlled_capability/images/s1_size_24_32_2.jpg,30,30,483,475,468.0,460.0,498.0,490.0,30.0,30.0,30.0,24-32,pinned_oblique,center,none,none,bg_001.jpg,315.0,1,0.8898245096206665,0.8636822933819166,True,True,True,0.963671875,1.190682513823438,True,1,0.8898245096206665,0.8636822933819166,1,0,0,0.5,5,
244,images/s1_size_24_32_3.jpg,fixed_core_test,SYNTHETIC_3D,ok,outputs/shuttle_capability/controlled_capability/images/s1_size_24_32_3.jpg,27,27,483,476,469.5,462.5,496.5,489.5,27.0,27.0,27.0,24-32,pinned_oblique,center,none,none,bg_001.jpg,315.0,3,0.8784735202789307,0.0,False,True,True,0.9247996429663626,1.635309218140135,True,2,0.8050879836082458,0.8534704492989577,1,2,0,0.5,5,
245,images/s1_size_24_32_4.jpg,fixed_core_test,SYNTHETIC_3D,ok,outputs/shuttle_capability/controlled_capability/images/s1_size_24_32_4.jpg,26,26,482,476,469.0,463.0,495.0,489.0,26.0,26.0,26.0,24-32,pinned_oblique,center,none,none,bg_001.jpg,315.0,3,0.7281436324119568,0.0,False,False,False,0.7601870023287259,,False,,,0.08870171462201341,0,3,1,0.5,5,
246,images/s1_size_24_32_5.jpg,fixed_core_test,SYNTHETIC_3D,ok,outputs/shuttle_capability/controlled_capability/images/s1_size_24_32_5.jpg,30,30,483,475,468.0,460.0,498.0,490.0,30.0,30.0,30.0,24-32,pinned_oblique,center,none,none,bg_001.jpg,315.0,2,0.8070530891418457,0.0,False,True,True,0.9177604473216666,9.379677294972309,True,2,0.7375122308731079,0.5489165747824727,1,1,0,0.5,5,
247,images/s1_size_24_32_6.jpg,fixed_core_test,SYNTHETIC_3D,ok,outputs/shuttle_capability/controlled_capability/images/s1_size_24_32_6.jpg,27,27,483,476,469.5,462.5,496.5,489.5,27.0,27.0,27.0,24-32,pinned_oblique,center,none,none,bg_001.jpg,315.0,1,0.7906597852706909,0.0,False,False,False,0.0,,False,,,0.0,0,1,1,0.5,5,
248,images/s1_size_24_32_7.jpg,fixed_core_test,SYNTHETIC_3D,ok,outputs/shuttle_capability/controlled_capability/images/s1_size_24_32_7.jpg,26,26,482,476,469.0,463.0,495.0,489.0,26.0,26.0,26.0,24-32,pinned_oblique,center,none,none,bg_001.jpg,315.0,3,0.740009069442749,0.7009103453690033,True,True,False,0.7153775582817443,2.748016303705081,True,1,0.740009069442749,0.7009103453690033,1,2,0,0.5,5,
249,images/s1_size_24_32_8.jpg,fixed_core_test,SYNTHETIC_3D,ok,outputs/shuttle_capability/controlled_capability/images/s1_size_24_32_8.jpg,30,30,483,475,468.0,460.0,498.0,490.0,30.0,30.0,30.0,24-32,pinned_oblique,center,none,none,bg_001.jpg,315.0,4,0.858057975769043,0.8467583264456483,True,True,True,0.9820465087890625,0.9412610162846498,True,1,0.858057975769043,0.8467583264456483,1,3,0,0.5,5,
250,images/s1_size_24_32_9.jpg,fixed_core_test,SYNTHETIC_3D,ok,outputs/shuttle_capability/controlled_capability/images/s1_size_24_32_9.jpg,27,27,483,476,469.5,462.5,496.5,489.5,27.0,27.0,27.0,24-32,pinned_oblique,center,none,none,bg_001.jpg,315.0,2,0.6464341878890991,0.8305531444490778,True,True,True,0.9982955367476852,1.4206853786312759,True,1,0.6464341878890991,0.8305531444490778,1,1,0,0.5,5,
251,images/s1_size_24_32_10.jpg,fixed_core_test,SYNTHETIC_3D,ok,outputs/shuttle_capability/controlled_capability/images/s1_size_24_32_10.jpg,26,26,482,476,469.0,463.0,495.0,489.0,26.0,26.0,26.0,24-32,pinned_oblique,center,none,none,bg_001.jpg,315.0,4,0.8688439130783081,0.0,False,True,True,0.9382679612271091,1.2021096678059322,True,2,0.6949900984764099,0.8811814872714085,1,3,0,0.5,5,
252,images/s1_size_24_32_11.jpg,fixed_core_test,SYNTHETIC_3D,ok,outputs/shuttle_capability/controlled_capability/images/s1_size_24_32_11.jpg,30,30,483,475,468.0,460.0,498.0,490.0,30.0,30.0,30.0,24-32,pinned_oblique,center,none,none,bg_001.jpg,315.0,2,0.8610640168190002,0.879500573429543,True,True,True,0.9493509928385416,1.2683899074431326,True,1,0.8610640168190002,0.879500573429543,1,1,0,0.5,5,
253,images/s1_size_24_32_12.jpg,fixed_core_test,SYNTHETIC_3D,ok,outputs/shuttle_capability/controlled_capability/images/s1_size_24_32_12.jpg,27,27,483,476,469.5,462.5,496.5,489.5,27.0,27.0,27.0,24-32,pinned_oblique,center,none,none,bg_001.jpg,315.0,3,0.10148956626653671,0.0,False,False,False,0.0,,False,,,0.0,0,3,1,0.5,5,
254,images/s1_size_24_32_13.jpg,fixed_core_test,SYNTHETIC_3D,ok,outputs/shuttle_capability/controlled_capability/images/s1_size_24_32_13.jpg,26,26,482,476,469.0,463.0,495.0,489.0,26.0,26.0,26.0,24-32,pinned_oblique,center,none,none,bg_001.jpg,315.0,2,0.8126106858253479,0.0,False,True,True,0.9415388840895432,1.1734354057242529,True,2,0.8058982491493225,0.8349347375248669,1,1,0,0.5,5,
255,images/s1_size_24_32_14.jpg,fixed_core_test,SYNTHETIC_3D,ok,outputs/shuttle_capability/controlled_capability/images/s1_size_24_32_14.jpg,30,30,483,475,468.0,460.0,498.0,490.0,30.0,30.0,30.0,24-32,pinned_oblique,center,none,none,bg_001.jpg,315.0,3,0.865787148475647,0.0,False,True,True,0.9652474912038694,1.0334531814077847,True,2,0.8334912061691284,0.9160081873269301,1,2,0,0.5,5,
256,images/s1_size_24_32_15.jpg,fixed_core_test,SYNTHETIC_3D,ok,outputs/shuttle_capability/controlled_capability/images/s1_size_24_32_15.jpg,27,27,483,476,469.5,462.5,496.5,489.5,27.0,27.0,27.0,24-32,pinned_oblique,center,none,none,bg_001.jpg,315.0,2,0.7419400215148926,0.8462289776305028,True,True,True,0.9640289116446414,1.673264424416836,True,1,0.7419400215148926,0.8462289776305028,1,1,0,0.5,5,
257,images/s1_size_24_32_16.jpg,fixed_core_test,SYNTHETIC_3D,ok,outputs/shuttle_capability/controlled_capability/images/s1_size_24_32_16.jpg,26,26,482,476,469.0,463.0,495.0,489.0,26.0,26.0,26.0,24-32,pinned_oblique,center,none,none,bg_001.jpg,315.0,1,0.7894976735115051,0.8309150260573867,True,True,False,0.8852761166622124,1.7831186922710063,True,1,0.7894976735115051,0.8309150260573867,1,0,0,0.5,5,
258,images/s1_size_24_32_17.jpg,fixed_core_test,SYNTHETIC_3D,ok,outputs/shuttle_capability/controlled_capability/images/s1_size_24_32_17.jpg,30,30,483,475,468.0,460.0,498.0,490.0,30.0,30.0,30.0,24-32,pinned_oblique,center,none,none,bg_001.jpg,315.0,4,0.8400086164474487,0.0,False,True,True,0.9570220947265625,1.4521967200671373,True,2,0.4118761122226715,0.8287937895487568,1,3,0,0.5,5,
259,images/s1_size_24_32_18.jpg,fixed_core_test,SYNTHETIC_3D,ok,outputs/shuttle_capability/controlled_capability/images/s1_size_24_32_18.jpg,27,27,483,476,469.5,462.5,496.5,489.5,27.0,27.0,27.0,24-32,pinned_oblique,center,none,none,bg_001.jpg,315.0,5,0.8532928228378296,0.0,False,True,True,0.9939236111111112,0.3807160768159091,True,2,0.6817742586135864,0.9315276680928262,1,4,0,0.5,5,
260,images/s1_size_24_32_19.jpg,fixed_core_test,SYNTHETIC_3D,ok,outputs/shuttle_capability/controlled_capability/images/s1_size_24_32_19.jpg,26,26,482,476,469.0,463.0,495.0,489.0,26.0,26.0,26.0,24-32,pinned_oblique,center,none,none,bg_001.jpg,315.0,2,0.8241232633590698,0.6731276762311056,True,True,False,0.6756703550293601,3.1055786906580862,True,1,0.8241232633590698,0.6731276762311056,1,1,0,0.5,5,
261,images/s1_size_24_32_20.jpg,fixed_core_test,SYNTHETIC_3D,ok,outputs/shuttle_capability/controlled_capability/images/s1_size_24_32_20.jpg,30,30,483,475,468.0,460.0,498.0,490.0,30.0,30.0,30.0,24-32,pinned_oblique,center,none,none,bg_001.jpg,315.0,1,0.533405065536499,0.0,False,False,False,0.0,,False,,,0.0,0,1,1,0.5,5,
262,images/s1_size_24_32_21.jpg,fixed_core_test,SYNTHETIC_3D,ok,outputs/shuttle_capability/controlled_capability/images/s1_size_24_32_21.jpg,27,27,483,476,469.5,462.5,496.5,489.5,27.0,27.0,27.0,24-32,pinned_oblique,center,none,none,bg_001.jpg,315.0,3,0.5337080359458923,0.0,False,False,False,0.0,,False,,,0.0,0,3,1,0.5,5,
263,images/s1_size_24_32_22.jpg,fixed_core_test,SYNTHETIC_3D,ok,outputs/shuttle_capability/controlled_capability/images/s1_size_24_32_22.jpg,26,26,482,476,469.0,463.0,495.0,489.0,26.0,26.0,26.0,24-32,pinned_oblique,center,none,none,bg_001.jpg,315.0,2,0.7967788577079773,0.0,False,True,True,0.905407548248327,1.6647074674053663,True,2,0.7954243421554565,0.833826994866789,1,1,0,0.5,5,
264,images/s1_size_24_32_23.jpg,fixed_core_test,SYNTHETIC_3D,ok,outputs/shuttle_capability/controlled_capability/images/s1_size_24_32_23.jpg,30,30,483,475,468.0,460.0,498.0,490.0,30.0,30.0,30.0,24-32,pinned_oblique,center,none,none,bg_001.jpg,315.0,5,0.8762780427932739,0.8468810656223174,True,True,True,0.9606526692708334,1.1592306063233775,True,1,0.8762780427932739,0.8468810656223174,1,4,0,0.5,5,
265,images/s1_size_24_32_24.jpg,fixed_core_test,SYNTHETIC_3D,ok,outputs/shuttle_capability/controlled_capability/images/s1_size_24_32_24.jpg,27,27,483,476,469.5,462.5,496.5,489.5,27.0,27.0,27.0,24-32,pinned_oblique,center,none,none,bg_001.jpg,315.0,5,0.83259516954422,0.9159646940570736,True,True,True,0.9791285953572626,0.861417446781599,True,1,0.83259516954422,0.9159646940570736,1,4,0,0.5,5,
266,images/s1_size_24_32_25.jpg,fixed_core_test,SYNTHETIC_3D,ok,outputs/shuttle_capability/controlled_capability/images/s1_size_24_32_25.jpg,26,26,482,476,469.0,463.0,495.0,489.0,26.0,26.0,26.0,24-32,pinned_oblique,center,none,none,bg_001.jpg,315.0,3,0.8399917483329773,0.0,False,True,False,0.8306441892037643,2.229455930245423,True,2,0.7504355907440186,0.787683294674833,1,2,0,0.5,5,
267,images/s1_size_24_32_26.jpg,fixed_core_test,SYNTHETIC_3D,ok,outputs/shuttle_capability/controlled_capability/images/s1_size_24_32_26.jpg,30,30,483,475,468.0,460.0,498.0,490.0,30.0,30.0,30.0,24-32,pinned_oblique,center,none,none,bg_001.jpg,315.0,2,0.7054756283760071,0.7978337117855748,True,True,False,0.8103814577062924,2.3158603448312087,True,1,0.7054756283760071,0.7978337117855748,1,1,0,0.5,5,
268,images/s1_size_24_32_27.jpg,fixed_core_test,SYNTHETIC_3D,ok,outputs/shuttle_capability/controlled_capability/images/s1_size_24_32_27.jpg,27,27,483,476,469.5,462.5,496.5,489.5,27.0,27.0,27.0,24-32,pinned_oblique,center,none,none,bg_001.jpg,315.0,2,0.7466031312942505,0.8998845202630822,True,True,True,0.9686075846354166,0.3419514946662293,True,1,0.7466031312942505,0.8998845202630822,1,1,0,0.5,5,
269,images/s1_size_24_32_28.jpg,fixed_core_test,SYNTHETIC_3D,ok,outputs/shuttle_capability/controlled_capability/images/s1_size_24_32_28.jpg,26,26,482,476,469.0,463.0,495.0,489.0,26.0,26.0,26.0,24-32,pinned_oblique,center,none,none,bg_001.jpg,315.0,3,0.864956259727478,0.0,False,True,False,0.8809998179097059,2.0746205665493553,True,2,0.8580535054206848,0.8146530177239117,1,2,0,0.5,5,
270,images/s1_size_24_32_29.jpg,fixed_core_test,SYNTHETIC_3D,ok,outputs/shuttle_capability/controlled_capability/images/s1_size_24_32_29.jpg,30,30,483,475,468.0,460.0,498.0,490.0,30.0,30.0,30.0,24-32,pinned_oblique,center,none,none,bg_001.jpg,315.0,2,0.8048086166381836,0.8414837682667857,True,True,True,1.0,1.0468976474071938,True,1,0.8048086166381836,0.8414837682667857,1,1,0,0.5,5,
271,images/s1_size_24_32_30.jpg,fixed_core_test,SYNTHETIC_3D,ok,outputs/shuttle_capability/controlled_capability/images/s1_size_24_32_30.jpg,27,27,483,476,469.5,462.5,496.5,489.5,27.0,27.0,27.0,24-32,pinned_oblique,center,none,none,bg_001.jpg,315.0,4,0.849141001701355,0.8706622130962132,True,True,True,0.9546271430121528,1.5190310512996115,True,1,0.849141001701355,0.8706622130962132,1,3,0,0.5,5,
272,images/s1_size_24_32_31.jpg,fixed_core_test,SYNTHETIC_3D,ok,outputs/shuttle_capability/controlled_capability/images/s1_size_24_32_31.jpg,26,26,482,476,469.0,463.0,495.0,489.0,26.0,26.0,26.0,24-32,pinned_oblique,center,none,none,bg_001.jpg,315.0,3,0.8545358777046204,0.0,False,True,False,0.8920550670725509,1.7792377300487303,True,2,0.8399337530136108,0.8273588055831376,1,2,0,0.5,5,
273,images/s1_size_24_32_32.jpg,fixed_core_test,SYNTHETIC_3D,ok,outputs/shuttle_capability/controlled_capability/images/s1_size_24_32_32.jpg,30,30,483,475,468.0,460.0,498.0,490.0,30.0,30.0,30.0,24-32,pinned_oblique,center,none,none,bg_001.jpg,315.0,2,0.8582928776741028,0.8491506454346138,True,True,True,0.9795257568359375,1.644133144156815,True,1,0.8582928776741028,0.8491506454346138,1,1,0,0.5,5,
274,images/s1_size_24_32_33.jpg,fixed_core_test,SYNTHETIC_3D,ok,outputs/shuttle_capability/controlled_capability/images/s1_size_24_32_33.jpg,27,27,483,476,469.5,462.5,496.5,489.5,27.0,27.0,27.0,24-32,pinned_oblique,center,none,none,bg_001.jpg,315.0,2,0.8451732993125916,0.8711156446552542,True,True,True,0.9189821652792118,1.3617982162185358,True,1,0.8451732993125916,0.8711156446552542,1,1,0,0.5,5,
275,images/s1_size_24_32_34.jpg,fixed_core_test,SYNTHETIC_3D,ok,outputs/shuttle_capability/controlled_capability/images/s1_size_24_32_34.jpg,26,26,482,476,469.0,463.0,495.0,489.0,26.0,26.0,26.0,24-32,pinned_oblique,center,none,none,bg_001.jpg,315.0,3,0.7535994648933411,0.0,False,True,True,1.0,1.7067265762422765,True,2,0.40365007519721985,0.8432515962839543,1,2,0,0.5,5,
276,images/s1_size_24_32_35.jpg,fixed_core_test,SYNTHETIC_3D,ok,outputs/shuttle_capability/controlled_capability/images/s1_size_24_32_35.jpg,30,30,483,475,468.0,460.0,498.0,490.0,30.0,30.0,30.0,24-32,pinned_oblique,center,none,none,bg_001.jpg,315.0,2,0.7827672362327576,0.8731819039054655,True,True,True,1.0,0.11479525324693732,True,1,0.7827672362327576,0.8731819039054655,1,1,0,0.5,5,
277,images/s1_size_24_32_36.jpg,fixed_core_test,SYNTHETIC_3D,ok,outputs/shuttle_capability/controlled_capability/images/s1_size_24_32_36.jpg,27,27,483,476,469.5,462.5,496.5,489.5,27.0,27.0,27.0,24-32,pinned_oblique,center,none,none,bg_001.jpg,315.0,2,0.8567380309104919,0.8220490818702076,True,True,True,0.9819109881365741,2.1355781363530904,True,1,0.8567380309104919,0.8220490818702076,1,1,0,0.5,5,
278,images/s1_size_24_32_37.jpg,fixed_core_test,SYNTHETIC_3D,ok,outputs/shuttle_capability/controlled_capability/images/s1_size_24_32_37.jpg,26,26,482,476,469.0,463.0,495.0,489.0,26.0,26.0,26.0,24-32,pinned_oblique,center,none,none,bg_001.jpg,315.0,2,0.7438358664512634,0.0,False,False,False,0.0,,False,,,0.0,0,2,1,0.5,5,
279,images/s1_size_24_32_38.jpg,fixed_core_test,SYNTHETIC_3D,ok,outputs/shuttle_capability/controlled_capability/images/s1_size_24_32_38.jpg,30,30,483,475,468.0,460.0,498.0,490.0,30.0,30.0,30.0,24-32,pinned_oblique,center,none,none,bg_001.jpg,315.0,4,0.8348841667175293,0.8452944367856067,True,True,True,0.9780619303385417,1.7532417598685002,True,1,0.8348841667175293,0.8452944367856067,1,3,0,0.5,5,
280,images/s1_size_24_32_39.jpg,fixed_core_test,SYNTHETIC_3D,ok,outputs/shuttle_capability/controlled_capability/images/s1_size_24_32_39.jpg,27,27,483,476,469.5,462.5,496.5,489.5,27.0,27.0,27.0,24-32,pinned_oblique,center,none,none,bg_001.jpg,315.0,1,0.8404296040534973,0.8475183683938893,True,True,True,0.9112842701099537,1.298199680849736,True,1,0.8404296040534973,0.8475183683938893,1,0,0,0.5,5,
281,images/s1_size_gt32_0.jpg,fixed_core_test,SYNTHETIC_3D,ok,outputs/shuttle_capability/controlled_capability/images/s1_size_gt32_0.jpg,40,40,484,474,464.0,454.0,504.0,494.0,40.0,40.0,40.0,>32,pinned_oblique,center,none,none,bg_001.jpg,315.0,3,0.8572355508804321,0.9496589811426831,True,True,True,0.9605025974684395,0.7473930615391434,True,1,0.8572355508804321,0.9496589811426831,1,2,0,0.5,5,
282,images/s1_size_gt32_1.jpg,fixed_core_test,SYNTHETIC_3D,ok,outputs/shuttle_capability/controlled_capability/images/s1_size_gt32_1.jpg,35,35,484,475,466.5,457.5,501.5,492.5,35.0,35.0,35.0,>32,pinned_oblique,center,none,none,bg_001.jpg,315.0,2,0.8836537599563599,0.8757688445905109,True,True,True,0.9824305943080357,1.1768306112129328,True,1,0.8836537599563599,0.8757688445905109,1,1,0,0.5,5,
283,images/s1_size_gt32_2.jpg,fixed_core_test,SYNTHETIC_3D,ok,outputs/shuttle_capability/controlled_capability/images/s1_size_gt32_2.jpg,44,44,485,473,463.0,451.0,507.0,495.0,44.0,44.0,44.0,>32,pinned_oblique,center,none,none,bg_001.jpg,315.0,1,0.9217220544815063,0.9177623654923163,True,True,True,0.9474678465630859,1.525956858970725,True,1,0.9217220544815063,0.9177623654923163,1,0,0,0.5,5,
284,images/s1_size_gt32_3.jpg,fixed_core_test,SYNTHETIC_3D,ok,outputs/shuttle_capability/controlled_capability/images/s1_size_gt32_3.jpg,40,40,484,474,464.0,454.0,504.0,494.0,40.0,40.0,40.0,>32,pinned_oblique,center,none,none,bg_001.jpg,315.0,4,0.8788434267044067,0.0,False,True,False,0.8744113443838433,0.6425383825099663,True,2,0.8660632371902466,0.8744113443838433,1,3,0,0.5,5,
285,images/s1_size_gt32_4.jpg,fixed_core_test,SYNTHETIC_3D,ok,outputs/shuttle_capability/controlled_capability/images/s1_size_gt32_4.jpg,35,35,484,475,466.5,457.5,501.5,492.5,35.0,35.0,35.0,>32,pinned_oblique,center,none,none,bg_001.jpg,315.0,5,0.7285152077674866,0.9425653747066268,True,True,True,1.0,0.7791782566133341,True,1,0.7285152077674866,0.9425653747066268,1,4,0,0.5,5,
286,images/s1_size_gt32_5.jpg,fixed_core_test,SYNTHETIC_3D,ok,outputs/shuttle_capability/controlled_capability/images/s1_size_gt32_5.jpg,44,44,485,473,463.0,451.0,507.0,495.0,44.0,44.0,44.0,>32,pinned_oblique,center,none,none,bg_001.jpg,315.0,2,0.7924857139587402,0.0,False,True,False,0.8370043242673489,5.840235763329193,True,2,0.5530428290367126,0.7390609026378748,1,1,0,0.5,5,
287,images/s1_size_gt32_6.jpg,fixed_core_test,SYNTHETIC_3D,ok,outputs/shuttle_capability/controlled_capability/images/s1_size_gt32_6.jpg,40,40,484,474,464.0,454.0,504.0,494.0,40.0,40.0,40.0,>32,pinned_oblique,center,none,none,bg_001.jpg,315.0,1,0.8248977661132812,0.0,False,False,False,0.0,,False,,,0.0,0,1,1,0.5,5,
288,images/s1_size_gt32_7.jpg,fixed_core_test,SYNTHETIC_3D,ok,outputs/shuttle_capability/controlled_capability/images/s1_size_gt32_7.jpg,35,35,484,475,466.5,457.5,501.5,492.5,35.0,35.0,35.0,>32,pinned_oblique,center,none,none,bg_001.jpg,315.0,4,0.7234587073326111,0.7419929654902708,True,True,False,0.7425870661832848,3.010358021243562,True,1,0.7234587073326111,0.7419929654902708,1,3,0,0.5,5,
289,images/s1_size_gt32_8.jpg,fixed_core_test,SYNTHETIC_3D,ok,outputs/shuttle_capability/controlled_capability/images/s1_size_gt32_8.jpg,44,44,485,473,463.0,451.0,507.0,495.0,44.0,44.0,44.0,>32,pinned_oblique,center,none,none,bg_001.jpg,315.0,4,0.906310498714447,0.9366470173276418,True,True,True,0.9582808654517713,1.0229285660299932,True,1,0.906310498714447,0.9366470173276418,1,3,0,0.5,5,
290,images/s1_size_gt32_9.jpg,fixed_core_test,SYNTHETIC_3D,ok,outputs/shuttle_capability/controlled_capability/images/s1_size_gt32_9.jpg,40,40,484,474,464.0,454.0,504.0,494.0,40.0,40.0,40.0,>32,pinned_oblique,center,none,none,bg_001.jpg,315.0,2,0.8677868247032166,0.8755811707517751,True,True,True,0.9792160034179688,1.9091523973412106,True,1,0.8677868247032166,0.8755811707517751,1,1,0,0.5,5,
291,images/s1_size_gt32_10.jpg,fixed_core_test,SYNTHETIC_3D,ok,outputs/shuttle_capability/controlled_capability/images/s1_size_gt32_10.jpg,35,35,484,475,466.5,457.5,501.5,492.5,35.0,35.0,35.0,>32,pinned_oblique,center,none,none,bg_001.jpg,315.0,3,0.8939658403396606,0.8744953023949109,True,True,True,1.0,1.0080162242567252,True,1,0.8939658403396606,0.8744953023949109,1,2,0,0.5,5,
292,images/s1_size_gt32_11.jpg,fixed_core_test,SYNTHETIC_3D,ok,outputs/shuttle_capability/controlled_capability/images/s1_size_gt32_11.jpg,44,44,485,473,463.0,451.0,507.0,495.0,44.0,44.0,44.0,>32,pinned_oblique,center,none,none,bg_001.jpg,315.0,3,0.8925182819366455,0.8491810134670711,True,True,True,0.9373300638115264,3.1348172039470836,True,1,0.8925182819366455,0.8491810134670711,1,2,0,0.5,5,
293,images/s1_size_gt32_12.jpg,fixed_core_test,SYNTHETIC_3D,ok,outputs/shuttle_capability/controlled_capability/images/s1_size_gt32_12.jpg,40,40,484,474,464.0,454.0,504.0,494.0,40.0,40.0,40.0,>32,pinned_oblique,center,none,none,bg_001.jpg,315.0,4,0.571969747543335,0.6832357081957161,True,True,False,0.8968335592764197,2.2522317608204943,True,2,0.17161376774311066,0.8249131510712393,1,3,0,0.5,5,
294,images/s1_size_gt32_13.jpg,fixed_core_test,SYNTHETIC_3D,ok,outputs/shuttle_capability/controlled_capability/images/s1_size_gt32_13.jpg,35,35,484,475,466.5,457.5,501.5,492.5,35.0,35.0,35.0,>32,pinned_oblique,center,none,none,bg_001.jpg,315.0,2,0.8783189058303833,0.9333127724137896,True,True,True,0.9968976702008928,0.21587563146649033,True,1,0.8783189058303833,0.9333127724137896,1,1,0,0.5,5,
295,images/s1_size_gt32_14.jpg,fixed_core_test,SYNTHETIC_3D,ok,outputs/shuttle_capability/controlled_capability/images/s1_size_gt32_14.jpg,44,44,485,473,463.0,451.0,507.0,495.0,44.0,44.0,44.0,>32,pinned_oblique,center,none,none,bg_001.jpg,315.0,5,0.9084701538085938,0.9055462196690335,True,True,True,1.0,1.2808249545584027,True,1,0.9084701538085938,0.9055462196690335,1,4,0,0.5,5,
296,images/s1_size_gt32_15.jpg,fixed_core_test,SYNTHETIC_3D,ok,outputs/shuttle_capability/controlled_capability/images/s1_size_gt32_15.jpg,40,40,484,474,464.0,454.0,504.0,494.0,40.0,40.0,40.0,>32,pinned_oblique,center,none,none,bg_001.jpg,315.0,2,0.8490998148918152,0.939067689447279,True,True,True,0.943097251933068,0.481347378757588,True,1,0.8490998148918152,0.939067689447279,1,1,0,0.5,5,
297,images/s1_size_gt32_16.jpg,fixed_core_test,SYNTHETIC_3D,ok,outputs/shuttle_capability/controlled_capability/images/s1_size_gt32_16.jpg,35,35,484,475,466.5,457.5,501.5,492.5,35.0,35.0,35.0,>32,pinned_oblique,center,none,none,bg_001.jpg,315.0,1,0.8185886740684509,0.9390347287561046,True,True,True,1.0,0.7123395932689832,True,1,0.8185886740684509,0.9390347287561046,1,0,0,0.5,5,
298,images/s1_size_gt32_17.jpg,fixed_core_test,SYNTHETIC_3D,ok,outputs/shuttle_capability/controlled_capability/images/s1_size_gt32_17.jpg,44,44,485,473,463.0,451.0,507.0,495.0,44.0,44.0,44.0,>32,pinned_oblique,center,none,none,bg_001.jpg,315.0,3,0.9284422993659973,0.9377121725803161,True,True,True,0.9891523881392046,0.9385986591070704,True,1,0.9284422993659973,0.9377121725803161,1,2,0,0.5,5,
299,images/s1_size_gt32_18.jpg,fixed_core_test,SYNTHETIC_3D,ok,outputs/shuttle_capability/controlled_capability/images/s1_size_gt32_18.jpg,40,40,484,474,464.0,454.0,504.0,494.0,40.0,40.0,40.0,>32,pinned_oblique,center,none,none,bg_001.jpg,315.0,5,0.8525838851928711,0.876414002723998,True,True,True,0.9737594604492188,1.8364964511888264,True,1,0.8525838851928711,0.876414002723998,1,4,0,0.5,5,
300,images/s1_size_gt32_19.jpg,fixed_core_test,SYNTHETIC_3D,ok,outputs/shuttle_capability/controlled_capability/images/s1_size_gt32_19.jpg,35,35,484,475,466.5,457.5,501.5,492.5,35.0,35.0,35.0,>32,pinned_oblique,center,none,none,bg_001.jpg,315.0,2,0.8907092809677124,0.9113358207516092,True,True,True,1.0,0.5806895815967297,True,1,0.8907092809677124,0.9113358207516092,1,1,0,0.5,5,
301,images/s1_size_gt32_20.jpg,fixed_core_test,SYNTHETIC_3D,ok,outputs/shuttle_capability/controlled_capability/images/s1_size_gt32_20.jpg,44,44,485,473,463.0,451.0,507.0,495.0,44.0,44.0,44.0,>32,pinned_oblique,center,none,none,bg_001.jpg,315.0,3,0.8588371872901917,0.8927120496239171,True,True,True,0.9290775610499608,1.6182585909789449,True,1,0.8588371872901917,0.8927120496239171,1,2,0,0.5,5,
302,images/s1_size_gt32_21.jpg,fixed_core_test,SYNTHETIC_3D,ok,outputs/shuttle_capability/controlled_capability/images/s1_size_gt32_21.jpg,40,40,484,474,464.0,454.0,504.0,494.0,40.0,40.0,40.0,>32,pinned_oblique,center,none,none,bg_001.jpg,315.0,3,0.44780293107032776,0.0,False,False,False,0.0,,False,,,0.0,0,3,1,0.5,5,
303,images/s1_size_gt32_22.jpg,fixed_core_test,SYNTHETIC_3D,ok,outputs/shuttle_capability/controlled_capability/images/s1_size_gt32_22.jpg,35,35,484,475,466.5,457.5,501.5,492.5,35.0,35.0,35.0,>32,pinned_oblique,center,none,none,bg_001.jpg,315.0,2,0.8330659866333008,0.8590894041470231,True,True,True,0.9918125697544643,0.9973335091534103,True,1,0.8330659866333008,0.8590894041470231,1,1,0,0.5,5,
304,images/s1_size_gt32_23.jpg,fixed_core_test,SYNTHETIC_3D,ok,outputs/shuttle_capability/controlled_capability/images/s1_size_gt32_23.jpg,44,44,485,473,463.0,451.0,507.0,495.0,44.0,44.0,44.0,>32,pinned_oblique,center,none,none,bg_001.jpg,315.0,2,0.9221475124359131,0.8898086556726367,True,True,True,0.9780536998401989,1.8632291193233324,True,1,0.9221475124359131,0.8898086556726367,1,1,0,0.5,5,
305,images/s1_size_gt32_24.jpg,fixed_core_test,SYNTHETIC_3D,ok,outputs/shuttle_capability/controlled_capability/images/s1_size_gt32_24.jpg,40,40,484,474,464.0,454.0,504.0,494.0,40.0,40.0,40.0,>32,pinned_oblique,center,none,none,bg_001.jpg,315.0,4,0.8899640440940857,0.9427453567987714,True,True,True,0.94921317827655,0.8382267888945885,True,1,0.8899640440940857,0.9427453567987714,1,3,0,0.5,5,
306,images/s1_size_gt32_25.jpg,fixed_core_test,SYNTHETIC_3D,ok,outputs/shuttle_capability/controlled_capability/images/s1_size_gt32_25.jpg,35,35,484,475,466.5,457.5,501.5,492.5,35.0,35.0,35.0,>32,pinned_oblique,center,none,none,bg_001.jpg,315.0,3,0.8838295340538025,0.8762901233934693,True,True,True,0.9920183454241072,0.5335245039429797,True,1,0.8838295340538025,0.8762901233934693,1,2,0,0.5,5,
307,images/s1_size_gt32_26.jpg,fixed_core_test,SYNTHETIC_3D,ok,outputs/shuttle_capability/controlled_capability/images/s1_size_gt32_26.jpg,44,44,485,473,463.0,451.0,507.0,495.0,44.0,44.0,44.0,>32,pinned_oblique,center,none,none,bg_001.jpg,315.0,2,0.8219695687294006,0.8999317723888257,True,True,False,0.8999317723888257,0.8004768409390837,True,1,0.8219695687294006,0.8999317723888257,1,1,0,0.5,5,
308,images/s1_size_gt32_27.jpg,fixed_core_test,SYNTHETIC_3D,ok,outputs/shuttle_capability/controlled_capability/images/s1_size_gt32_27.jpg,40,40,484,474,464.0,454.0,504.0,494.0,40.0,40.0,40.0,>32,pinned_oblique,center,none,none,bg_001.jpg,315.0,3,0.7353659868240356,0.9686216408994126,True,True,True,0.9999358731380198,0.5386287881176747,True,1,0.7353659868240356,0.9686216408994126,1,2,0,0.5,5,
309,images/s1_size_gt32_28.jpg,fixed_core_test,SYNTHETIC_3D,ok,outputs/shuttle_capability/controlled_capability/images/s1_size_gt32_28.jpg,35,35,484,475,466.5,457.5,501.5,492.5,35.0,35.0,35.0,>32,pinned_oblique,center,none,none,bg_001.jpg,315.0,3,0.8710420727729797,0.0,False,True,True,0.9925973074776786,0.39925512985113504,True,2,0.8708735704421997,0.9551472820484241,1,2,0,0.5,5,
310,images/s1_size_gt32_29.jpg,fixed_core_test,SYNTHETIC_3D,ok,outputs/shuttle_capability/controlled_capability/images/s1_size_gt32_29.jpg,44,44,485,473,463.0,451.0,507.0,495.0,44.0,44.0,44.0,>32,pinned_oblique,center,none,none,bg_001.jpg,315.0,1,0.9104545712471008,0.9092448690625631,True,True,True,0.9680464338503532,1.8125758509755046,True,1,0.9104545712471008,0.9092448690625631,1,0,0,0.5,5,
311,images/s1_size_gt32_30.jpg,fixed_core_test,SYNTHETIC_3D,ok,outputs/shuttle_capability/controlled_capability/images/s1_size_gt32_30.jpg,40,40,484,474,464.0,454.0,504.0,494.0,40.0,40.0,40.0,>32,pinned_oblique,center,none,none,bg_001.jpg,315.0,3,0.8811334371566772,0.9419183101928387,True,True,True,0.9706008911132813,0.41350524444278497,True,1,0.8811334371566772,0.9419183101928387,1,2,0,0.5,5,
312,images/s1_size_gt32_31.jpg,fixed_core_test,SYNTHETIC_3D,ok,outputs/shuttle_capability/controlled_capability/images/s1_size_gt32_31.jpg,35,35,484,475,466.5,457.5,501.5,492.5,35.0,35.0,35.0,>32,pinned_oblique,center,none,none,bg_001.jpg,315.0,2,0.8794752955436707,0.8823616851969619,True,True,True,0.953857421875,1.4447662436800293,True,1,0.8794752955436707,0.8823616851969619,1,1,0,0.5,5,
313,images/s1_size_gt32_32.jpg,fixed_core_test,SYNTHETIC_3D,ok,outputs/shuttle_capability/controlled_capability/images/s1_size_gt32_32.jpg,44,44,485,473,463.0,451.0,507.0,495.0,44.0,44.0,44.0,>32,pinned_oblique,center,none,none,bg_001.jpg,315.0,2,0.903937041759491,0.9098981124088695,True,True,True,0.9629128196022727,1.9477216768598684,True,1,0.903937041759491,0.9098981124088695,1,1,0,0.5,5,
314,images/s1_size_gt32_33.jpg,fixed_core_test,SYNTHETIC_3D,ok,outputs/shuttle_capability/controlled_capability/images/s1_size_gt32_33.jpg,40,40,484,474,464.0,454.0,504.0,494.0,40.0,40.0,40.0,>32,pinned_oblique,center,none,none,bg_001.jpg,315.0,2,0.8568820357322693,0.8862089496105909,True,True,False,0.8862089496105909,0.23698564165128594,True,1,0.8568820357322693,0.8862089496105909,1,1,0,0.5,5,
315,images/s1_size_gt32_34.jpg,fixed_core_test,SYNTHETIC_3D,ok,outputs/shuttle_capability/controlled_capability/images/s1_size_gt32_34.jpg,35,35,484,475,466.5,457.5,501.5,492.5,35.0,35.0,35.0,>32,pinned_oblique,center,none,none,bg_001.jpg,315.0,3,0.8213118314743042,0.15563672767348996,False,True,True,1.0,0.8359323851259561,True,3,0.5742881298065186,0.9182502285877818,1,2,0,0.5,5,
316,images/s1_size_gt32_35.jpg,fixed_core_test,SYNTHETIC_3D,ok,outputs/shuttle_capability/controlled_capability/images/s1_size_gt32_35.jpg,44,44,485,473,463.0,451.0,507.0,495.0,44.0,44.0,44.0,>32,pinned_oblique,center,none,none,bg_001.jpg,315.0,2,0.8921372890472412,0.8974927570807592,True,True,True,0.9466526841553321,2.1615724030330297,True,1,0.8921372890472412,0.8974927570807592,1,1,0,0.5,5,
317,images/s1_size_gt32_36.jpg,fixed_core_test,SYNTHETIC_3D,ok,outputs/shuttle_capability/controlled_capability/images/s1_size_gt32_36.jpg,40,40,484,474,464.0,454.0,504.0,494.0,40.0,40.0,40.0,>32,pinned_oblique,center,none,none,bg_001.jpg,315.0,1,0.8709000945091248,0.8657074757853807,True,True,True,0.9582118682796136,2.1029883036323347,True,1,0.8709000945091248,0.8657074757853807,1,0,0,0.5,5,
318,images/s1_size_gt32_37.jpg,fixed_core_test,SYNTHETIC_3D,ok,outputs/shuttle_capability/controlled_capability/images/s1_size_gt32_37.jpg,35,35,484,475,466.5,457.5,501.5,492.5,35.0,35.0,35.0,>32,pinned_oblique,center,none,none,bg_001.jpg,315.0,2,0.7741454839706421,0.0,False,False,False,0.0,,False,,,0.0,0,2,1,0.5,5,
319,images/s1_size_gt32_38.jpg,fixed_core_test,SYNTHETIC_3D,ok,outputs/shuttle_capability/controlled_capability/images/s1_size_gt32_38.jpg,44,44,485,473,463.0,451.0,507.0,495.0,44.0,44.0,44.0,>32,pinned_oblique,center,none,none,bg_001.jpg,315.0,7,0.9309878349304199,0.8913519076518415,True,True,True,0.9661646359176799,1.9787697441160113,True,1,0.9309878349304199,0.8913519076518415,1,6,0,0.5,5,
320,images/s1_size_gt32_39.jpg,fixed_core_test,SYNTHETIC_3D,ok,outputs/shuttle_capability/controlled_capability/images/s1_size_gt32_39.jpg,40,40,484,474,464.0,454.0,504.0,494.0,40.0,40.0,40.0,>32,pinned_oblique,center,none,none,bg_001.jpg,315.0,2,0.5338614583015442,0.8927375027735251,True,True,False,0.8927375027735251,0.5968363459866141,True,1,0.5338614583015442,0.8927375027735251,1,1,0,0.5,5,
321,images/s2_pose_cork_end_on_0.jpg,fixed_core_test,SYNTHETIC_3D,ok,outputs/shuttle_capability/controlled_capability/images/s2_pose_cork_end_on_0.jpg,18,18,479,479,470.0,470.0,488.0,488.0,18.0,18.0,18.0,16-24,cork_end_on,center,none,none,bg_001.jpg,315.0,2,0.8227256536483765,0.0,False,False,False,0.0,,False,,,0.0,0,2,1,0.5,5,
322,images/s2_pose_cork_end_on_1.jpg,fixed_core_test,SYNTHETIC_3D,ok,outputs/shuttle_capability/controlled_capability/images/s2_pose_cork_end_on_1.jpg,18,18,481,479,472.0,470.0,490.0,488.0,18.0,18.0,18.0,16-24,cork_end_on,center,none,none,bg_001.jpg,315.0,2,0.8498603701591492,0.0,False,True,False,0.5188408909986416,1.551785613447743,True,2,0.1163543164730072,0.5188408909986416,1,1,0,0.5,5,
323,images/s2_pose_cork_end_on_2.jpg,fixed_core_test,SYNTHETIC_3D,ok,outputs/shuttle_capability/controlled_capability/images/s2_pose_cork_end_on_2.jpg,18,18,477,479,468.0,470.0,486.0,488.0,18.0,18.0,18.0,16-24,cork_end_on,center,none,none,bg_001.jpg,315.0,2,0.10926643759012222,0.0,False,False,False,0.0,,False,,,0.0,0,2,1,0.5,5,
324,images/s2_pose_cork_end_on_3.jpg,fixed_core_test,SYNTHETIC_3D,ok,outputs/shuttle_capability/controlled_capability/images/s2_pose_cork_end_on_3.jpg,18,18,479,477,470.0,468.0,488.0,486.0,18.0,18.0,18.0,16-24,cork_end_on,center,none,none,bg_001.jpg,315.0,2,0.6533187627792358,0.7651029563980338,True,True,False,0.7651029563980338,0.9490633418370239,True,1,0.6533187627792358,0.7651029563980338,1,1,0,0.5,5,
325,images/s2_pose_cork_end_on_4.jpg,fixed_core_test,SYNTHETIC_3D,ok,outputs/shuttle_capability/controlled_capability/images/s2_pose_cork_end_on_4.jpg,18,18,479,481,470.0,472.0,488.0,490.0,18.0,18.0,18.0,16-24,cork_end_on,center,none,none,bg_001.jpg,315.0,2,0.727728009223938,0.614757859458526,True,True,False,0.614757859458526,2.155013860844082,True,1,0.727728009223938,0.614757859458526,1,1,0,0.5,5,
326,images/s2_pose_cork_end_on_5.jpg,fixed_core_test,SYNTHETIC_3D,ok,outputs/shuttle_capability/controlled_capability/images/s2_pose_cork_end_on_5.jpg,19,19,481,478,471.5,468.5,490.5,487.5,19.0,19.0,19.0,16-24,cork_end_on,center,none,none,bg_001.jpg,315.0,5,0.5119724273681641,0.6670715391037372,True,True,False,0.6670715391037372,1.8702029041735608,True,1,0.5119724273681641,0.6670715391037372,1,4,0,0.5,5,
327,images/s2_pose_cork_end_on_6.jpg,fixed_core_test,SYNTHETIC_3D,ok,outputs/shuttle_capability/controlled_capability/images/s2_pose_cork_end_on_6.jpg,19,19,478,481,468.5,471.5,487.5,490.5,19.0,19.0,19.0,16-24,cork_end_on,center,none,none,bg_001.jpg,315.0,2,0.7422628402709961,0.0,False,False,False,0.0,,False,,,0.0,0,2,1,0.5,5,
328,images/s2_pose_cork_end_on_7.jpg,fixed_core_test,SYNTHETIC_3D,ok,outputs/shuttle_capability/controlled_capability/images/s2_pose_cork_end_on_7.jpg,18,18,480,480,471.0,471.0,489.0,489.0,18.0,18.0,18.0,16-24,cork_end_on,center,none,none,bg_001.jpg,315.0,2,0.818748414516449,0.0,False,True,False,0.7861907249316573,1.1166882583220392,True,2,0.05115128681063652,0.7587562058792827,1,1,0,0.5,5,
329,images/s2_pose_cork_end_on_8.jpg,fixed_core_test,SYNTHETIC_3D,ok,outputs/shuttle_capability/controlled_capability/images/s2_pose_cork_end_on_8.jpg,18,18,479,479,470.0,470.0,488.0,488.0,18.0,18.0,18.0,16-24,cork_end_on,center,none,none,bg_001.jpg,315.0,3,0.7902058959007263,0.0,False,False,False,0.0,,False,,,0.0,0,3,1,0.5,5,
330,images/s2_pose_cork_end_on_9.jpg,fixed_core_test,SYNTHETIC_3D,ok,outputs/shuttle_capability/controlled_capability/images/s2_pose_cork_end_on_9.jpg,18,18,481,479,472.0,470.0,490.0,488.0,18.0,18.0,18.0,16-24,cork_end_on,center,none,none,bg_001.jpg,315.0,2,0.21288257837295532,0.0,False,False,False,0.0,,False,,,0.0,0,2,1,0.5,5,
331,images/s2_pose_cork_end_on_10.jpg,fixed_core_test,SYNTHETIC_3D,ok,outputs/shuttle_capability/controlled_capability/images/s2_pose_cork_end_on_10.jpg,18,18,477,479,468.0,470.0,486.0,488.0,18.0,18.0,18.0,16-24,cork_end_on,center,none,none,bg_001.jpg,315.0,1,0.8115088939666748,0.0,False,False,False,0.0,,False,,,0.0,0,1,1,0.5,5,
332,images/s2_pose_cork_end_on_11.jpg,fixed_core_test,SYNTHETIC_3D,ok,outputs/shuttle_capability/controlled_capability/images/s2_pose_cork_end_on_11.jpg,18,18,479,477,470.0,468.0,488.0,486.0,18.0,18.0,18.0,16-24,cork_end_on,center,none,none,bg_001.jpg,315.0,4,0.4878055155277252,0.7891996602133277,True,True,False,0.8337398334923718,1.5694787355721538,True,1,0.4878055155277252,0.7891996602133277,1,3,0,0.5,5,
333,images/s2_pose_cork_end_on_12.jpg,fixed_core_test,SYNTHETIC_3D,ok,outputs/shuttle_capability/controlled_capability/images/s2_pose_cork_end_on_12.jpg,18,18,479,481,470.0,472.0,488.0,490.0,18.0,18.0,18.0,16-24,cork_end_on,center,none,none,bg_001.jpg,315.0,3,0.4408152401447296,0.6320730044540984,True,True,False,0.6320730044540984,2.08051887843778,True,1,0.4408152401447296,0.6320730044540984,1,2,0,0.5,5,
334,images/s2_pose_cork_end_on_13.jpg,fixed_core_test,SYNTHETIC_3D,ok,outputs/shuttle_capability/controlled_capability/images/s2_pose_cork_end_on_13.jpg,19,19,481,478,471.5,468.5,490.5,487.5,19.0,19.0,19.0,16-24,cork_end_on,center,none,none,bg_001.jpg,315.0,2,0.2873809337615967,0.8720761056823435,True,True,True,0.9640381882106498,1.192397543592005,True,1,0.2873809337615967,0.8720761056823435,1,1,0,0.5,5,
335,images/s2_pose_cork_end_on_14.jpg,fixed_core_test,SYNTHETIC_3D,ok,outputs/shuttle_capability/controlled_capability/images/s2_pose_cork_end_on_14.jpg,19,19,478,481,468.5,471.5,487.5,490.5,19.0,19.0,19.0,16-24,cork_end_on,center,none,none,bg_001.jpg,315.0,3,0.6667775511741638,0.0,False,True,False,0.7902440968642935,1.5469233744335151,True,2,0.43589988350868225,0.7764727080690446,1,2,0,0.5,5,
336,images/s2_pose_cork_end_on_15.jpg,fixed_core_test,SYNTHETIC_3D,ok,outputs/shuttle_capability/controlled_capability/images/s2_pose_cork_end_on_15.jpg,18,18,480,480,471.0,471.0,489.0,489.0,18.0,18.0,18.0,16-24,cork_end_on,center,none,none,bg_001.jpg,315.0,2,0.8666265606880188,0.0,False,False,False,0.0,,False,,,0.0,0,2,1,0.5,5,
337,images/s2_pose_cork_end_on_16.jpg,fixed_core_test,SYNTHETIC_3D,ok,outputs/shuttle_capability/controlled_capability/images/s2_pose_cork_end_on_16.jpg,18,18,479,479,470.0,470.0,488.0,488.0,18.0,18.0,18.0,16-24,cork_end_on,center,none,none,bg_001.jpg,315.0,1,0.07371234893798828,0.0,False,False,False,0.0,,False,,,0.0,0,1,1,0.5,5,
338,images/s2_pose_cork_end_on_17.jpg,fixed_core_test,SYNTHETIC_3D,ok,outputs/shuttle_capability/controlled_capability/images/s2_pose_cork_end_on_17.jpg,18,18,481,479,472.0,470.0,490.0,488.0,18.0,18.0,18.0,16-24,cork_end_on,center,none,none,bg_001.jpg,315.0,3,0.09124378114938736,0.0,False,False,False,0.0,,False,,,0.0,0,3,1,0.5,5,
339,images/s2_pose_cork_end_on_18.jpg,fixed_core_test,SYNTHETIC_3D,ok,outputs/shuttle_capability/controlled_capability/images/s2_pose_cork_end_on_18.jpg,18,18,477,479,468.0,470.0,486.0,488.0,18.0,18.0,18.0,16-24,cork_end_on,center,none,none,bg_001.jpg,315.0,2,0.8564651608467102,0.0,False,False,False,0.0,,False,,,0.0,0,2,1,0.5,5,
340,images/s2_pose_cork_end_on_19.jpg,fixed_core_test,SYNTHETIC_3D,ok,outputs/shuttle_capability/controlled_capability/images/s2_pose_cork_end_on_19.jpg,18,18,479,477,470.0,468.0,488.0,486.0,18.0,18.0,18.0,16-24,cork_end_on,center,none,none,bg_001.jpg,315.0,2,0.7085362672805786,0.0,False,False,False,0.0,,False,,,0.0,0,2,1,0.5,5,
341,images/s2_pose_cork_end_on_20.jpg,fixed_core_test,SYNTHETIC_3D,ok,outputs/shuttle_capability/controlled_capability/images/s2_pose_cork_end_on_20.jpg,18,18,479,481,470.0,472.0,488.0,490.0,18.0,18.0,18.0,16-24,cork_end_on,center,none,none,bg_001.jpg,315.0,3,0.3116406202316284,0.8843111526764221,True,True,True,0.9266832139756944,0.883441862118156,True,1,0.3116406202316284,0.8843111526764221,1,2,0,0.5,5,
342,images/s2_pose_cork_end_on_21.jpg,fixed_core_test,SYNTHETIC_3D,ok,outputs/shuttle_capability/controlled_capability/images/s2_pose_cork_end_on_21.jpg,19,19,481,478,471.5,468.5,490.5,487.5,19.0,19.0,19.0,16-24,cork_end_on,center,none,none,bg_001.jpg,315.0,2,0.8508500456809998,0.0,False,False,False,0.0,,False,,,0.0,0,2,1,0.5,5,
343,images/s2_pose_cork_end_on_22.jpg,fixed_core_test,SYNTHETIC_3D,ok,outputs/shuttle_capability/controlled_capability/images/s2_pose_cork_end_on_22.jpg,19,19,478,481,468.5,471.5,487.5,490.5,19.0,19.0,19.0,16-24,cork_end_on,center,none,none,bg_001.jpg,315.0,4,0.7777883410453796,0.0,False,True,False,0.5988469557666383,1.505082670118794,True,2,0.3277509808540344,0.5988469557666383,1,3,0,0.5,5,
344,images/s2_pose_cork_end_on_23.jpg,fixed_core_test,SYNTHETIC_3D,ok,outputs/shuttle_capability/controlled_capability/images/s2_pose_cork_end_on_23.jpg,18,18,480,480,471.0,471.0,489.0,489.0,18.0,18.0,18.0,16-24,cork_end_on,center,none,none,bg_001.jpg,315.0,1,0.6032917499542236,0.6708898518997071,True,True,False,0.7150480282423949,2.4637065469659576,True,1,0.6032917499542236,0.6708898518997071,1,0,0,0.5,5,
345,images/s2_pose_cork_end_on_24.jpg,fixed_core_test,SYNTHETIC_3D,ok,outputs/shuttle_capability/controlled_capability/images/s2_pose_cork_end_on_24.jpg,18,18,479,479,470.0,470.0,488.0,488.0,18.0,18.0,18.0,16-24,cork_end_on,center,none,none,bg_001.jpg,315.0,1,0.6127327084541321,0.0,False,False,False,0.0,,False,,,0.0,0,1,1,0.5,5,
346,images/s2_pose_cork_end_on_25.jpg,fixed_core_test,SYNTHETIC_3D,ok,outputs/shuttle_capability/controlled_capability/images/s2_pose_cork_end_on_25.jpg,18,18,481,479,472.0,470.0,490.0,488.0,18.0,18.0,18.0,16-24,cork_end_on,center,none,none,bg_001.jpg,315.0,4,0.7570701837539673,0.0,False,False,False,0.0,,False,,,0.0,0,4,1,0.5,5,
347,images/s2_pose_cork_end_on_26.jpg,fixed_core_test,SYNTHETIC_3D,ok,outputs/shuttle_capability/controlled_capability/images/s2_pose_cork_end_on_26.jpg,18,18,477,479,468.0,470.0,486.0,488.0,18.0,18.0,18.0,16-24,cork_end_on,center,none,none,bg_001.jpg,315.0,3,0.10959997028112411,0.0,False,False,False,0.0,,False,,,0.0,0,3,1,0.5,5,
348,images/s2_pose_cork_end_on_27.jpg,fixed_core_test,SYNTHETIC_3D,ok,outputs/shuttle_capability/controlled_capability/images/s2_pose_cork_end_on_27.jpg,18,18,479,477,470.0,468.0,488.0,486.0,18.0,18.0,18.0,16-24,cork_end_on,center,none,none,bg_001.jpg,315.0,1,0.08672153204679489,0.0,False,False,False,0.0,,False,,,0.0,0,1,1,0.5,5,
349,images/s2_pose_cork_end_on_28.jpg,fixed_core_test,SYNTHETIC_3D,ok,outputs/shuttle_capability/controlled_capability/images/s2_pose_cork_end_on_28.jpg,18,18,479,481,470.0,472.0,488.0,490.0,18.0,18.0,18.0,16-24,cork_end_on,center,none,none,bg_001.jpg,315.0,3,0.18403853476047516,0.0,False,True,False,0.5596619121109446,2.169105396992807,True,2,0.18037141859531403,0.5596619121109446,1,2,0,0.5,5,
350,images/s2_pose_cork_end_on_29.jpg,fixed_core_test,SYNTHETIC_3D,ok,outputs/shuttle_capability/controlled_capability/images/s2_pose_cork_end_on_29.jpg,19,19,481,478,471.5,468.5,490.5,487.5,19.0,19.0,19.0,16-24,cork_end_on,center,none,none,bg_001.jpg,315.0,1,0.7825791239738464,0.8490562423162795,True,True,False,0.8561197315391741,0.8403230812930514,True,1,0.7825791239738464,0.8490562423162795,1,0,0,0.5,5,
351,images/s2_pose_cork_end_on_30.jpg,fixed_core_test,SYNTHETIC_3D,ok,outputs/shuttle_capability/controlled_capability/images/s2_pose_cork_end_on_30.jpg,19,19,478,481,468.5,471.5,487.5,490.5,19.0,19.0,19.0,16-24,cork_end_on,center,none,none,bg_001.jpg,315.0,1,0.7408564686775208,0.7912149882007864,True,True,False,0.8408053438604869,1.5677873478599433,True,1,0.7408564686775208,0.7912149882007864,1,0,0,0.5,5,
352,images/s2_pose_cork_end_on_31.jpg,fixed_core_test,SYNTHETIC_3D,ok,outputs/shuttle_capability/controlled_capability/images/s2_pose_cork_end_on_31.jpg,18,18,480,480,471.0,471.0,489.0,489.0,18.0,18.0,18.0,16-24,cork_end_on,center,none,none,bg_001.jpg,315.0,2,0.5826113820075989,0.0,False,True,False,0.8875475097792568,1.5613561499487694,True,2,0.5197257995605469,0.7917360068092567,1,1,0,0.5,5,
353,images/s2_pose_cork_end_on_32.jpg,fixed_core_test,SYNTHETIC_3D,ok,outputs/shuttle_capability/controlled_capability/images/s2_pose_cork_end_on_32.jpg,18,18,479,479,470.0,470.0,488.0,488.0,18.0,18.0,18.0,16-24,cork_end_on,center,none,none,bg_001.jpg,315.0,3,0.6020620465278625,0.0,False,False,False,0.0,,False,,,0.0,0,3,1,0.5,5,
354,images/s2_pose_cork_end_on_33.jpg,fixed_core_test,SYNTHETIC_3D,ok,outputs/shuttle_capability/controlled_capability/images/s2_pose_cork_end_on_33.jpg,18,18,481,479,472.0,470.0,490.0,488.0,18.0,18.0,18.0,16-24,cork_end_on,center,none,none,bg_001.jpg,315.0,2,0.8027828335762024,0.0,False,False,False,0.0,,False,,,0.0,0,2,1,0.5,5,
355,images/s2_pose_cork_end_on_34.jpg,fixed_core_test,SYNTHETIC_3D,ok,outputs/shuttle_capability/controlled_capability/images/s2_pose_cork_end_on_34.jpg,18,18,477,479,468.0,470.0,486.0,488.0,18.0,18.0,18.0,16-24,cork_end_on,center,none,none,bg_001.jpg,315.0,2,0.21216906607151031,0.0,False,True,False,0.6349793341683431,3.0423624781159666,True,2,0.1582179069519043,0.5965777491373871,1,1,0,0.5,5,
356,images/s2_pose_cork_end_on_35.jpg,fixed_core_test,SYNTHETIC_3D,ok,outputs/shuttle_capability/controlled_capability/images/s2_pose_cork_end_on_35.jpg,18,18,479,477,470.0,468.0,488.0,486.0,18.0,18.0,18.0,16-24,cork_end_on,center,none,none,bg_001.jpg,315.0,2,0.7567104697227478,0.0,False,True,False,0.8041406662065398,1.9280631967115165,True,2,0.21417540311813354,0.7447769807499152,1,1,0,0.5,5,
357,images/s2_pose_cork_end_on_36.jpg,fixed_core_test,SYNTHETIC_3D,ok,outputs/shuttle_capability/controlled_capability/images/s2_pose_cork_end_on_36.jpg,18,18,479,481,470.0,472.0,488.0,490.0,18.0,18.0,18.0,16-24,cork_end_on,center,none,none,bg_001.jpg,315.0,2,0.3088105320930481,0.0,False,False,False,0.0,,False,,,0.0,0,2,1,0.5,5,
358,images/s2_pose_cork_end_on_37.jpg,fixed_core_test,SYNTHETIC_3D,ok,outputs/shuttle_capability/controlled_capability/images/s2_pose_cork_end_on_37.jpg,19,19,481,478,471.5,468.5,490.5,487.5,19.0,19.0,19.0,16-24,cork_end_on,center,none,none,bg_001.jpg,315.0,5,0.8564215302467346,0.0,False,True,True,0.90081731481813,1.1431021105295769,True,2,0.4404017925262451,0.8626756541467993,1,4,0,0.5,5,
359,images/s2_pose_cork_end_on_38.jpg,fixed_core_test,SYNTHETIC_3D,ok,outputs/shuttle_capability/controlled_capability/images/s2_pose_cork_end_on_38.jpg,19,19,478,481,468.5,471.5,487.5,490.5,19.0,19.0,19.0,16-24,cork_end_on,center,none,none,bg_001.jpg,315.0,1,0.8762655258178711,0.0,False,False,False,0.0,,False,,,0.0,0,1,1,0.5,5,
360,images/s2_pose_cork_end_on_39.jpg,fixed_core_test,SYNTHETIC_3D,ok,outputs/shuttle_capability/controlled_capability/images/s2_pose_cork_end_on_39.jpg,18,18,480,480,471.0,471.0,489.0,489.0,18.0,18.0,18.0,16-24,cork_end_on,center,none,none,bg_001.jpg,315.0,1,0.8593119978904724,0.0,False,False,False,0.0,,False,,,0.0,0,1,1,0.5,5,
361,images/s2_pose_feather_end_on_0.jpg,fixed_core_test,SYNTHETIC_3D,ok,outputs/shuttle_capability/controlled_capability/images/s2_pose_feather_end_on_0.jpg,18,18,479,479,470.0,470.0,488.0,488.0,18.0,18.0,18.0,16-24,feather_end_on,center,none,none,bg_001.jpg,315.0,2,0.8145216703414917,0.0,False,False,False,0.0,,False,,,0.0,0,2,1,0.5,5,
362,images/s2_pose_feather_end_on_1.jpg,fixed_core_test,SYNTHETIC_3D,ok,outputs/shuttle_capability/controlled_capability/images/s2_pose_feather_end_on_1.jpg,18,18,477,479,468.0,470.0,486.0,488.0,18.0,18.0,18.0,16-24,feather_end_on,center,none,none,bg_001.jpg,315.0,2,0.8490139842033386,0.0,False,True,False,0.7590812316371335,1.6501405069327875,True,2,0.5350009202957153,0.7333366767204094,1,1,0,0.5,5,
363,images/s2_pose_feather_end_on_2.jpg,fixed_core_test,SYNTHETIC_3D,ok,outputs/shuttle_capability/controlled_capability/images/s2_pose_feather_end_on_2.jpg,18,18,481,479,472.0,470.0,490.0,488.0,18.0,18.0,18.0,16-24,feather_end_on,center,none,none,bg_001.jpg,315.0,2,0.07732248306274414,0.0,False,False,False,0.0,,False,,,0.0,0,2,1,0.5,5,
364,images/s2_pose_feather_end_on_3.jpg,fixed_core_test,SYNTHETIC_3D,ok,outputs/shuttle_capability/controlled_capability/images/s2_pose_feather_end_on_3.jpg,18,18,479,481,470.0,472.0,488.0,490.0,18.0,18.0,18.0,16-24,feather_end_on,center,none,none,bg_001.jpg,315.0,2,0.31995880603790283,0.0,False,True,False,0.7881280365917418,0.33654274035513515,True,2,0.14498241245746613,0.7881280365917418,1,1,0,0.5,5,
365,images/s2_pose_feather_end_on_4.jpg,fixed_core_test,SYNTHETIC_3D,ok,outputs/shuttle_capability/controlled_capability/images/s2_pose_feather_end_on_4.jpg,18,18,479,477,470.0,468.0,488.0,486.0,18.0,18.0,18.0,16-24,feather_end_on,center,none,none,bg_001.jpg,315.0,1,0.6859207153320312,0.6587784037821822,True,True,False,0.6587784037821822,1.5692970212302133,True,1,0.6859207153320312,0.6587784037821822,1,0,0,0.5,5,
366,images/s2_pose_feather_end_on_5.jpg,fixed_core_test,SYNTHETIC_3D,ok,outputs/shuttle_capability/controlled_capability/images/s2_pose_feather_end_on_5.jpg,18,18,478,480,469.0,471.0,487.0,489.0,18.0,18.0,18.0,16-24,feather_end_on,center,none,none,bg_001.jpg,315.0,5,0.6650382876396179,0.5870636807488298,True,True,False,0.5947382549617302,2.4255800027419143,True,1,0.6650382876396179,0.5870636807488298,1,4,0,0.5,5,
367,images/s2_pose_feather_end_on_6.jpg,fixed_core_test,SYNTHETIC_3D,ok,outputs/shuttle_capability/controlled_capability/images/s2_pose_feather_end_on_6.jpg,18,18,480,478,471.0,469.0,489.0,487.0,18.0,18.0,18.0,16-24,feather_end_on,center,none,none,bg_001.jpg,315.0,2,0.7500563859939575,0.0,False,False,False,0.0,,False,,,0.0,0,2,1,0.5,5,
368,images/s2_pose_feather_end_on_7.jpg,fixed_core_test,SYNTHETIC_3D,ok,outputs/shuttle_capability/controlled_capability/images/s2_pose_feather_end_on_7.jpg,18,18,478,478,469.0,469.0,487.0,487.0,18.0,18.0,18.0,16-24,feather_end_on,center,none,none,bg_001.jpg,315.0,2,0.8340508341789246,0.0,False,True,False,0.8285658094618056,2.4498426870476604,True,2,0.5051758885383606,0.727744803991599,1,1,0,0.5,5,
369,images/s2_pose_feather_end_on_8.jpg,fixed_core_test,SYNTHETIC_3D,ok,outputs/shuttle_capability/controlled_capability/images/s2_pose_feather_end_on_8.jpg,18,18,479,479,470.0,470.0,488.0,488.0,18.0,18.0,18.0,16-24,feather_end_on,center,none,none,bg_001.jpg,315.0,4,0.7902239561080933,0.0,False,False,False,0.0,,False,,,0.0,0,4,1,0.5,5,
370,images/s2_pose_feather_end_on_9.jpg,fixed_core_test,SYNTHETIC_3D,ok,outputs/shuttle_capability/controlled_capability/images/s2_pose_feather_end_on_9.jpg,18,18,477,479,468.0,470.0,486.0,488.0,18.0,18.0,18.0,16-24,feather_end_on,center,none,none,bg_001.jpg,315.0,2,0.40809983015060425,0.0,False,False,False,0.0,,False,,,0.0,0,2,1,0.5,5,
371,images/s2_pose_feather_end_on_10.jpg,fixed_core_test,SYNTHETIC_3D,ok,outputs/shuttle_capability/controlled_capability/images/s2_pose_feather_end_on_10.jpg,18,18,481,479,472.0,470.0,490.0,488.0,18.0,18.0,18.0,16-24,feather_end_on,center,none,none,bg_001.jpg,315.0,1,0.8141227960586548,0.0,False,False,False,0.0,,False,,,0.0,0,1,1,0.5,5,
372,images/s2_pose_feather_end_on_11.jpg,fixed_core_test,SYNTHETIC_3D,ok,outputs/shuttle_capability/controlled_capability/images/s2_pose_feather_end_on_11.jpg,18,18,479,481,470.0,472.0,488.0,490.0,18.0,18.0,18.0,16-24,feather_end_on,center,none,none,bg_001.jpg,315.0,2,0.48502328991889954,0.8893962378441116,True,True,True,0.9657085439259255,0.9696166239342935,True,1,0.48502328991889954,0.8893962378441116,1,1,0,0.5,5,
373,images/s2_pose_feather_end_on_12.jpg,fixed_core_test,SYNTHETIC_3D,ok,outputs/shuttle_capability/controlled_capability/images/s2_pose_feather_end_on_12.jpg,18,18,479,477,470.0,468.0,488.0,486.0,18.0,18.0,18.0,16-24,feather_end_on,center,none,none,bg_001.jpg,315.0,3,0.7650109529495239,0.7202584967017174,True,True,False,0.7202584967017174,1.7525070457277112,True,1,0.7650109529495239,0.7202584967017174,1,2,0,0.5,5,
374,images/s2_pose_feather_end_on_13.jpg,fixed_core_test,SYNTHETIC_3D,ok,outputs/shuttle_capability/controlled_capability/images/s2_pose_feather_end_on_13.jpg,18,18,478,480,469.0,471.0,487.0,489.0,18.0,18.0,18.0,16-24,feather_end_on,center,none,none,bg_001.jpg,315.0,0,,,False,False,False,0.0,,False,,,0.0,0,0,1,0.5,5,
375,images/s2_pose_feather_end_on_14.jpg,fixed_core_test,SYNTHETIC_3D,ok,outputs/shuttle_capability/controlled_capability/images/s2_pose_feather_end_on_14.jpg,18,18,480,478,471.0,469.0,489.0,487.0,18.0,18.0,18.0,16-24,feather_end_on,center,none,none,bg_001.jpg,315.0,3,0.6172675490379333,0.0,False,True,True,0.9421147078844823,1.4075571353738907,True,2,0.2654207646846771,0.8425788101825273,1,2,0,0.5,5,
376,images/s2_pose_feather_end_on_15.jpg,fixed_core_test,SYNTHETIC_3D,ok,outputs/shuttle_capability/controlled_capability/images/s2_pose_feather_end_on_15.jpg,18,18,478,478,469.0,469.0,487.0,487.0,18.0,18.0,18.0,16-24,feather_end_on,center,none,none,bg_001.jpg,315.0,3,0.862159788608551,0.0,False,False,False,0.0,,False,,,0.0,0,3,1,0.5,5,
377,images/s2_pose_feather_end_on_16.jpg,fixed_core_test,SYNTHETIC_3D,ok,outputs/shuttle_capability/controlled_capability/images/s2_pose_feather_end_on_16.jpg,18,18,479,479,470.0,470.0,488.0,488.0,18.0,18.0,18.0,16-24,feather_end_on,center,none,none,bg_001.jpg,315.0,1,0.1755695343017578,0.0,False,False,False,0.0,,False,,,0.0,0,1,1,0.5,5,
378,images/s2_pose_feather_end_on_17.jpg,fixed_core_test,SYNTHETIC_3D,ok,outputs/shuttle_capability/controlled_capability/images/s2_pose_feather_end_on_17.jpg,18,18,477,479,468.0,470.0,486.0,488.0,18.0,18.0,18.0,16-24,feather_end_on,center,none,none,bg_001.jpg,315.0,3,0.2587130069732666,0.7774256645777489,True,True,False,0.8174147073317457,1.669031551949896,True,1,0.2587130069732666,0.7774256645777489,1,2,0,0.5,5,
379,images/s2_pose_feather_end_on_18.jpg,fixed_core_test,SYNTHETIC_3D,ok,outputs/shuttle_capability/controlled_capability/images/s2_pose_feather_end_on_18.jpg,18,18,481,479,472.0,470.0,490.0,488.0,18.0,18.0,18.0,16-24,feather_end_on,center,none,none,bg_001.jpg,315.0,2,0.851931631565094,0.0,False,False,False,0.0,,False,,,0.0,0,2,1,0.5,5,
380,images/s2_pose_feather_end_on_19.jpg,fixed_core_test,SYNTHETIC_3D,ok,outputs/shuttle_capability/controlled_capability/images/s2_pose_feather_end_on_19.jpg,18,18,479,481,470.0,472.0,488.0,490.0,18.0,18.0,18.0,16-24,feather_end_on,center,none,none,bg_001.jpg,315.0,2,0.7083865404129028,0.0,False,False,False,0.0,,False,,,0.0,0,2,1,0.5,5,
381,images/s2_pose_feather_end_on_20.jpg,fixed_core_test,SYNTHETIC_3D,ok,outputs/shuttle_capability/controlled_capability/images/s2_pose_feather_end_on_20.jpg,18,18,479,477,470.0,468.0,488.0,486.0,18.0,18.0,18.0,16-24,feather_end_on,center,none,none,bg_001.jpg,315.0,2,0.7843357920646667,0.9458091600268803,True,True,True,0.9587344581514229,0.37826514449887355,True,1,0.7843357920646667,0.9458091600268803,1,1,0,0.5,5,
382,images/s2_pose_feather_end_on_21.jpg,fixed_core_test,SYNTHETIC_3D,ok,outputs/shuttle_capability/controlled_capability/images/s2_pose_feather_end_on_21.jpg,18,18,478,480,469.0,471.0,487.0,489.0,18.0,18.0,18.0,16-24,feather_end_on,center,none,none,bg_001.jpg,315.0,2,0.8518752455711365,0.0,False,True,False,0.7888797918955485,1.2126113264610219,True,2,0.2403694987297058,0.7821027811500963,1,1,0,0.5,5,
383,images/s2_pose_feather_end_on_22.jpg,fixed_core_test,SYNTHETIC_3D,ok,outputs/shuttle_capability/controlled_capability/images/s2_pose_feather_end_on_22.jpg,18,18,480,478,471.0,469.0,489.0,487.0,18.0,18.0,18.0,16-24,feather_end_on,center,none,none,bg_001.jpg,315.0,4,0.8195497393608093,0.0,False,True,False,0.742683950604664,1.1003977932931797,True,2,0.4811462163925171,0.742683950604664,1,3,0,0.5,5,
384,images/s2_pose_feather_end_on_23.jpg,fixed_core_test,SYNTHETIC_3D,ok,outputs/shuttle_capability/controlled_capability/images/s2_pose_feather_end_on_23.jpg,18,18,478,478,469.0,469.0,487.0,487.0,18.0,18.0,18.0,16-24,feather_end_on,center,none,none,bg_001.jpg,315.0,2,0.6829798221588135,0.7281884651679873,True,True,False,0.7574381907671736,1.9870432194311551,True,1,0.6829798221588135,0.7281884651679873,1,1,0,0.5,5,
385,images/s2_pose_feather_end_on_24.jpg,fixed_core_test,SYNTHETIC_3D,ok,outputs/shuttle_capability/controlled_capability/images/s2_pose_feather_end_on_24.jpg,18,18,479,479,470.0,470.0,488.0,488.0,18.0,18.0,18.0,16-24,feather_end_on,center,none,none,bg_001.jpg,315.0,1,0.6192325353622437,0.0,False,False,False,0.0,,False,,,0.0,0,1,1,0.5,5,
386,images/s2_pose_feather_end_on_25.jpg,fixed_core_test,SYNTHETIC_3D,ok,outputs/shuttle_capability/controlled_capability/images/s2_pose_feather_end_on_25.jpg,18,18,477,479,468.0,470.0,486.0,488.0,18.0,18.0,18.0,16-24,feather_end_on,center,none,none,bg_001.jpg,315.0,4,0.7543370127677917,0.0,False,True,True,0.9583241809504451,0.6670493280166354,True,4,0.08571271598339081,0.9142178942063941,1,3,0,0.5,5,
387,images/s2_pose_feather_end_on_26.jpg,fixed_core_test,SYNTHETIC_3D,ok,outputs/shuttle_capability/controlled_capability/images/s2_pose_feather_end_on_26.jpg,18,18,481,479,472.0,470.0,490.0,488.0,18.0,18.0,18.0,16-24,feather_end_on,center,none,none,bg_001.jpg,315.0,1,0.06851083040237427,0.0,False,False,False,0.0,,False,,,0.0,0,1,1,0.5,5,
388,images/s2_pose_feather_end_on_27.jpg,fixed_core_test,SYNTHETIC_3D,ok,outputs/shuttle_capability/controlled_capability/images/s2_pose_feather_end_on_27.jpg,18,18,479,481,470.0,472.0,488.0,490.0,18.0,18.0,18.0,16-24,feather_end_on,center,none,none,bg_001.jpg,315.0,1,0.05890335515141487,0.6045519460121469,True,True,False,0.6050878200266097,2.7046968740985213,True,1,0.05890335515141487,0.6045519460121469,1,0,0,0.5,5,
389,images/s2_pose_feather_end_on_28.jpg,fixed_core_test,SYNTHETIC_3D,ok,outputs/shuttle_capability/controlled_capability/images/s2_pose_feather_end_on_28.jpg,18,18,479,477,470.0,468.0,488.0,486.0,18.0,18.0,18.0,16-24,feather_end_on,center,none,none,bg_001.jpg,315.0,3,0.6591607332229614,0.7160272819818553,True,True,False,0.7231537547928316,1.8876084674290945,True,1,0.6591607332229614,0.7160272819818553,1,2,0,0.5,5,
390,images/s2_pose_feather_end_on_29.jpg,fixed_core_test,SYNTHETIC_3D,ok,outputs/shuttle_capability/controlled_capability/images/s2_pose_feather_end_on_29.jpg,18,18,478,480,469.0,471.0,487.0,489.0,18.0,18.0,18.0,16-24,feather_end_on,center,none,none,bg_001.jpg,315.0,1,0.7338483929634094,0.7862515222613897,True,True,False,0.8654944746306649,1.5767475853670645,True,1,0.7338483929634094,0.7862515222613897,1,0,0,0.5,5,
391,images/s2_pose_feather_end_on_30.jpg,fixed_core_test,SYNTHETIC_3D,ok,outputs/shuttle_capability/controlled_capability/images/s2_pose_feather_end_on_30.jpg,18,18,480,478,471.0,469.0,489.0,487.0,18.0,18.0,18.0,16-24,feather_end_on,center,none,none,bg_001.jpg,315.0,2,0.7938835620880127,0.9277277710770198,True,True,True,0.9688364664713541,0.5196741598178917,True,1,0.7938835620880127,0.9277277710770198,1,1,0,0.5,5,
392,images/s2_pose_feather_end_on_31.jpg,fixed_core_test,SYNTHETIC_3D,ok,outputs/shuttle_capability/controlled_capability/images/s2_pose_feather_end_on_31.jpg,18,18,478,478,469.0,469.0,487.0,487.0,18.0,18.0,18.0,16-24,feather_end_on,center,none,none,bg_001.jpg,315.0,2,0.4813728928565979,0.0,False,True,False,0.7055633185534842,2.502963738985652,True,2,0.06878495961427689,0.6639333541392969,1,1,0,0.5,5,
393,images/s2_pose_feather_end_on_32.jpg,fixed_core_test,SYNTHETIC_3D,ok,outputs/shuttle_capability/controlled_capability/images/s2_pose_feather_end_on_32.jpg,18,18,479,479,470.0,470.0,488.0,488.0,18.0,18.0,18.0,16-24,feather_end_on,center,none,none,bg_001.jpg,315.0,2,0.5978332757949829,0.0,False,False,False,0.0,,False,,,0.0,0,2,1,0.5,5,
394,images/s2_pose_feather_end_on_33.jpg,fixed_core_test,SYNTHETIC_3D,ok,outputs/shuttle_capability/controlled_capability/images/s2_pose_feather_end_on_33.jpg,18,18,477,479,468.0,470.0,486.0,488.0,18.0,18.0,18.0,16-24,feather_end_on,center,none,none,bg_001.jpg,315.0,1,0.8100516200065613,0.0,False,False,False,0.0,,False,,,0.0,0,1,1,0.5,5,
395,images/s2_pose_feather_end_on_34.jpg,fixed_core_test,SYNTHETIC_3D,ok,outputs/shuttle_capability/controlled_capability/images/s2_pose_feather_end_on_34.jpg,18,18,481,479,472.0,470.0,490.0,488.0,18.0,18.0,18.0,16-24,feather_end_on,center,none,none,bg_001.jpg,315.0,2,0.6768544316291809,0.6806283613873853,True,True,False,0.6806283613873853,1.3548515151925047,True,1,0.6768544316291809,0.6806283613873853,1,1,0,0.5,5,
396,images/s2_pose_feather_end_on_35.jpg,fixed_core_test,SYNTHETIC_3D,ok,outputs/shuttle_capability/controlled_capability/images/s2_pose_feather_end_on_35.jpg,18,18,479,481,470.0,472.0,488.0,490.0,18.0,18.0,18.0,16-24,feather_end_on,center,none,none,bg_001.jpg,315.0,2,0.7379496693611145,0.0,False,True,True,0.9567428537770922,0.6741661937558323,True,2,0.4153892397880554,0.9081397414488026,1,1,0,0.5,5,
397,images/s2_pose_feather_end_on_36.jpg,fixed_core_test,SYNTHETIC_3D,ok,outputs/shuttle_capability/controlled_capability/images/s2_pose_feather_end_on_36.jpg,18,18,479,477,470.0,468.0,488.0,486.0,18.0,18.0,18.0,16-24,feather_end_on,center,none,none,bg_001.jpg,315.0,1,0.3411020040512085,0.0,False,False,False,0.0,,False,,,0.0,0,1,1,0.5,5,
398,images/s2_pose_feather_end_on_37.jpg,fixed_core_test,SYNTHETIC_3D,ok,outputs/shuttle_capability/controlled_capability/images/s2_pose_feather_end_on_37.jpg,18,18,478,480,469.0,471.0,487.0,489.0,18.0,18.0,18.0,16-24,feather_end_on,center,none,none,bg_001.jpg,315.0,5,0.8518481850624084,0.0,False,True,True,0.9524180094401041,1.3338091363065212,True,2,0.6224202513694763,0.7711679201890991,1,4,0,0.5,5,
399,images/s2_pose_feather_end_on_38.jpg,fixed_core_test,SYNTHETIC_3D,ok,outputs/shuttle_capability/controlled_capability/images/s2_pose_feather_end_on_38.jpg,18,18,480,478,471.0,469.0,489.0,487.0,18.0,18.0,18.0,16-24,feather_end_on,center,none,none,bg_001.jpg,315.0,1,0.859149694442749,0.0,False,False,False,0.0,,False,,,0.0,0,1,1,0.5,5,
400,images/s2_pose_feather_end_on_39.jpg,fixed_core_test,SYNTHETIC_3D,ok,outputs/shuttle_capability/controlled_capability/images/s2_pose_feather_end_on_39.jpg,18,18,478,478,469.0,469.0,487.0,487.0,18.0,18.0,18.0,16-24,feather_end_on,center,none,none,bg_001.jpg,315.0,1,0.8450106382369995,0.0,False,False,False,0.0,,False,,,0.0,0,1,1,0.5,5,
401,images/s2_pose_side_0.jpg,fixed_core_test,SYNTHETIC_3D,ok,outputs/shuttle_capability/controlled_capability/images/s2_pose_side_0.jpg,16,20,479,479,471.0,469.0,487.0,489.0,16.0,20.0,17.889,16-24,side,center,none,none,bg_001.jpg,315.0,2,0.8314990401268005,0.0,False,False,False,0.0,,False,,,0.0,0,2,1,0.5,5,
402,images/s2_pose_side_1.jpg,fixed_core_test,SYNTHETIC_3D,ok,outputs/shuttle_capability/controlled_capability/images/s2_pose_side_1.jpg,16,20,479,479,471.0,469.0,487.0,489.0,16.0,20.0,17.889,16-24,side,center,none,none,bg_001.jpg,315.0,1,0.8482497930526733,0.0,False,False,False,0.0,,False,,,0.0,0,1,1,0.5,5,
403,images/s2_pose_side_2.jpg,fixed_core_test,SYNTHETIC_3D,ok,outputs/shuttle_capability/controlled_capability/images/s2_pose_side_2.jpg,16,20,479,479,471.0,469.0,487.0,489.0,16.0,20.0,17.889,16-24,side,center,none,none,bg_001.jpg,315.0,2,0.24664925038814545,0.0,False,False,False,0.0,,False,,,0.0,0,2,1,0.5,5,
404,images/s2_pose_side_3.jpg,fixed_core_test,SYNTHETIC_3D,ok,outputs/shuttle_capability/controlled_capability/images/s2_pose_side_3.jpg,16,21,479,479,471.0,468.5,487.0,489.5,16.0,21.0,18.33,16-24,side,center,none,none,bg_001.jpg,315.0,3,0.4255334138870239,0.8002043743489216,True,True,True,0.9381481352306548,1.2777761026940482,True,1,0.4255334138870239,0.8002043743489216,1,2,0,0.5,5,
405,images/s2_pose_side_4.jpg,fixed_core_test,SYNTHETIC_3D,ok,outputs/shuttle_capability/controlled_capability/images/s2_pose_side_4.jpg,20,16,479,479,469.0,471.0,489.0,487.0,20.0,16.0,17.889,16-24,side,center,none,none,bg_001.jpg,315.0,2,0.06690973043441772,0.0,False,False,False,0.0,,False,,,0.0,0,2,1,0.5,5,
406,images/s2_pose_side_5.jpg,fixed_core_test,SYNTHETIC_3D,ok,outputs/shuttle_capability/controlled_capability/images/s2_pose_side_5.jpg,21,16,480,479,469.5,471.0,490.5,487.0,21.0,16.0,18.33,16-24,side,center,none,none,bg_001.jpg,315.0,4,0.324176162481308,0.0,False,False,False,0.0,,False,,,0.0,0,4,1,0.5,5,
407,images/s2_pose_side_6.jpg,fixed_core_test,SYNTHETIC_3D,ok,outputs/shuttle_capability/controlled_capability/images/s2_pose_side_6.jpg,21,16,480,479,469.5,471.0,490.5,487.0,21.0,16.0,18.33,16-24,side,center,none,none,bg_001.jpg,315.0,2,0.7912476062774658,0.0,False,False,False,0.0,,False,,,0.0,0,2,1,0.5,5,
408,images/s2_pose_side_7.jpg,fixed_core_test,SYNTHETIC_3D,ok,outputs/shuttle_capability/controlled_capability/images/s2_pose_side_7.jpg,21,16,480,477,469.5,469.0,490.5,485.0,21.0,16.0,18.33,16-24,side,center,none,none,bg_001.jpg,315.0,1,0.8318135738372803,0.0,False,False,False,0.0,,False,,,0.0,0,1,1,0.5,5,
409,images/s2_pose_side_8.jpg,fixed_core_test,SYNTHETIC_3D,ok,outputs/shuttle_capability/controlled_capability/images/s2_pose_side_8.jpg,16,20,479,479,471.0,469.0,487.0,489.0,16.0,20.0,17.889,16-24,side,center,none,none,bg_001.jpg,315.0,3,0.7970160245895386,0.0,False,False,False,0.0,,False,,,0.0,0,3,1,0.5,5,
410,images/s2_pose_side_9.jpg,fixed_core_test,SYNTHETIC_3D,ok,outputs/shuttle_capability/controlled_capability/images/s2_pose_side_9.jpg,16,20,479,479,471.0,469.0,487.0,489.0,16.0,20.0,17.889,16-24,side,center,none,none,bg_001.jpg,315.0,2,0.30010879039764404,0.0,False,False,False,0.0,,False,,,0.0,0,2,1,0.5,5,
411,images/s2_pose_side_10.jpg,fixed_core_test,SYNTHETIC_3D,ok,outputs/shuttle_capability/controlled_capability/images/s2_pose_side_10.jpg,16,20,479,479,471.0,469.0,487.0,489.0,16.0,20.0,17.889,16-24,side,center,none,none,bg_001.jpg,315.0,1,0.8166311383247375,0.0,False,False,False,0.0,,False,,,0.0,0,1,1,0.5,5,
412,images/s2_pose_side_11.jpg,fixed_core_test,SYNTHETIC_3D,ok,outputs/shuttle_capability/controlled_capability/images/s2_pose_side_11.jpg,16,21,479,479,471.0,468.5,487.0,489.5,16.0,21.0,18.33,16-24,side,center,none,none,bg_001.jpg,315.0,2,0.17892953753471375,0.0,False,False,False,0.0,,False,,,0.0,0,2,1,0.5,5,
413,images/s2_pose_side_12.jpg,fixed_core_test,SYNTHETIC_3D,ok,outputs/shuttle_capability/controlled_capability/images/s2_pose_side_12.jpg,20,16,479,479,469.0,471.0,489.0,487.0,20.0,16.0,17.889,16-24,side,center,none,none,bg_001.jpg,315.0,3,0.14528462290763855,0.4841406350395821,False,False,False,0.4976349463337101,,False,,,0.4841406350395821,0,3,1,0.5,5,
414,images/s2_pose_side_13.jpg,fixed_core_test,SYNTHETIC_3D,ok,outputs/shuttle_capability/controlled_capability/images/s2_pose_side_13.jpg,21,16,480,479,469.5,471.0,490.5,487.0,21.0,16.0,18.33,16-24,side,center,none,none,bg_001.jpg,315.0,2,0.12078626453876495,0.0,False,False,False,0.0,,False,,,0.0,0,2,1,0.5,5,
415,images/s2_pose_side_14.jpg,fixed_core_test,SYNTHETIC_3D,ok,outputs/shuttle_capability/controlled_capability/images/s2_pose_side_14.jpg,21,16,480,479,469.5,471.0,490.5,487.0,21.0,16.0,18.33,16-24,side,center,none,none,bg_001.jpg,315.0,3,0.6341651678085327,0.0,False,False,False,0.0,,False,,,0.0,0,3,1,0.5,5,
416,images/s2_pose_side_15.jpg,fixed_core_test,SYNTHETIC_3D,ok,outputs/shuttle_capability/controlled_capability/images/s2_pose_side_15.jpg,21,16,480,477,469.5,469.0,490.5,485.0,21.0,16.0,18.33,16-24,side,center,none,none,bg_001.jpg,315.0,2,0.8642678260803223,0.0,False,False,False,0.0,,False,,,0.0,0,2,1,0.5,5,
417,images/s2_pose_side_16.jpg,fixed_core_test,SYNTHETIC_3D,ok,outputs/shuttle_capability/controlled_capability/images/s2_pose_side_16.jpg,16,20,479,479,471.0,469.0,487.0,489.0,16.0,20.0,17.889,16-24,side,center,none,none,bg_001.jpg,315.0,1,0.14465142786502838,0.0,False,False,False,0.0,,False,,,0.0,0,1,1,0.5,5,
418,images/s2_pose_side_17.jpg,fixed_core_test,SYNTHETIC_3D,ok,outputs/shuttle_capability/controlled_capability/images/s2_pose_side_17.jpg,16,20,479,479,471.0,469.0,487.0,489.0,16.0,20.0,17.889,16-24,side,center,none,none,bg_001.jpg,315.0,1,0.06727952510118484,0.0,False,False,False,0.0,,False,,,0.0,0,1,1,0.5,5,
419,images/s2_pose_side_18.jpg,fixed_core_test,SYNTHETIC_3D,ok,outputs/shuttle_capability/controlled_capability/images/s2_pose_side_18.jpg,16,20,479,479,471.0,469.0,487.0,489.0,16.0,20.0,17.889,16-24,side,center,none,none,bg_001.jpg,315.0,2,0.8461623191833496,0.0,False,False,False,0.0,,False,,,0.0,0,2,1,0.5,5,
420,images/s2_pose_side_19.jpg,fixed_core_test,SYNTHETIC_3D,ok,outputs/shuttle_capability/controlled_capability/images/s2_pose_side_19.jpg,16,21,479,479,471.0,468.5,487.0,489.5,16.0,21.0,18.33,16-24,side,center,none,none,bg_001.jpg,315.0,2,0.7022988200187683,0.0,False,False,False,0.0,,False,,,0.0,0,2,1,0.5,5,
421,images/s2_pose_side_20.jpg,fixed_core_test,SYNTHETIC_3D,ok,outputs/shuttle_capability/controlled_capability/images/s2_pose_side_20.jpg,20,16,479,479,469.0,471.0,489.0,487.0,20.0,16.0,17.889,16-24,side,center,none,none,bg_001.jpg,315.0,3,0.09920928627252579,0.0,False,False,False,0.0,,False,,,0.0,0,3,1,0.5,5,
422,images/s2_pose_side_21.jpg,fixed_core_test,SYNTHETIC_3D,ok,outputs/shuttle_capability/controlled_capability/images/s2_pose_side_21.jpg,21,16,480,479,469.5,471.0,490.5,487.0,21.0,16.0,18.33,16-24,side,center,none,none,bg_001.jpg,315.0,2,0.8530806303024292,0.0,False,False,False,0.0,,False,,,0.0,0,2,1,0.5,5,
423,images/s2_pose_side_22.jpg,fixed_core_test,SYNTHETIC_3D,ok,outputs/shuttle_capability/controlled_capability/images/s2_pose_side_22.jpg,21,16,480,479,469.5,471.0,490.5,487.0,21.0,16.0,18.33,16-24,side,center,none,none,bg_001.jpg,315.0,4,0.802716851234436,0.0,False,False,False,0.0,,False,,,0.0,0,4,1,0.5,5,
424,images/s2_pose_side_23.jpg,fixed_core_test,SYNTHETIC_3D,ok,outputs/shuttle_capability/controlled_capability/images/s2_pose_side_23.jpg,21,16,480,477,469.5,469.0,490.5,485.0,21.0,16.0,18.33,16-24,side,center,none,none,bg_001.jpg,315.0,2,0.6371658444404602,0.5058125788467377,True,True,False,0.5106873689441099,4.534397863955465,True,1,0.6371658444404602,0.5058125788467377,1,1,0,0.5,5,
425,images/s2_pose_side_24.jpg,fixed_core_test,SYNTHETIC_3D,ok,outputs/shuttle_capability/controlled_capability/images/s2_pose_side_24.jpg,16,20,479,479,471.0,469.0,487.0,489.0,16.0,20.0,17.889,16-24,side,center,none,none,bg_001.jpg,315.0,2,0.6508886218070984,0.0,False,False,False,0.0,,False,,,0.0,0,2,1,0.5,5,
426,images/s2_pose_side_25.jpg,fixed_core_test,SYNTHETIC_3D,ok,outputs/shuttle_capability/controlled_capability/images/s2_pose_side_25.jpg,16,20,479,479,471.0,469.0,487.0,489.0,16.0,20.0,17.889,16-24,side,center,none,none,bg_001.jpg,315.0,3,0.7319939136505127,0.0,False,False,False,0.0,,False,,,0.0,0,3,1,0.5,5,
427,images/s2_pose_side_26.jpg,fixed_core_test,SYNTHETIC_3D,ok,outputs/shuttle_capability/controlled_capability/images/s2_pose_side_26.jpg,16,20,479,479,471.0,469.0,487.0,489.0,16.0,20.0,17.889,16-24,side,center,none,none,bg_001.jpg,315.0,0,,,False,False,False,0.0,,False,,,0.0,0,0,1,0.5,5,
428,images/s2_pose_side_27.jpg,fixed_core_test,SYNTHETIC_3D,ok,outputs/shuttle_capability/controlled_capability/images/s2_pose_side_27.jpg,16,21,479,479,471.0,468.5,487.0,489.5,16.0,21.0,18.33,16-24,side,center,none,none,bg_001.jpg,315.0,1,0.06987449526786804,0.0,False,False,False,0.0,,False,,,0.0,0,1,1,0.5,5,
429,images/s2_pose_side_28.jpg,fixed_core_test,SYNTHETIC_3D,ok,outputs/shuttle_capability/controlled_capability/images/s2_pose_side_28.jpg,20,16,479,479,469.0,471.0,489.0,487.0,20.0,16.0,17.889,16-24,side,center,none,none,bg_001.jpg,315.0,2,0.15952354669570923,0.0,False,False,False,0.0,,False,,,0.0,0,2,1,0.5,5,
430,images/s2_pose_side_29.jpg,fixed_core_test,SYNTHETIC_3D,ok,outputs/shuttle_capability/controlled_capability/images/s2_pose_side_29.jpg,21,16,480,479,469.5,471.0,490.5,487.0,21.0,16.0,18.33,16-24,side,center,none,none,bg_001.jpg,315.0,1,0.6386692523956299,0.6674753555377123,True,True,False,0.7248310607724956,2.7043622368013307,True,1,0.6386692523956299,0.6674753555377123,1,0,0,0.5,5,
431,images/s2_pose_side_30.jpg,fixed_core_test,SYNTHETIC_3D,ok,outputs/shuttle_capability/controlled_capability/images/s2_pose_side_30.jpg,21,16,480,479,469.5,471.0,490.5,487.0,21.0,16.0,18.33,16-24,side,center,none,none,bg_001.jpg,315.0,2,0.16002462804317474,0.8204108607273172,True,True,True,0.9877668108258929,0.91381967867023,True,1,0.16002462804317474,0.8204108607273172,1,1,0,0.5,5,
432,images/s2_pose_side_31.jpg,fixed_core_test,SYNTHETIC_3D,ok,outputs/shuttle_capability/controlled_capability/images/s2_pose_side_31.jpg,21,16,480,477,469.5,469.0,490.5,485.0,21.0,16.0,18.33,16-24,side,center,none,none,bg_001.jpg,315.0,2,0.6966226696968079,0.4476151947839926,False,False,False,0.46480264177080244,,False,,,0.4476151947839926,0,2,1,0.5,5,
433,images/s2_pose_side_32.jpg,fixed_core_test,SYNTHETIC_3D,ok,outputs/shuttle_capability/controlled_capability/images/s2_pose_side_32.jpg,16,20,479,479,471.0,469.0,487.0,489.0,16.0,20.0,17.889,16-24,side,center,none,none,bg_001.jpg,315.0,2,0.6947506070137024,0.0,False,False,False,0.0,,False,,,0.0,0,2,1,0.5,5,
434,images/s2_pose_side_33.jpg,fixed_core_test,SYNTHETIC_3D,ok,outputs/shuttle_capability/controlled_capability/images/s2_pose_side_33.jpg,16,20,479,479,471.0,469.0,487.0,489.0,16.0,20.0,17.889,16-24,side,center,none,none,bg_001.jpg,315.0,2,0.8216701745986938,0.0,False,False,False,0.0,,False,,,0.0,0,2,1,0.5,5,
435,images/s2_pose_side_34.jpg,fixed_core_test,SYNTHETIC_3D,ok,outputs/shuttle_capability/controlled_capability/images/s2_pose_side_34.jpg,16,20,479,479,471.0,469.0,487.0,489.0,16.0,20.0,17.889,16-24,side,center,none,none,bg_001.jpg,315.0,1,0.3587733209133148,0.0,False,False,False,0.0,,False,,,0.0,0,1,1,0.5,5,
436,images/s2_pose_side_35.jpg,fixed_core_test,SYNTHETIC_3D,ok,outputs/shuttle_capability/controlled_capability/images/s2_pose_side_35.jpg,16,21,479,479,471.0,468.5,487.0,489.5,16.0,21.0,18.33,16-24,side,center,none,none,bg_001.jpg,315.0,2,0.7911896705627441,0.8397766976776422,True,True,False,0.8694099470906492,0.8645008898353879,True,1,0.7911896705627441,0.8397766976776422,1,1,0,0.5,5,
437,images/s2_pose_side_36.jpg,fixed_core_test,SYNTHETIC_3D,ok,outputs/shuttle_capability/controlled_capability/images/s2_pose_side_36.jpg,20,16,479,479,469.0,471.0,489.0,487.0,20.0,16.0,17.889,16-24,side,center,none,none,bg_001.jpg,315.0,2,0.2752396762371063,0.0,False,False,False,0.0,,False,,,0.0,0,2,1,0.5,5,
438,images/s2_pose_side_37.jpg,fixed_core_test,SYNTHETIC_3D,ok,outputs/shuttle_capability/controlled_capability/images/s2_pose_side_37.jpg,21,16,480,479,469.5,471.0,490.5,487.0,21.0,16.0,18.33,16-24,side,center,none,none,bg_001.jpg,315.0,5,0.8545565009117126,0.0,False,True,False,0.8497285120372128,2.099935688399715,True,5,0.053048208355903625,0.7418222335491501,1,4,0,0.5,5,
439,images/s2_pose_side_38.jpg,fixed_core_test,SYNTHETIC_3D,ok,outputs/shuttle_capability/controlled_capability/images/s2_pose_side_38.jpg,21,16,480,479,469.5,471.0,490.5,487.0,21.0,16.0,18.33,16-24,side,center,none,none,bg_001.jpg,315.0,1,0.8791964650154114,0.0,False,False,False,0.0,,False,,,0.0,0,1,1,0.5,5,
440,images/s2_pose_side_39.jpg,fixed_core_test,SYNTHETIC_3D,ok,outputs/shuttle_capability/controlled_capability/images/s2_pose_side_39.jpg,21,16,480,477,469.5,469.0,490.5,485.0,21.0,16.0,18.33,16-24,side,center,none,none,bg_001.jpg,315.0,1,0.8543111085891724,0.0,False,False,False,0.0,,False,,,0.0,0,1,1,0.5,5,
441,images/s2_pose_oblique_0.jpg,fixed_core_test,SYNTHETIC_3D,ok,outputs/shuttle_capability/controlled_capability/images/s2_pose_oblique_0.jpg,18,18,481,477,472.0,468.0,490.0,486.0,18.0,18.0,18.0,16-24,oblique,center,none,none,bg_001.jpg,315.0,2,0.8278619647026062,0.0,False,False,False,0.0,,False,,,0.0,0,2,1,0.5,5,
442,images/s2_pose_oblique_1.jpg,fixed_core_test,SYNTHETIC_3D,ok,outputs/shuttle_capability/controlled_capability/images/s2_pose_oblique_1.jpg,18,18,477,477,468.0,468.0,486.0,486.0,18.0,18.0,18.0,16-24,oblique,center,none,none,bg_001.jpg,315.0,2,0.8484818935394287,0.0,False,True,False,0.8682038967704607,0.8577065002209758,True,2,0.11507212370634079,0.8564825959865626,1,1,0,0.5,5,
443,images/s2_pose_oblique_2.jpg,fixed_core_test,SYNTHETIC_3D,ok,outputs/shuttle_capability/controlled_capability/images/s2_pose_oblique_2.jpg,18,18,481,481,472.0,472.0,490.0,490.0,18.0,18.0,18.0,16-24,oblique,center,none,none,bg_001.jpg,315.0,2,0.3386633098125458,0.0,False,False,False,0.0,,False,,,0.0,0,2,1,0.5,5,
444,images/s2_pose_oblique_3.jpg,fixed_core_test,SYNTHETIC_3D,ok,outputs/shuttle_capability/controlled_capability/images/s2_pose_oblique_3.jpg,18,18,477,481,468.0,472.0,486.0,490.0,18.0,18.0,18.0,16-24,oblique,center,none,none,bg_001.jpg,315.0,2,0.717867374420166,0.9016400698723805,True,True,True,0.9210926940043768,0.3921193035193702,True,1,0.717867374420166,0.9016400698723805,1,1,0,0.5,5,
445,images/s2_pose_oblique_4.jpg,fixed_core_test,SYNTHETIC_3D,ok,outputs/shuttle_capability/controlled_capability/images/s2_pose_oblique_4.jpg,18,18,481,477,472.0,468.0,490.0,486.0,18.0,18.0,18.0,16-24,oblique,center,none,none,bg_001.jpg,315.0,3,0.13644267618656158,0.6604443388404669,True,True,False,0.6604443388404669,1.976674299367142,True,1,0.13644267618656158,0.6604443388404669,1,2,0,0.5,5,
446,images/s2_pose_oblique_5.jpg,fixed_core_test,SYNTHETIC_3D,ok,outputs/shuttle_capability/controlled_capability/images/s2_pose_oblique_5.jpg,18,18,477,477,468.0,468.0,486.0,486.0,18.0,18.0,18.0,16-24,oblique,center,none,none,bg_001.jpg,315.0,5,0.597978949546814,0.7097050589318901,True,True,False,0.7533319177634922,2.2081933502468134,True,1,0.597978949546814,0.7097050589318901,1,4,0,0.5,5,
447,images/s2_pose_oblique_6.jpg,fixed_core_test,SYNTHETIC_3D,ok,outputs/shuttle_capability/controlled_capability/images/s2_pose_oblique_6.jpg,15,20,482,477,474.5,467.0,489.5,487.0,15.0,20.0,17.321,16-24,oblique,center,none,none,bg_001.jpg,315.0,2,0.7699746489524841,0.0,False,False,False,0.0,,False,,,0.0,0,2,1,0.5,5,
448,images/s2_pose_oblique_7.jpg,fixed_core_test,SYNTHETIC_3D,ok,outputs/shuttle_capability/controlled_capability/images/s2_pose_oblique_7.jpg,15,20,477,481,469.5,471.0,484.5,491.0,15.0,20.0,17.321,16-24,oblique,center,none,none,bg_001.jpg,315.0,1,0.8060932159423828,0.0,False,False,False,0.0,,False,,,0.0,0,1,1,0.5,5,
449,images/s2_pose_oblique_8.jpg,fixed_core_test,SYNTHETIC_3D,ok,outputs/shuttle_capability/controlled_capability/images/s2_pose_oblique_8.jpg,18,18,481,477,472.0,468.0,490.0,486.0,18.0,18.0,18.0,16-24,oblique,center,none,none,bg_001.jpg,315.0,3,0.7866724729537964,0.0,False,False,False,0.0,,False,,,0.0,0,3,1,0.5,5,
450,images/s2_pose_oblique_9.jpg,fixed_core_test,SYNTHETIC_3D,ok,outputs/shuttle_capability/controlled_capability/images/s2_pose_oblique_9.jpg,18,18,477,477,468.0,468.0,486.0,486.0,18.0,18.0,18.0,16-24,oblique,center,none,none,bg_001.jpg,315.0,3,0.405659556388855,0.0,False,False,False,0.0,,False,,,0.0,0,3,1,0.5,5,
451,images/s2_pose_oblique_10.jpg,fixed_core_test,SYNTHETIC_3D,ok,outputs/shuttle_capability/controlled_capability/images/s2_pose_oblique_10.jpg,18,18,481,481,472.0,472.0,490.0,490.0,18.0,18.0,18.0,16-24,oblique,center,none,none,bg_001.jpg,315.0,1,0.8041080832481384,0.0,False,False,False,0.0,,False,,,0.0,0,1,1,0.5,5,
452,images/s2_pose_oblique_11.jpg,fixed_core_test,SYNTHETIC_3D,ok,outputs/shuttle_capability/controlled_capability/images/s2_pose_oblique_11.jpg,18,18,477,481,468.0,472.0,486.0,490.0,18.0,18.0,18.0,16-24,oblique,center,none,none,bg_001.jpg,315.0,3,0.5822561979293823,0.8002123738108282,True,True,True,0.9637328217978831,1.6424830025879553,True,1,0.5822561979293823,0.8002123738108282,1,2,0,0.5,5,
453,images/s2_pose_oblique_12.jpg,fixed_core_test,SYNTHETIC_3D,ok,outputs/shuttle_capability/controlled_capability/images/s2_pose_oblique_12.jpg,18,18,481,477,472.0,468.0,490.0,486.0,18.0,18.0,18.0,16-24,oblique,center,none,none,bg_001.jpg,315.0,3,0.5758211612701416,0.6868798432664739,True,True,False,0.6868798432664739,1.7893285202185591,True,1,0.5758211612701416,0.6868798432664739,1,2,0,0.5,5,
454,images/s2_pose_oblique_13.jpg,fixed_core_test,SYNTHETIC_3D,ok,outputs/shuttle_capability/controlled_capability/images/s2_pose_oblique_13.jpg,18,18,477,477,468.0,468.0,486.0,486.0,18.0,18.0,18.0,16-24,oblique,center,none,none,bg_001.jpg,315.0,0,,,False,False,False,0.0,,False,,,0.0,0,0,1,0.5,5,
455,images/s2_pose_oblique_14.jpg,fixed_core_test,SYNTHETIC_3D,ok,outputs/shuttle_capability/controlled_capability/images/s2_pose_oblique_14.jpg,15,20,482,477,474.5,467.0,489.5,487.0,15.0,20.0,17.321,16-24,oblique,center,none,none,bg_001.jpg,315.0,3,0.5537506341934204,0.0,False,True,True,1.0,0.9292820058196689,True,2,0.08528158068656921,0.8132965643767341,1,2,0,0.5,5,
456,images/s2_pose_oblique_15.jpg,fixed_core_test,SYNTHETIC_3D,ok,outputs/shuttle_capability/controlled_capability/images/s2_pose_oblique_15.jpg,15,20,477,481,469.5,471.0,484.5,491.0,15.0,20.0,17.321,16-24,oblique,center,none,none,bg_001.jpg,315.0,3,0.868829607963562,0.0,False,False,False,0.0,,False,,,0.0,0,3,1,0.5,5,
457,images/s2_pose_oblique_16.jpg,fixed_core_test,SYNTHETIC_3D,ok,outputs/shuttle_capability/controlled_capability/images/s2_pose_oblique_16.jpg,18,18,481,477,472.0,468.0,490.0,486.0,18.0,18.0,18.0,16-24,oblique,center,none,none,bg_001.jpg,315.0,1,0.08095242083072662,0.0,False,False,False,0.0,,False,,,0.0,0,1,1,0.5,5,
458,images/s2_pose_oblique_17.jpg,fixed_core_test,SYNTHETIC_3D,ok,outputs/shuttle_capability/controlled_capability/images/s2_pose_oblique_17.jpg,18,18,477,477,468.0,468.0,486.0,486.0,18.0,18.0,18.0,16-24,oblique,center,none,none,bg_001.jpg,315.0,3,0.6784769892692566,0.9560578148780827,True,True,True,0.9680735270182291,0.2971513631959227,True,1,0.6784769892692566,0.9560578148780827,1,2,0,0.5,5,
459,images/s2_pose_oblique_18.jpg,fixed_core_test,SYNTHETIC_3D,ok,outputs/shuttle_capability/controlled_capability/images/s2_pose_oblique_18.jpg,18,18,481,481,472.0,472.0,490.0,490.0,18.0,18.0,18.0,16-24,oblique,center,none,none,bg_001.jpg,315.0,2,0.852899432182312,0.0,False,False,False,0.0,,False,,,0.0,0,2,1,0.5,5,
460,images/s2_pose_oblique_19.jpg,fixed_core_test,SYNTHETIC_3D,ok,outputs/shuttle_capability/controlled_capability/images/s2_pose_oblique_19.jpg,18,18,477,481,468.0,472.0,486.0,490.0,18.0,18.0,18.0,16-24,oblique,center,none,none,bg_001.jpg,315.0,2,0.6980200409889221,0.0,False,False,False,0.0,,False,,,0.0,0,2,1,0.5,5,
461,images/s2_pose_oblique_20.jpg,fixed_core_test,SYNTHETIC_3D,ok,outputs/shuttle_capability/controlled_capability/images/s2_pose_oblique_20.jpg,18,18,481,477,472.0,468.0,490.0,486.0,18.0,18.0,18.0,16-24,oblique,center,none,none,bg_001.jpg,315.0,2,0.16327685117721558,0.786845082207604,True,True,False,0.8454592749476433,1.5393114523997717,True,1,0.16327685117721558,0.786845082207604,1,1,0,0.5,5,
462,images/s2_pose_oblique_21.jpg,fixed_core_test,SYNTHETIC_3D,ok,outputs/shuttle_capability/controlled_capability/images/s2_pose_oblique_21.jpg,18,18,477,477,468.0,468.0,486.0,486.0,18.0,18.0,18.0,16-24,oblique,center,none,none,bg_001.jpg,315.0,2,0.8543686270713806,0.0,False,False,False,0.0,,False,,,0.0,0,2,1,0.5,5,
463,images/s2_pose_oblique_22.jpg,fixed_core_test,SYNTHETIC_3D,ok,outputs/shuttle_capability/controlled_capability/images/s2_pose_oblique_22.jpg,15,20,482,477,474.5,467.0,489.5,487.0,15.0,20.0,17.321,16-24,oblique,center,none,none,bg_001.jpg,315.0,3,0.7947045564651489,0.0,False,False,False,0.0,,False,,,0.0,0,3,1,0.5,5,
464,images/s2_pose_oblique_23.jpg,fixed_core_test,SYNTHETIC_3D,ok,outputs/shuttle_capability/controlled_capability/images/s2_pose_oblique_23.jpg,15,20,477,481,469.5,471.0,484.5,491.0,15.0,20.0,17.321,16-24,oblique,center,none,none,bg_001.jpg,315.0,0,,,False,False,False,0.0,,False,,,0.0,0,0,1,0.5,5,
465,images/s2_pose_oblique_24.jpg,fixed_core_test,SYNTHETIC_3D,ok,outputs/shuttle_capability/controlled_capability/images/s2_pose_oblique_24.jpg,18,18,481,477,472.0,468.0,490.0,486.0,18.0,18.0,18.0,16-24,oblique,center,none,none,bg_001.jpg,315.0,1,0.6510603427886963,0.0,False,False,False,0.0,,False,,,0.0,0,1,1,0.5,5,
466,images/s2_pose_oblique_25.jpg,fixed_core_test,SYNTHETIC_3D,ok,outputs/shuttle_capability/controlled_capability/images/s2_pose_oblique_25.jpg,18,18,477,477,468.0,468.0,486.0,486.0,18.0,18.0,18.0,16-24,oblique,center,none,none,bg_001.jpg,315.0,4,0.7562883496284485,0.0,False,True,True,0.9684855143229166,0.7414408523204749,True,4,0.24854150414466858,0.8853463697424429,1,3,0,0.5,5,
467,images/s2_pose_oblique_26.jpg,fixed_core_test,SYNTHETIC_3D,ok,outputs/shuttle_capability/controlled_capability/images/s2_pose_oblique_26.jpg,18,18,481,481,472.0,472.0,490.0,490.0,18.0,18.0,18.0,16-24,oblique,center,none,none,bg_001.jpg,315.0,0,,,False,False,False,0.0,,False,,,0.0,0,0,1,0.5,5,
468,images/s2_pose_oblique_27.jpg,fixed_core_test,SYNTHETIC_3D,ok,outputs/shuttle_capability/controlled_capability/images/s2_pose_oblique_27.jpg,18,18,477,481,468.0,472.0,486.0,490.0,18.0,18.0,18.0,16-24,oblique,center,none,none,bg_001.jpg,315.0,2,0.4985506236553192,0.6144408548716171,True,True,False,0.614691825169656,2.465883350510772,True,1,0.4985506236553192,0.6144408548716171,1,1,0,0.5,5,
469,images/s2_pose_oblique_28.jpg,fixed_core_test,SYNTHETIC_3D,ok,outputs/shuttle_capability/controlled_capability/images/s2_pose_oblique_28.jpg,18,18,481,477,472.0,468.0,490.0,486.0,18.0,18.0,18.0,16-24,oblique,center,none,none,bg_001.jpg,315.0,2,0.17467671632766724,0.0,False,False,False,0.0,,False,,,0.0,0,2,1,0.5,5,
470,images/s2_pose_oblique_29.jpg,fixed_core_test,SYNTHETIC_3D,ok,outputs/shuttle_capability/controlled_capability/images/s2_pose_oblique_29.jpg,18,18,477,477,468.0,468.0,486.0,486.0,18.0,18.0,18.0,16-24,oblique,center,none,none,bg_001.jpg,315.0,1,0.7079920172691345,0.8333284485592902,True,True,False,0.8584507523466729,1.2263879793261818,True,1,0.7079920172691345,0.8333284485592902,1,0,0,0.5,5,
471,images/s2_pose_oblique_30.jpg,fixed_core_test,SYNTHETIC_3D,ok,outputs/shuttle_capability/controlled_capability/images/s2_pose_oblique_30.jpg,15,20,482,477,474.5,467.0,489.5,487.0,15.0,20.0,17.321,16-24,oblique,center,none,none,bg_001.jpg,315.0,1,0.8060204386711121,0.6948729845596552,True,True,True,1.0,1.765246179030619,True,1,0.8060204386711121,0.6948729845596552,1,0,0,0.5,5,
472,images/s2_pose_oblique_31.jpg,fixed_core_test,SYNTHETIC_3D,ok,outputs/shuttle_capability/controlled_capability/images/s2_pose_oblique_31.jpg,15,20,477,481,469.5,471.0,484.5,491.0,15.0,20.0,17.321,16-24,oblique,center,none,none,bg_001.jpg,315.0,1,0.3824993968009949,0.0,False,False,False,0.0,,False,,,0.0,0,1,1,0.5,5,
473,images/s2_pose_oblique_32.jpg,fixed_core_test,SYNTHETIC_3D,ok,outputs/shuttle_capability/controlled_capability/images/s2_pose_oblique_32.jpg,18,18,481,477,472.0,468.0,490.0,486.0,18.0,18.0,18.0,16-24,oblique,center,none,none,bg_001.jpg,315.0,2,0.4840944707393646,0.0,False,False,False,0.0,,False,,,0.0,0,2,1,0.5,5,
474,images/s2_pose_oblique_33.jpg,fixed_core_test,SYNTHETIC_3D,ok,outputs/shuttle_capability/controlled_capability/images/s2_pose_oblique_33.jpg,18,18,477,477,468.0,468.0,486.0,486.0,18.0,18.0,18.0,16-24,oblique,center,none,none,bg_001.jpg,315.0,1,0.8071670532226562,0.0,False,False,False,0.0,,False,,,0.0,0,1,1,0.5,5,
475,images/s2_pose_oblique_34.jpg,fixed_core_test,SYNTHETIC_3D,ok,outputs/shuttle_capability/controlled_capability/images/s2_pose_oblique_34.jpg,18,18,481,481,472.0,472.0,490.0,490.0,18.0,18.0,18.0,16-24,oblique,center,none,none,bg_001.jpg,315.0,2,0.2895309627056122,0.0,False,True,False,0.710475704241774,0.31646724689891736,True,2,0.25547486543655396,0.710475704241774,1,1,0,0.5,5,
476,images/s2_pose_oblique_35.jpg,fixed_core_test,SYNTHETIC_3D,ok,outputs/shuttle_capability/controlled_capability/images/s2_pose_oblique_35.jpg,18,18,477,481,468.0,472.0,486.0,490.0,18.0,18.0,18.0,16-24,oblique,center,none,none,bg_001.jpg,315.0,2,0.6937028169631958,0.8802868179095985,True,True,True,0.9113525268966677,0.8131460639557176,True,1,0.6937028169631958,0.8802868179095985,1,1,0,0.5,5,
477,images/s2_pose_oblique_36.jpg,fixed_core_test,SYNTHETIC_3D,ok,outputs/shuttle_capability/controlled_capability/images/s2_pose_oblique_36.jpg,18,18,481,477,472.0,468.0,490.0,486.0,18.0,18.0,18.0,16-24,oblique,center,none,none,bg_001.jpg,315.0,3,0.31314483284950256,0.0,False,False,False,0.0,,False,,,0.0,0,3,1,0.5,5,
478,images/s2_pose_oblique_37.jpg,fixed_core_test,SYNTHETIC_3D,ok,outputs/shuttle_capability/controlled_capability/images/s2_pose_oblique_37.jpg,18,18,477,477,468.0,468.0,486.0,486.0,18.0,18.0,18.0,16-24,oblique,center,none,none,bg_001.jpg,315.0,3,0.8566795587539673,0.0,False,True,True,0.9250047471788194,1.083140932179608,True,3,0.08504292368888855,0.8697766544613728,1,2,0,0.5,5,
479,images/s2_pose_oblique_38.jpg,fixed_core_test,SYNTHETIC_3D,ok,outputs/shuttle_capability/controlled_capability/images/s2_pose_oblique_38.jpg,15,20,482,477,474.5,467.0,489.5,487.0,15.0,20.0,17.321,16-24,oblique,center,none,none,bg_001.jpg,315.0,1,0.8763723373413086,0.0,False,False,False,0.0,,False,,,0.0,0,1,1,0.5,5,
480,images/s2_pose_oblique_39.jpg,fixed_core_test,SYNTHETIC_3D,ok,outputs/shuttle_capability/controlled_capability/images/s2_pose_oblique_39.jpg,15,20,477,481,469.5,471.0,484.5,491.0,15.0,20.0,17.321,16-24,oblique,center,none,none,bg_001.jpg,315.0,1,0.8721286654472351,0.0,False,False,False,0.0,,False,,,0.0,0,1,1,0.5,5,
481,images/s2_pose_yaw_only_0.jpg,fixed_core_test,SYNTHETIC_3D,ok,outputs/shuttle_capability/controlled_capability/images/s2_pose_yaw_only_0.jpg,19,16,482,479,472.5,471.0,491.5,487.0,19.0,16.0,17.436,16-24,yaw_only,center,none,none,bg_001.jpg,315.0,2,0.8328015208244324,0.0,False,False,False,0.0,,False,,,0.0,0,2,1,0.5,5,
482,images/s2_pose_yaw_only_1.jpg,fixed_core_test,SYNTHETIC_3D,ok,outputs/shuttle_capability/controlled_capability/images/s2_pose_yaw_only_1.jpg,21,16,481,479,470.5,471.0,491.5,487.0,21.0,16.0,18.33,16-24,yaw_only,center,none,none,bg_001.jpg,315.0,1,0.8462768793106079,0.0,False,False,False,0.0,,False,,,0.0,0,1,1,0.5,5,
483,images/s2_pose_yaw_only_2.jpg,fixed_core_test,SYNTHETIC_3D,ok,outputs/shuttle_capability/controlled_capability/images/s2_pose_yaw_only_2.jpg,20,16,479,479,469.0,471.0,489.0,487.0,20.0,16.0,17.889,16-24,yaw_only,center,none,none,bg_001.jpg,315.0,1,0.07638023048639297,0.0,False,False,False,0.0,,False,,,0.0,0,1,1,0.5,5,
484,images/s2_pose_yaw_only_3.jpg,fixed_core_test,SYNTHETIC_3D,ok,outputs/shuttle_capability/controlled_capability/images/s2_pose_yaw_only_3.jpg,21,16,481,479,470.5,471.0,491.5,487.0,21.0,16.0,18.33,16-24,yaw_only,center,none,none,bg_001.jpg,315.0,1,0.3054777681827545,0.0,False,False,False,0.0,,False,,,0.0,0,1,1,0.5,5,
485,images/s2_pose_yaw_only_4.jpg,fixed_core_test,SYNTHETIC_3D,ok,outputs/shuttle_capability/controlled_capability/images/s2_pose_yaw_only_4.jpg,19,18,482,479,472.5,470.0,491.5,488.0,19.0,18.0,18.493,16-24,yaw_only,center,none,none,bg_001.jpg,315.0,3,0.164291650056839,0.7509399641185005,True,True,False,0.7518179041431531,1.3264151060970846,True,1,0.164291650056839,0.7509399641185005,1,2,0,0.5,5,
486,images/s2_pose_yaw_only_5.jpg,fixed_core_test,SYNTHETIC_3D,ok,outputs/shuttle_capability/controlled_capability/images/s2_pose_yaw_only_5.jpg,19,16,477,479,467.5,471.0,486.5,487.0,19.0,16.0,17.436,16-24,yaw_only,center,none,none,bg_001.jpg,315.0,5,0.30351462960243225,0.0,False,True,False,0.7610763916194341,2.021769119562524,True,5,0.07204185426235199,0.7143972674998454,1,4,0,0.5,5,
487,images/s2_pose_yaw_only_6.jpg,fixed_core_test,SYNTHETIC_3D,ok,outputs/shuttle_capability/controlled_capability/images/s2_pose_yaw_only_6.jpg,21,16,478,479,467.5,471.0,488.5,487.0,21.0,16.0,18.33,16-24,yaw_only,center,none,none,bg_001.jpg,315.0,3,0.7036950588226318,0.0,False,False,False,0.0,,False,,,0.0,0,3,1,0.5,5,
488,images/s2_pose_yaw_only_7.jpg,fixed_core_test,SYNTHETIC_3D,ok,outputs/shuttle_capability/controlled_capability/images/s2_pose_yaw_only_7.jpg,20,16,479,479,469.0,471.0,489.0,487.0,20.0,16.0,17.889,16-24,yaw_only,center,none,none,bg_001.jpg,315.0,1,0.8240333795547485,0.0,False,False,False,0.0,,False,,,0.0,0,1,1,0.5,5,
489,images/s2_pose_yaw_only_8.jpg,fixed_core_test,SYNTHETIC_3D,ok,outputs/shuttle_capability/controlled_capability/images/s2_pose_yaw_only_8.jpg,19,16,482,479,472.5,471.0,491.5,487.0,19.0,16.0,17.436,16-24,yaw_only,center,none,none,bg_001.jpg,315.0,3,0.7809329032897949,0.0,False,False,False,0.0,,False,,,0.0,0,3,1,0.5,5,
490,images/s2_pose_yaw_only_9.jpg,fixed_core_test,SYNTHETIC_3D,ok,outputs/shuttle_capability/controlled_capability/images/s2_pose_yaw_only_9.jpg,21,16,481,479,470.5,471.0,491.5,487.0,21.0,16.0,18.33,16-24,yaw_only,center,none,none,bg_001.jpg,315.0,3,0.1152302697300911,0.0,False,False,False,0.0,,False,,,0.0,0,3,1,0.5,5,
491,images/s2_pose_yaw_only_10.jpg,fixed_core_test,SYNTHETIC_3D,ok,outputs/shuttle_capability/controlled_capability/images/s2_pose_yaw_only_10.jpg,20,16,479,479,469.0,471.0,489.0,487.0,20.0,16.0,17.889,16-24,yaw_only,center,none,none,bg_001.jpg,315.0,1,0.8170444965362549,0.0,False,False,False,0.0,,False,,,0.0,0,1,1,0.5,5,
492,images/s2_pose_yaw_only_11.jpg,fixed_core_test,SYNTHETIC_3D,ok,outputs/shuttle_capability/controlled_capability/images/s2_pose_yaw_only_11.jpg,21,16,481,479,470.5,471.0,491.5,487.0,21.0,16.0,18.33,16-24,yaw_only,center,none,none,bg_001.jpg,315.0,3,0.11662206053733826,0.0,False,False,False,0.0,,False,,,0.0,0,3,1,0.5,5,
493,images/s2_pose_yaw_only_12.jpg,fixed_core_test,SYNTHETIC_3D,ok,outputs/shuttle_capability/controlled_capability/images/s2_pose_yaw_only_12.jpg,19,18,482,479,472.5,470.0,491.5,488.0,19.0,18.0,18.493,16-24,yaw_only,center,none,none,bg_001.jpg,315.0,4,0.07857430726289749,0.7544311841851786,True,True,False,0.7544311841851786,0.5854586114519702,True,1,0.07857430726289749,0.7544311841851786,1,3,0,0.5,5,
494,images/s2_pose_yaw_only_13.jpg,fixed_core_test,SYNTHETIC_3D,ok,outputs/shuttle_capability/controlled_capability/images/s2_pose_yaw_only_13.jpg,19,16,477,479,467.5,471.0,486.5,487.0,19.0,16.0,17.436,16-24,yaw_only,center,none,none,bg_001.jpg,315.0,0,,,False,False,False,0.0,,False,,,0.0,0,0,1,0.5,5,
495,images/s2_pose_yaw_only_14.jpg,fixed_core_test,SYNTHETIC_3D,ok,outputs/shuttle_capability/controlled_capability/images/s2_pose_yaw_only_14.jpg,21,16,478,479,467.5,471.0,488.5,487.0,21.0,16.0,18.33,16-24,yaw_only,center,none,none,bg_001.jpg,315.0,2,0.6191706657409668,0.0,False,False,False,0.0,,False,,,0.0,0,2,1,0.5,5,
496,images/s2_pose_yaw_only_15.jpg,fixed_core_test,SYNTHETIC_3D,ok,outputs/shuttle_capability/controlled_capability/images/s2_pose_yaw_only_15.jpg,20,16,479,479,469.0,471.0,489.0,487.0,20.0,16.0,17.889,16-24,yaw_only,center,none,none,bg_001.jpg,315.0,2,0.8681665658950806,0.0,False,False,False,0.0,,False,,,0.0,0,2,1,0.5,5,
497,images/s2_pose_yaw_only_16.jpg,fixed_core_test,SYNTHETIC_3D,ok,outputs/shuttle_capability/controlled_capability/images/s2_pose_yaw_only_16.jpg,19,16,482,479,472.5,471.0,491.5,487.0,19.0,16.0,17.436,16-24,yaw_only,center,none,none,bg_001.jpg,315.0,4,0.3658079206943512,0.0,False,False,False,0.0,,False,,,0.0,0,4,1,0.5,5,
498,images/s2_pose_yaw_only_17.jpg,fixed_core_test,SYNTHETIC_3D,ok,outputs/shuttle_capability/controlled_capability/images/s2_pose_yaw_only_17.jpg,21,16,481,479,470.5,471.0,491.5,487.0,21.0,16.0,18.33,16-24,yaw_only,center,none,none,bg_001.jpg,315.0,1,0.0525444932281971,0.0,False,False,False,0.0,,False,,,0.0,0,1,1,0.5,5,
499,images/s2_pose_yaw_only_18.jpg,fixed_core_test,SYNTHETIC_3D,ok,outputs/shuttle_capability/controlled_capability/images/s2_pose_yaw_only_18.jpg,20,16,479,479,469.0,471.0,489.0,487.0,20.0,16.0,17.889,16-24,yaw_only,center,none,none,bg_001.jpg,315.0,2,0.8487010598182678,0.0,False,False,False,0.0,,False,,,0.0,0,2,1,0.5,5,
500,images/s2_pose_yaw_only_19.jpg,fixed_core_test,SYNTHETIC_3D,ok,outputs/shuttle_capability/controlled_capability/images/s2_pose_yaw_only_19.jpg,21,16,481,479,470.5,471.0,491.5,487.0,21.0,16.0,18.33,16-24,yaw_only,center,none,none,bg_001.jpg,315.0,2,0.6969319581985474,0.0,False,False,False,0.0,,False,,,0.0,0,2,1,0.5,5,
501,images/s2_pose_yaw_only_20.jpg,fixed_core_test,SYNTHETIC_3D,ok,outputs/shuttle_capability/controlled_capability/images/s2_pose_yaw_only_20.jpg,19,18,482,479,472.5,470.0,491.5,488.0,19.0,18.0,18.493,16-24,yaw_only,center,none,none,bg_001.jpg,315.0,4,0.3163601756095886,0.7432866453543682,True,True,False,0.8318177793441852,2.110040742016341,True,1,0.3163601756095886,0.7432866453543682,1,3,0,0.5,5,
502,images/s2_pose_yaw_only_21.jpg,fixed_core_test,SYNTHETIC_3D,ok,outputs/shuttle_capability/controlled_capability/images/s2_pose_yaw_only_21.jpg,19,16,477,479,467.5,471.0,486.5,487.0,19.0,16.0,17.436,16-24,yaw_only,center,none,none,bg_001.jpg,315.0,2,0.8513786792755127,0.0,False,False,False,0.0,,False,,,0.0,0,2,1,0.5,5,
503,images/s2_pose_yaw_only_22.jpg,fixed_core_test,SYNTHETIC_3D,ok,outputs/shuttle_capability/controlled_capability/images/s2_pose_yaw_only_22.jpg,21,16,478,479,467.5,471.0,488.5,487.0,21.0,16.0,18.33,16-24,yaw_only,center,none,none,bg_001.jpg,315.0,2,0.800697922706604,0.0,False,False,False,0.0,,False,,,0.0,0,2,1,0.5,5,
504,images/s2_pose_yaw_only_23.jpg,fixed_core_test,SYNTHETIC_3D,ok,outputs/shuttle_capability/controlled_capability/images/s2_pose_yaw_only_23.jpg,20,16,479,479,469.0,471.0,489.0,487.0,20.0,16.0,17.889,16-24,yaw_only,center,none,none,bg_001.jpg,315.0,1,0.13392692804336548,0.0,False,False,False,0.0,,False,,,0.0,0,1,1,0.5,5,
505,images/s2_pose_yaw_only_24.jpg,fixed_core_test,SYNTHETIC_3D,ok,outputs/shuttle_capability/controlled_capability/images/s2_pose_yaw_only_24.jpg,19,16,482,479,472.5,471.0,491.5,487.0,19.0,16.0,17.436,16-24,yaw_only,center,none,none,bg_001.jpg,315.0,2,0.6029820442199707,0.0,False,False,False,0.0,,False,,,0.0,0,2,1,0.5,5,
506,images/s2_pose_yaw_only_25.jpg,fixed_core_test,SYNTHETIC_3D,ok,outputs/shuttle_capability/controlled_capability/images/s2_pose_yaw_only_25.jpg,21,16,481,479,470.5,471.0,491.5,487.0,21.0,16.0,18.33,16-24,yaw_only,center,none,none,bg_001.jpg,315.0,4,0.7359066009521484,0.0,False,False,False,0.0,,False,,,0.0,0,4,1,0.5,5,
507,images/s2_pose_yaw_only_26.jpg,fixed_core_test,SYNTHETIC_3D,ok,outputs/shuttle_capability/controlled_capability/images/s2_pose_yaw_only_26.jpg,20,16,479,479,469.0,471.0,489.0,487.0,20.0,16.0,17.889,16-24,yaw_only,center,none,none,bg_001.jpg,315.0,2,0.1512720286846161,0.0,False,False,False,0.0,,False,,,0.0,0,2,1,0.5,5,
508,images/s2_pose_yaw_only_27.jpg,fixed_core_test,SYNTHETIC_3D,ok,outputs/shuttle_capability/controlled_capability/images/s2_pose_yaw_only_27.jpg,21,16,481,479,470.5,471.0,491.5,487.0,21.0,16.0,18.33,16-24,yaw_only,center,none,none,bg_001.jpg,315.0,1,0.057916734367609024,0.0,False,False,False,0.0,,False,,,0.0,0,1,1,0.5,5,
509,images/s2_pose_yaw_only_28.jpg,fixed_core_test,SYNTHETIC_3D,ok,outputs/shuttle_capability/controlled_capability/images/s2_pose_yaw_only_28.jpg,19,18,482,479,472.5,470.0,491.5,488.0,19.0,18.0,18.493,16-24,yaw_only,center,none,none,bg_001.jpg,315.0,3,0.14920486509799957,0.0,False,True,False,0.6074426613355938,0.47632696240749195,True,3,0.09901322424411774,0.6074426613355938,1,2,0,0.5,5,
510,images/s2_pose_yaw_only_29.jpg,fixed_core_test,SYNTHETIC_3D,ok,outputs/shuttle_capability/controlled_capability/images/s2_pose_yaw_only_29.jpg,19,16,477,479,467.5,471.0,486.5,487.0,19.0,16.0,17.436,16-24,yaw_only,center,none,none,bg_001.jpg,315.0,1,0.5922905802726746,0.8121588911185219,True,True,False,0.833744556502145,1.2710613042755972,True,1,0.5922905802726746,0.8121588911185219,1,0,0,0.5,5,
511,images/s2_pose_yaw_only_30.jpg,fixed_core_test,SYNTHETIC_3D,ok,outputs/shuttle_capability/controlled_capability/images/s2_pose_yaw_only_30.jpg,21,16,478,479,467.5,471.0,488.5,487.0,21.0,16.0,18.33,16-24,yaw_only,center,none,none,bg_001.jpg,315.0,3,0.7879349589347839,0.7332184647931722,True,True,True,1.0,1.8980262963106194,True,1,0.7879349589347839,0.7332184647931722,1,2,0,0.5,5,
512,images/s2_pose_yaw_only_31.jpg,fixed_core_test,SYNTHETIC_3D,ok,outputs/shuttle_capability/controlled_capability/images/s2_pose_yaw_only_31.jpg,20,16,479,479,469.0,471.0,489.0,487.0,20.0,16.0,17.889,16-24,yaw_only,center,none,none,bg_001.jpg,315.0,4,0.47427698969841003,0.0,False,False,False,0.10169474366703071,,False,,,0.0980764609351191,0,4,1,0.5,5,
513,images/s2_pose_yaw_only_32.jpg,fixed_core_test,SYNTHETIC_3D,ok,outputs/shuttle_capability/controlled_capability/images/s2_pose_yaw_only_32.jpg,19,16,482,479,472.5,471.0,491.5,487.0,19.0,16.0,17.436,16-24,yaw_only,center,none,none,bg_001.jpg,315.0,2,0.6946094632148743,0.0,False,False,False,0.0,,False,,,0.0,0,2,1,0.5,5,
514,images/s2_pose_yaw_only_33.jpg,fixed_core_test,SYNTHETIC_3D,ok,outputs/shuttle_capability/controlled_capability/images/s2_pose_yaw_only_33.jpg,21,16,481,479,470.5,471.0,491.5,487.0,21.0,16.0,18.33,16-24,yaw_only,center,none,none,bg_001.jpg,315.0,1,0.8387634754180908,0.0,False,False,False,0.0,,False,,,0.0,0,1,1,0.5,5,
515,images/s2_pose_yaw_only_34.jpg,fixed_core_test,SYNTHETIC_3D,ok,outputs/shuttle_capability/controlled_capability/images/s2_pose_yaw_only_34.jpg,20,16,479,479,469.0,471.0,489.0,487.0,20.0,16.0,17.889,16-24,yaw_only,center,none,none,bg_001.jpg,315.0,1,0.23249150812625885,0.0,False,False,False,0.0,,False,,,0.0,0,1,1,0.5,5,
516,images/s2_pose_yaw_only_35.jpg,fixed_core_test,SYNTHETIC_3D,ok,outputs/shuttle_capability/controlled_capability/images/s2_pose_yaw_only_35.jpg,21,16,481,479,470.5,471.0,491.5,487.0,21.0,16.0,18.33,16-24,yaw_only,center,none,none,bg_001.jpg,315.0,2,0.6737414598464966,0.0,False,True,False,0.7002557249008012,2.030003210188017,True,2,0.4719483256340027,0.6524494852778824,1,1,0,0.5,5,
517,images/s2_pose_yaw_only_36.jpg,fixed_core_test,SYNTHETIC_3D,ok,outputs/shuttle_capability/controlled_capability/images/s2_pose_yaw_only_36.jpg,19,18,482,479,472.5,470.0,491.5,488.0,19.0,18.0,18.493,16-24,yaw_only,center,none,none,bg_001.jpg,315.0,2,0.2957913875579834,0.0,False,False,False,0.0,,False,,,0.0,0,2,1,0.5,5,
518,images/s2_pose_yaw_only_37.jpg,fixed_core_test,SYNTHETIC_3D,ok,outputs/shuttle_capability/controlled_capability/images/s2_pose_yaw_only_37.jpg,19,16,477,479,467.5,471.0,486.5,487.0,19.0,16.0,17.436,16-24,yaw_only,center,none,none,bg_001.jpg,315.0,3,0.8561589121818542,0.0,False,True,False,0.6081559887021094,2.9958535170201275,True,2,0.3672081232070923,0.5761210807882587,1,2,0,0.5,5,
519,images/s2_pose_yaw_only_38.jpg,fixed_core_test,SYNTHETIC_3D,ok,outputs/shuttle_capability/controlled_capability/images/s2_pose_yaw_only_38.jpg,21,16,478,479,467.5,471.0,488.5,487.0,21.0,16.0,18.33,16-24,yaw_only,center,none,none,bg_001.jpg,315.0,1,0.8787916898727417,0.0,False,False,False,0.0,,False,,,0.0,0,1,1,0.5,5,
520,images/s2_pose_yaw_only_39.jpg,fixed_core_test,SYNTHETIC_3D,ok,outputs/shuttle_capability/controlled_capability/images/s2_pose_yaw_only_39.jpg,20,16,479,479,469.0,471.0,489.0,487.0,20.0,16.0,17.889,16-24,yaw_only,center,none,none,bg_001.jpg,315.0,1,0.847940981388092,0.0,False,False,False,0.0,,False,,,0.0,0,1,1,0.5,5,
521,images/s2_pose_pitch_only_0.jpg,fixed_core_test,SYNTHETIC_3D,ok,outputs/shuttle_capability/controlled_capability/images/s2_pose_pitch_only_0.jpg,16,19,479,477,471.0,467.5,487.0,486.5,16.0,19.0,17.436,16-24,pitch_only,center,none,none,bg_001.jpg,315.0,3,0.8216056227684021,0.0,False,True,True,1.0,1.8007444372262165,True,2,0.3542212247848511,0.6267008091787818,1,2,0,0.5,5,
522,images/s2_pose_pitch_only_1.jpg,fixed_core_test,SYNTHETIC_3D,ok,outputs/shuttle_capability/controlled_capability/images/s2_pose_pitch_only_1.jpg,16,21,479,478,471.0,467.5,487.0,488.5,16.0,21.0,18.33,16-24,pitch_only,center,none,none,bg_001.jpg,315.0,2,0.8486271500587463,0.0,False,True,True,0.9173047973641327,0.888767866567535,True,2,0.24190258979797363,0.8825457552407426,1,1,0,0.5,5,
523,images/s2_pose_pitch_only_2.jpg,fixed_core_test,SYNTHETIC_3D,ok,outputs/shuttle_capability/controlled_capability/images/s2_pose_pitch_only_2.jpg,16,20,479,479,471.0,469.0,487.0,489.0,16.0,20.0,17.889,16-24,pitch_only,center,none,none,bg_001.jpg,315.0,2,0.09935477375984192,0.0,False,False,False,0.0,,False,,,0.0,0,2,1,0.5,5,
524,images/s2_pose_pitch_only_3.jpg,fixed_core_test,SYNTHETIC_3D,ok,outputs/shuttle_capability/controlled_capability/images/s2_pose_pitch_only_3.jpg,16,21,479,478,471.0,467.5,487.0,488.5,16.0,21.0,18.33,16-24,pitch_only,center,none,none,bg_001.jpg,315.0,2,0.8004029393196106,0.8456824073051045,True,True,True,0.9139627639642207,1.1898408486474294,True,1,0.8004029393196106,0.8456824073051045,1,1,0,0.5,5,
525,images/s2_pose_pitch_only_4.jpg,fixed_core_test,SYNTHETIC_3D,ok,outputs/shuttle_capability/controlled_capability/images/s2_pose_pitch_only_4.jpg,18,19,479,477,470.0,467.5,488.0,486.5,18.0,19.0,18.493,16-24,pitch_only,center,none,none,bg_001.jpg,315.0,2,0.789705753326416,0.7269696574984935,True,True,False,0.7269696574984935,1.349287057043737,True,1,0.789705753326416,0.7269696574984935,1,1,0,0.5,5,
526,images/s2_pose_pitch_only_5.jpg,fixed_core_test,SYNTHETIC_3D,ok,outputs/shuttle_capability/controlled_capability/images/s2_pose_pitch_only_5.jpg,16,19,479,482,471.0,472.5,487.0,491.5,16.0,19.0,17.436,16-24,pitch_only,center,none,none,bg_001.jpg,315.0,5,0.710929811000824,0.6977173412350041,True,True,False,0.7839276241628748,2.3148383880219043,True,1,0.710929811000824,0.6977173412350041,1,4,0,0.5,5,
527,images/s2_pose_pitch_only_6.jpg,fixed_core_test,SYNTHETIC_3D,ok,outputs/shuttle_capability/controlled_capability/images/s2_pose_pitch_only_6.jpg,16,21,479,481,471.0,470.5,487.0,491.5,16.0,21.0,18.33,16-24,pitch_only,center,none,none,bg_001.jpg,315.0,2,0.7817748188972473,0.0,False,False,False,0.0,,False,,,0.0,0,2,1,0.5,5,
528,images/s2_pose_pitch_only_7.jpg,fixed_core_test,SYNTHETIC_3D,ok,outputs/shuttle_capability/controlled_capability/images/s2_pose_pitch_only_7.jpg,16,20,479,479,471.0,469.0,487.0,489.0,16.0,20.0,17.889,16-24,pitch_only,center,none,none,bg_001.jpg,315.0,1,0.8295385241508484,0.0,False,False,False,0.0,,False,,,0.0,0,1,1,0.5,5,
529,images/s2_pose_pitch_only_8.jpg,fixed_core_test,SYNTHETIC_3D,ok,outputs/shuttle_capability/controlled_capability/images/s2_pose_pitch_only_8.jpg,16,19,479,477,471.0,467.5,487.0,486.5,16.0,19.0,17.436,16-24,pitch_only,center,none,none,bg_001.jpg,315.0,4,0.8063948750495911,0.0,False,True,False,0.8261235505342484,0.9900588236424696,True,2,0.49555718898773193,0.7957907238003259,1,3,0,0.5,5,
530,images/s2_pose_pitch_only_9.jpg,fixed_core_test,SYNTHETIC_3D,ok,outputs/shuttle_capability/controlled_capability/images/s2_pose_pitch_only_9.jpg,16,21,479,478,471.0,467.5,487.0,488.5,16.0,21.0,18.33,16-24,pitch_only,center,none,none,bg_001.jpg,315.0,4,0.22355075180530548,0.0,False,False,False,0.0,,False,,,0.0,0,4,1,0.5,5,
531,images/s2_pose_pitch_only_10.jpg,fixed_core_test,SYNTHETIC_3D,ok,outputs/shuttle_capability/controlled_capability/images/s2_pose_pitch_only_10.jpg,16,20,479,479,471.0,469.0,487.0,489.0,16.0,20.0,17.889,16-24,pitch_only,center,none,none,bg_001.jpg,315.0,1,0.8112318515777588,0.0,False,False,False,0.0,,False,,,0.0,0,1,1,0.5,5,
532,images/s2_pose_pitch_only_11.jpg,fixed_core_test,SYNTHETIC_3D,ok,outputs/shuttle_capability/controlled_capability/images/s2_pose_pitch_only_11.jpg,16,21,479,478,471.0,467.5,487.0,488.5,16.0,21.0,18.33,16-24,pitch_only,center,none,none,bg_001.jpg,315.0,2,0.6316608786582947,0.7976566961078776,True,True,True,1.0,0.27325948131496786,True,1,0.6316608786582947,0.7976566961078776,1,1,0,0.5,5,
533,images/s2_pose_pitch_only_12.jpg,fixed_core_test,SYNTHETIC_3D,ok,outputs/shuttle_capability/controlled_capability/images/s2_pose_pitch_only_12.jpg,18,19,479,477,470.0,467.5,488.0,486.5,18.0,19.0,18.493,16-24,pitch_only,center,none,none,bg_001.jpg,315.0,4,0.7844326496124268,0.8502813472376037,True,True,False,0.8603148749288804,1.0637156639829028,True,1,0.7844326496124268,0.8502813472376037,1,3,0,0.5,5,
534,images/s2_pose_pitch_only_13.jpg,fixed_core_test,SYNTHETIC_3D,ok,outputs/shuttle_capability/controlled_capability/images/s2_pose_pitch_only_13.jpg,16,19,479,482,471.0,472.5,487.0,491.5,16.0,19.0,17.436,16-24,pitch_only,center,none,none,bg_001.jpg,315.0,2,0.09272270649671555,0.0,False,False,False,0.0,,False,,,0.0,0,2,1,0.5,5,
535,images/s2_pose_pitch_only_14.jpg,fixed_core_test,SYNTHETIC_3D,ok,outputs/shuttle_capability/controlled_capability/images/s2_pose_pitch_only_14.jpg,16,21,479,481,471.0,470.5,487.0,491.5,16.0,21.0,18.33,16-24,pitch_only,center,none,none,bg_001.jpg,315.0,4,0.669694721698761,0.0,False,True,False,0.7501002130863655,4.150695976468796,True,2,0.2514171004295349,0.5479385057167854,1,3,0,0.5,5,
536,images/s2_pose_pitch_only_15.jpg,fixed_core_test,SYNTHETIC_3D,ok,outputs/shuttle_capability/controlled_capability/images/s2_pose_pitch_only_15.jpg,16,20,479,479,471.0,469.0,487.0,489.0,16.0,20.0,17.889,16-24,pitch_only,center,none,none,bg_001.jpg,315.0,2,0.861246645450592,0.0,False,False,False,0.0,,False,,,0.0,0,2,1,0.5,5,
537,images/s2_pose_pitch_only_16.jpg,fixed_core_test,SYNTHETIC_3D,ok,outputs/shuttle_capability/controlled_capability/images/s2_pose_pitch_only_16.jpg,16,19,479,477,471.0,467.5,487.0,486.5,16.0,19.0,17.436,16-24,pitch_only,center,none,none,bg_001.jpg,315.0,1,0.09509476274251938,0.0,False,False,False,0.0,,False,,,0.0,0,1,1,0.5,5,
538,images/s2_pose_pitch_only_17.jpg,fixed_core_test,SYNTHETIC_3D,ok,outputs/shuttle_capability/controlled_capability/images/s2_pose_pitch_only_17.jpg,16,21,479,478,471.0,467.5,487.0,488.5,16.0,21.0,18.33,16-24,pitch_only,center,none,none,bg_001.jpg,315.0,2,0.38489294052124023,0.7032035281497632,True,True,False,0.7705889511798021,2.1381440547746644,True,1,0.38489294052124023,0.7032035281497632,1,1,0,0.5,5,
539,images/s2_pose_pitch_only_18.jpg,fixed_core_test,SYNTHETIC_3D,ok,outputs/shuttle_capability/controlled_capability/images/s2_pose_pitch_only_18.jpg,16,20,479,479,471.0,469.0,487.0,489.0,16.0,20.0,17.889,16-24,pitch_only,center,none,none,bg_001.jpg,315.0,2,0.8539298176765442,0.0,False,False,False,0.0,,False,,,0.0,0,2,1,0.5,5,
540,images/s2_pose_pitch_only_19.jpg,fixed_core_test,SYNTHETIC_3D,ok,outputs/shuttle_capability/controlled_capability/images/s2_pose_pitch_only_19.jpg,16,21,479,478,471.0,467.5,487.0,488.5,16.0,21.0,18.33,16-24,pitch_only,center,none,none,bg_001.jpg,315.0,2,0.6983801126480103,0.0,False,False,False,0.0,,False,,,0.0,0,2,1,0.5,5,
541,images/s2_pose_pitch_only_20.jpg,fixed_core_test,SYNTHETIC_3D,ok,outputs/shuttle_capability/controlled_capability/images/s2_pose_pitch_only_20.jpg,18,19,479,477,470.0,467.5,488.0,486.5,18.0,19.0,18.493,16-24,pitch_only,center,none,none,bg_001.jpg,315.0,4,0.7585046887397766,0.8283833533275005,True,True,False,0.8343349770582907,1.3928811080097623,True,1,0.7585046887397766,0.8283833533275005,1,3,0,0.5,5,
542,images/s2_pose_pitch_only_21.jpg,fixed_core_test,SYNTHETIC_3D,ok,outputs/shuttle_capability/controlled_capability/images/s2_pose_pitch_only_21.jpg,16,19,479,482,471.0,472.5,487.0,491.5,16.0,19.0,17.436,16-24,pitch_only,center,none,none,bg_001.jpg,315.0,3,0.8493096232414246,0.0,False,True,False,0.7146961272596136,1.6794344692047605,True,2,0.15687179565429688,0.7030777892512785,1,2,0,0.5,5,
543,images/s2_pose_pitch_only_22.jpg,fixed_core_test,SYNTHETIC_3D,ok,outputs/shuttle_capability/controlled_capability/images/s2_pose_pitch_only_22.jpg,16,21,479,481,471.0,470.5,487.0,491.5,16.0,21.0,18.33,16-24,pitch_only,center,none,none,bg_001.jpg,315.0,3,0.7971069812774658,0.0,False,True,False,0.8888499035993369,1.5284867668303554,True,2,0.3547855615615845,0.8021602172695596,1,2,0,0.5,5,
544,images/s2_pose_pitch_only_23.jpg,fixed_core_test,SYNTHETIC_3D,ok,outputs/shuttle_capability/controlled_capability/images/s2_pose_pitch_only_23.jpg,16,20,479,479,471.0,469.0,487.0,489.0,16.0,20.0,17.889,16-24,pitch_only,center,none,none,bg_001.jpg,315.0,0,,,False,False,False,0.0,,False,,,0.0,0,0,1,0.5,5,
545,images/s2_pose_pitch_only_24.jpg,fixed_core_test,SYNTHETIC_3D,ok,outputs/shuttle_capability/controlled_capability/images/s2_pose_pitch_only_24.jpg,16,19,479,477,471.0,467.5,487.0,486.5,16.0,19.0,17.436,16-24,pitch_only,center,none,none,bg_001.jpg,315.0,1,0.696437418460846,0.0,False,False,False,0.0,,False,,,0.0,0,1,1,0.5,5,
546,images/s2_pose_pitch_only_25.jpg,fixed_core_test,SYNTHETIC_3D,ok,outputs/shuttle_capability/controlled_capability/images/s2_pose_pitch_only_25.jpg,16,21,479,478,471.0,467.5,487.0,488.5,16.0,21.0,18.33,16-24,pitch_only,center,none,none,bg_001.jpg,315.0,4,0.7260619401931763,0.0,False,True,True,0.9656310669545617,0.795794575736427,True,4,0.06669119000434875,0.8899745535981647,1,3,0,0.5,5,
547,images/s2_pose_pitch_only_26.jpg,fixed_core_test,SYNTHETIC_3D,ok,outputs/shuttle_capability/controlled_capability/images/s2_pose_pitch_only_26.jpg,16,20,479,479,471.0,469.0,487.0,489.0,16.0,20.0,17.889,16-24,pitch_only,center,none,none,bg_001.jpg,315.0,2,0.10807449370622635,0.0,False,False,False,0.0,,False,,,0.0,0,2,1,0.5,5,
548,images/s2_pose_pitch_only_27.jpg,fixed_core_test,SYNTHETIC_3D,ok,outputs/shuttle_capability/controlled_capability/images/s2_pose_pitch_only_27.jpg,16,21,479,478,471.0,467.5,487.0,488.5,16.0,21.0,18.33,16-24,pitch_only,center,none,none,bg_001.jpg,315.0,2,0.21179723739624023,0.7789336468762336,True,True,False,0.8481229296885431,1.8077824798842845,True,1,0.21179723739624023,0.7789336468762336,1,1,0,0.5,5,
549,images/s2_pose_pitch_only_28.jpg,fixed_core_test,SYNTHETIC_3D,ok,outputs/shuttle_capability/controlled_capability/images/s2_pose_pitch_only_28.jpg,18,19,479,477,470.0,467.5,488.0,486.5,18.0,19.0,18.493,16-24,pitch_only,center,none,none,bg_001.jpg,315.0,3,0.7272776365280151,0.816733534119409,True,True,True,0.9291602240668403,0.9991238770564073,True,1,0.7272776365280151,0.816733534119409,1,2,0,0.5,5,
550,images/s2_pose_pitch_only_29.jpg,fixed_core_test,SYNTHETIC_3D,ok,outputs/shuttle_capability/controlled_capability/images/s2_pose_pitch_only_29.jpg,16,19,479,482,471.0,472.5,487.0,491.5,16.0,19.0,17.436,16-24,pitch_only,center,none,none,bg_001.jpg,315.0,1,0.8105494976043701,0.8003950772908454,True,True,True,0.9083516938875331,1.4316706098881151,True,1,0.8105494976043701,0.8003950772908454,1,0,0,0.5,5,
551,images/s2_pose_pitch_only_30.jpg,fixed_core_test,SYNTHETIC_3D,ok,outputs/shuttle_capability/controlled_capability/images/s2_pose_pitch_only_30.jpg,16,21,479,481,471.0,470.5,487.0,491.5,16.0,21.0,18.33,16-24,pitch_only,center,none,none,bg_001.jpg,315.0,2,0.7859301567077637,0.8851814146045268,True,True,True,0.9876053576313314,0.8456003235903717,True,1,0.7859301567077637,0.8851814146045268,1,1,0,0.5,5,
552,images/s2_pose_pitch_only_31.jpg,fixed_core_test,SYNTHETIC_3D,ok,outputs/shuttle_capability/controlled_capability/images/s2_pose_pitch_only_31.jpg,16,20,479,479,471.0,469.0,487.0,489.0,16.0,20.0,17.889,16-24,pitch_only,center,none,none,bg_001.jpg,315.0,1,0.3843401372432709,0.0,False,False,False,0.0,,False,,,0.0,0,1,1,0.5,5,
553,images/s2_pose_pitch_only_32.jpg,fixed_core_test,SYNTHETIC_3D,ok,outputs/shuttle_capability/controlled_capability/images/s2_pose_pitch_only_32.jpg,16,19,479,477,471.0,467.5,487.0,486.5,16.0,19.0,17.436,16-24,pitch_only,center,none,none,bg_001.jpg,315.0,2,0.6096615791320801,0.0,False,False,False,0.0,,False,,,0.0,0,2,1,0.5,5,
554,images/s2_pose_pitch_only_33.jpg,fixed_core_test,SYNTHETIC_3D,ok,outputs/shuttle_capability/controlled_capability/images/s2_pose_pitch_only_33.jpg,16,21,479,478,471.0,467.5,487.0,488.5,16.0,21.0,18.33,16-24,pitch_only,center,none,none,bg_001.jpg,315.0,1,0.808325469493866,0.0,False,False,False,0.0,,False,,,0.0,0,1,1,0.5,5,
555,images/s2_pose_pitch_only_34.jpg,fixed_core_test,SYNTHETIC_3D,ok,outputs/shuttle_capability/controlled_capability/images/s2_pose_pitch_only_34.jpg,16,20,479,479,471.0,469.0,487.0,489.0,16.0,20.0,17.889,16-24,pitch_only,center,none,none,bg_001.jpg,315.0,3,0.40287163853645325,0.0,False,False,False,0.0,,False,,,0.0,0,3,1,0.5,5,
556,images/s2_pose_pitch_only_35.jpg,fixed_core_test,SYNTHETIC_3D,ok,outputs/shuttle_capability/controlled_capability/images/s2_pose_pitch_only_35.jpg,16,21,479,478,471.0,467.5,487.0,488.5,16.0,21.0,18.33,16-24,pitch_only,center,none,none,bg_001.jpg,315.0,2,0.7940607666969299,0.7988688292548933,True,True,False,0.8355194229433047,1.001942302225268,True,1,0.7940607666969299,0.7988688292548933,1,1,0,0.5,5,
557,images/s2_pose_pitch_only_36.jpg,fixed_core_test,SYNTHETIC_3D,ok,outputs/shuttle_capability/controlled_capability/images/s2_pose_pitch_only_36.jpg,18,19,479,477,470.0,467.5,488.0,486.5,18.0,19.0,18.493,16-24,pitch_only,center,none,none,bg_001.jpg,315.0,3,0.701980471611023,0.7767551936196244,True,True,False,0.7836471046076009,1.430028240320564,True,1,0.701980471611023,0.7767551936196244,1,2,0,0.5,5,
558,images/s2_pose_pitch_only_37.jpg,fixed_core_test,SYNTHETIC_3D,ok,outputs/shuttle_capability/controlled_capability/images/s2_pose_pitch_only_37.jpg,16,19,479,482,471.0,472.5,487.0,491.5,16.0,19.0,17.436,16-24,pitch_only,center,none,none,bg_001.jpg,315.0,3,0.8554871082305908,0.0,False,True,True,0.984789396587171,0.23951805519470273,True,2,0.6000996828079224,0.8100190529975484,1,2,0,0.5,5,
559,images/s2_pose_pitch_only_38.jpg,fixed_core_test,SYNTHETIC_3D,ok,outputs/shuttle_capability/controlled_capability/images/s2_pose_pitch_only_38.jpg,16,21,479,481,471.0,470.5,487.0,491.5,16.0,21.0,18.33,16-24,pitch_only,center,none,none,bg_001.jpg,315.0,1,0.8747302293777466,0.0,False,False,False,0.0,,False,,,0.0,0,1,1,0.5,5,
560,images/s2_pose_pitch_only_39.jpg,fixed_core_test,SYNTHETIC_3D,ok,outputs/shuttle_capability/controlled_capability/images/s2_pose_pitch_only_39.jpg,16,20,479,479,471.0,469.0,487.0,489.0,16.0,20.0,17.889,16-24,pitch_only,center,none,none,bg_001.jpg,315.0,2,0.8439263701438904,0.0,False,False,False,0.0,,False,,,0.0,0,2,1,0.5,5,
561,images/s2_pose_roll_only_0.jpg,fixed_core_test,SYNTHETIC_3D,ok,outputs/shuttle_capability/controlled_capability/images/s2_pose_roll_only_0.jpg,16,20,479,479,471.0,469.0,487.0,489.0,16.0,20.0,17.889,16-24,roll_only,center,none,none,bg_001.jpg,315.0,1,0.8260300755500793,0.0,False,False,False,0.0,,False,,,0.0,0,1,1,0.5,5,
562,images/s2_pose_roll_only_1.jpg,fixed_core_test,SYNTHETIC_3D,ok,outputs/shuttle_capability/controlled_capability/images/s2_pose_roll_only_1.jpg,16,20,479,479,471.0,469.0,487.0,489.0,16.0,20.0,17.889,16-24,roll_only,center,none,none,bg_001.jpg,315.0,1,0.8510391712188721,0.0,False,False,False,0.0,,False,,,0.0,0,1,1,0.5,5,
563,images/s2_pose_roll_only_2.jpg,fixed_core_test,SYNTHETIC_3D,ok,outputs/shuttle_capability/controlled_capability/images/s2_pose_roll_only_2.jpg,16,20,479,479,471.0,469.0,487.0,489.0,16.0,20.0,17.889,16-24,roll_only,center,none,none,bg_001.jpg,315.0,1,0.06804659217596054,0.0,False,False,False,0.0,,False,,,0.0,0,1,1,0.5,5,
564,images/s2_pose_roll_only_3.jpg,fixed_core_test,SYNTHETIC_3D,ok,outputs/shuttle_capability/controlled_capability/images/s2_pose_roll_only_3.jpg,16,20,479,479,471.0,469.0,487.0,489.0,16.0,20.0,17.889,16-24,roll_only,center,none,none,bg_001.jpg,315.0,1,0.20104221999645233,0.0,False,False,False,0.0,,False,,,0.0,0,1,1,0.5,5,
565,images/s2_pose_roll_only_4.jpg,fixed_core_test,SYNTHETIC_3D,ok,outputs/shuttle_capability/controlled_capability/images/s2_pose_roll_only_4.jpg,16,20,479,479,471.0,469.0,487.0,489.0,16.0,20.0,17.889,16-24,roll_only,center,none,none,bg_001.jpg,315.0,2,0.05485891178250313,0.0,False,False,False,0.0,,False,,,0.0,0,2,1,0.5,5,
566,images/s2_pose_roll_only_5.jpg,fixed_core_test,SYNTHETIC_3D,ok,outputs/shuttle_capability/controlled_capability/images/s2_pose_roll_only_5.jpg,16,20,479,479,471.0,469.0,487.0,489.0,16.0,20.0,17.889,16-24,roll_only,center,none,none,bg_001.jpg,315.0,4,0.30606159567832947,0.0,False,False,False,0.0,,False,,,0.0,0,4,1,0.5,5,
567,images/s2_pose_roll_only_6.jpg,fixed_core_test,SYNTHETIC_3D,ok,outputs/shuttle_capability/controlled_capability/images/s2_pose_roll_only_6.jpg,16,20,479,479,471.0,469.0,487.0,489.0,16.0,20.0,17.889,16-24,roll_only,center,none,none,bg_001.jpg,315.0,3,0.7121066451072693,0.0,False,False,False,0.0,,False,,,0.0,0,3,1,0.5,5,
568,images/s2_pose_roll_only_7.jpg,fixed_core_test,SYNTHETIC_3D,ok,outputs/shuttle_capability/controlled_capability/images/s2_pose_roll_only_7.jpg,16,20,479,479,471.0,469.0,487.0,489.0,16.0,20.0,17.889,16-24,roll_only,center,none,none,bg_001.jpg,315.0,1,0.8236987590789795,0.0,False,False,False,0.0,,False,,,0.0,0,1,1,0.5,5,
569,images/s2_pose_roll_only_8.jpg,fixed_core_test,SYNTHETIC_3D,ok,outputs/shuttle_capability/controlled_capability/images/s2_pose_roll_only_8.jpg,16,20,479,479,471.0,469.0,487.0,489.0,16.0,20.0,17.889,16-24,roll_only,center,none,none,bg_001.jpg,315.0,3,0.7909284830093384,0.0,False,False,False,0.0,,False,,,0.0,0,3,1,0.5,5,
570,images/s2_pose_roll_only_9.jpg,fixed_core_test,SYNTHETIC_3D,ok,outputs/shuttle_capability/controlled_capability/images/s2_pose_roll_only_9.jpg,16,20,479,479,471.0,469.0,487.0,489.0,16.0,20.0,17.889,16-24,roll_only,center,none,none,bg_001.jpg,315.0,4,0.30036085844039917,0.0,False,False,False,0.0,,False,,,0.0,0,4,1,0.5,5,
571,images/s2_pose_roll_only_10.jpg,fixed_core_test,SYNTHETIC_3D,ok,outputs/shuttle_capability/controlled_capability/images/s2_pose_roll_only_10.jpg,16,20,479,479,471.0,469.0,487.0,489.0,16.0,20.0,17.889,16-24,roll_only,center,none,none,bg_001.jpg,315.0,2,0.806416928768158,0.0,False,False,False,0.0,,False,,,0.0,0,2,1,0.5,5,
572,images/s2_pose_roll_only_11.jpg,fixed_core_test,SYNTHETIC_3D,ok,outputs/shuttle_capability/controlled_capability/images/s2_pose_roll_only_11.jpg,16,20,479,479,471.0,469.0,487.0,489.0,16.0,20.0,17.889,16-24,roll_only,center,none,none,bg_001.jpg,315.0,3,0.11093241721391678,0.0,False,False,False,0.0,,False,,,0.0,0,3,1,0.5,5,
573,images/s2_pose_roll_only_12.jpg,fixed_core_test,SYNTHETIC_3D,ok,outputs/shuttle_capability/controlled_capability/images/s2_pose_roll_only_12.jpg,16,20,479,479,471.0,469.0,487.0,489.0,16.0,20.0,17.889,16-24,roll_only,center,none,none,bg_001.jpg,315.0,5,0.2153792679309845,0.0,False,True,False,0.8658529976150021,1.6037088555362091,True,2,0.11324870586395264,0.7913171664322792,1,4,0,0.5,5,
574,images/s2_pose_roll_only_13.jpg,fixed_core_test,SYNTHETIC_3D,ok,outputs/shuttle_capability/controlled_capability/images/s2_pose_roll_only_13.jpg,16,20,479,479,471.0,469.0,487.0,489.0,16.0,20.0,17.889,16-24,roll_only,center,none,none,bg_001.jpg,315.0,0,,,False,False,False,0.0,,False,,,0.0,0,0,1,0.5,5,
575,images/s2_pose_roll_only_14.jpg,fixed_core_test,SYNTHETIC_3D,ok,outputs/shuttle_capability/controlled_capability/images/s2_pose_roll_only_14.jpg,16,20,479,479,471.0,469.0,487.0,489.0,16.0,20.0,17.889,16-24,roll_only,center,none,none,bg_001.jpg,315.0,3,0.6407322287559509,0.0,False,False,False,0.0,,False,,,0.0,0,3,1,0.5,5,
576,images/s2_pose_roll_only_15.jpg,fixed_core_test,SYNTHETIC_3D,ok,outputs/shuttle_capability/controlled_capability/images/s2_pose_roll_only_15.jpg,16,20,479,479,471.0,469.0,487.0,489.0,16.0,20.0,17.889,16-24,roll_only,center,none,none,bg_001.jpg,315.0,3,0.8673050999641418,0.0,False,False,False,0.0,,False,,,0.0,0,3,1,0.5,5,
577,images/s2_pose_roll_only_16.jpg,fixed_core_test,SYNTHETIC_3D,ok,outputs/shuttle_capability/controlled_capability/images/s2_pose_roll_only_16.jpg,16,20,479,479,471.0,469.0,487.0,489.0,16.0,20.0,17.889,16-24,roll_only,center,none,none,bg_001.jpg,315.0,2,0.2887478768825531,0.0,False,False,False,0.0,,False,,,0.0,0,2,1,0.5,5,
578,images/s2_pose_roll_only_17.jpg,fixed_core_test,SYNTHETIC_3D,ok,outputs/shuttle_capability/controlled_capability/images/s2_pose_roll_only_17.jpg,16,20,479,479,471.0,469.0,487.0,489.0,16.0,20.0,17.889,16-24,roll_only,center,none,none,bg_001.jpg,315.0,4,0.09733273833990097,0.0,False,False,False,0.0,,False,,,0.0,0,4,1,0.5,5,
579,images/s2_pose_roll_only_18.jpg,fixed_core_test,SYNTHETIC_3D,ok,outputs/shuttle_capability/controlled_capability/images/s2_pose_roll_only_18.jpg,16,20,479,479,471.0,469.0,487.0,489.0,16.0,20.0,17.889,16-24,roll_only,center,none,none,bg_001.jpg,315.0,2,0.8502833247184753,0.0,False,False,False,0.0,,False,,,0.0,0,2,1,0.5,5,
580,images/s2_pose_roll_only_19.jpg,fixed_core_test,SYNTHETIC_3D,ok,outputs/shuttle_capability/controlled_capability/images/s2_pose_roll_only_19.jpg,16,20,479,479,471.0,469.0,487.0,489.0,16.0,20.0,17.889,16-24,roll_only,center,none,none,bg_001.jpg,315.0,2,0.6971810460090637,0.0,False,False,False,0.0,,False,,,0.0,0,2,1,0.5,5,
581,images/s2_pose_roll_only_20.jpg,fixed_core_test,SYNTHETIC_3D,ok,outputs/shuttle_capability/controlled_capability/images/s2_pose_roll_only_20.jpg,16,20,479,479,471.0,469.0,487.0,489.0,16.0,20.0,17.889,16-24,roll_only,center,none,none,bg_001.jpg,315.0,1,0.16638022661209106,0.0,False,False,False,0.0,,False,,,0.0,0,1,1,0.5,5,
582,images/s2_pose_roll_only_21.jpg,fixed_core_test,SYNTHETIC_3D,ok,outputs/shuttle_capability/controlled_capability/images/s2_pose_roll_only_21.jpg,16,20,479,479,471.0,469.0,487.0,489.0,16.0,20.0,17.889,16-24,roll_only,center,none,none,bg_001.jpg,315.0,2,0.8553428053855896,0.0,False,False,False,0.0,,False,,,0.0,0,2,1,0.5,5,
583,images/s2_pose_roll_only_22.jpg,fixed_core_test,SYNTHETIC_3D,ok,outputs/shuttle_capability/controlled_capability/images/s2_pose_roll_only_22.jpg,16,20,479,479,471.0,469.0,487.0,489.0,16.0,20.0,17.889,16-24,roll_only,center,none,none,bg_001.jpg,315.0,2,0.7465192079544067,0.0,False,False,False,0.0,,False,,,0.0,0,2,1,0.5,5,
584,images/s2_pose_roll_only_23.jpg,fixed_core_test,SYNTHETIC_3D,ok,outputs/shuttle_capability/controlled_capability/images/s2_pose_roll_only_23.jpg,16,20,479,479,471.0,469.0,487.0,489.0,16.0,20.0,17.889,16-24,roll_only,center,none,none,bg_001.jpg,315.0,1,0.10760238766670227,0.0,False,False,False,0.0,,False,,,0.0,0,1,1,0.5,5,
585,images/s2_pose_roll_only_24.jpg,fixed_core_test,SYNTHETIC_3D,ok,outputs/shuttle_capability/controlled_capability/images/s2_pose_roll_only_24.jpg,16,20,479,479,471.0,469.0,487.0,489.0,16.0,20.0,17.889,16-24,roll_only,center,none,none,bg_001.jpg,315.0,2,0.43681520223617554,0.0,False,False,False,0.0,,False,,,0.0,0,2,1,0.5,5,
586,images/s2_pose_roll_only_25.jpg,fixed_core_test,SYNTHETIC_3D,ok,outputs/shuttle_capability/controlled_capability/images/s2_pose_roll_only_25.jpg,16,20,479,479,471.0,469.0,487.0,489.0,16.0,20.0,17.889,16-24,roll_only,center,none,none,bg_001.jpg,315.0,4,0.753822922706604,0.0,False,False,False,0.0,,False,,,0.0,0,4,1,0.5,5,
587,images/s2_pose_roll_only_26.jpg,fixed_core_test,SYNTHETIC_3D,ok,outputs/shuttle_capability/controlled_capability/images/s2_pose_roll_only_26.jpg,16,20,479,479,471.0,469.0,487.0,489.0,16.0,20.0,17.889,16-24,roll_only,center,none,none,bg_001.jpg,315.0,2,0.08998110145330429,0.0,False,False,False,0.0,,False,,,0.0,0,2,1,0.5,5,
588,images/s2_pose_roll_only_27.jpg,fixed_core_test,SYNTHETIC_3D,ok,outputs/shuttle_capability/controlled_capability/images/s2_pose_roll_only_27.jpg,16,20,479,479,471.0,469.0,487.0,489.0,16.0,20.0,17.889,16-24,roll_only,center,none,none,bg_001.jpg,315.0,1,0.05056481063365936,0.0,False,False,False,0.0,,False,,,0.0,0,1,1,0.5,5,
589,images/s2_pose_roll_only_28.jpg,fixed_core_test,SYNTHETIC_3D,ok,outputs/shuttle_capability/controlled_capability/images/s2_pose_roll_only_28.jpg,16,20,479,479,471.0,469.0,487.0,489.0,16.0,20.0,17.889,16-24,roll_only,center,none,none,bg_001.jpg,315.0,2,0.1791856735944748,0.0,False,False,False,0.0,,False,,,0.0,0,2,1,0.5,5,
590,images/s2_pose_roll_only_29.jpg,fixed_core_test,SYNTHETIC_3D,ok,outputs/shuttle_capability/controlled_capability/images/s2_pose_roll_only_29.jpg,16,20,479,479,471.0,469.0,487.0,489.0,16.0,20.0,17.889,16-24,roll_only,center,none,none,bg_001.jpg,315.0,1,0.7621986865997314,0.7833831979473657,True,True,False,0.8539489693182987,1.8710543293871864,True,1,0.7621986865997314,0.7833831979473657,1,0,0,0.5,5,
591,images/s2_pose_roll_only_30.jpg,fixed_core_test,SYNTHETIC_3D,ok,outputs/shuttle_capability/controlled_capability/images/s2_pose_roll_only_30.jpg,16,20,479,479,471.0,469.0,487.0,489.0,16.0,20.0,17.889,16-24,roll_only,center,none,none,bg_001.jpg,315.0,1,0.5352756381034851,0.8603276528240557,True,True,True,0.9883941650390625,1.0280515785147373,True,1,0.5352756381034851,0.8603276528240557,1,0,0,0.5,5,
592,images/s2_pose_roll_only_31.jpg,fixed_core_test,SYNTHETIC_3D,ok,outputs/shuttle_capability/controlled_capability/images/s2_pose_roll_only_31.jpg,16,20,479,479,471.0,469.0,487.0,489.0,16.0,20.0,17.889,16-24,roll_only,center,none,none,bg_001.jpg,315.0,1,0.3094845414161682,0.0,False,False,False,0.0,,False,,,0.0,0,1,1,0.5,5,
593,images/s2_pose_roll_only_32.jpg,fixed_core_test,SYNTHETIC_3D,ok,outputs/shuttle_capability/controlled_capability/images/s2_pose_roll_only_32.jpg,16,20,479,479,471.0,469.0,487.0,489.0,16.0,20.0,17.889,16-24,roll_only,center,none,none,bg_001.jpg,315.0,2,0.6291738152503967,0.0,False,False,False,0.0,,False,,,0.0,0,2,1,0.5,5,
594,images/s2_pose_roll_only_33.jpg,fixed_core_test,SYNTHETIC_3D,ok,outputs/shuttle_capability/controlled_capability/images/s2_pose_roll_only_33.jpg,16,20,479,479,471.0,469.0,487.0,489.0,16.0,20.0,17.889,16-24,roll_only,center,none,none,bg_001.jpg,315.0,1,0.813778817653656,0.0,False,False,False,0.0,,False,,,0.0,0,1,1,0.5,5,
595,images/s2_pose_roll_only_34.jpg,fixed_core_test,SYNTHETIC_3D,ok,outputs/shuttle_capability/controlled_capability/images/s2_pose_roll_only_34.jpg,16,20,479,479,471.0,469.0,487.0,489.0,16.0,20.0,17.889,16-24,roll_only,center,none,none,bg_001.jpg,315.0,1,0.2592129707336426,0.0,False,False,False,0.0,,False,,,0.0,0,1,1,0.5,5,
596,images/s2_pose_roll_only_35.jpg,fixed_core_test,SYNTHETIC_3D,ok,outputs/shuttle_capability/controlled_capability/images/s2_pose_roll_only_35.jpg,16,20,479,479,471.0,469.0,487.0,489.0,16.0,20.0,17.889,16-24,roll_only,center,none,none,bg_001.jpg,315.0,2,0.7366613149642944,0.0,False,True,False,0.8829806333233137,1.1484466944864928,True,2,0.37237682938575745,0.8336412922231223,1,1,0,0.5,5,
597,images/s2_pose_roll_only_36.jpg,fixed_core_test,SYNTHETIC_3D,ok,outputs/shuttle_capability/controlled_capability/images/s2_pose_roll_only_36.jpg,16,20,479,479,471.0,469.0,487.0,489.0,16.0,20.0,17.889,16-24,roll_only,center,none,none,bg_001.jpg,315.0,3,0.28295376896858215,0.0,False,False,False,0.0,,False,,,0.0,0,3,1,0.5,5,
598,images/s2_pose_roll_only_37.jpg,fixed_core_test,SYNTHETIC_3D,ok,outputs/shuttle_capability/controlled_capability/images/s2_pose_roll_only_37.jpg,16,20,479,479,471.0,469.0,487.0,489.0,16.0,20.0,17.889,16-24,roll_only,center,none,none,bg_001.jpg,315.0,2,0.8573232293128967,0.0,False,False,False,0.0,,False,,,0.0,0,2,1,0.5,5,
599,images/s2_pose_roll_only_38.jpg,fixed_core_test,SYNTHETIC_3D,ok,outputs/shuttle_capability/controlled_capability/images/s2_pose_roll_only_38.jpg,16,20,479,479,471.0,469.0,487.0,489.0,16.0,20.0,17.889,16-24,roll_only,center,none,none,bg_001.jpg,315.0,1,0.8805934190750122,0.0,False,False,False,0.0,,False,,,0.0,0,1,1,0.5,5,
600,images/s2_pose_roll_only_39.jpg,fixed_core_test,SYNTHETIC_3D,ok,outputs/shuttle_capability/controlled_capability/images/s2_pose_roll_only_39.jpg,16,20,479,479,471.0,469.0,487.0,489.0,16.0,20.0,17.889,16-24,roll_only,center,none,none,bg_001.jpg,315.0,1,0.8429480791091919,0.0,False,False,False,0.0,,False,,,0.0,0,1,1,0.5,5,
601,images/s2_pose_flight_rotation_0.jpg,fixed_core_test,SYNTHETIC_3D,ok,outputs/shuttle_capability/controlled_capability/images/s2_pose_flight_rotation_0.jpg,18,18,482,476,473.0,467.0,491.0,485.0,18.0,18.0,18.0,16-24,flight_rotation,center,none,none,bg_001.jpg,315.0,2,0.8173348307609558,0.0,False,False,False,0.0,,False,,,0.0,0,2,1,0.5,5,
602,images/s2_pose_flight_rotation_1.jpg,fixed_core_test,SYNTHETIC_3D,ok,outputs/shuttle_capability/controlled_capability/images/s2_pose_flight_rotation_1.jpg,18,19,482,477,473.0,467.5,491.0,486.5,18.0,19.0,18.493,16-24,flight_rotation,center,none,none,bg_001.jpg,315.0,2,0.8498759865760803,0.0,False,True,True,0.9582937140213815,1.245361636606166,True,2,0.48521900177001953,0.7957280317684334,1,1,0,0.5,5,
603,images/s2_pose_flight_rotation_2.jpg,fixed_core_test,SYNTHETIC_3D,ok,outputs/shuttle_capability/controlled_capability/images/s2_pose_flight_rotation_2.jpg,18,19,482,477,473.0,467.5,491.0,486.5,18.0,19.0,18.493,16-24,flight_rotation,center,none,none,bg_001.jpg,315.0,2,0.0851673036813736,0.0,False,False,False,0.0,,False,,,0.0,0,2,1,0.5,5,
604,images/s2_pose_flight_rotation_3.jpg,fixed_core_test,SYNTHETIC_3D,ok,outputs/shuttle_capability/controlled_capability/images/s2_pose_flight_rotation_3.jpg,17,18,482,476,473.5,467.0,490.5,485.0,17.0,18.0,17.493,16-24,flight_rotation,center,none,none,bg_001.jpg,315.0,2,0.6337286829948425,0.9023142376634723,True,True,True,0.9131198457131783,0.5692094276659225,True,1,0.6337286829948425,0.9023142376634723,1,1,0,0.5,5,
605,images/s2_pose_flight_rotation_4.jpg,fixed_core_test,SYNTHETIC_3D,ok,outputs/shuttle_capability/controlled_capability/images/s2_pose_flight_rotation_4.jpg,17,18,482,476,473.5,467.0,490.5,485.0,17.0,18.0,17.493,16-24,flight_rotation,center,none,none,bg_001.jpg,315.0,2,0.720490038394928,0.8257361363381593,True,True,False,0.8368469279478578,0.6704552566516926,True,1,0.720490038394928,0.8257361363381593,1,1,0,0.5,5,
606,images/s2_pose_flight_rotation_5.jpg,fixed_core_test,SYNTHETIC_3D,ok,outputs/shuttle_capability/controlled_capability/images/s2_pose_flight_rotation_5.jpg,18,19,482,477,473.0,467.5,491.0,486.5,18.0,19.0,18.493,16-24,flight_rotation,center,none,none,bg_001.jpg,315.0,5,0.6878485083580017,0.8679463074069772,True,True,True,0.9154802250556038,1.1464810302302166,True,1,0.6878485083580017,0.8679463074069772,1,4,0,0.5,5,
607,images/s2_pose_flight_rotation_6.jpg,fixed_core_test,SYNTHETIC_3D,ok,outputs/shuttle_capability/controlled_capability/images/s2_pose_flight_rotation_6.jpg,18,18,482,476,473.0,467.0,491.0,485.0,18.0,18.0,18.0,16-24,flight_rotation,center,none,none,bg_001.jpg,315.0,2,0.7466346621513367,0.0,False,False,False,0.0,,False,,,0.0,0,2,1,0.5,5,
608,images/s2_pose_flight_rotation_7.jpg,fixed_core_test,SYNTHETIC_3D,ok,outputs/shuttle_capability/controlled_capability/images/s2_pose_flight_rotation_7.jpg,17,18,482,476,473.5,467.0,490.5,485.0,17.0,18.0,17.493,16-24,flight_rotation,center,none,none,bg_001.jpg,315.0,2,0.8353569507598877,0.0,False,True,True,1.0,0.16311912998329284,True,2,0.19719915091991425,0.7610132745023499,1,1,0,0.5,5,
609,images/s2_pose_flight_rotation_8.jpg,fixed_core_test,SYNTHETIC_3D,ok,outputs/shuttle_capability/controlled_capability/images/s2_pose_flight_rotation_8.jpg,18,18,482,476,473.0,467.0,491.0,485.0,18.0,18.0,18.0,16-24,flight_rotation,center,none,none,bg_001.jpg,315.0,3,0.7895526885986328,0.0,False,False,False,0.0,,False,,,0.0,0,3,1,0.5,5,
610,images/s2_pose_flight_rotation_9.jpg,fixed_core_test,SYNTHETIC_3D,ok,outputs/shuttle_capability/controlled_capability/images/s2_pose_flight_rotation_9.jpg,18,19,482,477,473.0,467.5,491.0,486.5,18.0,19.0,18.493,16-24,flight_rotation,center,none,none,bg_001.jpg,315.0,4,0.15803027153015137,0.0,False,False,False,0.0,,False,,,0.0,0,4,1,0.5,5,
611,images/s2_pose_flight_rotation_10.jpg,fixed_core_test,SYNTHETIC_3D,ok,outputs/shuttle_capability/controlled_capability/images/s2_pose_flight_rotation_10.jpg,18,19,482,477,473.0,467.5,491.0,486.5,18.0,19.0,18.493,16-24,flight_rotation,center,none,none,bg_001.jpg,315.0,1,0.8134370446205139,0.0,False,False,False,0.0,,False,,,0.0,0,1,1,0.5,5,
612,images/s2_pose_flight_rotation_11.jpg,fixed_core_test,SYNTHETIC_3D,ok,outputs/shuttle_capability/controlled_capability/images/s2_pose_flight_rotation_11.jpg,17,18,482,476,473.5,467.0,490.5,485.0,17.0,18.0,17.493,16-24,flight_rotation,center,none,none,bg_001.jpg,315.0,5,0.41635242104530334,0.8780686720183083,True,True,False,0.8780686720183083,0.17011570289305625,True,1,0.41635242104530334,0.8780686720183083,1,4,0,0.5,5,
613,images/s2_pose_flight_rotation_12.jpg,fixed_core_test,SYNTHETIC_3D,ok,outputs/shuttle_capability/controlled_capability/images/s2_pose_flight_rotation_12.jpg,17,18,482,476,473.5,467.0,490.5,485.0,17.0,18.0,17.493,16-24,flight_rotation,center,none,none,bg_001.jpg,315.0,3,0.7983397245407104,0.8313363508293089,True,True,False,0.8806019447731719,1.165445214195766,True,1,0.7983397245407104,0.8313363508293089,1,2,0,0.5,5,
614,images/s2_pose_flight_rotation_13.jpg,fixed_core_test,SYNTHETIC_3D,ok,outputs/shuttle_capability/controlled_capability/images/s2_pose_flight_rotation_13.jpg,18,19,482,477,473.0,467.5,491.0,486.5,18.0,19.0,18.493,16-24,flight_rotation,center,none,none,bg_001.jpg,315.0,2,0.6089487075805664,0.6829695570720263,True,True,True,1.0,1.517784702633277,True,1,0.6089487075805664,0.6829695570720263,1,1,0,0.5,5,
615,images/s2_pose_flight_rotation_14.jpg,fixed_core_test,SYNTHETIC_3D,ok,outputs/shuttle_capability/controlled_capability/images/s2_pose_flight_rotation_14.jpg,18,18,482,476,473.0,467.0,491.0,485.0,18.0,18.0,18.0,16-24,flight_rotation,center,none,none,bg_001.jpg,315.0,3,0.7533330917358398,0.8255899983716798,True,True,True,0.9574195014105903,0.7570606367277646,True,1,0.7533330917358398,0.8255899983716798,1,2,0,0.5,5,
616,images/s2_pose_flight_rotation_15.jpg,fixed_core_test,SYNTHETIC_3D,ok,outputs/shuttle_capability/controlled_capability/images/s2_pose_flight_rotation_15.jpg,17,18,482,476,473.5,467.0,490.5,485.0,17.0,18.0,17.493,16-24,flight_rotation,center,none,none,bg_001.jpg,315.0,3,0.861972451210022,0.0,False,False,False,0.0,,False,,,0.0,0,3,1,0.5,5,
617,images/s2_pose_flight_rotation_16.jpg,fixed_core_test,SYNTHETIC_3D,ok,outputs/shuttle_capability/controlled_capability/images/s2_pose_flight_rotation_16.jpg,18,18,482,476,473.0,467.0,491.0,485.0,18.0,18.0,18.0,16-24,flight_rotation,center,none,none,bg_001.jpg,315.0,1,0.06442910432815552,0.0,False,False,False,0.0,,False,,,0.0,0,1,1,0.5,5,
618,images/s2_pose_flight_rotation_17.jpg,fixed_core_test,SYNTHETIC_3D,ok,outputs/shuttle_capability/controlled_capability/images/s2_pose_flight_rotation_17.jpg,18,19,482,477,473.0,467.5,491.0,486.5,18.0,19.0,18.493,16-24,flight_rotation,center,none,none,bg_001.jpg,315.0,3,0.5649150609970093,0.8997770938810846,True,True,True,0.9591030544704862,0.643206229972133,True,1,0.5649150609970093,0.8997770938810846,1,2,0,0.5,5,
619,images/s2_pose_flight_rotation_18.jpg,fixed_core_test,SYNTHETIC_3D,ok,outputs/shuttle_capability/controlled_capability/images/s2_pose_flight_rotation_18.jpg,18,19,482,477,473.0,467.5,491.0,486.5,18.0,19.0,18.493,16-24,flight_rotation,center,none,none,bg_001.jpg,315.0,2,0.8553736209869385,0.0,False,False,False,0.0,,False,,,0.0,0,2,1,0.5,5,
620,images/s2_pose_flight_rotation_19.jpg,fixed_core_test,SYNTHETIC_3D,ok,outputs/shuttle_capability/controlled_capability/images/s2_pose_flight_rotation_19.jpg,17,18,482,476,473.5,467.0,490.5,485.0,17.0,18.0,17.493,16-24,flight_rotation,center,none,none,bg_001.jpg,315.0,2,0.6952996253967285,0.0,False,False,False,0.0,,False,,,0.0,0,2,1,0.5,5,
621,images/s2_pose_flight_rotation_20.jpg,fixed_core_test,SYNTHETIC_3D,ok,outputs/shuttle_capability/controlled_capability/images/s2_pose_flight_rotation_20.jpg,17,18,482,476,473.5,467.0,490.5,485.0,17.0,18.0,17.493,16-24,flight_rotation,center,none,none,bg_001.jpg,315.0,2,0.7757154703140259,0.8443723097378056,True,True,True,0.9924226648667279,1.1765224159020278,True,1,0.7757154703140259,0.8443723097378056,1,1,0,0.5,5,
622,images/s2_pose_flight_rotation_21.jpg,fixed_core_test,SYNTHETIC_3D,ok,outputs/shuttle_capability/controlled_capability/images/s2_pose_flight_rotation_21.jpg,18,19,482,477,473.0,467.5,491.0,486.5,18.0,19.0,18.493,16-24,flight_rotation,center,none,none,bg_001.jpg,315.0,3,0.8528726696968079,0.0,False,True,False,0.8015892124375361,1.6374522415056398,True,2,0.23423945903778076,0.7686628389211297,1,2,0,0.5,5,
623,images/s2_pose_flight_rotation_22.jpg,fixed_core_test,SYNTHETIC_3D,ok,outputs/shuttle_capability/controlled_capability/images/s2_pose_flight_rotation_22.jpg,18,18,482,476,473.0,467.0,491.0,485.0,18.0,18.0,18.0,16-24,flight_rotation,center,none,none,bg_001.jpg,315.0,2,0.7974965572357178,0.0,False,True,True,0.9132244945733727,1.353606524105557,True,2,0.7232027649879456,0.8419805802007241,1,1,0,0.5,5,
624,images/s2_pose_flight_rotation_23.jpg,fixed_core_test,SYNTHETIC_3D,ok,outputs/shuttle_capability/controlled_capability/images/s2_pose_flight_rotation_23.jpg,17,18,482,476,473.5,467.0,490.5,485.0,17.0,18.0,17.493,16-24,flight_rotation,center,none,none,bg_001.jpg,315.0,1,0.7805816531181335,0.8407507551668588,True,True,False,0.8600299520527616,0.9729981577916191,True,1,0.7805816531181335,0.8407507551668588,1,0,0,0.5,5,
625,images/s2_pose_flight_rotation_24.jpg,fixed_core_test,SYNTHETIC_3D,ok,outputs/shuttle_capability/controlled_capability/images/s2_pose_flight_rotation_24.jpg,18,18,482,476,473.0,467.0,491.0,485.0,18.0,18.0,18.0,16-24,flight_rotation,center,none,none,bg_001.jpg,315.0,1,0.692453920841217,0.0,False,False,False,0.0,,False,,,0.0,0,1,1,0.5,5,
626,images/s2_pose_flight_rotation_25.jpg,fixed_core_test,SYNTHETIC_3D,ok,outputs/shuttle_capability/controlled_capability/images/s2_pose_flight_rotation_25.jpg,18,19,482,477,473.0,467.5,491.0,486.5,18.0,19.0,18.493,16-24,flight_rotation,center,none,none,bg_001.jpg,315.0,4,0.7569981217384338,0.0,False,True,True,0.976715087890625,0.6645495593755562,True,4,0.058166950941085815,0.9124764562886194,1,3,0,0.5,5,
627,images/s2_pose_flight_rotation_26.jpg,fixed_core_test,SYNTHETIC_3D,ok,outputs/shuttle_capability/controlled_capability/images/s2_pose_flight_rotation_26.jpg,18,19,482,477,473.0,467.5,491.0,486.5,18.0,19.0,18.493,16-24,flight_rotation,center,none,none,bg_001.jpg,315.0,2,0.07789667695760727,0.0,False,False,False,0.0,,False,,,0.0,0,2,1,0.5,5,
628,images/s2_pose_flight_rotation_27.jpg,fixed_core_test,SYNTHETIC_3D,ok,outputs/shuttle_capability/controlled_capability/images/s2_pose_flight_rotation_27.jpg,17,18,482,476,473.5,467.0,490.5,485.0,17.0,18.0,17.493,16-24,flight_rotation,center,none,none,bg_001.jpg,315.0,1,0.16636382043361664,0.9118860795016039,True,True,True,1.0,0.09766724047804867,True,1,0.16636382043361664,0.9118860795016039,1,0,0,0.5,5,
629,images/s2_pose_flight_rotation_28.jpg,fixed_core_test,SYNTHETIC_3D,ok,outputs/shuttle_capability/controlled_capability/images/s2_pose_flight_rotation_28.jpg,17,18,482,476,473.5,467.0,490.5,485.0,17.0,18.0,17.493,16-24,flight_rotation,center,none,none,bg_001.jpg,315.0,4,0.5473106503486633,0.8138295973557853,True,True,False,0.8876971076516544,1.293473197890702,True,1,0.5473106503486633,0.8138295973557853,1,3,0,0.5,5,
630,images/s2_pose_flight_rotation_29.jpg,fixed_core_test,SYNTHETIC_3D,ok,outputs/shuttle_capability/controlled_capability/images/s2_pose_flight_rotation_29.jpg,18,19,482,477,473.0,467.5,491.0,486.5,18.0,19.0,18.493,16-24,flight_rotation,center,none,none,bg_001.jpg,315.0,1,0.7866705656051636,0.8899125589646006,True,True,False,0.8899125589646006,0.1585424200682392,True,1,0.7866705656051636,0.8899125589646006,1,0,0,0.5,5,
631,images/s2_pose_flight_rotation_30.jpg,fixed_core_test,SYNTHETIC_3D,ok,outputs/shuttle_capability/controlled_capability/images/s2_pose_flight_rotation_30.jpg,18,18,482,476,473.0,467.0,491.0,485.0,18.0,18.0,18.0,16-24,flight_rotation,center,none,none,bg_001.jpg,315.0,2,0.8168800473213196,0.7667060329447083,True,True,True,1.0,1.6148131886936734,True,1,0.8168800473213196,0.7667060329447083,1,1,0,0.5,5,
632,images/s2_pose_flight_rotation_31.jpg,fixed_core_test,SYNTHETIC_3D,ok,outputs/shuttle_capability/controlled_capability/images/s2_pose_flight_rotation_31.jpg,17,18,482,476,473.5,467.0,490.5,485.0,17.0,18.0,17.493,16-24,flight_rotation,center,none,none,bg_001.jpg,315.0,2,0.7926795482635498,0.8817474398108766,True,True,True,0.9701002117465524,0.8500511441825638,True,1,0.7926795482635498,0.8817474398108766,1,1,0,0.5,5,
633,images/s2_pose_flight_rotation_32.jpg,fixed_core_test,SYNTHETIC_3D,ok,outputs/shuttle_capability/controlled_capability/images/s2_pose_flight_rotation_32.jpg,18,18,482,476,473.0,467.0,491.0,485.0,18.0,18.0,18.0,16-24,flight_rotation,center,none,none,bg_001.jpg,315.0,2,0.6908255815505981,0.0,False,False,False,0.0,,False,,,0.0,0,2,1,0.5,5,
634,images/s2_pose_flight_rotation_33.jpg,fixed_core_test,SYNTHETIC_3D,ok,outputs/shuttle_capability/controlled_capability/images/s2_pose_flight_rotation_33.jpg,18,19,482,477,473.0,467.5,491.0,486.5,18.0,19.0,18.493,16-24,flight_rotation,center,none,none,bg_001.jpg,315.0,2,0.8269704580307007,0.0,False,False,False,0.0,,False,,,0.0,0,2,1,0.5,5,
635,images/s2_pose_flight_rotation_34.jpg,fixed_core_test,SYNTHETIC_3D,ok,outputs/shuttle_capability/controlled_capability/images/s2_pose_flight_rotation_34.jpg,18,19,482,477,473.0,467.5,491.0,486.5,18.0,19.0,18.493,16-24,flight_rotation,center,none,none,bg_001.jpg,315.0,3,0.6712119579315186,0.9120024350838268,True,True,True,0.9809638129340278,0.33631361377349445,True,1,0.6712119579315186,0.9120024350838268,1,2,0,0.5,5,
636,images/s2_pose_flight_rotation_35.jpg,fixed_core_test,SYNTHETIC_3D,ok,outputs/shuttle_capability/controlled_capability/images/s2_pose_flight_rotation_35.jpg,17,18,482,476,473.5,467.0,490.5,485.0,17.0,18.0,17.493,16-24,flight_rotation,center,none,none,bg_001.jpg,315.0,2,0.7112759947776794,0.0,False,True,False,0.8589944760954263,1.7334974408419825,True,2,0.3996119499206543,0.7837378431345288,1,1,0,0.5,5,
637,images/s2_pose_flight_rotation_36.jpg,fixed_core_test,SYNTHETIC_3D,ok,outputs/shuttle_capability/controlled_capability/images/s2_pose_flight_rotation_36.jpg,17,18,482,476,473.5,467.0,490.5,485.0,17.0,18.0,17.493,16-24,flight_rotation,center,none,none,bg_001.jpg,315.0,3,0.26424700021743774,0.0,False,True,False,0.8815167391051849,0.9503711276086813,True,2,0.25862035155296326,0.8655789504552746,1,2,0,0.5,5,
638,images/s2_pose_flight_rotation_37.jpg,fixed_core_test,SYNTHETIC_3D,ok,outputs/shuttle_capability/controlled_capability/images/s2_pose_flight_rotation_37.jpg,18,19,482,477,473.0,467.5,491.0,486.5,18.0,19.0,18.493,16-24,flight_rotation,center,none,none,bg_001.jpg,315.0,2,0.8550838828086853,0.0,False,False,False,0.0,,False,,,0.0,0,2,1,0.5,5,
639,images/s2_pose_flight_rotation_38.jpg,fixed_core_test,SYNTHETIC_3D,ok,outputs/shuttle_capability/controlled_capability/images/s2_pose_flight_rotation_38.jpg,18,18,482,476,473.0,467.0,491.0,485.0,18.0,18.0,18.0,16-24,flight_rotation,center,none,none,bg_001.jpg,315.0,2,0.8751661777496338,0.0,False,True,True,0.9671240912543403,1.7979986764144116,True,2,0.6893561482429504,0.7867130086630236,1,1,0,0.5,5,
640,images/s2_pose_flight_rotation_39.jpg,fixed_core_test,SYNTHETIC_3D,ok,outputs/shuttle_capability/controlled_capability/images/s2_pose_flight_rotation_39.jpg,17,18,482,476,473.5,467.0,490.5,485.0,17.0,18.0,17.493,16-24,flight_rotation,center,none,none,bg_001.jpg,315.0,1,0.8678271174430847,0.0,False,False,False,0.0,,False,,,0.0,0,1,1,0.5,5,
641,images/s3_position_center_0.jpg,fixed_core_test,SYNTHETIC_3D,ok,outputs/shuttle_capability/controlled_capability/images/s3_position_center_0.jpg,18,18,481,477,472.0,468.0,490.0,486.0,18.0,18.0,18.0,16-24,pinned_oblique,center,none,none,bg_001.jpg,315.0,3,0.8297408819198608,0.0,False,False,False,0.0,,False,,,0.0,0,3,1,0.5,5,
642,images/s3_position_center_1.jpg,fixed_core_test,SYNTHETIC_3D,ok,outputs/shuttle_capability/controlled_capability/images/s3_position_center_1.jpg,18,18,481,477,472.0,468.0,490.0,486.0,18.0,18.0,18.0,16-24,pinned_oblique,center,none,none,bg_001.jpg,315.0,4,0.7858783602714539,0.6999508110537804,True,True,False,0.8183469084022498,2.5033580072705948,True,1,0.7858783602714539,0.6999508110537804,1,3,0,0.5,5,
643,images/s3_position_center_2.jpg,fixed_core_test,SYNTHETIC_3D,ok,outputs/shuttle_capability/controlled_capability/images/s3_position_center_2.jpg,18,18,481,477,472.0,468.0,490.0,486.0,18.0,18.0,18.0,16-24,pinned_oblique,center,none,none,bg_001.jpg,315.0,3,0.8434319496154785,0.0,False,False,False,0.0,,False,,,0.0,0,3,1,0.5,5,
644,images/s3_position_center_3.jpg,fixed_core_test,SYNTHETIC_3D,ok,outputs/shuttle_capability/controlled_capability/images/s3_position_center_3.jpg,18,18,481,477,472.0,468.0,490.0,486.0,18.0,18.0,18.0,16-24,pinned_oblique,center,none,none,bg_001.jpg,315.0,2,0.8429328203201294,0.0,False,True,False,0.8193956323335936,1.7904166069564147,True,2,0.646714448928833,0.761417896413705,1,1,0,0.5,5,
645,images/s3_position_center_4.jpg,fixed_core_test,SYNTHETIC_3D,ok,outputs/shuttle_capability/controlled_capability/images/s3_position_center_4.jpg,18,18,481,477,472.0,468.0,490.0,486.0,18.0,18.0,18.0,16-24,pinned_oblique,center,none,none,bg_001.jpg,315.0,4,0.38965028524398804,0.0,False,True,False,0.8492439062231116,1.2948221586133204,True,4,0.05768877640366554,0.8290468000130529,1,3,0,0.5,5,
646,images/s3_position_center_5.jpg,fixed_core_test,SYNTHETIC_3D,ok,outputs/shuttle_capability/controlled_capability/images/s3_position_center_5.jpg,18,18,481,477,472.0,468.0,490.0,486.0,18.0,18.0,18.0,16-24,pinned_oblique,center,none,none,bg_001.jpg,315.0,3,0.811517059803009,0.0,False,True,False,0.7424040968460893,2.378681104870593,True,2,0.5991504192352295,0.6947514551667532,1,2,0,0.5,5,
647,images/s3_position_center_6.jpg,fixed_core_test,SYNTHETIC_3D,ok,outputs/shuttle_capability/controlled_capability/images/s3_position_center_6.jpg,18,18,481,477,472.0,468.0,490.0,486.0,18.0,18.0,18.0,16-24,pinned_oblique,center,none,none,bg_001.jpg,315.0,4,0.7989346981048584,0.7563295083049819,True,True,False,0.8509298363976456,1.853578111220347,True,1,0.7989346981048584,0.7563295083049819,1,3,0,0.5,5,
648,images/s3_position_center_7.jpg,fixed_core_test,SYNTHETIC_3D,ok,outputs/shuttle_capability/controlled_capability/images/s3_position_center_7.jpg,18,18,481,477,472.0,468.0,490.0,486.0,18.0,18.0,18.0,16-24,pinned_oblique,center,none,none,bg_001.jpg,315.0,4,0.8555008769035339,0.0,False,True,False,0.827687025518605,3.2557245342728907,True,4,0.07975085824728012,0.6279795732124431,1,3,0,0.5,5,
649,images/s3_position_center_8.jpg,fixed_core_test,SYNTHETIC_3D,ok,outputs/shuttle_capability/controlled_capability/images/s3_position_center_8.jpg,18,18,481,477,472.0,468.0,490.0,486.0,18.0,18.0,18.0,16-24,pinned_oblique,center,none,none,bg_001.jpg,315.0,5,0.12048932909965515,0.0,False,True,False,0.7589207515637908,1.5795793863890764,True,5,0.060130804777145386,0.7294238496421166,1,4,0,0.5,5,
650,images/s3_position_center_9.jpg,fixed_core_test,SYNTHETIC_3D,ok,outputs/shuttle_capability/controlled_capability/images/s3_position_center_9.jpg,18,18,481,477,472.0,468.0,490.0,486.0,18.0,18.0,18.0,16-24,pinned_oblique,center,none,none,bg_001.jpg,315.0,2,0.14294391870498657,0.0,False,False,False,0.0,,False,,,0.0,0,2,1,0.5,5,
651,images/s3_position_center_10.jpg,fixed_core_test,SYNTHETIC_3D,ok,outputs/shuttle_capability/controlled_capability/images/s3_position_center_10.jpg,18,18,481,477,472.0,468.0,490.0,486.0,18.0,18.0,18.0,16-24,pinned_oblique,center,none,none,bg_001.jpg,315.0,2,0.598743736743927,0.0,False,False,False,0.0,,False,,,0.0,0,2,1,0.5,5,
652,images/s3_position_center_11.jpg,fixed_core_test,SYNTHETIC_3D,ok,outputs/shuttle_capability/controlled_capability/images/s3_position_center_11.jpg,18,18,481,477,472.0,468.0,490.0,486.0,18.0,18.0,18.0,16-24,pinned_oblique,center,none,none,bg_001.jpg,315.0,5,0.3262520432472229,0.0,False,False,False,0.0,,False,,,0.0,0,5,1,0.5,5,
653,images/s3_position_center_12.jpg,fixed_core_test,SYNTHETIC_3D,ok,outputs/shuttle_capability/controlled_capability/images/s3_position_center_12.jpg,18,18,481,477,472.0,468.0,490.0,486.0,18.0,18.0,18.0,16-24,pinned_oblique,center,none,none,bg_001.jpg,315.0,0,,,False,False,False,0.0,,False,,,0.0,0,0,1,0.5,5,
654,images/s3_position_center_13.jpg,fixed_core_test,SYNTHETIC_3D,ok,outputs/shuttle_capability/controlled_capability/images/s3_position_center_13.jpg,18,18,481,477,472.0,468.0,490.0,486.0,18.0,18.0,18.0,16-24,pinned_oblique,center,none,none,bg_001.jpg,315.0,2,0.755744218826294,0.0,False,False,False,0.0,,False,,,0.0,0,2,1,0.5,5,
655,images/s3_position_center_14.jpg,fixed_core_test,SYNTHETIC_3D,ok,outputs/shuttle_capability/controlled_capability/images/s3_position_center_14.jpg,18,18,481,477,472.0,468.0,490.0,486.0,18.0,18.0,18.0,16-24,pinned_oblique,center,none,none,bg_001.jpg,315.0,4,0.5500520467758179,0.7357633994742213,True,True,False,0.757600393054294,1.6621689984669257,True,1,0.5500520467758179,0.7357633994742213,1,3,0,0.5,5,
656,images/s3_position_center_15.jpg,fixed_core_test,SYNTHETIC_3D,ok,outputs/shuttle_capability/controlled_capability/images/s3_position_center_15.jpg,18,18,481,477,472.0,468.0,490.0,486.0,18.0,18.0,18.0,16-24,pinned_oblique,center,none,none,bg_001.jpg,315.0,2,0.8454020023345947,0.0,False,False,False,0.0,,False,,,0.0,0,2,1,0.5,5,
657,images/s3_position_center_16.jpg,fixed_core_test,SYNTHETIC_3D,ok,outputs/shuttle_capability/controlled_capability/images/s3_position_center_16.jpg,18,18,481,477,472.0,468.0,490.0,486.0,18.0,18.0,18.0,16-24,pinned_oblique,center,none,none,bg_001.jpg,315.0,4,0.8505378365516663,0.0,False,False,False,0.0,,False,,,0.0,0,4,1,0.5,5,
658,images/s3_position_center_17.jpg,fixed_core_test,SYNTHETIC_3D,ok,outputs/shuttle_capability/controlled_capability/images/s3_position_center_17.jpg,18,18,481,477,472.0,468.0,490.0,486.0,18.0,18.0,18.0,16-24,pinned_oblique,center,none,none,bg_001.jpg,315.0,2,0.06379283964633942,0.0,False,False,False,0.0,,False,,,0.0,0,2,1,0.5,5,
659,images/s3_position_center_18.jpg,fixed_core_test,SYNTHETIC_3D,ok,outputs/shuttle_capability/controlled_capability/images/s3_position_center_18.jpg,18,18,481,477,472.0,468.0,490.0,486.0,18.0,18.0,18.0,16-24,pinned_oblique,center,none,none,bg_001.jpg,315.0,1,0.7724271416664124,0.0,False,False,False,0.0,,False,,,0.0,0,1,1,0.5,5,
660,images/s3_position_center_19.jpg,fixed_core_test,SYNTHETIC_3D,ok,outputs/shuttle_capability/controlled_capability/images/s3_position_center_19.jpg,18,18,481,477,472.0,468.0,490.0,486.0,18.0,18.0,18.0,16-24,pinned_oblique,center,none,none,bg_001.jpg,315.0,2,0.33595117926597595,0.0,False,False,False,0.0,,False,,,0.0,0,2,1,0.5,5,
661,images/s3_position_center_20.jpg,fixed_core_test,SYNTHETIC_3D,ok,outputs/shuttle_capability/controlled_capability/images/s3_position_center_20.jpg,18,18,481,477,472.0,468.0,490.0,486.0,18.0,18.0,18.0,16-24,pinned_oblique,center,none,none,bg_001.jpg,315.0,4,0.863115131855011,0.0,False,True,False,0.8445765181030664,1.4969767254612283,True,2,0.4515208899974823,0.8080916757270439,1,3,0,0.5,5,
662,images/s3_position_center_21.jpg,fixed_core_test,SYNTHETIC_3D,ok,outputs/shuttle_capability/controlled_capability/images/s3_position_center_21.jpg,18,18,481,477,472.0,468.0,490.0,486.0,18.0,18.0,18.0,16-24,pinned_oblique,center,none,none,bg_001.jpg,315.0,3,0.49129554629325867,0.7048488348810781,True,True,False,0.7645806398840598,2.7062247287239867,True,1,0.49129554629325867,0.7048488348810781,1,2,0,0.5,5,
663,images/s3_position_center_22.jpg,fixed_core_test,SYNTHETIC_3D,ok,outputs/shuttle_capability/controlled_capability/images/s3_position_center_22.jpg,18,18,481,477,472.0,468.0,490.0,486.0,18.0,18.0,18.0,16-24,pinned_oblique,center,none,none,bg_001.jpg,315.0,3,0.8434858918190002,0.0,False,True,False,0.8870468054449668,4.169865586087398,True,2,0.12613926827907562,0.5618713877457432,1,2,0,0.5,5,
664,images/s3_position_center_23.jpg,fixed_core_test,SYNTHETIC_3D,ok,outputs/shuttle_capability/controlled_capability/images/s3_position_center_23.jpg,18,18,481,477,472.0,468.0,490.0,486.0,18.0,18.0,18.0,16-24,pinned_oblique,center,none,none,bg_001.jpg,315.0,4,0.3707927167415619,0.0,False,False,False,0.37635227805003524,,False,,,0.37635227805003524,0,4,1,0.5,5,
665,images/s3_position_center_24.jpg,fixed_core_test,SYNTHETIC_3D,ok,outputs/shuttle_capability/controlled_capability/images/s3_position_center_24.jpg,18,18,481,477,472.0,468.0,490.0,486.0,18.0,18.0,18.0,16-24,pinned_oblique,center,none,none,bg_001.jpg,315.0,3,0.822334885597229,0.0,False,True,True,0.9826744927300347,1.1815624597406167,True,2,0.6696767210960388,0.7994418993523015,1,2,0,0.5,5,
666,images/s3_position_center_25.jpg,fixed_core_test,SYNTHETIC_3D,ok,outputs/shuttle_capability/controlled_capability/images/s3_position_center_25.jpg,18,18,481,477,472.0,468.0,490.0,486.0,18.0,18.0,18.0,16-24,pinned_oblique,center,none,none,bg_001.jpg,315.0,2,0.06468930840492249,0.0,False,False,False,0.48659205091772256,,False,,,0.48659205091772256,0,2,1,0.5,5,
667,images/s3_position_center_26.jpg,fixed_core_test,SYNTHETIC_3D,ok,outputs/shuttle_capability/controlled_capability/images/s3_position_center_26.jpg,18,18,481,477,472.0,468.0,490.0,486.0,18.0,18.0,18.0,16-24,pinned_oblique,center,none,none,bg_001.jpg,315.0,1,0.8292494416236877,0.0,False,False,False,0.0,,False,,,0.0,0,1,1,0.5,5,
668,images/s3_position_center_27.jpg,fixed_core_test,SYNTHETIC_3D,ok,outputs/shuttle_capability/controlled_capability/images/s3_position_center_27.jpg,18,18,481,477,472.0,468.0,490.0,486.0,18.0,18.0,18.0,16-24,pinned_oblique,center,none,none,bg_001.jpg,315.0,2,0.7726384401321411,0.0,False,True,False,0.8769429524739584,2.531989659573163,True,2,0.5831636786460876,0.7024938864304614,1,1,0,0.5,5,
669,images/s3_position_center_28.jpg,fixed_core_test,SYNTHETIC_3D,ok,outputs/shuttle_capability/controlled_capability/images/s3_position_center_28.jpg,18,18,481,477,472.0,468.0,490.0,486.0,18.0,18.0,18.0,16-24,pinned_oblique,center,none,none,bg_001.jpg,315.0,1,0.2866210341453552,0.0,False,False,False,0.0,,False,,,0.0,0,1,1,0.5,5,
670,images/s3_position_center_29.jpg,fixed_core_test,SYNTHETIC_3D,ok,outputs/shuttle_capability/controlled_capability/images/s3_position_center_29.jpg,18,18,481,477,472.0,468.0,490.0,486.0,18.0,18.0,18.0,16-24,pinned_oblique,center,none,none,bg_001.jpg,315.0,3,0.7619017958641052,0.0,False,True,False,0.7210746753362962,2.3443992796240387,True,2,0.08104488253593445,0.6777057782328799,1,2,0,0.5,5,
671,images/s3_position_center_30.jpg,fixed_core_test,SYNTHETIC_3D,ok,outputs/shuttle_capability/controlled_capability/images/s3_position_center_30.jpg,18,18,481,477,472.0,468.0,490.0,486.0,18.0,18.0,18.0,16-24,pinned_oblique,center,none,none,bg_001.jpg,315.0,0,,,False,False,False,0.0,,False,,,0.0,0,0,1,0.5,5,
672,images/s3_position_center_31.jpg,fixed_core_test,SYNTHETIC_3D,ok,outputs/shuttle_capability/controlled_capability/images/s3_position_center_31.jpg,18,18,481,477,472.0,468.0,490.0,486.0,18.0,18.0,18.0,16-24,pinned_oblique,center,none,none,bg_001.jpg,315.0,2,0.0867968276143074,0.761384116818617,True,True,False,0.7807270166705604,1.8188495920158172,True,1,0.0867968276143074,0.761384116818617,1,1,0,0.5,5,
673,images/s3_position_center_32.jpg,fixed_core_test,SYNTHETIC_3D,ok,outputs/shuttle_capability/controlled_capability/images/s3_position_center_32.jpg,18,18,481,477,472.0,468.0,490.0,486.0,18.0,18.0,18.0,16-24,pinned_oblique,center,none,none,bg_001.jpg,315.0,0,,,False,False,False,0.0,,False,,,0.0,0,0,1,0.5,5,
674,images/s3_position_center_33.jpg,fixed_core_test,SYNTHETIC_3D,ok,outputs/shuttle_capability/controlled_capability/images/s3_position_center_33.jpg,18,18,481,477,472.0,468.0,490.0,486.0,18.0,18.0,18.0,16-24,pinned_oblique,center,none,none,bg_001.jpg,315.0,1,0.7482882738113403,0.0,False,False,False,0.0,,False,,,0.0,0,1,1,0.5,5,
675,images/s3_position_center_34.jpg,fixed_core_test,SYNTHETIC_3D,ok,outputs/shuttle_capability/controlled_capability/images/s3_position_center_34.jpg,18,18,481,477,472.0,468.0,490.0,486.0,18.0,18.0,18.0,16-24,pinned_oblique,center,none,none,bg_001.jpg,315.0,4,0.3280441462993622,0.0,False,False,False,0.0,,False,,,0.0,0,4,1,0.5,5,
676,images/s3_position_center_35.jpg,fixed_core_test,SYNTHETIC_3D,ok,outputs/shuttle_capability/controlled_capability/images/s3_position_center_35.jpg,18,18,481,477,472.0,468.0,490.0,486.0,18.0,18.0,18.0,16-24,pinned_oblique,center,none,none,bg_001.jpg,315.0,2,0.8273796439170837,0.0,False,True,False,0.8866545419570886,2.3558318372678357,True,2,0.7879785299301147,0.7096822263968207,1,1,0,0.5,5,
677,images/s3_position_center_36.jpg,fixed_core_test,SYNTHETIC_3D,ok,outputs/shuttle_capability/controlled_capability/images/s3_position_center_36.jpg,18,18,481,477,472.0,468.0,490.0,486.0,18.0,18.0,18.0,16-24,pinned_oblique,center,none,none,bg_001.jpg,315.0,1,0.21428988873958588,0.0,False,False,False,0.0,,False,,,0.0,0,1,1,0.5,5,
678,images/s3_position_center_37.jpg,fixed_core_test,SYNTHETIC_3D,ok,outputs/shuttle_capability/controlled_capability/images/s3_position_center_37.jpg,18,18,481,477,472.0,468.0,490.0,486.0,18.0,18.0,18.0,16-24,pinned_oblique,center,none,none,bg_001.jpg,315.0,2,0.8379239439964294,0.0,False,True,False,0.7346620216137834,3.5817403654426365,True,2,0.661891758441925,0.5866459716276029,1,1,0,0.5,5,
679,images/s3_position_center_38.jpg,fixed_core_test,SYNTHETIC_3D,ok,outputs/shuttle_capability/controlled_capability/images/s3_position_center_38.jpg,18,18,481,477,472.0,468.0,490.0,486.0,18.0,18.0,18.0,16-24,pinned_oblique,center,none,none,bg_001.jpg,315.0,3,0.5545992851257324,0.0,False,False,False,0.0,,False,,,0.0,0,3,1,0.5,5,
680,images/s3_position_center_39.jpg,fixed_core_test,SYNTHETIC_3D,ok,outputs/shuttle_capability/controlled_capability/images/s3_position_center_39.jpg,18,18,481,477,472.0,468.0,490.0,486.0,18.0,18.0,18.0,16-24,pinned_oblique,center,none,none,bg_001.jpg,315.0,1,0.6280145049095154,0.0,False,False,False,0.0,,False,,,0.0,0,1,1,0.5,5,
681,images/s3_position_left_0.jpg,fixed_core_test,SYNTHETIC_3D,ok,outputs/shuttle_capability/controlled_capability/images/s3_position_left_0.jpg,20,17,212,477,202.0,468.5,222.0,485.5,20.0,17.0,18.439,16-24,pinned_oblique,left,none,none,bg_001.jpg,315.0,4,0.8406723737716675,0.0,False,False,False,0.0,,False,,,0.0,0,4,1,0.5,5,
682,images/s3_position_left_1.jpg,fixed_core_test,SYNTHETIC_3D,ok,outputs/shuttle_capability/controlled_capability/images/s3_position_left_1.jpg,20,17,212,477,202.0,468.5,222.0,485.5,20.0,17.0,18.439,16-24,pinned_oblique,left,none,none,bg_001.jpg,315.0,2,0.17156273126602173,0.0,False,False,False,0.0,,False,,,0.0,0,2,1,0.5,5,
683,images/s3_position_left_2.jpg,fixed_core_test,SYNTHETIC_3D,ok,outputs/shuttle_capability/controlled_capability/images/s3_position_left_2.jpg,20,17,212,477,202.0,468.5,222.0,485.5,20.0,17.0,18.439,16-24,pinned_oblique,left,none,none,bg_001.jpg,315.0,2,0.8422612547874451,0.0,False,False,False,0.0,,False,,,0.0,0,2,1,0.5,5,
684,images/s3_position_left_3.jpg,fixed_core_test,SYNTHETIC_3D,ok,outputs/shuttle_capability/controlled_capability/images/s3_position_left_3.jpg,20,17,212,477,202.0,468.5,222.0,485.5,20.0,17.0,18.439,16-24,pinned_oblique,left,none,none,bg_001.jpg,315.0,4,0.8137317299842834,0.0,False,True,False,0.7934667535893181,1.9404844615656371,True,3,0.251045823097229,0.7756449070464476,1,3,0,0.5,5,
685,images/s3_position_left_4.jpg,fixed_core_test,SYNTHETIC_3D,ok,outputs/shuttle_capability/controlled_capability/images/s3_position_left_4.jpg,20,17,212,477,202.0,468.5,222.0,485.5,20.0,17.0,18.439,16-24,pinned_oblique,left,none,none,bg_001.jpg,315.0,1,0.31630778312683105,0.0,False,False,False,0.0,,False,,,0.0,0,1,1,0.5,5,
686,images/s3_position_left_5.jpg,fixed_core_test,SYNTHETIC_3D,ok,outputs/shuttle_capability/controlled_capability/images/s3_position_left_5.jpg,20,17,212,477,202.0,468.5,222.0,485.5,20.0,17.0,18.439,16-24,pinned_oblique,left,none,none,bg_001.jpg,315.0,3,0.8420695662498474,0.0,False,True,False,0.8485439640086363,1.6325155637985764,True,2,0.43018051981925964,0.7812827768944309,1,2,0,0.5,5,
687,images/s3_position_left_6.jpg,fixed_core_test,SYNTHETIC_3D,ok,outputs/shuttle_capability/controlled_capability/images/s3_position_left_6.jpg,20,17,212,477,202.0,468.5,222.0,485.5,20.0,17.0,18.439,16-24,pinned_oblique,left,none,none,bg_001.jpg,315.0,4,0.7777153849601746,0.0,False,True,False,0.6093089336091104,3.6690388984360105,True,4,0.08921889215707779,0.5845696597806312,1,3,0,0.5,5,
688,images/s3_position_left_7.jpg,fixed_core_test,SYNTHETIC_3D,ok,outputs/shuttle_capability/controlled_capability/images/s3_position_left_7.jpg,20,17,212,477,202.0,468.5,222.0,485.5,20.0,17.0,18.439,16-24,pinned_oblique,left,none,none,bg_001.jpg,315.0,3,0.852707028388977,0.0,False,False,False,0.0,,False,,,0.0,0,3,1,0.5,5,
689,images/s3_position_left_8.jpg,fixed_core_test,SYNTHETIC_3D,ok,outputs/shuttle_capability/controlled_capability/images/s3_position_left_8.jpg,20,17,212,477,202.0,468.5,222.0,485.5,20.0,17.0,18.439,16-24,pinned_oblique,left,none,none,bg_001.jpg,315.0,3,0.13879123330116272,0.0,False,False,False,0.0,,False,,,0.0,0,3,1,0.5,5,
690,images/s3_position_left_9.jpg,fixed_core_test,SYNTHETIC_3D,ok,outputs/shuttle_capability/controlled_capability/images/s3_position_left_9.jpg,20,17,212,477,202.0,468.5,222.0,485.5,20.0,17.0,18.439,16-24,pinned_oblique,left,none,none,bg_001.jpg,315.0,3,0.5204927325248718,0.8320769891640388,True,True,True,0.9224411010742187,1.1752446450551695,True,1,0.5204927325248718,0.8320769891640388,1,2,0,0.5,5,
691,images/s3_position_left_10.jpg,fixed_core_test,SYNTHETIC_3D,ok,outputs/shuttle_capability/controlled_capability/images/s3_position_left_10.jpg,20,17,212,477,202.0,468.5,222.0,485.5,20.0,17.0,18.439,16-24,pinned_oblique,left,none,none,bg_001.jpg,315.0,1,0.641834557056427,0.0,False,False,False,0.0,,False,,,0.0,0,1,1,0.5,5,
692,images/s3_position_left_11.jpg,fixed_core_test,SYNTHETIC_3D,ok,outputs/shuttle_capability/controlled_capability/images/s3_position_left_11.jpg,20,17,212,477,202.0,468.5,222.0,485.5,20.0,17.0,18.439,16-24,pinned_oblique,left,none,none,bg_001.jpg,315.0,4,0.4941997528076172,0.0,False,False,False,0.0,,False,,,0.0,0,4,1,0.5,5,
693,images/s3_position_left_12.jpg,fixed_core_test,SYNTHETIC_3D,ok,outputs/shuttle_capability/controlled_capability/images/s3_position_left_12.jpg,20,17,212,477,202.0,468.5,222.0,485.5,20.0,17.0,18.439,16-24,pinned_oblique,left,none,none,bg_001.jpg,315.0,1,0.08121266961097717,0.7506024176373679,True,True,False,0.8044166466495132,1.8660131882084308,True,1,0.08121266961097717,0.7506024176373679,1,0,0,0.5,5,
694,images/s3_position_left_13.jpg,fixed_core_test,SYNTHETIC_3D,ok,outputs/shuttle_capability/controlled_capability/images/s3_position_left_13.jpg,20,17,212,477,202.0,468.5,222.0,485.5,20.0,17.0,18.439,16-24,pinned_oblique,left,none,none,bg_001.jpg,315.0,2,0.7568711042404175,0.0,False,False,False,0.0,,False,,,0.0,0,2,1,0.5,5,
695,images/s3_position_left_14.jpg,fixed_core_test,SYNTHETIC_3D,ok,outputs/shuttle_capability/controlled_capability/images/s3_position_left_14.jpg,20,17,212,477,202.0,468.5,222.0,485.5,20.0,17.0,18.439,16-24,pinned_oblique,left,none,none,bg_001.jpg,315.0,3,0.05646388605237007,0.0,False,False,False,0.0,,False,,,0.0,0,3,1,0.5,5,
696,images/s3_position_left_15.jpg,fixed_core_test,SYNTHETIC_3D,ok,outputs/shuttle_capability/controlled_capability/images/s3_position_left_15.jpg,20,17,212,477,202.0,468.5,222.0,485.5,20.0,17.0,18.439,16-24,pinned_oblique,left,none,none,bg_001.jpg,315.0,3,0.8680288195610046,0.0,False,True,False,0.8584256919648717,1.5831744270637942,True,2,0.46925899386405945,0.7874510194953671,1,2,0,0.5,5,
697,images/s3_position_left_16.jpg,fixed_core_test,SYNTHETIC_3D,ok,outputs/shuttle_capability/controlled_capability/images/s3_position_left_16.jpg,20,17,212,477,202.0,468.5,222.0,485.5,20.0,17.0,18.439,16-24,pinned_oblique,left,none,none,bg_001.jpg,315.0,2,0.849736213684082,0.0,False,False,False,0.0,,False,,,0.0,0,2,1,0.5,5,
698,images/s3_position_left_17.jpg,fixed_core_test,SYNTHETIC_3D,ok,outputs/shuttle_capability/controlled_capability/images/s3_position_left_17.jpg,20,17,212,477,202.0,468.5,222.0,485.5,20.0,17.0,18.439,16-24,pinned_oblique,left,none,none,bg_001.jpg,315.0,2,0.25460073351860046,0.0,False,False,False,0.0,,False,,,0.0,0,2,1,0.5,5,
699,images/s3_position_left_18.jpg,fixed_core_test,SYNTHETIC_3D,ok,outputs/shuttle_capability/controlled_capability/images/s3_position_left_18.jpg,20,17,212,477,202.0,468.5,222.0,485.5,20.0,17.0,18.439,16-24,pinned_oblique,left,none,none,bg_001.jpg,315.0,1,0.7780234217643738,0.0,False,False,False,0.0,,False,,,0.0,0,1,1,0.5,5,
700,images/s3_position_left_19.jpg,fixed_core_test,SYNTHETIC_3D,ok,outputs/shuttle_capability/controlled_capability/images/s3_position_left_19.jpg,20,17,212,477,202.0,468.5,222.0,485.5,20.0,17.0,18.439,16-24,pinned_oblique,left,none,none,bg_001.jpg,315.0,3,0.33301877975463867,0.0,False,True,False,0.7304523623493664,2.821015209759983,True,3,0.0745340958237648,0.6870947466320084,1,2,0,0.5,5,
701,images/s3_position_left_20.jpg,fixed_core_test,SYNTHETIC_3D,ok,outputs/shuttle_capability/controlled_capability/images/s3_position_left_20.jpg,20,17,212,477,202.0,468.5,222.0,485.5,20.0,17.0,18.439,16-24,pinned_oblique,left,none,none,bg_001.jpg,315.0,4,0.8585909008979797,0.0,False,True,True,0.9492609260932487,2.5355659945038482,True,4,0.1251358836889267,0.6990719476346529,1,3,0,0.5,5,
702,images/s3_position_left_21.jpg,fixed_core_test,SYNTHETIC_3D,ok,outputs/shuttle_capability/controlled_capability/images/s3_position_left_21.jpg,20,17,212,477,202.0,468.5,222.0,485.5,20.0,17.0,18.439,16-24,pinned_oblique,left,none,none,bg_001.jpg,315.0,2,0.3042985200881958,0.7533833856951961,True,True,False,0.8081417911042295,1.8358479828012126,True,1,0.3042985200881958,0.7533833856951961,1,1,0,0.5,5,
703,images/s3_position_left_22.jpg,fixed_core_test,SYNTHETIC_3D,ok,outputs/shuttle_capability/controlled_capability/images/s3_position_left_22.jpg,20,17,212,477,202.0,468.5,222.0,485.5,20.0,17.0,18.439,16-24,pinned_oblique,left,none,none,bg_001.jpg,315.0,3,0.8387537598609924,0.0,False,False,False,0.0,,False,,,0.0,0,3,1,0.5,5,
704,images/s3_position_left_23.jpg,fixed_core_test,SYNTHETIC_3D,ok,outputs/shuttle_capability/controlled_capability/images/s3_position_left_23.jpg,20,17,212,477,202.0,468.5,222.0,485.5,20.0,17.0,18.439,16-24,pinned_oblique,left,none,none,bg_001.jpg,315.0,4,0.4694245457649231,0.0,False,False,False,0.0,,False,,,0.0,0,4,1,0.5,5,
705,images/s3_position_left_24.jpg,fixed_core_test,SYNTHETIC_3D,ok,outputs/shuttle_capability/controlled_capability/images/s3_position_left_24.jpg,20,17,212,477,202.0,468.5,222.0,485.5,20.0,17.0,18.439,16-24,pinned_oblique,left,none,none,bg_001.jpg,315.0,2,0.8176938891410828,0.0,False,False,False,0.0,,False,,,0.0,0,2,1,0.5,5,
706,images/s3_position_left_25.jpg,fixed_core_test,SYNTHETIC_3D,ok,outputs/shuttle_capability/controlled_capability/images/s3_position_left_25.jpg,20,17,212,477,202.0,468.5,222.0,485.5,20.0,17.0,18.439,16-24,pinned_oblique,left,none,none,bg_001.jpg,315.0,1,0.10468924790620804,0.0,False,False,False,0.0,,False,,,0.0,0,1,1,0.5,5,
707,images/s3_position_left_26.jpg,fixed_core_test,SYNTHETIC_3D,ok,outputs/shuttle_capability/controlled_capability/images/s3_position_left_26.jpg,20,17,212,477,202.0,468.5,222.0,485.5,20.0,17.0,18.439,16-24,pinned_oblique,left,none,none,bg_001.jpg,315.0,1,0.8221943974494934,0.0,False,False,False,0.0,,False,,,0.0,0,1,1,0.5,5,
708,images/s3_position_left_27.jpg,fixed_core_test,SYNTHETIC_3D,ok,outputs/shuttle_capability/controlled_capability/images/s3_position_left_27.jpg,20,17,212,477,202.0,468.5,222.0,485.5,20.0,17.0,18.439,16-24,pinned_oblique,left,none,none,bg_001.jpg,315.0,1,0.7643217444419861,0.0,False,False,False,0.0,,False,,,0.0,0,1,1,0.5,5,
709,images/s3_position_left_28.jpg,fixed_core_test,SYNTHETIC_3D,ok,outputs/shuttle_capability/controlled_capability/images/s3_position_left_28.jpg,20,17,212,477,202.0,468.5,222.0,485.5,20.0,17.0,18.439,16-24,pinned_oblique,left,none,none,bg_001.jpg,315.0,1,0.6654166579246521,0.6589213934014825,True,True,False,0.6589213934014825,2.6499109453002294,True,1,0.6654166579246521,0.6589213934014825,1,0,0,0.5,5,
710,images/s3_position_left_29.jpg,fixed_core_test,SYNTHETIC_3D,ok,outputs/shuttle_capability/controlled_capability/images/s3_position_left_29.jpg,20,17,212,477,202.0,468.5,222.0,485.5,20.0,17.0,18.439,16-24,pinned_oblique,left,none,none,bg_001.jpg,315.0,4,0.7363787293434143,0.0,False,True,True,0.9241434083265416,0.8338828041752274,True,2,0.22250713407993317,0.8920657241277464,1,3,0,0.5,5,
711,images/s3_position_left_30.jpg,fixed_core_test,SYNTHETIC_3D,ok,outputs/shuttle_capability/controlled_capability/images/s3_position_left_30.jpg,20,17,212,477,202.0,468.5,222.0,485.5,20.0,17.0,18.439,16-24,pinned_oblique,left,none,none,bg_001.jpg,315.0,0,,,False,False,False,0.0,,False,,,0.0,0,0,1,0.5,5,
712,images/s3_position_left_31.jpg,fixed_core_test,SYNTHETIC_3D,ok,outputs/shuttle_capability/controlled_capability/images/s3_position_left_31.jpg,20,17,212,477,202.0,468.5,222.0,485.5,20.0,17.0,18.439,16-24,pinned_oblique,left,none,none,bg_001.jpg,315.0,2,0.14605934917926788,0.0,False,False,False,0.0,,False,,,0.0,0,2,1,0.5,5,
713,images/s3_position_left_32.jpg,fixed_core_test,SYNTHETIC_3D,ok,outputs/shuttle_capability/controlled_capability/images/s3_position_left_32.jpg,20,17,212,477,202.0,468.5,222.0,485.5,20.0,17.0,18.439,16-24,pinned_oblique,left,none,none,bg_001.jpg,315.0,0,,,False,False,False,0.0,,False,,,0.0,0,0,1,0.5,5,
714,images/s3_position_left_33.jpg,fixed_core_test,SYNTHETIC_3D,ok,outputs/shuttle_capability/controlled_capability/images/s3_position_left_33.jpg,20,17,212,477,202.0,468.5,222.0,485.5,20.0,17.0,18.439,16-24,pinned_oblique,left,none,none,bg_001.jpg,315.0,1,0.7499135732650757,0.0,False,False,False,0.0,,False,,,0.0,0,1,1,0.5,5,
715,images/s3_position_left_34.jpg,fixed_core_test,SYNTHETIC_3D,ok,outputs/shuttle_capability/controlled_capability/images/s3_position_left_34.jpg,20,17,212,477,202.0,468.5,222.0,485.5,20.0,17.0,18.439,16-24,pinned_oblique,left,none,none,bg_001.jpg,315.0,3,0.5439516305923462,0.7957100575220662,True,True,True,0.9189180091023446,1.6954498480011586,True,1,0.5439516305923462,0.7957100575220662,1,2,0,0.5,5,
716,images/s3_position_left_35.jpg,fixed_core_test,SYNTHETIC_3D,ok,outputs/shuttle_capability/controlled_capability/images/s3_position_left_35.jpg,20,17,212,477,202.0,468.5,222.0,485.5,20.0,17.0,18.439,16-24,pinned_oblique,left,none,none,bg_001.jpg,315.0,3,0.8111266493797302,0.0,False,True,False,0.8117051530519829,1.5475904576926962,True,2,0.5891749262809753,0.7681715670027166,1,2,0,0.5,5,
717,images/s3_position_left_36.jpg,fixed_core_test,SYNTHETIC_3D,ok,outputs/shuttle_capability/controlled_capability/images/s3_position_left_36.jpg,20,17,212,477,202.0,468.5,222.0,485.5,20.0,17.0,18.439,16-24,pinned_oblique,left,none,none,bg_001.jpg,315.0,4,0.1499563604593277,0.0,False,True,False,0.8203803704640664,1.668801889191563,True,2,0.11539886891841888,0.7940957056430074,1,3,0,0.5,5,
718,images/s3_position_left_37.jpg,fixed_core_test,SYNTHETIC_3D,ok,outputs/shuttle_capability/controlled_capability/images/s3_position_left_37.jpg,20,17,212,477,202.0,468.5,222.0,485.5,20.0,17.0,18.439,16-24,pinned_oblique,left,none,none,bg_001.jpg,315.0,2,0.8454059958457947,0.0,False,False,False,0.0,,False,,,0.0,0,2,1,0.5,5,
719,images/s3_position_left_38.jpg,fixed_core_test,SYNTHETIC_3D,ok,outputs/shuttle_capability/controlled_capability/images/s3_position_left_38.jpg,20,17,212,477,202.0,468.5,222.0,485.5,20.0,17.0,18.439,16-24,pinned_oblique,left,none,none,bg_001.jpg,315.0,2,0.6522437930107117,0.0,False,False,False,0.0,,False,,,0.0,0,2,1,0.5,5,
720,images/s3_position_left_39.jpg,fixed_core_test,SYNTHETIC_3D,ok,outputs/shuttle_capability/controlled_capability/images/s3_position_left_39.jpg,20,17,212,477,202.0,468.5,222.0,485.5,20.0,17.0,18.439,16-24,pinned_oblique,left,none,none,bg_001.jpg,315.0,2,0.5865058898925781,0.0,False,True,False,0.7111784582957625,2.7919359367020555,True,2,0.15490424633026123,0.6805692538033079,1,1,0,0.5,5,
721,images/s3_position_right_0.jpg,fixed_core_test,SYNTHETIC_3D,ok,outputs/shuttle_capability/controlled_capability/images/s3_position_right_0.jpg,17,19,750,477,741.5,467.5,758.5,486.5,17.0,19.0,17.972,16-24,pinned_oblique,right,none,none,bg_001.jpg,315.0,4,0.8297827243804932,0.0,False,True,False,0.5213339007214496,2.3493604601514524,True,2,0.2726529538631439,0.5213339007214496,1,3,0,0.5,5,
722,images/s3_position_right_1.jpg,fixed_core_test,SYNTHETIC_3D,ok,outputs/shuttle_capability/controlled_capability/images/s3_position_right_1.jpg,17,19,750,477,741.5,467.5,758.5,486.5,17.0,19.0,17.972,16-24,pinned_oblique,right,none,none,bg_001.jpg,315.0,2,0.1386079490184784,0.0,False,False,False,0.0,,False,,,0.0,0,2,1,0.5,5,
723,images/s3_position_right_2.jpg,fixed_core_test,SYNTHETIC_3D,ok,outputs/shuttle_capability/controlled_capability/images/s3_position_right_2.jpg,17,19,750,477,741.5,467.5,758.5,486.5,17.0,19.0,17.972,16-24,pinned_oblique,right,none,none,bg_001.jpg,315.0,2,0.8447121977806091,0.0,False,False,False,0.0,,False,,,0.0,0,2,1,0.5,5,
724,images/s3_position_right_3.jpg,fixed_core_test,SYNTHETIC_3D,ok,outputs/shuttle_capability/controlled_capability/images/s3_position_right_3.jpg,17,19,750,477,741.5,467.5,758.5,486.5,17.0,19.0,17.972,16-24,pinned_oblique,right,none,none,bg_001.jpg,315.0,3,0.8539581894874573,0.0,False,True,False,0.7051530598025573,3.8159775489505017,True,3,0.10293078422546387,0.5974201302512288,1,2,0,0.5,5,
725,images/s3_position_right_4.jpg,fixed_core_test,SYNTHETIC_3D,ok,outputs/shuttle_capability/controlled_capability/images/s3_position_right_4.jpg,17,19,750,477,741.5,467.5,758.5,486.5,17.0,19.0,17.972,16-24,pinned_oblique,right,none,none,bg_001.jpg,315.0,1,0.4860931634902954,0.0,False,False,False,0.0,,False,,,0.0,0,1,1,0.5,5,
726,images/s3_position_right_5.jpg,fixed_core_test,SYNTHETIC_3D,ok,outputs/shuttle_capability/controlled_capability/images/s3_position_right_5.jpg,17,19,750,477,741.5,467.5,758.5,486.5,17.0,19.0,17.972,16-24,pinned_oblique,right,none,none,bg_001.jpg,315.0,3,0.8323916792869568,0.0,False,False,False,0.0,,False,,,0.0,0,3,1,0.5,5,
727,images/s3_position_right_6.jpg,fixed_core_test,SYNTHETIC_3D,ok,outputs/shuttle_capability/controlled_capability/images/s3_position_right_6.jpg,17,19,750,477,741.5,467.5,758.5,486.5,17.0,19.0,17.972,16-24,pinned_oblique,right,none,none,bg_001.jpg,315.0,4,0.780920684337616,0.9010985732531716,True,True,True,0.9178538954479406,0.731907553492681,True,1,0.780920684337616,0.9010985732531716,1,3,0,0.5,5,
728,images/s3_position_right_7.jpg,fixed_core_test,SYNTHETIC_3D,ok,outputs/shuttle_capability/controlled_capability/images/s3_position_right_7.jpg,17,19,750,477,741.5,467.5,758.5,486.5,17.0,19.0,17.972,16-24,pinned_oblique,right,none,none,bg_001.jpg,315.0,3,0.8564447164535522,0.0,False,True,True,0.9358017865349265,1.6048839256883494,True,2,0.6824964284896851,0.7505380256792202,1,2,0,0.5,5,
729,images/s3_position_right_8.jpg,fixed_core_test,SYNTHETIC_3D,ok,outputs/shuttle_capability/controlled_capability/images/s3_position_right_8.jpg,17,19,750,477,741.5,467.5,758.5,486.5,17.0,19.0,17.972,16-24,pinned_oblique,right,none,none,bg_001.jpg,315.0,3,0.08437652885913849,0.0,False,False,False,0.0,,False,,,0.0,0,3,1,0.5,5,
730,images/s3_position_right_9.jpg,fixed_core_test,SYNTHETIC_3D,ok,outputs/shuttle_capability/controlled_capability/images/s3_position_right_9.jpg,17,19,750,477,741.5,467.5,758.5,486.5,17.0,19.0,17.972,16-24,pinned_oblique,right,none,none,bg_001.jpg,315.0,1,0.17760224640369415,0.0,False,False,False,0.0,,False,,,0.0,0,1,1,0.5,5,
731,images/s3_position_right_10.jpg,fixed_core_test,SYNTHETIC_3D,ok,outputs/shuttle_capability/controlled_capability/images/s3_position_right_10.jpg,17,19,750,477,741.5,467.5,758.5,486.5,17.0,19.0,17.972,16-24,pinned_oblique,right,none,none,bg_001.jpg,315.0,3,0.7942371964454651,0.8743941545038681,True,True,True,0.9262389575272522,0.951614653300504,True,1,0.7942371964454651,0.8743941545038681,1,2,0,0.5,5,
732,images/s3_position_right_11.jpg,fixed_core_test,SYNTHETIC_3D,ok,outputs/shuttle_capability/controlled_capability/images/s3_position_right_11.jpg,17,19,750,477,741.5,467.5,758.5,486.5,17.0,19.0,17.972,16-24,pinned_oblique,right,none,none,bg_001.jpg,315.0,5,0.6808246374130249,0.8340747209010589,True,True,False,0.8509503089283642,1.054980078487647,True,1,0.6808246374130249,0.8340747209010589,1,4,0,0.5,5,
733,images/s3_position_right_12.jpg,fixed_core_test,SYNTHETIC_3D,ok,outputs/shuttle_capability/controlled_capability/images/s3_position_right_12.jpg,17,19,750,477,741.5,467.5,758.5,486.5,17.0,19.0,17.972,16-24,pinned_oblique,right,none,none,bg_001.jpg,315.0,0,,,False,False,False,0.0,,False,,,0.0,0,0,1,0.5,5,
734,images/s3_position_right_13.jpg,fixed_core_test,SYNTHETIC_3D,ok,outputs/shuttle_capability/controlled_capability/images/s3_position_right_13.jpg,17,19,750,477,741.5,467.5,758.5,486.5,17.0,19.0,17.972,16-24,pinned_oblique,right,none,none,bg_001.jpg,315.0,4,0.767406165599823,0.0,False,True,True,0.9843965418198529,0.5705596099844805,True,3,0.3337268829345703,0.9166386988129528,1,3,0,0.5,5,
735,images/s3_position_right_14.jpg,fixed_core_test,SYNTHETIC_3D,ok,outputs/shuttle_capability/controlled_capability/images/s3_position_right_14.jpg,17,19,750,477,741.5,467.5,758.5,486.5,17.0,19.0,17.972,16-24,pinned_oblique,right,none,none,bg_001.jpg,315.0,3,0.5745469927787781,0.8819557639271807,True,True,True,0.9029493378504142,0.45410239952789605,True,1,0.5745469927787781,0.8819557639271807,1,2,0,0.5,5,
736,images/s3_position_right_15.jpg,fixed_core_test,SYNTHETIC_3D,ok,outputs/shuttle_capability/controlled_capability/images/s3_position_right_15.jpg,17,19,750,477,741.5,467.5,758.5,486.5,17.0,19.0,17.972,16-24,pinned_oblique,right,none,none,bg_001.jpg,315.0,2,0.8600758910179138,0.0,False,False,False,0.0,,False,,,0.0,0,2,1,0.5,5,
737,images/s3_position_right_16.jpg,fixed_core_test,SYNTHETIC_3D,ok,outputs/shuttle_capability/controlled_capability/images/s3_position_right_16.jpg,17,19,750,477,741.5,467.5,758.5,486.5,17.0,19.0,17.972,16-24,pinned_oblique,right,none,none,bg_001.jpg,315.0,4,0.8470648527145386,0.0,False,False,False,0.0,,False,,,0.0,0,4,1,0.5,5,
738,images/s3_position_right_17.jpg,fixed_core_test,SYNTHETIC_3D,ok,outputs/shuttle_capability/controlled_capability/images/s3_position_right_17.jpg,17,19,750,477,741.5,467.5,758.5,486.5,17.0,19.0,17.972,16-24,pinned_oblique,right,none,none,bg_001.jpg,315.0,2,0.20140497386455536,0.0,False,False,False,0.0,,False,,,0.0,0,2,1,0.5,5,
739,images/s3_position_right_18.jpg,fixed_core_test,SYNTHETIC_3D,ok,outputs/shuttle_capability/controlled_capability/images/s3_position_right_18.jpg,17,19,750,477,741.5,467.5,758.5,486.5,17.0,19.0,17.972,16-24,pinned_oblique,right,none,none,bg_001.jpg,315.0,1,0.7689355611801147,0.0,False,False,False,0.0,,False,,,0.0,0,1,1,0.5,5,
740,images/s3_position_right_19.jpg,fixed_core_test,SYNTHETIC_3D,ok,outputs/shuttle_capability/controlled_capability/images/s3_position_right_19.jpg,17,19,750,477,741.5,467.5,758.5,486.5,17.0,19.0,17.972,16-24,pinned_oblique,right,none,none,bg_001.jpg,315.0,2,0.351510614156723,0.0,False,False,False,0.0,,False,,,0.0,0,2,1,0.5,5,
741,images/s3_position_right_20.jpg,fixed_core_test,SYNTHETIC_3D,ok,outputs/shuttle_capability/controlled_capability/images/s3_position_right_20.jpg,17,19,750,477,741.5,467.5,758.5,486.5,17.0,19.0,17.972,16-24,pinned_oblique,right,none,none,bg_001.jpg,315.0,4,0.8564848899841309,0.0,False,True,True,0.941764995317341,0.5620660598162399,True,2,0.7660729289054871,0.9163533823847748,1,3,0,0.5,5,
742,images/s3_position_right_21.jpg,fixed_core_test,SYNTHETIC_3D,ok,outputs/shuttle_capability/controlled_capability/images/s3_position_right_21.jpg,17,19,750,477,741.5,467.5,758.5,486.5,17.0,19.0,17.972,16-24,pinned_oblique,right,none,none,bg_001.jpg,315.0,1,0.0936119481921196,0.0,False,False,False,0.0,,False,,,0.0,0,1,1,0.5,5,
743,images/s3_position_right_22.jpg,fixed_core_test,SYNTHETIC_3D,ok,outputs/shuttle_capability/controlled_capability/images/s3_position_right_22.jpg,17,19,750,477,741.5,467.5,758.5,486.5,17.0,19.0,17.972,16-24,pinned_oblique,right,none,none,bg_001.jpg,315.0,5,0.8609468340873718,0.0,False,True,True,0.929524092101737,0.2423313717198774,True,2,0.497969388961792,0.9181005099982169,1,4,0,0.5,5,
744,images/s3_position_right_23.jpg,fixed_core_test,SYNTHETIC_3D,ok,outputs/shuttle_capability/controlled_capability/images/s3_position_right_23.jpg,17,19,750,477,741.5,467.5,758.5,486.5,17.0,19.0,17.972,16-24,pinned_oblique,right,none,none,bg_001.jpg,315.0,4,0.3392673134803772,0.0,False,False,False,0.0,,False,,,0.0,0,4,1,0.5,5,
745,images/s3_position_right_24.jpg,fixed_core_test,SYNTHETIC_3D,ok,outputs/shuttle_capability/controlled_capability/images/s3_position_right_24.jpg,17,19,750,477,741.5,467.5,758.5,486.5,17.0,19.0,17.972,16-24,pinned_oblique,right,none,none,bg_001.jpg,315.0,3,0.8234168887138367,0.0,False,True,False,0.8350047575246439,2.006641169654337,True,3,0.06698537617921829,0.7414600724203163,1,2,0,0.5,5,
746,images/s3_position_right_25.jpg,fixed_core_test,SYNTHETIC_3D,ok,outputs/shuttle_capability/controlled_capability/images/s3_position_right_25.jpg,17,19,750,477,741.5,467.5,758.5,486.5,17.0,19.0,17.972,16-24,pinned_oblique,right,none,none,bg_001.jpg,315.0,3,0.6557044386863708,0.8109985642123083,True,True,False,0.8741670496323529,0.40802927399028516,True,1,0.6557044386863708,0.8109985642123083,1,2,0,0.5,5,
747,images/s3_position_right_26.jpg,fixed_core_test,SYNTHETIC_3D,ok,outputs/shuttle_capability/controlled_capability/images/s3_position_right_26.jpg,17,19,750,477,741.5,467.5,758.5,486.5,17.0,19.0,17.972,16-24,pinned_oblique,right,none,none,bg_001.jpg,315.0,1,0.8365420699119568,0.0,False,False,False,0.0,,False,,,0.0,0,1,1,0.5,5,
748,images/s3_position_right_27.jpg,fixed_core_test,SYNTHETIC_3D,ok,outputs/shuttle_capability/controlled_capability/images/s3_position_right_27.jpg,17,19,750,477,741.5,467.5,758.5,486.5,17.0,19.0,17.972,16-24,pinned_oblique,right,none,none,bg_001.jpg,315.0,1,0.7761354446411133,0.0,False,False,False,0.0,,False,,,0.0,0,1,1,0.5,5,
749,images/s3_position_right_28.jpg,fixed_core_test,SYNTHETIC_3D,ok,outputs/shuttle_capability/controlled_capability/images/s3_position_right_28.jpg,17,19,750,477,741.5,467.5,758.5,486.5,17.0,19.0,17.972,16-24,pinned_oblique,right,none,none,bg_001.jpg,315.0,2,0.7535321712493896,0.7833448210485173,True,True,False,0.7965891955437675,1.4329519852521808,True,1,0.7535321712493896,0.7833448210485173,1,1,0,0.5,5,
750,images/s3_position_right_29.jpg,fixed_core_test,SYNTHETIC_3D,ok,outputs/shuttle_capability/controlled_capability/images/s3_position_right_29.jpg,17,19,750,477,741.5,467.5,758.5,486.5,17.0,19.0,17.972,16-24,pinned_oblique,right,none,none,bg_001.jpg,315.0,3,0.7187239527702332,0.0,False,True,False,0.8880018203435668,0.36568590420070135,True,3,0.06562205404043198,0.8880018203435668,1,2,0,0.5,5,
751,images/s3_position_right_30.jpg,fixed_core_test,SYNTHETIC_3D,ok,outputs/shuttle_capability/controlled_capability/images/s3_position_right_30.jpg,17,19,750,477,741.5,467.5,758.5,486.5,17.0,19.0,17.972,16-24,pinned_oblique,right,none,none,bg_001.jpg,315.0,1,0.05502665787935257,0.0,False,False,False,0.0,,False,,,0.0,0,1,1,0.5,5,
752,images/s3_position_right_31.jpg,fixed_core_test,SYNTHETIC_3D,ok,outputs/shuttle_capability/controlled_capability/images/s3_position_right_31.jpg,17,19,750,477,741.5,467.5,758.5,486.5,17.0,19.0,17.972,16-24,pinned_oblique,right,none,none,bg_001.jpg,315.0,2,0.10734067112207413,0.4948109116163047,False,False,False,0.4948109116163047,,False,,,0.4948109116163047,0,2,1,0.5,5,
753,images/s3_position_right_32.jpg,fixed_core_test,SYNTHETIC_3D,ok,outputs/shuttle_capability/controlled_capability/images/s3_position_right_32.jpg,17,19,750,477,741.5,467.5,758.5,486.5,17.0,19.0,17.972,16-24,pinned_oblique,right,none,none,bg_001.jpg,315.0,1,0.6848867535591125,0.8829631038463269,True,True,True,0.9090639397086743,0.8032786109241348,True,1,0.6848867535591125,0.8829631038463269,1,0,0,0.5,5,
754,images/s3_position_right_33.jpg,fixed_core_test,SYNTHETIC_3D,ok,outputs/shuttle_capability/controlled_capability/images/s3_position_right_33.jpg,17,19,750,477,741.5,467.5,758.5,486.5,17.0,19.0,17.972,16-24,pinned_oblique,right,none,none,bg_001.jpg,315.0,1,0.7776123881340027,0.0,False,False,False,0.0,,False,,,0.0,0,1,1,0.5,5,
755,images/s3_position_right_34.jpg,fixed_core_test,SYNTHETIC_3D,ok,outputs/shuttle_capability/controlled_capability/images/s3_position_right_34.jpg,17,19,750,477,741.5,467.5,758.5,486.5,17.0,19.0,17.972,16-24,pinned_oblique,right,none,none,bg_001.jpg,315.0,5,0.27658337354660034,0.0,False,False,False,0.0,,False,,,0.0,0,5,1,0.5,5,
756,images/s3_position_right_35.jpg,fixed_core_test,SYNTHETIC_3D,ok,outputs/shuttle_capability/controlled_capability/images/s3_position_right_35.jpg,17,19,750,477,741.5,467.5,758.5,486.5,17.0,19.0,17.972,16-24,pinned_oblique,right,none,none,bg_001.jpg,315.0,3,0.8150197863578796,0.0,False,False,False,0.0,,False,,,0.0,0,3,1,0.5,5,
757,images/s3_position_right_36.jpg,fixed_core_test,SYNTHETIC_3D,ok,outputs/shuttle_capability/controlled_capability/images/s3_position_right_36.jpg,17,19,750,477,741.5,467.5,758.5,486.5,17.0,19.0,17.972,16-24,pinned_oblique,right,none,none,bg_001.jpg,315.0,3,0.7568001747131348,0.8311700095702251,True,True,False,0.8311700095702251,0.5315634857905295,True,1,0.7568001747131348,0.8311700095702251,1,2,0,0.5,5,
758,images/s3_position_right_37.jpg,fixed_core_test,SYNTHETIC_3D,ok,outputs/shuttle_capability/controlled_capability/images/s3_position_right_37.jpg,17,19,750,477,741.5,467.5,758.5,486.5,17.0,19.0,17.972,16-24,pinned_oblique,right,none,none,bg_001.jpg,315.0,1,0.8451482653617859,0.0,False,False,False,0.0,,False,,,0.0,0,1,1,0.5,5,
759,images/s3_position_right_38.jpg,fixed_core_test,SYNTHETIC_3D,ok,outputs/shuttle_capability/controlled_capability/images/s3_position_right_38.jpg,17,19,750,477,741.5,467.5,758.5,486.5,17.0,19.0,17.972,16-24,pinned_oblique,right,none,none,bg_001.jpg,315.0,4,0.7221752405166626,0.92225744647417,True,True,True,0.9647504021139706,0.23387661436230736,True,1,0.7221752405166626,0.92225744647417,1,3,0,0.5,5,
760,images/s3_position_right_39.jpg,fixed_core_test,SYNTHETIC_3D,ok,outputs/shuttle_capability/controlled_capability/images/s3_position_right_39.jpg,17,19,750,477,741.5,467.5,758.5,486.5,17.0,19.0,17.972,16-24,pinned_oblique,right,none,none,bg_001.jpg,315.0,2,0.8105685710906982,0.9017548504117099,True,True,True,0.9844633403577303,0.6568140177680624,True,1,0.8105685710906982,0.9017548504117099,1,1,0,0.5,5,
761,images/s3_position_top_0.jpg,fixed_core_test,SYNTHETIC_3D,ok,outputs/shuttle_capability/controlled_capability/images/s3_position_top_0.jpg,19,17,482,209,472.5,200.5,491.5,217.5,19.0,17.0,17.972,16-24,pinned_oblique,top,none,none,bg_001.jpg,315.0,3,0.8174099922180176,0.0,False,False,False,0.0,,False,,,0.0,0,3,1,0.5,5,
762,images/s3_position_top_1.jpg,fixed_core_test,SYNTHETIC_3D,ok,outputs/shuttle_capability/controlled_capability/images/s3_position_top_1.jpg,19,17,482,209,472.5,200.5,491.5,217.5,19.0,17.0,17.972,16-24,pinned_oblique,top,none,none,bg_001.jpg,315.0,4,0.2185889035463333,0.0,False,True,False,0.8291031891947191,0.3912354705857975,True,3,0.06685056537389755,0.8291031891947191,1,3,0,0.5,5,
763,images/s3_position_top_2.jpg,fixed_core_test,SYNTHETIC_3D,ok,outputs/shuttle_capability/controlled_capability/images/s3_position_top_2.jpg,19,17,482,209,472.5,200.5,491.5,217.5,19.0,17.0,17.972,16-24,pinned_oblique,top,none,none,bg_001.jpg,315.0,2,0.8403210043907166,0.0,False,False,False,0.0,,False,,,0.0,0,2,1,0.5,5,
764,images/s3_position_top_3.jpg,fixed_core_test,SYNTHETIC_3D,ok,outputs/shuttle_capability/controlled_capability/images/s3_position_top_3.jpg,19,17,482,209,472.5,200.5,491.5,217.5,19.0,17.0,17.972,16-24,pinned_oblique,top,none,none,bg_001.jpg,315.0,3,0.8153451085090637,0.0,False,False,False,0.0,,False,,,0.0,0,3,1,0.5,5,
765,images/s3_position_top_4.jpg,fixed_core_test,SYNTHETIC_3D,ok,outputs/shuttle_capability/controlled_capability/images/s3_position_top_4.jpg,19,17,482,209,472.5,200.5,491.5,217.5,19.0,17.0,17.972,16-24,pinned_oblique,top,none,none,bg_001.jpg,315.0,3,0.511307418346405,0.0,False,False,False,0.0,,False,,,0.0,0,3,1,0.5,5,
766,images/s3_position_top_5.jpg,fixed_core_test,SYNTHETIC_3D,ok,outputs/shuttle_capability/controlled_capability/images/s3_position_top_5.jpg,19,17,482,209,472.5,200.5,491.5,217.5,19.0,17.0,17.972,16-24,pinned_oblique,top,none,none,bg_001.jpg,315.0,2,0.8418646454811096,0.0,False,False,False,0.0,,False,,,0.0,0,2,1,0.5,5,
767,images/s3_position_top_6.jpg,fixed_core_test,SYNTHETIC_3D,ok,outputs/shuttle_capability/controlled_capability/images/s3_position_top_6.jpg,19,17,482,209,472.5,200.5,491.5,217.5,19.0,17.0,17.972,16-24,pinned_oblique,top,none,none,bg_001.jpg,315.0,3,0.7778162360191345,0.0,False,False,False,0.0,,False,,,0.0,0,3,1,0.5,5,
768,images/s3_position_top_7.jpg,fixed_core_test,SYNTHETIC_3D,ok,outputs/shuttle_capability/controlled_capability/images/s3_position_top_7.jpg,19,17,482,209,472.5,200.5,491.5,217.5,19.0,17.0,17.972,16-24,pinned_oblique,top,none,none,bg_001.jpg,315.0,3,0.8566784262657166,0.0,False,False,False,0.0,,False,,,0.0,0,3,1,0.5,5,
769,images/s3_position_top_8.jpg,fixed_core_test,SYNTHETIC_3D,ok,outputs/shuttle_capability/controlled_capability/images/s3_position_top_8.jpg,19,17,482,209,472.5,200.5,491.5,217.5,19.0,17.0,17.972,16-24,pinned_oblique,top,none,none,bg_001.jpg,315.0,3,0.1033104956150055,0.0,False,False,False,0.0,,False,,,0.0,0,3,1,0.5,5,
770,images/s3_position_top_9.jpg,fixed_core_test,SYNTHETIC_3D,ok,outputs/shuttle_capability/controlled_capability/images/s3_position_top_9.jpg,19,17,482,209,472.5,200.5,491.5,217.5,19.0,17.0,17.972,16-24,pinned_oblique,top,none,none,bg_001.jpg,315.0,1,0.14358548820018768,0.0,False,False,False,0.0,,False,,,0.0,0,1,1,0.5,5,
771,images/s3_position_top_10.jpg,fixed_core_test,SYNTHETIC_3D,ok,outputs/shuttle_capability/controlled_capability/images/s3_position_top_10.jpg,19,17,482,209,472.5,200.5,491.5,217.5,19.0,17.0,17.972,16-24,pinned_oblique,top,none,none,bg_001.jpg,315.0,1,0.5854129195213318,0.0,False,False,False,0.0,,False,,,0.0,0,1,1,0.5,5,
772,images/s3_position_top_11.jpg,fixed_core_test,SYNTHETIC_3D,ok,outputs/shuttle_capability/controlled_capability/images/s3_position_top_11.jpg,19,17,482,209,472.5,200.5,491.5,217.5,19.0,17.0,17.972,16-24,pinned_oblique,top,none,none,bg_001.jpg,315.0,4,0.47376883029937744,0.0,False,False,False,0.0,,False,,,0.0,0,4,1,0.5,5,
773,images/s3_position_top_12.jpg,fixed_core_test,SYNTHETIC_3D,ok,outputs/shuttle_capability/controlled_capability/images/s3_position_top_12.jpg,19,17,482,209,472.5,200.5,491.5,217.5,19.0,17.0,17.972,16-24,pinned_oblique,top,none,none,bg_001.jpg,315.0,0,,,False,False,False,0.0,,False,,,0.0,0,0,1,0.5,5,
774,images/s3_position_top_13.jpg,fixed_core_test,SYNTHETIC_3D,ok,outputs/shuttle_capability/controlled_capability/images/s3_position_top_13.jpg,19,17,482,209,472.5,200.5,491.5,217.5,19.0,17.0,17.972,16-24,pinned_oblique,top,none,none,bg_001.jpg,315.0,2,0.6598184108734131,0.0,False,False,False,0.0,,False,,,0.0,0,2,1,0.5,5,
775,images/s3_position_top_14.jpg,fixed_core_test,SYNTHETIC_3D,ok,outputs/shuttle_capability/controlled_capability/images/s3_position_top_14.jpg,19,17,482,209,472.5,200.5,491.5,217.5,19.0,17.0,17.972,16-24,pinned_oblique,top,none,none,bg_001.jpg,315.0,2,0.08404743671417236,0.6427896928848531,True,True,True,0.9680507884306067,3.8498064453576295,True,1,0.08404743671417236,0.6427896928848531,1,1,0,0.5,5,
776,images/s3_position_top_15.jpg,fixed_core_test,SYNTHETIC_3D,ok,outputs/shuttle_capability/controlled_capability/images/s3_position_top_15.jpg,19,17,482,209,472.5,200.5,491.5,217.5,19.0,17.0,17.972,16-24,pinned_oblique,top,none,none,bg_001.jpg,315.0,2,0.8711265325546265,0.0,False,False,False,0.0,,False,,,0.0,0,2,1,0.5,5,
777,images/s3_position_top_16.jpg,fixed_core_test,SYNTHETIC_3D,ok,outputs/shuttle_capability/controlled_capability/images/s3_position_top_16.jpg,19,17,482,209,472.5,200.5,491.5,217.5,19.0,17.0,17.972,16-24,pinned_oblique,top,none,none,bg_001.jpg,315.0,4,0.8508516550064087,0.0,False,True,True,0.9769624408922697,0.765694099344273,True,3,0.11982975155115128,0.8361546923673345,1,3,0,0.5,5,
778,images/s3_position_top_17.jpg,fixed_core_test,SYNTHETIC_3D,ok,outputs/shuttle_capability/controlled_capability/images/s3_position_top_17.jpg,19,17,482,209,472.5,200.5,491.5,217.5,19.0,17.0,17.972,16-24,pinned_oblique,top,none,none,bg_001.jpg,315.0,2,0.4976091682910919,0.839085692599295,True,True,False,0.8428256232349127,0.19766415116218722,True,1,0.4976091682910919,0.839085692599295,1,1,0,0.5,5,
779,images/s3_position_top_18.jpg,fixed_core_test,SYNTHETIC_3D,ok,outputs/shuttle_capability/controlled_capability/images/s3_position_top_18.jpg,19,17,482,209,472.5,200.5,491.5,217.5,19.0,17.0,17.972,16-24,pinned_oblique,top,none,none,bg_001.jpg,315.0,1,0.760796070098877,0.0,False,False,False,0.0,,False,,,0.0,0,1,1,0.5,5,
780,images/s3_position_top_19.jpg,fixed_core_test,SYNTHETIC_3D,ok,outputs/shuttle_capability/controlled_capability/images/s3_position_top_19.jpg,19,17,482,209,472.5,200.5,491.5,217.5,19.0,17.0,17.972,16-24,pinned_oblique,top,none,none,bg_001.jpg,315.0,3,0.32522737979888916,0.0,False,False,False,0.0,,False,,,0.0,0,3,1,0.5,5,
781,images/s3_position_top_20.jpg,fixed_core_test,SYNTHETIC_3D,ok,outputs/shuttle_capability/controlled_capability/images/s3_position_top_20.jpg,19,17,482,209,472.5,200.5,491.5,217.5,19.0,17.0,17.972,16-24,pinned_oblique,top,none,none,bg_001.jpg,315.0,3,0.8582746386528015,0.0,False,False,False,0.0,,False,,,0.0,0,3,1,0.5,5,
782,images/s3_position_top_21.jpg,fixed_core_test,SYNTHETIC_3D,ok,outputs/shuttle_capability/controlled_capability/images/s3_position_top_21.jpg,19,17,482,209,472.5,200.5,491.5,217.5,19.0,17.0,17.972,16-24,pinned_oblique,top,none,none,bg_001.jpg,315.0,0,,,False,False,False,0.0,,False,,,0.0,0,0,1,0.5,5,
783,images/s3_position_top_22.jpg,fixed_core_test,SYNTHETIC_3D,ok,outputs/shuttle_capability/controlled_capability/images/s3_position_top_22.jpg,19,17,482,209,472.5,200.5,491.5,217.5,19.0,17.0,17.972,16-24,pinned_oblique,top,none,none,bg_001.jpg,315.0,2,0.8562862277030945,0.0,False,False,False,0.0,,False,,,0.0,0,2,1,0.5,5,
784,images/s3_position_top_23.jpg,fixed_core_test,SYNTHETIC_3D,ok,outputs/shuttle_capability/controlled_capability/images/s3_position_top_23.jpg,19,17,482,209,472.5,200.5,491.5,217.5,19.0,17.0,17.972,16-24,pinned_oblique,top,none,none,bg_001.jpg,315.0,3,0.4501884877681732,0.0,False,False,False,0.0,,False,,,0.0,0,3,1,0.5,5,
785,images/s3_position_top_24.jpg,fixed_core_test,SYNTHETIC_3D,ok,outputs/shuttle_capability/controlled_capability/images/s3_position_top_24.jpg,19,17,482,209,472.5,200.5,491.5,217.5,19.0,17.0,17.972,16-24,pinned_oblique,top,none,none,bg_001.jpg,315.0,1,0.823839008808136,0.0,False,False,False,0.0,,False,,,0.0,0,1,1,0.5,5,
786,images/s3_position_top_25.jpg,fixed_core_test,SYNTHETIC_3D,ok,outputs/shuttle_capability/controlled_capability/images/s3_position_top_25.jpg,19,17,482,209,472.5,200.5,491.5,217.5,19.0,17.0,17.972,16-24,pinned_oblique,top,none,none,bg_001.jpg,315.0,2,0.07185515016317368,0.0,False,False,False,0.0,,False,,,0.0,0,2,1,0.5,5,
787,images/s3_position_top_26.jpg,fixed_core_test,SYNTHETIC_3D,ok,outputs/shuttle_capability/controlled_capability/images/s3_position_top_26.jpg,19,17,482,209,472.5,200.5,491.5,217.5,19.0,17.0,17.972,16-24,pinned_oblique,top,none,none,bg_001.jpg,315.0,1,0.8302827477455139,0.0,False,False,False,0.0,,False,,,0.0,0,1,1,0.5,5,
788,images/s3_position_top_27.jpg,fixed_core_test,SYNTHETIC_3D,ok,outputs/shuttle_capability/controlled_capability/images/s3_position_top_27.jpg,19,17,482,209,472.5,200.5,491.5,217.5,19.0,17.0,17.972,16-24,pinned_oblique,top,none,none,bg_001.jpg,315.0,1,0.7934162020683289,0.0,False,False,False,0.0,,False,,,0.0,0,1,1,0.5,5,
789,images/s3_position_top_28.jpg,fixed_core_test,SYNTHETIC_3D,ok,outputs/shuttle_capability/controlled_capability/images/s3_position_top_28.jpg,19,17,482,209,472.5,200.5,491.5,217.5,19.0,17.0,17.972,16-24,pinned_oblique,top,none,none,bg_001.jpg,315.0,2,0.23691235482692719,0.0,False,False,False,0.0,,False,,,0.0,0,2,1,0.5,5,
790,images/s3_position_top_29.jpg,fixed_core_test,SYNTHETIC_3D,ok,outputs/shuttle_capability/controlled_capability/images/s3_position_top_29.jpg,19,17,482,209,472.5,200.5,491.5,217.5,19.0,17.0,17.972,16-24,pinned_oblique,top,none,none,bg_001.jpg,315.0,1,0.7476245164871216,0.0,False,False,False,0.0,,False,,,0.0,0,1,1,0.5,5,
791,images/s3_position_top_30.jpg,fixed_core_test,SYNTHETIC_3D,ok,outputs/shuttle_capability/controlled_capability/images/s3_position_top_30.jpg,19,17,482,209,472.5,200.5,491.5,217.5,19.0,17.0,17.972,16-24,pinned_oblique,top,none,none,bg_001.jpg,315.0,1,0.7539467811584473,0.8873445424953988,True,True,True,0.9490645559210527,0.5554323467499772,True,1,0.7539467811584473,0.8873445424953988,1,0,0,0.5,5,
792,images/s3_position_top_31.jpg,fixed_core_test,SYNTHETIC_3D,ok,outputs/shuttle_capability/controlled_capability/images/s3_position_top_31.jpg,19,17,482,209,472.5,200.5,491.5,217.5,19.0,17.0,17.972,16-24,pinned_oblique,top,none,none,bg_001.jpg,315.0,1,0.14766965806484222,0.0,False,False,False,0.0,,False,,,0.0,0,1,1,0.5,5,
793,images/s3_position_top_32.jpg,fixed_core_test,SYNTHETIC_3D,ok,outputs/shuttle_capability/controlled_capability/images/s3_position_top_32.jpg,19,17,482,209,472.5,200.5,491.5,217.5,19.0,17.0,17.972,16-24,pinned_oblique,top,none,none,bg_001.jpg,315.0,0,,,False,False,False,0.0,,False,,,0.0,0,0,1,0.5,5,
794,images/s3_position_top_33.jpg,fixed_core_test,SYNTHETIC_3D,ok,outputs/shuttle_capability/controlled_capability/images/s3_position_top_33.jpg,19,17,482,209,472.5,200.5,491.5,217.5,19.0,17.0,17.972,16-24,pinned_oblique,top,none,none,bg_001.jpg,315.0,1,0.7495522499084473,0.0,False,False,False,0.0,,False,,,0.0,0,1,1,0.5,5,
795,images/s3_position_top_34.jpg,fixed_core_test,SYNTHETIC_3D,ok,outputs/shuttle_capability/controlled_capability/images/s3_position_top_34.jpg,19,17,482,209,472.5,200.5,491.5,217.5,19.0,17.0,17.972,16-24,pinned_oblique,top,none,none,bg_001.jpg,315.0,4,0.3168067932128906,0.0,False,False,False,0.0,,False,,,0.0,0,4,1,0.5,5,
796,images/s3_position_top_35.jpg,fixed_core_test,SYNTHETIC_3D,ok,outputs/shuttle_capability/controlled_capability/images/s3_position_top_35.jpg,19,17,482,209,472.5,200.5,491.5,217.5,19.0,17.0,17.972,16-24,pinned_oblique,top,none,none,bg_001.jpg,315.0,2,0.8158800601959229,0.0,False,False,False,0.0,,False,,,0.0,0,2,1,0.5,5,
797,images/s3_position_top_36.jpg,fixed_core_test,SYNTHETIC_3D,ok,outputs/shuttle_capability/controlled_capability/images/s3_position_top_36.jpg,19,17,482,209,472.5,200.5,491.5,217.5,19.0,17.0,17.972,16-24,pinned_oblique,top,none,none,bg_001.jpg,315.0,5,0.8032228946685791,0.8487601856645137,True,True,True,0.9066322728207237,0.8196444061460856,True,1,0.8032228946685791,0.8487601856645137,1,4,0,0.5,5,
798,images/s3_position_top_37.jpg,fixed_core_test,SYNTHETIC_3D,ok,outputs/shuttle_capability/controlled_capability/images/s3_position_top_37.jpg,19,17,482,209,472.5,200.5,491.5,217.5,19.0,17.0,17.972,16-24,pinned_oblique,top,none,none,bg_001.jpg,315.0,1,0.8397659063339233,0.0,False,False,False,0.0,,False,,,0.0,0,1,1,0.5,5,
799,images/s3_position_top_38.jpg,fixed_core_test,SYNTHETIC_3D,ok,outputs/shuttle_capability/controlled_capability/images/s3_position_top_38.jpg,19,17,482,209,472.5,200.5,491.5,217.5,19.0,17.0,17.972,16-24,pinned_oblique,top,none,none,bg_001.jpg,315.0,3,0.567061185836792,0.0,False,False,False,0.0,,False,,,0.0,0,3,1,0.5,5,
800,images/s3_position_top_39.jpg,fixed_core_test,SYNTHETIC_3D,ok,outputs/shuttle_capability/controlled_capability/images/s3_position_top_39.jpg,19,17,482,209,472.5,200.5,491.5,217.5,19.0,17.0,17.972,16-24,pinned_oblique,top,none,none,bg_001.jpg,315.0,2,0.5723286867141724,0.0,False,False,False,0.0,,False,,,0.0,0,2,1,0.5,5,
801,images/s3_position_bottom_0.jpg,fixed_core_test,SYNTHETIC_3D,ok,outputs/shuttle_capability/controlled_capability/images/s3_position_bottom_0.jpg,16,20,481,746,473.0,736.0,489.0,756.0,16.0,20.0,17.889,16-24,pinned_oblique,bottom,none,none,bg_001.jpg,315.0,4,0.8367352485656738,0.0,False,True,False,0.8187932342640124,1.7635392073648688,True,2,0.7801244258880615,0.7547745184971528,1,3,0,0.5,5,
802,images/s3_position_bottom_1.jpg,fixed_core_test,SYNTHETIC_3D,ok,outputs/shuttle_capability/controlled_capability/images/s3_position_bottom_1.jpg,16,20,481,746,473.0,736.0,489.0,756.0,16.0,20.0,17.889,16-24,pinned_oblique,bottom,none,none,bg_001.jpg,315.0,3,0.6684762835502625,0.7714521500974603,True,True,True,0.931646728515625,1.6609959501122407,True,1,0.6684762835502625,0.7714521500974603,1,2,0,0.5,5,
803,images/s3_position_bottom_2.jpg,fixed_core_test,SYNTHETIC_3D,ok,outputs/shuttle_capability/controlled_capability/images/s3_position_bottom_2.jpg,16,20,481,746,473.0,736.0,489.0,756.0,16.0,20.0,17.889,16-24,pinned_oblique,bottom,none,none,bg_001.jpg,315.0,3,0.8423752784729004,0.0,False,True,True,0.9863616943359375,0.6722458665560841,True,3,0.06577201932668686,0.8946921429990325,1,2,0,0.5,5,
804,images/s3_position_bottom_3.jpg,fixed_core_test,SYNTHETIC_3D,ok,outputs/shuttle_capability/controlled_capability/images/s3_position_bottom_3.jpg,16,20,481,746,473.0,736.0,489.0,756.0,16.0,20.0,17.889,16-24,pinned_oblique,bottom,none,none,bg_001.jpg,315.0,4,0.8286241292953491,0.0,False,True,True,0.9144893819699064,1.452607290787299,True,3,0.10970140248537064,0.7999814793046672,1,3,0,0.5,5,
805,images/s3_position_bottom_4.jpg,fixed_core_test,SYNTHETIC_3D,ok,outputs/shuttle_capability/controlled_capability/images/s3_position_bottom_4.jpg,16,20,481,746,473.0,736.0,489.0,756.0,16.0,20.0,17.889,16-24,pinned_oblique,bottom,none,none,bg_001.jpg,315.0,2,0.6322225332260132,0.850315011501832,True,True,True,0.9536168792692479,1.1813682042130977,True,1,0.6322225332260132,0.850315011501832,1,1,0,0.5,5,
806,images/s3_position_bottom_5.jpg,fixed_core_test,SYNTHETIC_3D,ok,outputs/shuttle_capability/controlled_capability/images/s3_position_bottom_5.jpg,16,20,481,746,473.0,736.0,489.0,756.0,16.0,20.0,17.889,16-24,pinned_oblique,bottom,none,none,bg_001.jpg,315.0,3,0.8453349471092224,0.0,False,True,True,0.9475288391113281,1.8212100116663645,True,2,0.7421940565109253,0.753576886221916,1,2,0,0.5,5,
807,images/s3_position_bottom_6.jpg,fixed_core_test,SYNTHETIC_3D,ok,outputs/shuttle_capability/controlled_capability/images/s3_position_bottom_6.jpg,16,20,481,746,473.0,736.0,489.0,756.0,16.0,20.0,17.889,16-24,pinned_oblique,bottom,none,none,bg_001.jpg,315.0,4,0.7735701203346252,0.0,False,True,False,0.8756172167952172,2.9938822211434646,True,3,0.2927546203136444,0.6769969489580576,1,3,0,0.5,5,
808,images/s3_position_bottom_7.jpg,fixed_core_test,SYNTHETIC_3D,ok,outputs/shuttle_capability/controlled_capability/images/s3_position_bottom_7.jpg,16,20,481,746,473.0,736.0,489.0,756.0,16.0,20.0,17.889,16-24,pinned_oblique,bottom,none,none,bg_001.jpg,315.0,4,0.8545158505439758,0.0,False,True,False,0.7678475126274862,1.884053100853091,True,2,0.5641827583312988,0.7156564982696331,1,3,0,0.5,5,
809,images/s3_position_bottom_8.jpg,fixed_core_test,SYNTHETIC_3D,ok,outputs/shuttle_capability/controlled_capability/images/s3_position_bottom_8.jpg,16,20,481,746,473.0,736.0,489.0,756.0,16.0,20.0,17.889,16-24,pinned_oblique,bottom,none,none,bg_001.jpg,315.0,3,0.7165108323097229,0.8371135239785717,True,True,True,0.9110063423868269,1.1316011335858085,True,1,0.7165108323097229,0.8371135239785717,1,2,0,0.5,5,
810,images/s3_position_bottom_9.jpg,fixed_core_test,SYNTHETIC_3D,ok,outputs/shuttle_capability/controlled_capability/images/s3_position_bottom_9.jpg,16,20,481,746,473.0,736.0,489.0,756.0,16.0,20.0,17.889,16-24,pinned_oblique,bottom,none,none,bg_001.jpg,315.0,3,0.12442978471517563,0.0,False,False,False,0.0,,False,,,0.0,0,3,1,0.5,5,
811,images/s3_position_bottom_10.jpg,fixed_core_test,SYNTHETIC_3D,ok,outputs/shuttle_capability/controlled_capability/images/s3_position_bottom_10.jpg,16,20,481,746,473.0,736.0,489.0,756.0,16.0,20.0,17.889,16-24,pinned_oblique,bottom,none,none,bg_001.jpg,315.0,2,0.7112086415290833,0.0,False,True,False,0.8759388715960086,1.6052312193759835,True,2,0.3110174834728241,0.7921588675079173,1,1,0,0.5,5,
812,images/s3_position_bottom_11.jpg,fixed_core_test,SYNTHETIC_3D,ok,outputs/shuttle_capability/controlled_capability/images/s3_position_bottom_11.jpg,16,20,481,746,473.0,736.0,489.0,756.0,16.0,20.0,17.889,16-24,pinned_oblique,bottom,none,none,bg_001.jpg,315.0,4,0.4641258716583252,0.0,False,True,True,0.9437744140625,1.627014835888581,True,2,0.3444240689277649,0.7884646935613193,1,3,0,0.5,5,
813,images/s3_position_bottom_12.jpg,fixed_core_test,SYNTHETIC_3D,ok,outputs/shuttle_capability/controlled_capability/images/s3_position_bottom_12.jpg,16,20,481,746,473.0,736.0,489.0,756.0,16.0,20.0,17.889,16-24,pinned_oblique,bottom,none,none,bg_001.jpg,315.0,1,0.2433527261018753,0.8472036427395979,True,True,True,0.9093612130614929,1.0910912389021648,True,1,0.2433527261018753,0.8472036427395979,1,0,0,0.5,5,
814,images/s3_position_bottom_13.jpg,fixed_core_test,SYNTHETIC_3D,ok,outputs/shuttle_capability/controlled_capability/images/s3_position_bottom_13.jpg,16,20,481,746,473.0,736.0,489.0,756.0,16.0,20.0,17.889,16-24,pinned_oblique,bottom,none,none,bg_001.jpg,315.0,3,0.8190801739692688,0.8491043292093075,True,True,True,0.9225738228997216,1.055548044864316,True,1,0.8190801739692688,0.8491043292093075,1,2,0,0.5,5,
815,images/s3_position_bottom_14.jpg,fixed_core_test,SYNTHETIC_3D,ok,outputs/shuttle_capability/controlled_capability/images/s3_position_bottom_14.jpg,16,20,481,746,473.0,736.0,489.0,756.0,16.0,20.0,17.889,16-24,pinned_oblique,bottom,none,none,bg_001.jpg,315.0,4,0.8312990665435791,0.8171873412058295,True,True,True,0.9075955078820698,1.3056019309588855,True,1,0.8312990665435791,0.8171873412058295,1,3,0,0.5,5,
816,images/s3_position_bottom_15.jpg,fixed_core_test,SYNTHETIC_3D,ok,outputs/shuttle_capability/controlled_capability/images/s3_position_bottom_15.jpg,16,20,481,746,473.0,736.0,489.0,756.0,16.0,20.0,17.889,16-24,pinned_oblique,bottom,none,none,bg_001.jpg,315.0,3,0.8547074198722839,0.0,False,True,True,0.9420134112937376,1.1316352211440004,True,2,0.7904465794563293,0.8408184958460592,1,2,0,0.5,5,
817,images/s3_position_bottom_16.jpg,fixed_core_test,SYNTHETIC_3D,ok,outputs/shuttle_capability/controlled_capability/images/s3_position_bottom_16.jpg,16,20,481,746,473.0,736.0,489.0,756.0,16.0,20.0,17.889,16-24,pinned_oblique,bottom,none,none,bg_001.jpg,315.0,5,0.8506981134414673,0.0,False,False,False,0.0,,False,,,0.0,0,5,1,0.5,5,
818,images/s3_position_bottom_17.jpg,fixed_core_test,SYNTHETIC_3D,ok,outputs/shuttle_capability/controlled_capability/images/s3_position_bottom_17.jpg,16,20,481,746,473.0,736.0,489.0,756.0,16.0,20.0,17.889,16-24,pinned_oblique,bottom,none,none,bg_001.jpg,315.0,2,0.21100881695747375,0.0,False,True,False,0.8096703013521619,2.261130084423058,True,2,0.0697937160730362,0.7026477254343361,1,1,0,0.5,5,
819,images/s3_position_bottom_18.jpg,fixed_core_test,SYNTHETIC_3D,ok,outputs/shuttle_capability/controlled_capability/images/s3_position_bottom_18.jpg,16,20,481,746,473.0,736.0,489.0,756.0,16.0,20.0,17.889,16-24,pinned_oblique,bottom,none,none,bg_001.jpg,315.0,2,0.739071249961853,0.0,False,True,False,0.7838147833244875,2.305409708053972,True,2,0.06952492892742157,0.7085116530458517,1,1,0,0.5,5,
820,images/s3_position_bottom_19.jpg,fixed_core_test,SYNTHETIC_3D,ok,outputs/shuttle_capability/controlled_capability/images/s3_position_bottom_19.jpg,16,20,481,746,473.0,736.0,489.0,756.0,16.0,20.0,17.889,16-24,pinned_oblique,bottom,none,none,bg_001.jpg,315.0,2,0.29734358191490173,0.0,False,False,False,0.0,,False,,,0.0,0,2,1,0.5,5,
821,images/s3_position_bottom_20.jpg,fixed_core_test,SYNTHETIC_3D,ok,outputs/shuttle_capability/controlled_capability/images/s3_position_bottom_20.jpg,16,20,481,746,473.0,736.0,489.0,756.0,16.0,20.0,17.889,16-24,pinned_oblique,bottom,none,none,bg_001.jpg,315.0,4,0.8595452308654785,0.0,False,True,False,0.8158972021308728,1.590953675248078,True,2,0.811040461063385,0.7699647785982006,1,3,0,0.5,5,
822,images/s3_position_bottom_21.jpg,fixed_core_test,SYNTHETIC_3D,ok,outputs/shuttle_capability/controlled_capability/images/s3_position_bottom_21.jpg,16,20,481,746,473.0,736.0,489.0,756.0,16.0,20.0,17.889,16-24,pinned_oblique,bottom,none,none,bg_001.jpg,315.0,3,0.746025025844574,0.6426274091410928,True,True,False,0.6819997515936848,2.185156062205937,True,1,0.746025025844574,0.6426274091410928,1,2,0,0.5,5,
823,images/s3_position_bottom_22.jpg,fixed_core_test,SYNTHETIC_3D,ok,outputs/shuttle_capability/controlled_capability/images/s3_position_bottom_22.jpg,16,20,481,746,473.0,736.0,489.0,756.0,16.0,20.0,17.889,16-24,pinned_oblique,bottom,none,none,bg_001.jpg,315.0,4,0.8209902048110962,0.0,False,True,True,0.9324519602232613,1.4611937029220377,True,2,0.8082147240638733,0.8039338268535227,1,3,0,0.5,5,
824,images/s3_position_bottom_23.jpg,fixed_core_test,SYNTHETIC_3D,ok,outputs/shuttle_capability/controlled_capability/images/s3_position_bottom_23.jpg,16,20,481,746,473.0,736.0,489.0,756.0,16.0,20.0,17.889,16-24,pinned_oblique,bottom,none,none,bg_001.jpg,315.0,4,0.43794697523117065,0.0,False,True,False,0.8768501963932067,2.1216619022203016,True,3,0.21005015075206757,0.7252740787954833,1,3,0,0.5,5,
825,images/s3_position_bottom_24.jpg,fixed_core_test,SYNTHETIC_3D,ok,outputs/shuttle_capability/controlled_capability/images/s3_position_bottom_24.jpg,16,20,481,746,473.0,736.0,489.0,756.0,16.0,20.0,17.889,16-24,pinned_oblique,bottom,none,none,bg_001.jpg,315.0,2,0.8250399231910706,0.0,False,False,False,0.0,,False,,,0.0,0,2,1,0.5,5,
826,images/s3_position_bottom_25.jpg,fixed_core_test,SYNTHETIC_3D,ok,outputs/shuttle_capability/controlled_capability/images/s3_position_bottom_25.jpg,16,20,481,746,473.0,736.0,489.0,756.0,16.0,20.0,17.889,16-24,pinned_oblique,bottom,none,none,bg_001.jpg,315.0,2,0.8183361887931824,0.8889569890290375,True,True,True,0.963311767578125,0.5503232180955896,True,1,0.8183361887931824,0.8889569890290375,1,1,0,0.5,5,
827,images/s3_position_bottom_26.jpg,fixed_core_test,SYNTHETIC_3D,ok,outputs/shuttle_capability/controlled_capability/images/s3_position_bottom_26.jpg,16,20,481,746,473.0,736.0,489.0,756.0,16.0,20.0,17.889,16-24,pinned_oblique,bottom,none,none,bg_001.jpg,315.0,2,0.8221333622932434,0.0,False,True,False,0.8994255065917969,1.6245425528520139,True,2,0.8086196184158325,0.7731062668821299,1,1,0,0.5,5,
828,images/s3_position_bottom_27.jpg,fixed_core_test,SYNTHETIC_3D,ok,outputs/shuttle_capability/controlled_capability/images/s3_position_bottom_27.jpg,16,20,481,746,473.0,736.0,489.0,756.0,16.0,20.0,17.889,16-24,pinned_oblique,bottom,none,none,bg_001.jpg,315.0,1,0.7642104029655457,0.0,False,False,False,0.0,,False,,,0.0,0,1,1,0.5,5,
829,images/s3_position_bottom_28.jpg,fixed_core_test,SYNTHETIC_3D,ok,outputs/shuttle_capability/controlled_capability/images/s3_position_bottom_28.jpg,16,20,481,746,473.0,736.0,489.0,756.0,16.0,20.0,17.889,16-24,pinned_oblique,bottom,none,none,bg_001.jpg,315.0,2,0.07626980543136597,0.0,False,False,False,0.0,,False,,,0.0,0,2,1,0.5,5,
830,images/s3_position_bottom_29.jpg,fixed_core_test,SYNTHETIC_3D,ok,outputs/shuttle_capability/controlled_capability/images/s3_position_bottom_29.jpg,16,20,481,746,473.0,736.0,489.0,756.0,16.0,20.0,17.889,16-24,pinned_oblique,bottom,none,none,bg_001.jpg,315.0,3,0.7839035391807556,0.7634521373795882,True,True,False,0.8224017655185889,1.71378640992521,True,1,0.7839035391807556,0.7634521373795882,1,2,0,0.5,5,
831,images/s3_position_bottom_30.jpg,fixed_core_test,SYNTHETIC_3D,ok,outputs/shuttle_capability/controlled_capability/images/s3_position_bottom_30.jpg,16,20,481,746,473.0,736.0,489.0,756.0,16.0,20.0,17.889,16-24,pinned_oblique,bottom,none,none,bg_001.jpg,315.0,1,0.11068002134561539,0.6643937579902525,True,True,False,0.7910239000339061,3.17651725011238,True,1,0.11068002134561539,0.6643937579902525,1,0,0,0.5,5,
832,images/s3_position_bottom_31.jpg,fixed_core_test,SYNTHETIC_3D,ok,outputs/shuttle_capability/controlled_capability/images/s3_position_bottom_31.jpg,16,20,481,746,473.0,736.0,489.0,756.0,16.0,20.0,17.889,16-24,pinned_oblique,bottom,none,none,bg_001.jpg,315.0,2,0.7663986682891846,0.79736139036823,True,True,False,0.8330719587102067,1.3710376321823041,True,1,0.7663986682891846,0.79736139036823,1,1,0,0.5,5,
833,images/s3_position_bottom_32.jpg,fixed_core_test,SYNTHETIC_3D,ok,outputs/shuttle_capability/controlled_capability/images/s3_position_bottom_32.jpg,16,20,481,746,473.0,736.0,489.0,756.0,16.0,20.0,17.889,16-24,pinned_oblique,bottom,none,none,bg_001.jpg,315.0,0,,,False,False,False,0.0,,False,,,0.0,0,0,1,0.5,5,
834,images/s3_position_bottom_33.jpg,fixed_core_test,SYNTHETIC_3D,ok,outputs/shuttle_capability/controlled_capability/images/s3_position_bottom_33.jpg,16,20,481,746,473.0,736.0,489.0,756.0,16.0,20.0,17.889,16-24,pinned_oblique,bottom,none,none,bg_001.jpg,315.0,2,0.8265526294708252,0.0,False,True,False,0.8472464071586728,2.0672405342170808,True,2,0.5606762170791626,0.7290136235731286,1,1,0,0.5,5,
835,images/s3_position_bottom_34.jpg,fixed_core_test,SYNTHETIC_3D,ok,outputs/shuttle_capability/controlled_capability/images/s3_position_bottom_34.jpg,16,20,481,746,473.0,736.0,489.0,756.0,16.0,20.0,17.889,16-24,pinned_oblique,bottom,none,none,bg_001.jpg,315.0,7,0.7611000537872314,0.8601248362120519,True,True,True,0.9237282405782026,0.9175641553106877,True,1,0.7611000537872314,0.8601248362120519,1,6,0,0.5,5,
836,images/s3_position_bottom_35.jpg,fixed_core_test,SYNTHETIC_3D,ok,outputs/shuttle_capability/controlled_capability/images/s3_position_bottom_35.jpg,16,20,481,746,473.0,736.0,489.0,756.0,16.0,20.0,17.889,16-24,pinned_oblique,bottom,none,none,bg_001.jpg,315.0,3,0.825244665145874,0.0,False,True,True,0.9092431860510259,1.3285567374290868,True,2,0.41958245635032654,0.8133397773320726,1,2,0,0.5,5,
837,images/s3_position_bottom_36.jpg,fixed_core_test,SYNTHETIC_3D,ok,outputs/shuttle_capability/controlled_capability/images/s3_position_bottom_36.jpg,16,20,481,746,473.0,736.0,489.0,756.0,16.0,20.0,17.889,16-24,pinned_oblique,bottom,none,none,bg_001.jpg,315.0,3,0.2628343403339386,0.0,False,True,True,0.96395263671875,1.7048916930540852,True,2,0.10385801643133163,0.7120194792987148,1,2,0,0.5,5,
838,images/s3_position_bottom_37.jpg,fixed_core_test,SYNTHETIC_3D,ok,outputs/shuttle_capability/controlled_capability/images/s3_position_bottom_37.jpg,16,20,481,746,473.0,736.0,489.0,756.0,16.0,20.0,17.889,16-24,pinned_oblique,bottom,none,none,bg_001.jpg,315.0,2,0.8437179327011108,0.0,False,True,True,0.939788818359375,1.12351613814046,True,2,0.7854403853416443,0.8785969270793823,1,1,0,0.5,5,
839,images/s3_position_bottom_38.jpg,fixed_core_test,SYNTHETIC_3D,ok,outputs/shuttle_capability/controlled_capability/images/s3_position_bottom_38.jpg,16,20,481,746,473.0,736.0,489.0,756.0,16.0,20.0,17.889,16-24,pinned_oblique,bottom,none,none,bg_001.jpg,315.0,3,0.8219519853591919,0.7392723807988073,True,True,False,0.8434237448265776,2.090855021547223,True,1,0.8219519853591919,0.7392723807988073,1,2,0,0.5,5,
840,images/s3_position_bottom_39.jpg,fixed_core_test,SYNTHETIC_3D,ok,outputs/shuttle_capability/controlled_capability/images/s3_position_bottom_39.jpg,16,20,481,746,473.0,736.0,489.0,756.0,16.0,20.0,17.889,16-24,pinned_oblique,bottom,none,none,bg_001.jpg,315.0,3,0.7204259037971497,0.715237792426623,True,True,True,0.9700088500976562,2.2671935236267187,True,1,0.7204259037971497,0.715237792426623,1,2,0,0.5,5,
841,images/s3_position_top_left_0.jpg,fixed_core_test,SYNTHETIC_3D,ok,outputs/shuttle_capability/controlled_capability/images/s3_position_top_left_0.jpg,20,15,212,209,202.0,201.5,222.0,216.5,20.0,15.0,17.321,16-24,pinned_oblique,top_left,none,none,bg_001.jpg,315.0,3,0.8292651176452637,0.0,False,False,False,0.0,,False,,,0.0,0,3,1,0.5,5,
842,images/s3_position_top_left_1.jpg,fixed_core_test,SYNTHETIC_3D,ok,outputs/shuttle_capability/controlled_capability/images/s3_position_top_left_1.jpg,20,15,212,209,202.0,201.5,222.0,216.5,20.0,15.0,17.321,16-24,pinned_oblique,top_left,none,none,bg_001.jpg,315.0,2,0.13657498359680176,0.0,False,False,False,0.0,,False,,,0.0,0,2,1,0.5,5,
843,images/s3_position_top_left_2.jpg,fixed_core_test,SYNTHETIC_3D,ok,outputs/shuttle_capability/controlled_capability/images/s3_position_top_left_2.jpg,20,15,212,209,202.0,201.5,222.0,216.5,20.0,15.0,17.321,16-24,pinned_oblique,top_left,none,none,bg_001.jpg,315.0,2,0.8377882838249207,0.0,False,False,False,0.0,,False,,,0.0,0,2,1,0.5,5,
844,images/s3_position_top_left_3.jpg,fixed_core_test,SYNTHETIC_3D,ok,outputs/shuttle_capability/controlled_capability/images/s3_position_top_left_3.jpg,20,15,212,209,202.0,201.5,222.0,216.5,20.0,15.0,17.321,16-24,pinned_oblique,top_left,none,none,bg_001.jpg,315.0,3,0.8507379293441772,0.0,False,False,False,0.0,,False,,,0.0,0,3,1,0.5,5,
845,images/s3_position_top_left_4.jpg,fixed_core_test,SYNTHETIC_3D,ok,outputs/shuttle_capability/controlled_capability/images/s3_position_top_left_4.jpg,20,15,212,209,202.0,201.5,222.0,216.5,20.0,15.0,17.321,16-24,pinned_oblique,top_left,none,none,bg_001.jpg,315.0,3,0.4800744652748108,0.0,False,False,False,0.0,,False,,,0.0,0,3,1,0.5,5,
846,images/s3_position_top_left_5.jpg,fixed_core_test,SYNTHETIC_3D,ok,outputs/shuttle_capability/controlled_capability/images/s3_position_top_left_5.jpg,20,15,212,209,202.0,201.5,222.0,216.5,20.0,15.0,17.321,16-24,pinned_oblique,top_left,none,none,bg_001.jpg,315.0,1,0.8196226358413696,0.0,False,False,False,0.0,,False,,,0.0,0,1,1,0.5,5,
847,images/s3_position_top_left_6.jpg,fixed_core_test,SYNTHETIC_3D,ok,outputs/shuttle_capability/controlled_capability/images/s3_position_top_left_6.jpg,20,15,212,209,202.0,201.5,222.0,216.5,20.0,15.0,17.321,16-24,pinned_oblique,top_left,none,none,bg_001.jpg,315.0,3,0.7722278833389282,0.0,False,False,False,0.0,,False,,,0.0,0,3,1,0.5,5,
848,images/s3_position_top_left_7.jpg,fixed_core_test,SYNTHETIC_3D,ok,outputs/shuttle_capability/controlled_capability/images/s3_position_top_left_7.jpg,20,15,212,209,202.0,201.5,222.0,216.5,20.0,15.0,17.321,16-24,pinned_oblique,top_left,none,none,bg_001.jpg,315.0,4,0.8499184846878052,0.0,False,True,True,0.9140792846679687,1.5177107751312333,True,2,0.6755472421646118,0.8151027208288001,1,3,0,0.5,5,
849,images/s3_position_top_left_8.jpg,fixed_core_test,SYNTHETIC_3D,ok,outputs/shuttle_capability/controlled_capability/images/s3_position_top_left_8.jpg,20,15,212,209,202.0,201.5,222.0,216.5,20.0,15.0,17.321,16-24,pinned_oblique,top_left,none,none,bg_001.jpg,315.0,3,0.17752495408058167,0.0,False,False,False,0.0,,False,,,0.0,0,3,1,0.5,5,
850,images/s3_position_top_left_9.jpg,fixed_core_test,SYNTHETIC_3D,ok,outputs/shuttle_capability/controlled_capability/images/s3_position_top_left_9.jpg,20,15,212,209,202.0,201.5,222.0,216.5,20.0,15.0,17.321,16-24,pinned_oblique,top_left,none,none,bg_001.jpg,315.0,3,0.1787245124578476,0.0,False,False,False,0.0,,False,,,0.0,0,3,1,0.5,5,
851,images/s3_position_top_left_10.jpg,fixed_core_test,SYNTHETIC_3D,ok,outputs/shuttle_capability/controlled_capability/images/s3_position_top_left_10.jpg,20,15,212,209,202.0,201.5,222.0,216.5,20.0,15.0,17.321,16-24,pinned_oblique,top_left,none,none,bg_001.jpg,315.0,2,0.646125078201294,0.0,False,False,False,0.0,,False,,,0.0,0,2,1,0.5,5,
852,images/s3_position_top_left_11.jpg,fixed_core_test,SYNTHETIC_3D,ok,outputs/shuttle_capability/controlled_capability/images/s3_position_top_left_11.jpg,20,15,212,209,202.0,201.5,222.0,216.5,20.0,15.0,17.321,16-24,pinned_oblique,top_left,none,none,bg_001.jpg,315.0,5,0.5440781712532043,0.0,False,False,False,0.0,,False,,,0.0,0,5,1,0.5,5,
853,images/s3_position_top_left_12.jpg,fixed_core_test,SYNTHETIC_3D,ok,outputs/shuttle_capability/controlled_capability/images/s3_position_top_left_12.jpg,20,15,212,209,202.0,201.5,222.0,216.5,20.0,15.0,17.321,16-24,pinned_oblique,top_left,none,none,bg_001.jpg,315.0,1,0.7594148516654968,0.7119054384510368,True,True,False,0.7822390061616897,1.577674754430134,True,1,0.7594148516654968,0.7119054384510368,1,0,0,0.5,5,
854,images/s3_position_top_left_13.jpg,fixed_core_test,SYNTHETIC_3D,ok,outputs/shuttle_capability/controlled_capability/images/s3_position_top_left_13.jpg,20,15,212,209,202.0,201.5,222.0,216.5,20.0,15.0,17.321,16-24,pinned_oblique,top_left,none,none,bg_001.jpg,315.0,3,0.7480695247650146,0.0,False,True,False,0.8971484466828406,0.7986555794822009,True,3,0.06105133518576622,0.8253268142600635,1,2,0,0.5,5,
855,images/s3_position_top_left_14.jpg,fixed_core_test,SYNTHETIC_3D,ok,outputs/shuttle_capability/controlled_capability/images/s3_position_top_left_14.jpg,20,15,212,209,202.0,201.5,222.0,216.5,20.0,15.0,17.321,16-24,pinned_oblique,top_left,none,none,bg_001.jpg,315.0,2,0.24135316908359528,0.8214962522724283,True,True,False,0.8758033127244562,0.9709421940163423,True,1,0.24135316908359528,0.8214962522724283,1,1,0,0.5,5,
856,images/s3_position_top_left_15.jpg,fixed_core_test,SYNTHETIC_3D,ok,outputs/shuttle_capability/controlled_capability/images/s3_position_top_left_15.jpg,20,15,212,209,202.0,201.5,222.0,216.5,20.0,15.0,17.321,16-24,pinned_oblique,top_left,none,none,bg_001.jpg,315.0,4,0.8588494658470154,0.0,False,True,False,0.8973564147949219,1.4542318302417585,True,4,0.07475757598876953,0.7553257342373609,1,3,0,0.5,5,
857,images/s3_position_top_left_16.jpg,fixed_core_test,SYNTHETIC_3D,ok,outputs/shuttle_capability/controlled_capability/images/s3_position_top_left_16.jpg,20,15,212,209,202.0,201.5,222.0,216.5,20.0,15.0,17.321,16-24,pinned_oblique,top_left,none,none,bg_001.jpg,315.0,5,0.8551453948020935,0.0,False,False,False,0.0,,False,,,0.0,0,5,1,0.5,5,
858,images/s3_position_top_left_17.jpg,fixed_core_test,SYNTHETIC_3D,ok,outputs/shuttle_capability/controlled_capability/images/s3_position_top_left_17.jpg,20,15,212,209,202.0,201.5,222.0,216.5,20.0,15.0,17.321,16-24,pinned_oblique,top_left,none,none,bg_001.jpg,315.0,3,0.6254792213439941,0.8635326766489687,True,True,True,0.9546493530273438,0.8751709435259925,True,1,0.6254792213439941,0.8635326766489687,1,2,0,0.5,5,
859,images/s3_position_top_left_18.jpg,fixed_core_test,SYNTHETIC_3D,ok,outputs/shuttle_capability/controlled_capability/images/s3_position_top_left_18.jpg,20,15,212,209,202.0,201.5,222.0,216.5,20.0,15.0,17.321,16-24,pinned_oblique,top_left,none,none,bg_001.jpg,315.0,1,0.7298039793968201,0.0,False,False,False,0.0,,False,,,0.0,0,1,1,0.5,5,
860,images/s3_position_top_left_19.jpg,fixed_core_test,SYNTHETIC_3D,ok,outputs/shuttle_capability/controlled_capability/images/s3_position_top_left_19.jpg,20,15,212,209,202.0,201.5,222.0,216.5,20.0,15.0,17.321,16-24,pinned_oblique,top_left,none,none,bg_001.jpg,315.0,2,0.295490026473999,0.0,False,False,False,0.0,,False,,,0.0,0,2,1,0.5,5,
861,images/s3_position_top_left_20.jpg,fixed_core_test,SYNTHETIC_3D,ok,outputs/shuttle_capability/controlled_capability/images/s3_position_top_left_20.jpg,20,15,212,209,202.0,201.5,222.0,216.5,20.0,15.0,17.321,16-24,pinned_oblique,top_left,none,none,bg_001.jpg,315.0,3,0.8572323322296143,0.0,False,False,False,0.0,,False,,,0.0,0,3,1,0.5,5,
862,images/s3_position_top_left_21.jpg,fixed_core_test,SYNTHETIC_3D,ok,outputs/shuttle_capability/controlled_capability/images/s3_position_top_left_21.jpg,20,15,212,209,202.0,201.5,222.0,216.5,20.0,15.0,17.321,16-24,pinned_oblique,top_left,none,none,bg_001.jpg,315.0,1,0.07896999269723892,0.0,False,False,False,0.0,,False,,,0.0,0,1,1,0.5,5,
863,images/s3_position_top_left_22.jpg,fixed_core_test,SYNTHETIC_3D,ok,outputs/shuttle_capability/controlled_capability/images/s3_position_top_left_22.jpg,20,15,212,209,202.0,201.5,222.0,216.5,20.0,15.0,17.321,16-24,pinned_oblique,top_left,none,none,bg_001.jpg,315.0,2,0.8452739715576172,0.0,False,False,False,0.0,,False,,,0.0,0,2,1,0.5,5,
864,images/s3_position_top_left_23.jpg,fixed_core_test,SYNTHETIC_3D,ok,outputs/shuttle_capability/controlled_capability/images/s3_position_top_left_23.jpg,20,15,212,209,202.0,201.5,222.0,216.5,20.0,15.0,17.321,16-24,pinned_oblique,top_left,none,none,bg_001.jpg,315.0,4,0.3266594707965851,0.0,False,False,False,0.0,,False,,,0.0,0,4,1,0.5,5,
865,images/s3_position_top_left_24.jpg,fixed_core_test,SYNTHETIC_3D,ok,outputs/shuttle_capability/controlled_capability/images/s3_position_top_left_24.jpg,20,15,212,209,202.0,201.5,222.0,216.5,20.0,15.0,17.321,16-24,pinned_oblique,top_left,none,none,bg_001.jpg,315.0,1,0.8208817839622498,0.0,False,False,False,0.0,,False,,,0.0,0,1,1,0.5,5,
866,images/s3_position_top_left_25.jpg,fixed_core_test,SYNTHETIC_3D,ok,outputs/shuttle_capability/controlled_capability/images/s3_position_top_left_25.jpg,20,15,212,209,202.0,201.5,222.0,216.5,20.0,15.0,17.321,16-24,pinned_oblique,top_left,none,none,bg_001.jpg,315.0,2,0.09881487488746643,0.0,False,False,False,0.0,,False,,,0.0,0,2,1,0.5,5,
867,images/s3_position_top_left_26.jpg,fixed_core_test,SYNTHETIC_3D,ok,outputs/shuttle_capability/controlled_capability/images/s3_position_top_left_26.jpg,20,15,212,209,202.0,201.5,222.0,216.5,20.0,15.0,17.321,16-24,pinned_oblique,top_left,none,none,bg_001.jpg,315.0,2,0.8281580805778503,0.0,False,True,True,1.0,1.7883287039220952,True,2,0.6598820090293884,0.7332131006518696,1,1,0,0.5,5,
868,images/s3_position_top_left_27.jpg,fixed_core_test,SYNTHETIC_3D,ok,outputs/shuttle_capability/controlled_capability/images/s3_position_top_left_27.jpg,20,15,212,209,202.0,201.5,222.0,216.5,20.0,15.0,17.321,16-24,pinned_oblique,top_left,none,none,bg_001.jpg,315.0,1,0.7665175199508667,0.0,False,False,False,0.0,,False,,,0.0,0,1,1,0.5,5,
869,images/s3_position_top_left_28.jpg,fixed_core_test,SYNTHETIC_3D,ok,outputs/shuttle_capability/controlled_capability/images/s3_position_top_left_28.jpg,20,15,212,209,202.0,201.5,222.0,216.5,20.0,15.0,17.321,16-24,pinned_oblique,top_left,none,none,bg_001.jpg,315.0,1,0.16436289250850677,0.0,False,False,False,0.0,,False,,,0.0,0,1,1,0.5,5,
870,images/s3_position_top_left_29.jpg,fixed_core_test,SYNTHETIC_3D,ok,outputs/shuttle_capability/controlled_capability/images/s3_position_top_left_29.jpg,20,15,212,209,202.0,201.5,222.0,216.5,20.0,15.0,17.321,16-24,pinned_oblique,top_left,none,none,bg_001.jpg,315.0,2,0.7501850724220276,0.0,False,False,False,0.0,,False,,,0.0,0,2,1,0.5,5,
871,images/s3_position_top_left_30.jpg,fixed_core_test,SYNTHETIC_3D,ok,outputs/shuttle_capability/controlled_capability/images/s3_position_top_left_30.jpg,20,15,212,209,202.0,201.5,222.0,216.5,20.0,15.0,17.321,16-24,pinned_oblique,top_left,none,none,bg_001.jpg,315.0,0,,,False,False,False,0.0,,False,,,0.0,0,0,1,0.5,5,
872,images/s3_position_top_left_31.jpg,fixed_core_test,SYNTHETIC_3D,ok,outputs/shuttle_capability/controlled_capability/images/s3_position_top_left_31.jpg,20,15,212,209,202.0,201.5,222.0,216.5,20.0,15.0,17.321,16-24,pinned_oblique,top_left,none,none,bg_001.jpg,315.0,1,0.06024516373872757,0.0,False,False,False,0.0,,False,,,0.0,0,1,1,0.5,5,
873,images/s3_position_top_left_32.jpg,fixed_core_test,SYNTHETIC_3D,ok,outputs/shuttle_capability/controlled_capability/images/s3_position_top_left_32.jpg,20,15,212,209,202.0,201.5,222.0,216.5,20.0,15.0,17.321,16-24,pinned_oblique,top_left,none,none,bg_001.jpg,315.0,0,,,False,False,False,0.0,,False,,,0.0,0,0,1,0.5,5,
874,images/s3_position_top_left_33.jpg,fixed_core_test,SYNTHETIC_3D,ok,outputs/shuttle_capability/controlled_capability/images/s3_position_top_left_33.jpg,20,15,212,209,202.0,201.5,222.0,216.5,20.0,15.0,17.321,16-24,pinned_oblique,top_left,none,none,bg_001.jpg,315.0,1,0.8037391901016235,0.0,False,False,False,0.0,,False,,,0.0,0,1,1,0.5,5,
875,images/s3_position_top_left_34.jpg,fixed_core_test,SYNTHETIC_3D,ok,outputs/shuttle_capability/controlled_capability/images/s3_position_top_left_34.jpg,20,15,212,209,202.0,201.5,222.0,216.5,20.0,15.0,17.321,16-24,pinned_oblique,top_left,none,none,bg_001.jpg,315.0,5,0.31548577547073364,0.0,False,False,False,0.0,,False,,,0.0,0,5,1,0.5,5,
876,images/s3_position_top_left_35.jpg,fixed_core_test,SYNTHETIC_3D,ok,outputs/shuttle_capability/controlled_capability/images/s3_position_top_left_35.jpg,20,15,212,209,202.0,201.5,222.0,216.5,20.0,15.0,17.321,16-24,pinned_oblique,top_left,none,none,bg_001.jpg,315.0,3,0.8290599584579468,0.0,False,False,False,0.0,,False,,,0.0,0,3,1,0.5,5,
877,images/s3_position_top_left_36.jpg,fixed_core_test,SYNTHETIC_3D,ok,outputs/shuttle_capability/controlled_capability/images/s3_position_top_left_36.jpg,20,15,212,209,202.0,201.5,222.0,216.5,20.0,15.0,17.321,16-24,pinned_oblique,top_left,none,none,bg_001.jpg,315.0,3,0.19978058338165283,0.0,False,True,False,0.8208500699993844,1.2728794813716076,True,2,0.10747876763343811,0.7544860436889409,1,2,0,0.5,5,
878,images/s3_position_top_left_37.jpg,fixed_core_test,SYNTHETIC_3D,ok,outputs/shuttle_capability/controlled_capability/images/s3_position_top_left_37.jpg,20,15,212,209,202.0,201.5,222.0,216.5,20.0,15.0,17.321,16-24,pinned_oblique,top_left,none,none,bg_001.jpg,315.0,1,0.8358933925628662,0.0,False,False,False,0.0,,False,,,0.0,0,1,1,0.5,5,
879,images/s3_position_top_left_38.jpg,fixed_core_test,SYNTHETIC_3D,ok,outputs/shuttle_capability/controlled_capability/images/s3_position_top_left_38.jpg,20,15,212,209,202.0,201.5,222.0,216.5,20.0,15.0,17.321,16-24,pinned_oblique,top_left,none,none,bg_001.jpg,315.0,3,0.6537769436836243,0.0,False,False,False,0.0,,False,,,0.0,0,3,1,0.5,5,
880,images/s3_position_top_left_39.jpg,fixed_core_test,SYNTHETIC_3D,ok,outputs/shuttle_capability/controlled_capability/images/s3_position_top_left_39.jpg,20,15,212,209,202.0,201.5,222.0,216.5,20.0,15.0,17.321,16-24,pinned_oblique,top_left,none,none,bg_001.jpg,315.0,1,0.6698956489562988,0.0,False,False,False,0.0,,False,,,0.0,0,1,1,0.5,5,
881,images/s3_position_top_right_0.jpg,fixed_core_test,SYNTHETIC_3D,ok,outputs/shuttle_capability/controlled_capability/images/s3_position_top_right_0.jpg,18,18,750,208,741.0,199.0,759.0,217.0,18.0,18.0,18.0,16-24,pinned_oblique,top_right,none,none,bg_001.jpg,315.0,3,0.8408558964729309,0.0,False,False,False,0.0,,False,,,0.0,0,3,1,0.5,5,
882,images/s3_position_top_right_1.jpg,fixed_core_test,SYNTHETIC_3D,ok,outputs/shuttle_capability/controlled_capability/images/s3_position_top_right_1.jpg,18,18,750,208,741.0,199.0,759.0,217.0,18.0,18.0,18.0,16-24,pinned_oblique,top_right,none,none,bg_001.jpg,315.0,4,0.16981607675552368,0.0,False,False,False,0.0,,False,,,0.0,0,4,1,0.5,5,
883,images/s3_position_top_right_2.jpg,fixed_core_test,SYNTHETIC_3D,ok,outputs/shuttle_capability/controlled_capability/images/s3_position_top_right_2.jpg,18,18,750,208,741.0,199.0,759.0,217.0,18.0,18.0,18.0,16-24,pinned_oblique,top_right,none,none,bg_001.jpg,315.0,2,0.8457849025726318,0.0,False,False,False,0.0,,False,,,0.0,0,2,1,0.5,5,
884,images/s3_position_top_right_3.jpg,fixed_core_test,SYNTHETIC_3D,ok,outputs/shuttle_capability/controlled_capability/images/s3_position_top_right_3.jpg,18,18,750,208,741.0,199.0,759.0,217.0,18.0,18.0,18.0,16-24,pinned_oblique,top_right,none,none,bg_001.jpg,315.0,3,0.8307285308837891,0.0,False,False,False,0.0,,False,,,0.0,0,3,1,0.5,5,
885,images/s3_position_top_right_4.jpg,fixed_core_test,SYNTHETIC_3D,ok,outputs/shuttle_capability/controlled_capability/images/s3_position_top_right_4.jpg,18,18,750,208,741.0,199.0,759.0,217.0,18.0,18.0,18.0,16-24,pinned_oblique,top_right,none,none,bg_001.jpg,315.0,2,0.5975766777992249,0.0,False,False,False,0.0,,False,,,0.0,0,2,1,0.5,5,
886,images/s3_position_top_right_5.jpg,fixed_core_test,SYNTHETIC_3D,ok,outputs/shuttle_capability/controlled_capability/images/s3_position_top_right_5.jpg,18,18,750,208,741.0,199.0,759.0,217.0,18.0,18.0,18.0,16-24,pinned_oblique,top_right,none,none,bg_001.jpg,315.0,2,0.8190757036209106,0.0,False,False,False,0.0,,False,,,0.0,0,2,1,0.5,5,
887,images/s3_position_top_right_6.jpg,fixed_core_test,SYNTHETIC_3D,ok,outputs/shuttle_capability/controlled_capability/images/s3_position_top_right_6.jpg,18,18,750,208,741.0,199.0,759.0,217.0,18.0,18.0,18.0,16-24,pinned_oblique,top_right,none,none,bg_001.jpg,315.0,3,0.7782670855522156,0.0,False,False,False,0.0,,False,,,0.0,0,3,1,0.5,5,
888,images/s3_position_top_right_7.jpg,fixed_core_test,SYNTHETIC_3D,ok,outputs/shuttle_capability/controlled_capability/images/s3_position_top_right_7.jpg,18,18,750,208,741.0,199.0,759.0,217.0,18.0,18.0,18.0,16-24,pinned_oblique,top_right,none,none,bg_001.jpg,315.0,3,0.8505733609199524,0.0,False,False,False,0.0,,False,,,0.0,0,3,1,0.5,5,
889,images/s3_position_top_right_8.jpg,fixed_core_test,SYNTHETIC_3D,ok,outputs/shuttle_capability/controlled_capability/images/s3_position_top_right_8.jpg,18,18,750,208,741.0,199.0,759.0,217.0,18.0,18.0,18.0,16-24,pinned_oblique,top_right,none,none,bg_001.jpg,315.0,4,0.12173498421907425,0.0,False,False,False,0.0,,False,,,0.0,0,4,1,0.5,5,
890,images/s3_position_top_right_9.jpg,fixed_core_test,SYNTHETIC_3D,ok,outputs/shuttle_capability/controlled_capability/images/s3_position_top_right_9.jpg,18,18,750,208,741.0,199.0,759.0,217.0,18.0,18.0,18.0,16-24,pinned_oblique,top_right,none,none,bg_001.jpg,315.0,1,0.18547560274600983,0.0,False,False,False,0.0,,False,,,0.0,0,1,1,0.5,5,
891,images/s3_position_top_right_10.jpg,fixed_core_test,SYNTHETIC_3D,ok,outputs/shuttle_capability/controlled_capability/images/s3_position_top_right_10.jpg,18,18,750,208,741.0,199.0,759.0,217.0,18.0,18.0,18.0,16-24,pinned_oblique,top_right,none,none,bg_001.jpg,315.0,1,0.5708049535751343,0.0,False,False,False,0.0,,False,,,0.0,0,1,1,0.5,5,
892,images/s3_position_top_right_11.jpg,fixed_core_test,SYNTHETIC_3D,ok,outputs/shuttle_capability/controlled_capability/images/s3_position_top_right_11.jpg,18,18,750,208,741.0,199.0,759.0,217.0,18.0,18.0,18.0,16-24,pinned_oblique,top_right,none,none,bg_001.jpg,315.0,5,0.4878113567829132,0.0,False,False,False,0.4067510546093094,,False,,,0.3831115888604135,0,5,1,0.5,5,
893,images/s3_position_top_right_12.jpg,fixed_core_test,SYNTHETIC_3D,ok,outputs/shuttle_capability/controlled_capability/images/s3_position_top_right_12.jpg,18,18,750,208,741.0,199.0,759.0,217.0,18.0,18.0,18.0,16-24,pinned_oblique,top_right,none,none,bg_001.jpg,315.0,0,,,False,False,False,0.0,,False,,,0.0,0,0,1,0.5,5,
894,images/s3_position_top_right_13.jpg,fixed_core_test,SYNTHETIC_3D,ok,outputs/shuttle_capability/controlled_capability/images/s3_position_top_right_13.jpg,18,18,750,208,741.0,199.0,759.0,217.0,18.0,18.0,18.0,16-24,pinned_oblique,top_right,none,none,bg_001.jpg,315.0,2,0.7386796474456787,0.0,False,False,False,0.0,,False,,,0.0,0,2,1,0.5,5,
895,images/s3_position_top_right_14.jpg,fixed_core_test,SYNTHETIC_3D,ok,outputs/shuttle_capability/controlled_capability/images/s3_position_top_right_14.jpg,18,18,750,208,741.0,199.0,759.0,217.0,18.0,18.0,18.0,16-24,pinned_oblique,top_right,none,none,bg_001.jpg,315.0,3,0.20805414021015167,0.0,False,False,False,0.39600488014036306,,False,,,0.3908204639476158,0,3,1,0.5,5,
896,images/s3_position_top_right_15.jpg,fixed_core_test,SYNTHETIC_3D,ok,outputs/shuttle_capability/controlled_capability/images/s3_position_top_right_15.jpg,18,18,750,208,741.0,199.0,759.0,217.0,18.0,18.0,18.0,16-24,pinned_oblique,top_right,none,none,bg_001.jpg,315.0,3,0.8625039458274841,0.0,False,False,False,0.0,,False,,,0.0,0,3,1,0.5,5,
897,images/s3_position_top_right_16.jpg,fixed_core_test,SYNTHETIC_3D,ok,outputs/shuttle_capability/controlled_capability/images/s3_position_top_right_16.jpg,18,18,750,208,741.0,199.0,759.0,217.0,18.0,18.0,18.0,16-24,pinned_oblique,top_right,none,none,bg_001.jpg,315.0,4,0.8551536202430725,0.0,False,True,True,0.9766947428385416,1.349182802971113,True,2,0.6296886801719666,0.805065958040816,1,3,0,0.5,5,
898,images/s3_position_top_right_17.jpg,fixed_core_test,SYNTHETIC_3D,ok,outputs/shuttle_capability/controlled_capability/images/s3_position_top_right_17.jpg,18,18,750,208,741.0,199.0,759.0,217.0,18.0,18.0,18.0,16-24,pinned_oblique,top_right,none,none,bg_001.jpg,315.0,3,0.7875986099243164,0.8389878245746307,True,True,True,0.9039955172273848,1.244899210455741,True,1,0.7875986099243164,0.8389878245746307,1,2,0,0.5,5,
899,images/s3_position_top_right_18.jpg,fixed_core_test,SYNTHETIC_3D,ok,outputs/shuttle_capability/controlled_capability/images/s3_position_top_right_18.jpg,18,18,750,208,741.0,199.0,759.0,217.0,18.0,18.0,18.0,16-24,pinned_oblique,top_right,none,none,bg_001.jpg,315.0,1,0.7797180414199829,0.0,False,False,False,0.0,,False,,,0.0,0,1,1,0.5,5,
900,images/s3_position_top_right_19.jpg,fixed_core_test,SYNTHETIC_3D,ok,outputs/shuttle_capability/controlled_capability/images/s3_position_top_right_19.jpg,18,18,750,208,741.0,199.0,759.0,217.0,18.0,18.0,18.0,16-24,pinned_oblique,top_right,none,none,bg_001.jpg,315.0,3,0.3203861117362976,0.0,False,False,False,0.0,,False,,,0.0,0,3,1,0.5,5,
901,images/s3_position_top_right_20.jpg,fixed_core_test,SYNTHETIC_3D,ok,outputs/shuttle_capability/controlled_capability/images/s3_position_top_right_20.jpg,18,18,750,208,741.0,199.0,759.0,217.0,18.0,18.0,18.0,16-24,pinned_oblique,top_right,none,none,bg_001.jpg,315.0,3,0.8612197637557983,0.0,False,False,False,0.0,,False,,,0.0,0,3,1,0.5,5,
902,images/s3_position_top_right_21.jpg,fixed_core_test,SYNTHETIC_3D,ok,outputs/shuttle_capability/controlled_capability/images/s3_position_top_right_21.jpg,18,18,750,208,741.0,199.0,759.0,217.0,18.0,18.0,18.0,16-24,pinned_oblique,top_right,none,none,bg_001.jpg,315.0,1,0.72782301902771,0.7267530997961427,True,True,False,0.80761555287941,2.1813009590725327,True,1,0.72782301902771,0.7267530997961427,1,0,0,0.5,5,
903,images/s3_position_top_right_22.jpg,fixed_core_test,SYNTHETIC_3D,ok,outputs/shuttle_capability/controlled_capability/images/s3_position_top_right_22.jpg,18,18,750,208,741.0,199.0,759.0,217.0,18.0,18.0,18.0,16-24,pinned_oblique,top_right,none,none,bg_001.jpg,315.0,3,0.8467593789100647,0.0,False,False,False,0.0,,False,,,0.0,0,3,1,0.5,5,
904,images/s3_position_top_right_23.jpg,fixed_core_test,SYNTHETIC_3D,ok,outputs/shuttle_capability/controlled_capability/images/s3_position_top_right_23.jpg,18,18,750,208,741.0,199.0,759.0,217.0,18.0,18.0,18.0,16-24,pinned_oblique,top_right,none,none,bg_001.jpg,315.0,4,0.2432505488395691,0.0,False,False,False,0.0,,False,,,0.0,0,4,1,0.5,5,
905,images/s3_position_top_right_24.jpg,fixed_core_test,SYNTHETIC_3D,ok,outputs/shuttle_capability/controlled_capability/images/s3_position_top_right_24.jpg,18,18,750,208,741.0,199.0,759.0,217.0,18.0,18.0,18.0,16-24,pinned_oblique,top_right,none,none,bg_001.jpg,315.0,2,0.8288165330886841,0.0,False,False,False,0.0,,False,,,0.0,0,2,1,0.5,5,
906,images/s3_position_top_right_25.jpg,fixed_core_test,SYNTHETIC_3D,ok,outputs/shuttle_capability/controlled_capability/images/s3_position_top_right_25.jpg,18,18,750,208,741.0,199.0,759.0,217.0,18.0,18.0,18.0,16-24,pinned_oblique,top_right,none,none,bg_001.jpg,315.0,2,0.12658080458641052,0.0,False,False,False,0.0,,False,,,0.0,0,2,1,0.5,5,
907,images/s3_position_top_right_26.jpg,fixed_core_test,SYNTHETIC_3D,ok,outputs/shuttle_capability/controlled_capability/images/s3_position_top_right_26.jpg,18,18,750,208,741.0,199.0,759.0,217.0,18.0,18.0,18.0,16-24,pinned_oblique,top_right,none,none,bg_001.jpg,315.0,1,0.8357693552970886,0.0,False,False,False,0.0,,False,,,0.0,0,1,1,0.5,5,
908,images/s3_position_top_right_27.jpg,fixed_core_test,SYNTHETIC_3D,ok,outputs/shuttle_capability/controlled_capability/images/s3_position_top_right_27.jpg,18,18,750,208,741.0,199.0,759.0,217.0,18.0,18.0,18.0,16-24,pinned_oblique,top_right,none,none,bg_001.jpg,315.0,1,0.7772940397262573,0.0,False,False,False,0.0,,False,,,0.0,0,1,1,0.5,5,
909,images/s3_position_top_right_28.jpg,fixed_core_test,SYNTHETIC_3D,ok,outputs/shuttle_capability/controlled_capability/images/s3_position_top_right_28.jpg,18,18,750,208,741.0,199.0,759.0,217.0,18.0,18.0,18.0,16-24,pinned_oblique,top_right,none,none,bg_001.jpg,315.0,1,0.05929408222436905,0.0,False,False,False,0.0,,False,,,0.0,0,1,1,0.5,5,
910,images/s3_position_top_right_29.jpg,fixed_core_test,SYNTHETIC_3D,ok,outputs/shuttle_capability/controlled_capability/images/s3_position_top_right_29.jpg,18,18,750,208,741.0,199.0,759.0,217.0,18.0,18.0,18.0,16-24,pinned_oblique,top_right,none,none,bg_001.jpg,315.0,3,0.7403509616851807,0.0,False,False,False,0.0,,False,,,0.0,0,3,1,0.5,5,
911,images/s3_position_top_right_30.jpg,fixed_core_test,SYNTHETIC_3D,ok,outputs/shuttle_capability/controlled_capability/images/s3_position_top_right_30.jpg,18,18,750,208,741.0,199.0,759.0,217.0,18.0,18.0,18.0,16-24,pinned_oblique,top_right,none,none,bg_001.jpg,315.0,1,0.08553699404001236,0.0,False,False,False,0.0,,False,,,0.0,0,1,1,0.5,5,
912,images/s3_position_top_right_31.jpg,fixed_core_test,SYNTHETIC_3D,ok,outputs/shuttle_capability/controlled_capability/images/s3_position_top_right_31.jpg,18,18,750,208,741.0,199.0,759.0,217.0,18.0,18.0,18.0,16-24,pinned_oblique,top_right,none,none,bg_001.jpg,315.0,1,0.11255660653114319,0.0,False,False,False,0.0,,False,,,0.0,0,1,1,0.5,5,
913,images/s3_position_top_right_32.jpg,fixed_core_test,SYNTHETIC_3D,ok,outputs/shuttle_capability/controlled_capability/images/s3_position_top_right_32.jpg,18,18,750,208,741.0,199.0,759.0,217.0,18.0,18.0,18.0,16-24,pinned_oblique,top_right,none,none,bg_001.jpg,315.0,0,,,False,False,False,0.0,,False,,,0.0,0,0,1,0.5,5,
914,images/s3_position_top_right_33.jpg,fixed_core_test,SYNTHETIC_3D,ok,outputs/shuttle_capability/controlled_capability/images/s3_position_top_right_33.jpg,18,18,750,208,741.0,199.0,759.0,217.0,18.0,18.0,18.0,16-24,pinned_oblique,top_right,none,none,bg_001.jpg,315.0,1,0.8154682517051697,0.0,False,False,False,0.0,,False,,,0.0,0,1,1,0.5,5,
915,images/s3_position_top_right_34.jpg,fixed_core_test,SYNTHETIC_3D,ok,outputs/shuttle_capability/controlled_capability/images/s3_position_top_right_34.jpg,18,18,750,208,741.0,199.0,759.0,217.0,18.0,18.0,18.0,16-24,pinned_oblique,top_right,none,none,bg_001.jpg,315.0,7,0.7958763241767883,0.8437722387559836,True,True,True,0.9171272396903347,1.2186503663816197,True,1,0.7958763241767883,0.8437722387559836,1,6,0,0.5,5,
916,images/s3_position_top_right_35.jpg,fixed_core_test,SYNTHETIC_3D,ok,outputs/shuttle_capability/controlled_capability/images/s3_position_top_right_35.jpg,18,18,750,208,741.0,199.0,759.0,217.0,18.0,18.0,18.0,16-24,pinned_oblique,top_right,none,none,bg_001.jpg,315.0,2,0.8283292651176453,0.0,False,False,False,0.0,,False,,,0.0,0,2,1,0.5,5,
917,images/s3_position_top_right_36.jpg,fixed_core_test,SYNTHETIC_3D,ok,outputs/shuttle_capability/controlled_capability/images/s3_position_top_right_36.jpg,18,18,750,208,741.0,199.0,759.0,217.0,18.0,18.0,18.0,16-24,pinned_oblique,top_right,none,none,bg_001.jpg,315.0,2,0.11864513903856277,0.0,False,False,False,0.0,,False,,,0.0,0,2,1,0.5,5,
918,images/s3_position_top_right_37.jpg,fixed_core_test,SYNTHETIC_3D,ok,outputs/shuttle_capability/controlled_capability/images/s3_position_top_right_37.jpg,18,18,750,208,741.0,199.0,759.0,217.0,18.0,18.0,18.0,16-24,pinned_oblique,top_right,none,none,bg_001.jpg,315.0,1,0.8391773104667664,0.0,False,False,False,0.0,,False,,,0.0,0,1,1,0.5,5,
919,images/s3_position_top_right_38.jpg,fixed_core_test,SYNTHETIC_3D,ok,outputs/shuttle_capability/controlled_capability/images/s3_position_top_right_38.jpg,18,18,750,208,741.0,199.0,759.0,217.0,18.0,18.0,18.0,16-24,pinned_oblique,top_right,none,none,bg_001.jpg,315.0,3,0.4773007333278656,0.0,False,False,False,0.0,,False,,,0.0,0,3,1,0.5,5,
920,images/s3_position_top_right_39.jpg,fixed_core_test,SYNTHETIC_3D,ok,outputs/shuttle_capability/controlled_capability/images/s3_position_top_right_39.jpg,18,18,750,208,741.0,199.0,759.0,217.0,18.0,18.0,18.0,16-24,pinned_oblique,top_right,none,none,bg_001.jpg,315.0,1,0.6069520711898804,0.0,False,False,False,0.0,,False,,,0.0,0,1,1,0.5,5,
921,images/s3_position_bottom_left_0.jpg,fixed_core_test,SYNTHETIC_3D,ok,outputs/shuttle_capability/controlled_capability/images/s3_position_bottom_left_0.jpg,18,18,212,746,203.0,737.0,221.0,755.0,18.0,18.0,18.0,16-24,pinned_oblique,bottom_left,none,none,bg_001.jpg,315.0,5,0.8355293869972229,0.0,False,True,True,0.9792721320265605,1.7072551702538628,True,5,0.08744706213474274,0.7573243491930556,1,4,0,0.5,5,
922,images/s3_position_bottom_left_1.jpg,fixed_core_test,SYNTHETIC_3D,ok,outputs/shuttle_capability/controlled_capability/images/s3_position_bottom_left_1.jpg,18,18,212,746,203.0,737.0,221.0,755.0,18.0,18.0,18.0,16-24,pinned_oblique,bottom_left,none,none,bg_001.jpg,315.0,3,0.19147895276546478,0.0,False,False,False,0.0,,False,,,0.0,0,3,1,0.5,5,
923,images/s3_position_bottom_left_2.jpg,fixed_core_test,SYNTHETIC_3D,ok,outputs/shuttle_capability/controlled_capability/images/s3_position_bottom_left_2.jpg,18,18,212,746,203.0,737.0,221.0,755.0,18.0,18.0,18.0,16-24,pinned_oblique,bottom_left,none,none,bg_001.jpg,315.0,3,0.838539719581604,0.0,False,True,False,0.7241889169111986,1.5708170698161499,True,3,0.19701969623565674,0.7179039954614503,1,2,0,0.5,5,
924,images/s3_position_bottom_left_3.jpg,fixed_core_test,SYNTHETIC_3D,ok,outputs/shuttle_capability/controlled_capability/images/s3_position_bottom_left_3.jpg,18,18,212,746,203.0,737.0,221.0,755.0,18.0,18.0,18.0,16-24,pinned_oblique,bottom_left,none,none,bg_001.jpg,315.0,3,0.822253406047821,0.0,False,False,False,0.0,,False,,,0.0,0,3,1,0.5,5,
925,images/s3_position_bottom_left_4.jpg,fixed_core_test,SYNTHETIC_3D,ok,outputs/shuttle_capability/controlled_capability/images/s3_position_bottom_left_4.jpg,18,18,212,746,203.0,737.0,221.0,755.0,18.0,18.0,18.0,16-24,pinned_oblique,bottom_left,none,none,bg_001.jpg,315.0,2,0.38700705766677856,0.0,False,False,False,0.0,,False,,,0.0,0,2,1,0.5,5,
926,images/s3_position_bottom_left_5.jpg,fixed_core_test,SYNTHETIC_3D,ok,outputs/shuttle_capability/controlled_capability/images/s3_position_bottom_left_5.jpg,18,18,212,746,203.0,737.0,221.0,755.0,18.0,18.0,18.0,16-24,pinned_oblique,bottom_left,none,none,bg_001.jpg,315.0,2,0.8406738042831421,0.0,False,True,True,0.9030778672960069,1.7092769691128187,True,2,0.3306678831577301,0.7656948530380728,1,1,0,0.5,5,
927,images/s3_position_bottom_left_6.jpg,fixed_core_test,SYNTHETIC_3D,ok,outputs/shuttle_capability/controlled_capability/images/s3_position_bottom_left_6.jpg,18,18,212,746,203.0,737.0,221.0,755.0,18.0,18.0,18.0,16-24,pinned_oblique,bottom_left,none,none,bg_001.jpg,315.0,3,0.7647939920425415,0.0,False,False,False,0.0,,False,,,0.0,0,3,1,0.5,5,
928,images/s3_position_bottom_left_7.jpg,fixed_core_test,SYNTHETIC_3D,ok,outputs/shuttle_capability/controlled_capability/images/s3_position_bottom_left_7.jpg,18,18,212,746,203.0,737.0,221.0,755.0,18.0,18.0,18.0,16-24,pinned_oblique,bottom_left,none,none,bg_001.jpg,315.0,4,0.8550635576248169,0.0,False,True,False,0.8681504991319444,2.5467040698204393,True,2,0.5727190375328064,0.6899002708896157,1,3,0,0.5,5,
929,images/s3_position_bottom_left_8.jpg,fixed_core_test,SYNTHETIC_3D,ok,outputs/shuttle_capability/controlled_capability/images/s3_position_bottom_left_8.jpg,18,18,212,746,203.0,737.0,221.0,755.0,18.0,18.0,18.0,16-24,pinned_oblique,bottom_left,none,none,bg_001.jpg,315.0,3,0.15727609395980835,0.0,False,False,False,0.0,,False,,,0.0,0,3,1,0.5,5,
930,images/s3_position_bottom_left_9.jpg,fixed_core_test,SYNTHETIC_3D,ok,outputs/shuttle_capability/controlled_capability/images/s3_position_bottom_left_9.jpg,18,18,212,746,203.0,737.0,221.0,755.0,18.0,18.0,18.0,16-24,pinned_oblique,bottom_left,none,none,bg_001.jpg,315.0,3,0.1073097363114357,0.0,False,False,False,0.0,,False,,,0.0,0,3,1,0.5,5,
931,images/s3_position_bottom_left_10.jpg,fixed_core_test,SYNTHETIC_3D,ok,outputs/shuttle_capability/controlled_capability/images/s3_position_bottom_left_10.jpg,18,18,212,746,203.0,737.0,221.0,755.0,18.0,18.0,18.0,16-24,pinned_oblique,bottom_left,none,none,bg_001.jpg,315.0,2,0.6918048858642578,0.0,False,False,False,0.0,,False,,,0.0,0,2,1,0.5,5,
932,images/s3_position_bottom_left_11.jpg,fixed_core_test,SYNTHETIC_3D,ok,outputs/shuttle_capability/controlled_capability/images/s3_position_bottom_left_11.jpg,18,18,212,746,203.0,737.0,221.0,755.0,18.0,18.0,18.0,16-24,pinned_oblique,bottom_left,none,none,bg_001.jpg,315.0,5,0.45504632592201233,0.0,False,True,False,0.8559164574116837,2.069702951706168,True,2,0.32051485776901245,0.735322456842566,1,4,0,0.5,5,
933,images/s3_position_bottom_left_12.jpg,fixed_core_test,SYNTHETIC_3D,ok,outputs/shuttle_capability/controlled_capability/images/s3_position_bottom_left_12.jpg,18,18,212,746,203.0,737.0,221.0,755.0,18.0,18.0,18.0,16-24,pinned_oblique,bottom_left,none,none,bg_001.jpg,315.0,0,,,False,False,False,0.0,,False,,,0.0,0,0,1,0.5,5,
934,images/s3_position_bottom_left_13.jpg,fixed_core_test,SYNTHETIC_3D,ok,outputs/shuttle_capability/controlled_capability/images/s3_position_bottom_left_13.jpg,18,18,212,746,203.0,737.0,221.0,755.0,18.0,18.0,18.0,16-24,pinned_oblique,bottom_left,none,none,bg_001.jpg,315.0,3,0.7599660158157349,0.0,False,True,False,0.8713476843499567,2.8227809522976486,True,3,0.06074923276901245,0.6728412431517805,1,2,0,0.5,5,
935,images/s3_position_bottom_left_14.jpg,fixed_core_test,SYNTHETIC_3D,ok,outputs/shuttle_capability/controlled_capability/images/s3_position_bottom_left_14.jpg,18,18,212,746,203.0,737.0,221.0,755.0,18.0,18.0,18.0,16-24,pinned_oblique,bottom_left,none,none,bg_001.jpg,315.0,2,0.14641578495502472,0.0,False,False,False,0.0,,False,,,0.0,0,2,1,0.5,5,
936,images/s3_position_bottom_left_15.jpg,fixed_core_test,SYNTHETIC_3D,ok,outputs/shuttle_capability/controlled_capability/images/s3_position_bottom_left_15.jpg,18,18,212,746,203.0,737.0,221.0,755.0,18.0,18.0,18.0,16-24,pinned_oblique,bottom_left,none,none,bg_001.jpg,315.0,3,0.8487244248390198,0.0,False,True,True,0.9519782547988458,1.795960329909594,True,2,0.8014938831329346,0.770792959410629,1,2,0,0.5,5,
937,images/s3_position_bottom_left_16.jpg,fixed_core_test,SYNTHETIC_3D,ok,outputs/shuttle_capability/controlled_capability/images/s3_position_bottom_left_16.jpg,18,18,212,746,203.0,737.0,221.0,755.0,18.0,18.0,18.0,16-24,pinned_oblique,bottom_left,none,none,bg_001.jpg,315.0,5,0.8423151969909668,0.0,False,True,True,0.9829067654079862,0.8590127056640223,True,3,0.25536632537841797,0.8147542182188849,1,4,0,0.5,5,
938,images/s3_position_bottom_left_17.jpg,fixed_core_test,SYNTHETIC_3D,ok,outputs/shuttle_capability/controlled_capability/images/s3_position_bottom_left_17.jpg,18,18,212,746,203.0,737.0,221.0,755.0,18.0,18.0,18.0,16-24,pinned_oblique,bottom_left,none,none,bg_001.jpg,315.0,3,0.266545832157135,0.0,False,True,False,0.8138826201428417,1.7776686950370184,True,3,0.09207654744386673,0.7580438807176916,1,2,0,0.5,5,
939,images/s3_position_bottom_left_18.jpg,fixed_core_test,SYNTHETIC_3D,ok,outputs/shuttle_capability/controlled_capability/images/s3_position_bottom_left_18.jpg,18,18,212,746,203.0,737.0,221.0,755.0,18.0,18.0,18.0,16-24,pinned_oblique,bottom_left,none,none,bg_001.jpg,315.0,2,0.7567742466926575,0.0,False,True,True,1.0,1.5257982846895917,True,2,0.24368496239185333,0.7173465138446339,1,1,0,0.5,5,
940,images/s3_position_bottom_left_19.jpg,fixed_core_test,SYNTHETIC_3D,ok,outputs/shuttle_capability/controlled_capability/images/s3_position_bottom_left_19.jpg,18,18,212,746,203.0,737.0,221.0,755.0,18.0,18.0,18.0,16-24,pinned_oblique,bottom_left,none,none,bg_001.jpg,315.0,3,0.5858922004699707,0.8370989759018379,True,True,False,0.8962870045151148,1.327174770737475,True,1,0.5858922004699707,0.8370989759018379,1,2,0,0.5,5,
941,images/s3_position_bottom_left_20.jpg,fixed_core_test,SYNTHETIC_3D,ok,outputs/shuttle_capability/controlled_capability/images/s3_position_bottom_left_20.jpg,18,18,212,746,203.0,737.0,221.0,755.0,18.0,18.0,18.0,16-24,pinned_oblique,bottom_left,none,none,bg_001.jpg,315.0,4,0.8545293807983398,0.0,False,True,True,0.9578885758916537,1.5981911187122577,True,2,0.6917660236358643,0.7934012021666541,1,3,0,0.5,5,
942,images/s3_position_bottom_left_21.jpg,fixed_core_test,SYNTHETIC_3D,ok,outputs/shuttle_capability/controlled_capability/images/s3_position_bottom_left_21.jpg,18,18,212,746,203.0,737.0,221.0,755.0,18.0,18.0,18.0,16-24,pinned_oblique,bottom_left,none,none,bg_001.jpg,315.0,2,0.07856281101703644,0.0,False,False,False,0.0,,False,,,0.0,0,2,1,0.5,5,
943,images/s3_position_bottom_left_22.jpg,fixed_core_test,SYNTHETIC_3D,ok,outputs/shuttle_capability/controlled_capability/images/s3_position_bottom_left_22.jpg,18,18,212,746,203.0,737.0,221.0,755.0,18.0,18.0,18.0,16-24,pinned_oblique,bottom_left,none,none,bg_001.jpg,315.0,2,0.8591236472129822,0.0,False,False,False,0.0,,False,,,0.0,0,2,1,0.5,5,
944,images/s3_position_bottom_left_23.jpg,fixed_core_test,SYNTHETIC_3D,ok,outputs/shuttle_capability/controlled_capability/images/s3_position_bottom_left_23.jpg,18,18,212,746,203.0,737.0,221.0,755.0,18.0,18.0,18.0,16-24,pinned_oblique,bottom_left,none,none,bg_001.jpg,315.0,4,0.765093982219696,0.766989761729724,True,True,True,0.9755316840277778,1.6324123150152654,True,1,0.765093982219696,0.766989761729724,1,3,0,0.5,5,
945,images/s3_position_bottom_left_24.jpg,fixed_core_test,SYNTHETIC_3D,ok,outputs/shuttle_capability/controlled_capability/images/s3_position_bottom_left_24.jpg,18,18,212,746,203.0,737.0,221.0,755.0,18.0,18.0,18.0,16-24,pinned_oblique,bottom_left,none,none,bg_001.jpg,315.0,2,0.8169400691986084,0.0,False,False,False,0.0,,False,,,0.0,0,2,1,0.5,5,
946,images/s3_position_bottom_left_25.jpg,fixed_core_test,SYNTHETIC_3D,ok,outputs/shuttle_capability/controlled_capability/images/s3_position_bottom_left_25.jpg,18,18,212,746,203.0,737.0,221.0,755.0,18.0,18.0,18.0,16-24,pinned_oblique,bottom_left,none,none,bg_001.jpg,315.0,2,0.7409102320671082,0.7544892559539836,True,True,False,0.885624879034075,1.9507271546356717,True,1,0.7409102320671082,0.7544892559539836,1,1,0,0.5,5,
947,images/s3_position_bottom_left_26.jpg,fixed_core_test,SYNTHETIC_3D,ok,outputs/shuttle_capability/controlled_capability/images/s3_position_bottom_left_26.jpg,18,18,212,746,203.0,737.0,221.0,755.0,18.0,18.0,18.0,16-24,pinned_oblique,bottom_left,none,none,bg_001.jpg,315.0,2,0.8329181671142578,0.0,False,True,False,0.6421948150145235,1.664632221757466,True,2,0.535112202167511,0.6421948150145235,1,1,0,0.5,5,
948,images/s3_position_bottom_left_27.jpg,fixed_core_test,SYNTHETIC_3D,ok,outputs/shuttle_capability/controlled_capability/images/s3_position_bottom_left_27.jpg,18,18,212,746,203.0,737.0,221.0,755.0,18.0,18.0,18.0,16-24,pinned_oblique,bottom_left,none,none,bg_001.jpg,315.0,2,0.7858691811561584,0.0,False,True,True,0.9140078688879716,1.7890172074448358,True,2,0.40494605898857117,0.7679250722189119,1,1,0,0.5,5,
949,images/s3_position_bottom_left_28.jpg,fixed_core_test,SYNTHETIC_3D,ok,outputs/shuttle_capability/controlled_capability/images/s3_position_bottom_left_28.jpg,18,18,212,746,203.0,737.0,221.0,755.0,18.0,18.0,18.0,16-24,pinned_oblique,bottom_left,none,none,bg_001.jpg,315.0,1,0.24575453996658325,0.0,False,False,False,0.0,,False,,,0.0,0,1,1,0.5,5,
950,images/s3_position_bottom_left_29.jpg,fixed_core_test,SYNTHETIC_3D,ok,outputs/shuttle_capability/controlled_capability/images/s3_position_bottom_left_29.jpg,18,18,212,746,203.0,737.0,221.0,755.0,18.0,18.0,18.0,16-24,pinned_oblique,bottom_left,none,none,bg_001.jpg,315.0,4,0.7652254700660706,0.0,False,True,False,0.7875760147020359,1.6250790822634371,True,2,0.5584097504615784,0.7421117046383192,1,3,0,0.5,5,
951,images/s3_position_bottom_left_30.jpg,fixed_core_test,SYNTHETIC_3D,ok,outputs/shuttle_capability/controlled_capability/images/s3_position_bottom_left_30.jpg,18,18,212,746,203.0,737.0,221.0,755.0,18.0,18.0,18.0,16-24,pinned_oblique,bottom_left,none,none,bg_001.jpg,315.0,1,0.5987252593040466,0.6556633666413002,True,True,False,0.8397935238195422,2.9428432356315084,True,1,0.5987252593040466,0.6556633666413002,1,0,0,0.5,5,
952,images/s3_position_bottom_left_31.jpg,fixed_core_test,SYNTHETIC_3D,ok,outputs/shuttle_capability/controlled_capability/images/s3_position_bottom_left_31.jpg,18,18,212,746,203.0,737.0,221.0,755.0,18.0,18.0,18.0,16-24,pinned_oblique,bottom_left,none,none,bg_001.jpg,315.0,3,0.3351616859436035,0.8055789198416857,True,True,True,0.9072933538161494,1.4758470855345045,True,1,0.3351616859436035,0.8055789198416857,1,2,0,0.5,5,
953,images/s3_position_bottom_left_32.jpg,fixed_core_test,SYNTHETIC_3D,ok,outputs/shuttle_capability/controlled_capability/images/s3_position_bottom_left_32.jpg,18,18,212,746,203.0,737.0,221.0,755.0,18.0,18.0,18.0,16-24,pinned_oblique,bottom_left,none,none,bg_001.jpg,315.0,0,,,False,False,False,0.0,,False,,,0.0,0,0,1,0.5,5,
954,images/s3_position_bottom_left_33.jpg,fixed_core_test,SYNTHETIC_3D,ok,outputs/shuttle_capability/controlled_capability/images/s3_position_bottom_left_33.jpg,18,18,212,746,203.0,737.0,221.0,755.0,18.0,18.0,18.0,16-24,pinned_oblique,bottom_left,none,none,bg_001.jpg,315.0,3,0.8098844885826111,0.0,False,False,False,0.38640407997149007,,False,,,0.33687007804613245,0,3,1,0.5,5,
955,images/s3_position_bottom_left_34.jpg,fixed_core_test,SYNTHETIC_3D,ok,outputs/shuttle_capability/controlled_capability/images/s3_position_bottom_left_34.jpg,18,18,212,746,203.0,737.0,221.0,755.0,18.0,18.0,18.0,16-24,pinned_oblique,bottom_left,none,none,bg_001.jpg,315.0,5,0.30376407504081726,0.0,False,False,False,0.0,,False,,,0.0,0,5,1,0.5,5,
956,images/s3_position_bottom_left_35.jpg,fixed_core_test,SYNTHETIC_3D,ok,outputs/shuttle_capability/controlled_capability/images/s3_position_bottom_left_35.jpg,18,18,212,746,203.0,737.0,221.0,755.0,18.0,18.0,18.0,16-24,pinned_oblique,bottom_left,none,none,bg_001.jpg,315.0,2,0.8247367143630981,0.0,False,False,False,0.0,,False,,,0.0,0,2,1,0.5,5,
957,images/s3_position_bottom_left_36.jpg,fixed_core_test,SYNTHETIC_3D,ok,outputs/shuttle_capability/controlled_capability/images/s3_position_bottom_left_36.jpg,18,18,212,746,203.0,737.0,221.0,755.0,18.0,18.0,18.0,16-24,pinned_oblique,bottom_left,none,none,bg_001.jpg,315.0,4,0.7790614366531372,0.59301759449905,True,True,False,0.8328708714495102,4.151023809714859,True,1,0.7790614366531372,0.59301759449905,1,3,0,0.5,5,
958,images/s3_position_bottom_left_37.jpg,fixed_core_test,SYNTHETIC_3D,ok,outputs/shuttle_capability/controlled_capability/images/s3_position_bottom_left_37.jpg,18,18,212,746,203.0,737.0,221.0,755.0,18.0,18.0,18.0,16-24,pinned_oblique,bottom_left,none,none,bg_001.jpg,315.0,3,0.8446136116981506,0.0,False,True,False,0.8628498158348655,1.0028298006953267,True,3,0.07364276796579361,0.7108117358552085,1,2,0,0.5,5,
959,images/s3_position_bottom_left_38.jpg,fixed_core_test,SYNTHETIC_3D,ok,outputs/shuttle_capability/controlled_capability/images/s3_position_bottom_left_38.jpg,18,18,212,746,203.0,737.0,221.0,755.0,18.0,18.0,18.0,16-24,pinned_oblique,bottom_left,none,none,bg_001.jpg,315.0,3,0.7829203009605408,0.7228271621446521,True,True,False,0.8723406222143015,2.2667464952015925,True,1,0.7829203009605408,0.7228271621446521,1,2,0,0.5,5,
960,images/s3_position_bottom_left_39.jpg,fixed_core_test,SYNTHETIC_3D,ok,outputs/shuttle_capability/controlled_capability/images/s3_position_bottom_left_39.jpg,18,18,212,746,203.0,737.0,221.0,755.0,18.0,18.0,18.0,16-24,pinned_oblique,bottom_left,none,none,bg_001.jpg,315.0,1,0.6544337868690491,0.0,False,False,False,0.0,,False,,,0.0,0,1,1,0.5,5,
961,images/s3_position_bottom_right_0.jpg,fixed_core_test,SYNTHETIC_3D,ok,outputs/shuttle_capability/controlled_capability/images/s3_position_bottom_right_0.jpg,15,20,750,746,742.5,736.0,757.5,756.0,15.0,20.0,17.321,16-24,pinned_oblique,bottom_right,none,none,bg_001.jpg,315.0,4,0.8137442469596863,0.0,False,True,False,0.8573974609375,2.5507040085131307,True,2,0.7874886393547058,0.7405991027137018,1,3,0,0.5,5,
962,images/s3_position_bottom_right_1.jpg,fixed_core_test,SYNTHETIC_3D,ok,outputs/shuttle_capability/controlled_capability/images/s3_position_bottom_right_1.jpg,15,20,750,746,742.5,736.0,757.5,756.0,15.0,20.0,17.321,16-24,pinned_oblique,bottom_right,none,none,bg_001.jpg,315.0,2,0.1513587385416031,0.0,False,False,False,0.0,,False,,,0.0,0,2,1,0.5,5,
963,images/s3_position_bottom_right_2.jpg,fixed_core_test,SYNTHETIC_3D,ok,outputs/shuttle_capability/controlled_capability/images/s3_position_bottom_right_2.jpg,15,20,750,746,742.5,736.0,757.5,756.0,15.0,20.0,17.321,16-24,pinned_oblique,bottom_right,none,none,bg_001.jpg,315.0,4,0.84358149766922,0.0,False,True,True,0.9297149658203125,0.956923479707433,True,2,0.620792031288147,0.8727791282292864,1,3,0,0.5,5,
964,images/s3_position_bottom_right_3.jpg,fixed_core_test,SYNTHETIC_3D,ok,outputs/shuttle_capability/controlled_capability/images/s3_position_bottom_right_3.jpg,15,20,750,746,742.5,736.0,757.5,756.0,15.0,20.0,17.321,16-24,pinned_oblique,bottom_right,none,none,bg_001.jpg,315.0,3,0.8348943591117859,0.0,False,False,False,0.0,,False,,,0.0,0,3,1,0.5,5,
965,images/s3_position_bottom_right_4.jpg,fixed_core_test,SYNTHETIC_3D,ok,outputs/shuttle_capability/controlled_capability/images/s3_position_bottom_right_4.jpg,15,20,750,746,742.5,736.0,757.5,756.0,15.0,20.0,17.321,16-24,pinned_oblique,bottom_right,none,none,bg_001.jpg,315.0,2,0.20319503545761108,0.0,False,False,False,0.0,,False,,,0.0,0,2,1,0.5,5,
966,images/s3_position_bottom_right_5.jpg,fixed_core_test,SYNTHETIC_3D,ok,outputs/shuttle_capability/controlled_capability/images/s3_position_bottom_right_5.jpg,15,20,750,746,742.5,736.0,757.5,756.0,15.0,20.0,17.321,16-24,pinned_oblique,bottom_right,none,none,bg_001.jpg,315.0,4,0.8281823992729187,0.0,False,True,True,0.951043701171875,0.560736079300657,True,2,0.22197575867176056,0.8943877229042508,1,3,0,0.5,5,
967,images/s3_position_bottom_right_6.jpg,fixed_core_test,SYNTHETIC_3D,ok,outputs/shuttle_capability/controlled_capability/images/s3_position_bottom_right_6.jpg,15,20,750,746,742.5,736.0,757.5,756.0,15.0,20.0,17.321,16-24,pinned_oblique,bottom_right,none,none,bg_001.jpg,315.0,4,0.7741396427154541,0.0,False,True,True,0.9740936279296875,0.7409906933370333,True,3,0.4140656292438507,0.8149419877936219,1,3,0,0.5,5,
968,images/s3_position_bottom_right_7.jpg,fixed_core_test,SYNTHETIC_3D,ok,outputs/shuttle_capability/controlled_capability/images/s3_position_bottom_right_7.jpg,15,20,750,746,742.5,736.0,757.5,756.0,15.0,20.0,17.321,16-24,pinned_oblique,bottom_right,none,none,bg_001.jpg,315.0,3,0.850457489490509,0.0,False,False,False,0.0,,False,,,0.0,0,3,1,0.5,5,
969,images/s3_position_bottom_right_8.jpg,fixed_core_test,SYNTHETIC_3D,ok,outputs/shuttle_capability/controlled_capability/images/s3_position_bottom_right_8.jpg,15,20,750,746,742.5,736.0,757.5,756.0,15.0,20.0,17.321,16-24,pinned_oblique,bottom_right,none,none,bg_001.jpg,315.0,3,0.13902132213115692,0.0,False,False,False,0.0,,False,,,0.0,0,3,1,0.5,5,
970,images/s3_position_bottom_right_9.jpg,fixed_core_test,SYNTHETIC_3D,ok,outputs/shuttle_capability/controlled_capability/images/s3_position_bottom_right_9.jpg,15,20,750,746,742.5,736.0,757.5,756.0,15.0,20.0,17.321,16-24,pinned_oblique,bottom_right,none,none,bg_001.jpg,315.0,3,0.6954836249351501,0.8636530514296895,True,True,True,0.9325581044455369,1.2004970857115378,True,1,0.6954836249351501,0.8636530514296895,1,2,0,0.5,5,
971,images/s3_position_bottom_right_10.jpg,fixed_core_test,SYNTHETIC_3D,ok,outputs/shuttle_capability/controlled_capability/images/s3_position_bottom_right_10.jpg,15,20,750,746,742.5,736.0,757.5,756.0,15.0,20.0,17.321,16-24,pinned_oblique,bottom_right,none,none,bg_001.jpg,315.0,2,0.6884187459945679,0.0,False,True,True,0.921484375,1.6038396800608539,True,2,0.1287362426519394,0.7361749793647355,1,1,0,0.5,5,
972,images/s3_position_bottom_right_11.jpg,fixed_core_test,SYNTHETIC_3D,ok,outputs/shuttle_capability/controlled_capability/images/s3_position_bottom_right_11.jpg,15,20,750,746,742.5,736.0,757.5,756.0,15.0,20.0,17.321,16-24,pinned_oblique,bottom_right,none,none,bg_001.jpg,315.0,4,0.5280245542526245,0.0,False,False,False,0.0,,False,,,0.0,0,4,1,0.5,5,
973,images/s3_position_bottom_right_12.jpg,fixed_core_test,SYNTHETIC_3D,ok,outputs/shuttle_capability/controlled_capability/images/s3_position_bottom_right_12.jpg,15,20,750,746,742.5,736.0,757.5,756.0,15.0,20.0,17.321,16-24,pinned_oblique,bottom_right,none,none,bg_001.jpg,315.0,0,,,False,False,False,0.0,,False,,,0.0,0,0,1,0.5,5,
974,images/s3_position_bottom_right_13.jpg,fixed_core_test,SYNTHETIC_3D,ok,outputs/shuttle_capability/controlled_capability/images/s3_position_bottom_right_13.jpg,15,20,750,746,742.5,736.0,757.5,756.0,15.0,20.0,17.321,16-24,pinned_oblique,bottom_right,none,none,bg_001.jpg,315.0,3,0.7657358050346375,0.0,False,True,True,0.9707733154296875,1.0389758989090336,True,2,0.7255242466926575,0.7729037829873199,1,2,0,0.5,5,
975,images/s3_position_bottom_right_14.jpg,fixed_core_test,SYNTHETIC_3D,ok,outputs/shuttle_capability/controlled_capability/images/s3_position_bottom_right_14.jpg,15,20,750,746,742.5,736.0,757.5,756.0,15.0,20.0,17.321,16-24,pinned_oblique,bottom_right,none,none,bg_001.jpg,315.0,5,0.7458404898643494,0.8451109365738824,True,True,False,0.8508879415690899,1.0625574126229227,True,1,0.7458404898643494,0.8451109365738824,1,4,0,0.5,5,
976,images/s3_position_bottom_right_15.jpg,fixed_core_test,SYNTHETIC_3D,ok,outputs/shuttle_capability/controlled_capability/images/s3_position_bottom_right_15.jpg,15,20,750,746,742.5,736.0,757.5,756.0,15.0,20.0,17.321,16-24,pinned_oblique,bottom_right,none,none,bg_001.jpg,315.0,4,0.8690951466560364,0.0,False,True,True,0.9771331787109375,1.499514580701844,True,2,0.40236228704452515,0.7328888366803925,1,3,0,0.5,5,
977,images/s3_position_bottom_right_16.jpg,fixed_core_test,SYNTHETIC_3D,ok,outputs/shuttle_capability/controlled_capability/images/s3_position_bottom_right_16.jpg,15,20,750,746,742.5,736.0,757.5,756.0,15.0,20.0,17.321,16-24,pinned_oblique,bottom_right,none,none,bg_001.jpg,315.0,4,0.8468973636627197,0.0,False,True,True,0.95914306640625,1.4756051295185484,True,2,0.18404719233512878,0.7959408496117876,1,3,0,0.5,5,
978,images/s3_position_bottom_right_17.jpg,fixed_core_test,SYNTHETIC_3D,ok,outputs/shuttle_capability/controlled_capability/images/s3_position_bottom_right_17.jpg,15,20,750,746,742.5,736.0,757.5,756.0,15.0,20.0,17.321,16-24,pinned_oblique,bottom_right,none,none,bg_001.jpg,315.0,2,0.2535325586795807,0.0,False,False,False,0.0,,False,,,0.0,0,2,1,0.5,5,
979,images/s3_position_bottom_right_18.jpg,fixed_core_test,SYNTHETIC_3D,ok,outputs/shuttle_capability/controlled_capability/images/s3_position_bottom_right_18.jpg,15,20,750,746,742.5,736.0,757.5,756.0,15.0,20.0,17.321,16-24,pinned_oblique,bottom_right,none,none,bg_001.jpg,315.0,1,0.7442761659622192,0.0,False,False,False,0.0,,False,,,0.0,0,1,1,0.5,5,
980,images/s3_position_bottom_right_19.jpg,fixed_core_test,SYNTHETIC_3D,ok,outputs/shuttle_capability/controlled_capability/images/s3_position_bottom_right_19.jpg,15,20,750,746,742.5,736.0,757.5,756.0,15.0,20.0,17.321,16-24,pinned_oblique,bottom_right,none,none,bg_001.jpg,315.0,3,0.5739088654518127,0.8336860290100235,True,True,False,0.8418619358539581,1.3007271743966995,True,1,0.5739088654518127,0.8336860290100235,1,2,0,0.5,5,
981,images/s3_position_bottom_right_20.jpg,fixed_core_test,SYNTHETIC_3D,ok,outputs/shuttle_capability/controlled_capability/images/s3_position_bottom_right_20.jpg,15,20,750,746,742.5,736.0,757.5,756.0,15.0,20.0,17.321,16-24,pinned_oblique,bottom_right,none,none,bg_001.jpg,315.0,4,0.8581249117851257,0.0,False,True,True,0.901873863240083,1.4658904776785409,True,2,0.7569342255592346,0.8191294225220433,1,3,0,0.5,5,
982,images/s3_position_bottom_right_21.jpg,fixed_core_test,SYNTHETIC_3D,ok,outputs/shuttle_capability/controlled_capability/images/s3_position_bottom_right_21.jpg,15,20,750,746,742.5,736.0,757.5,756.0,15.0,20.0,17.321,16-24,pinned_oblique,bottom_right,none,none,bg_001.jpg,315.0,1,0.1350778043270111,0.0,False,False,False,0.0,,False,,,0.0,0,1,1,0.5,5,
983,images/s3_position_bottom_right_22.jpg,fixed_core_test,SYNTHETIC_3D,ok,outputs/shuttle_capability/controlled_capability/images/s3_position_bottom_right_22.jpg,15,20,750,746,742.5,736.0,757.5,756.0,15.0,20.0,17.321,16-24,pinned_oblique,bottom_right,none,none,bg_001.jpg,315.0,4,0.8327767252922058,0.0,False,True,True,0.987725830078125,0.7738734326874332,True,2,0.6778031587600708,0.8396387741792799,1,3,0,0.5,5,
984,images/s3_position_bottom_right_23.jpg,fixed_core_test,SYNTHETIC_3D,ok,outputs/shuttle_capability/controlled_capability/images/s3_position_bottom_right_23.jpg,15,20,750,746,742.5,736.0,757.5,756.0,15.0,20.0,17.321,16-24,pinned_oblique,bottom_right,none,none,bg_001.jpg,315.0,3,0.5060781836509705,0.0,False,False,False,0.0,,False,,,0.0,0,3,1,0.5,5,
985,images/s3_position_bottom_right_24.jpg,fixed_core_test,SYNTHETIC_3D,ok,outputs/shuttle_capability/controlled_capability/images/s3_position_bottom_right_24.jpg,15,20,750,746,742.5,736.0,757.5,756.0,15.0,20.0,17.321,16-24,pinned_oblique,bottom_right,none,none,bg_001.jpg,315.0,2,0.828407347202301,0.0,False,True,True,0.973779296875,0.7325000040980736,True,2,0.8043242692947388,0.8978804630751815,1,1,0,0.5,5,
986,images/s3_position_bottom_right_25.jpg,fixed_core_test,SYNTHETIC_3D,ok,outputs/shuttle_capability/controlled_capability/images/s3_position_bottom_right_25.jpg,15,20,750,746,742.5,736.0,757.5,756.0,15.0,20.0,17.321,16-24,pinned_oblique,bottom_right,none,none,bg_001.jpg,315.0,3,0.7600483298301697,0.8128337224521387,True,True,True,0.9198132449636857,1.339894714998792,True,1,0.7600483298301697,0.8128337224521387,1,2,0,0.5,5,
987,images/s3_position_bottom_right_26.jpg,fixed_core_test,SYNTHETIC_3D,ok,outputs/shuttle_capability/controlled_capability/images/s3_position_bottom_right_26.jpg,15,20,750,746,742.5,736.0,757.5,756.0,15.0,20.0,17.321,16-24,pinned_oblique,bottom_right,none,none,bg_001.jpg,315.0,1,0.820894718170166,0.0,False,False,False,0.0,,False,,,0.0,0,1,1,0.5,5,
988,images/s3_position_bottom_right_27.jpg,fixed_core_test,SYNTHETIC_3D,ok,outputs/shuttle_capability/controlled_capability/images/s3_position_bottom_right_27.jpg,15,20,750,746,742.5,736.0,757.5,756.0,15.0,20.0,17.321,16-24,pinned_oblique,bottom_right,none,none,bg_001.jpg,315.0,1,0.7719005942344666,0.0,False,False,False,0.0,,False,,,0.0,0,1,1,0.5,5,
989,images/s3_position_bottom_right_28.jpg,fixed_core_test,SYNTHETIC_3D,ok,outputs/shuttle_capability/controlled_capability/images/s3_position_bottom_right_28.jpg,15,20,750,746,742.5,736.0,757.5,756.0,15.0,20.0,17.321,16-24,pinned_oblique,bottom_right,none,none,bg_001.jpg,315.0,2,0.26921582221984863,0.8613376491396257,True,True,False,0.8847935050725937,1.3054439816416736,True,1,0.26921582221984863,0.8613376491396257,1,1,0,0.5,5,
990,images/s3_position_bottom_right_29.jpg,fixed_core_test,SYNTHETIC_3D,ok,outputs/shuttle_capability/controlled_capability/images/s3_position_bottom_right_29.jpg,15,20,750,746,742.5,736.0,757.5,756.0,15.0,20.0,17.321,16-24,pinned_oblique,bottom_right,none,none,bg_001.jpg,315.0,3,0.7155881524085999,0.0,False,True,True,1.0,0.6656078533417682,True,2,0.5659093856811523,0.8004446928531203,1,2,0,0.5,5,
991,images/s3_position_bottom_right_30.jpg,fixed_core_test,SYNTHETIC_3D,ok,outputs/shuttle_capability/controlled_capability/images/s3_position_bottom_right_30.jpg,15,20,750,746,742.5,736.0,757.5,756.0,15.0,20.0,17.321,16-24,pinned_oblique,bottom_right,none,none,bg_001.jpg,315.0,1,0.6823720335960388,0.7938679965831869,True,True,False,0.8360839636623859,1.756552146108886,True,1,0.6823720335960388,0.7938679965831869,1,0,0,0.5,5,
992,images/s3_position_bottom_right_31.jpg,fixed_core_test,SYNTHETIC_3D,ok,outputs/shuttle_capability/controlled_capability/images/s3_position_bottom_right_31.jpg,15,20,750,746,742.5,736.0,757.5,756.0,15.0,20.0,17.321,16-24,pinned_oblique,bottom_right,none,none,bg_001.jpg,315.0,2,0.21476756036281586,0.8380361658303477,True,True,True,0.961065673828125,0.779406520711617,True,1,0.21476756036281586,0.8380361658303477,1,1,0,0.5,5,
993,images/s3_position_bottom_right_32.jpg,fixed_core_test,SYNTHETIC_3D,ok,outputs/shuttle_capability/controlled_capability/images/s3_position_bottom_right_32.jpg,15,20,750,746,742.5,736.0,757.5,756.0,15.0,20.0,17.321,16-24,pinned_oblique,bottom_right,none,none,bg_001.jpg,315.0,1,0.07861822843551636,0.8201855396830268,True,True,False,0.882932733297348,1.3407688853381998,True,1,0.07861822843551636,0.8201855396830268,1,0,0,0.5,5,
994,images/s3_position_bottom_right_33.jpg,fixed_core_test,SYNTHETIC_3D,ok,outputs/shuttle_capability/controlled_capability/images/s3_position_bottom_right_33.jpg,15,20,750,746,742.5,736.0,757.5,756.0,15.0,20.0,17.321,16-24,pinned_oblique,bottom_right,none,none,bg_001.jpg,315.0,1,0.7973895072937012,0.0,False,False,False,0.0,,False,,,0.0,0,1,1,0.5,5,
995,images/s3_position_bottom_right_34.jpg,fixed_core_test,SYNTHETIC_3D,ok,outputs/shuttle_capability/controlled_capability/images/s3_position_bottom_right_34.jpg,15,20,750,746,742.5,736.0,757.5,756.0,15.0,20.0,17.321,16-24,pinned_oblique,bottom_right,none,none,bg_001.jpg,315.0,6,0.27629342675209045,0.0,False,True,False,0.8818450927734375,1.883374521306781,True,3,0.14049756526947021,0.7706354678307475,1,5,0,0.5,5,
996,images/s3_position_bottom_right_35.jpg,fixed_core_test,SYNTHETIC_3D,ok,outputs/shuttle_capability/controlled_capability/images/s3_position_bottom_right_35.jpg,15,20,750,746,742.5,736.0,757.5,756.0,15.0,20.0,17.321,16-24,pinned_oblique,bottom_right,none,none,bg_001.jpg,315.0,4,0.8206707835197449,0.0,False,True,False,0.8374573892354965,1.4537397604476747,True,2,0.31299328804016113,0.783833566656797,1,3,0,0.5,5,
997,images/s3_position_bottom_right_36.jpg,fixed_core_test,SYNTHETIC_3D,ok,outputs/shuttle_capability/controlled_capability/images/s3_position_bottom_right_36.jpg,15,20,750,746,742.5,736.0,757.5,756.0,15.0,20.0,17.321,16-24,pinned_oblique,bottom_right,none,none,bg_001.jpg,315.0,5,0.31183478236198425,0.7610150524863822,True,True,True,0.9792891636490821,1.7351541922134983,True,1,0.31183478236198425,0.7610150524863822,1,4,0,0.5,5,
998,images/s3_position_bottom_right_37.jpg,fixed_core_test,SYNTHETIC_3D,ok,outputs/shuttle_capability/controlled_capability/images/s3_position_bottom_right_37.jpg,15,20,750,746,742.5,736.0,757.5,756.0,15.0,20.0,17.321,16-24,pinned_oblique,bottom_right,none,none,bg_001.jpg,315.0,3,0.8385903835296631,0.0,False,True,True,0.9595176759983103,0.9426744301396133,True,2,0.747139573097229,0.8841459935668534,1,2,0,0.5,5,
999,images/s3_position_bottom_right_38.jpg,fixed_core_test,SYNTHETIC_3D,ok,outputs/shuttle_capability/controlled_capability/images/s3_position_bottom_right_38.jpg,15,20,750,746,742.5,736.0,757.5,756.0,15.0,20.0,17.321,16-24,pinned_oblique,bottom_right,none,none,bg_001.jpg,315.0,3,0.7913897037506104,0.7661259089470475,True,True,True,1.0,0.09197611253246478,True,1,0.7913897037506104,0.7661259089470475,1,2,0,0.5,5,
1000,images/s3_position_bottom_right_39.jpg,fixed_core_test,SYNTHETIC_3D,ok,outputs/shuttle_capability/controlled_capability/images/s3_position_bottom_right_39.jpg,15,20,750,746,742.5,736.0,757.5,756.0,15.0,20.0,17.321,16-24,pinned_oblique,bottom_right,none,none,bg_001.jpg,315.0,1,0.6409019231796265,0.0,False,False,False,0.0,,False,,,0.0,0,1,1,0.5,5,
1001,images/s4_blur_none_0.jpg,fixed_core_test,SYNTHETIC_3D,ok,outputs/shuttle_capability/controlled_capability/images/s4_blur_none_0.jpg,18,18,481,477,472.0,468.0,490.0,486.0,18.0,18.0,18.0,16-24,pinned_oblique,center,none,none,bg_001.jpg,315.0,3,0.1126018613576889,0.0,False,False,False,0.0,,False,,,0.0,0,3,1,0.5,5,
1002,images/s4_blur_none_1.jpg,fixed_core_test,SYNTHETIC_3D,ok,outputs/shuttle_capability/controlled_capability/images/s4_blur_none_1.jpg,18,18,481,477,472.0,468.0,490.0,486.0,18.0,18.0,18.0,16-24,pinned_oblique,center,none,none,bg_001.jpg,315.0,1,0.7591632604598999,0.0,False,False,False,0.0,,False,,,0.0,0,1,1,0.5,5,
1003,images/s4_blur_none_2.jpg,fixed_core_test,SYNTHETIC_3D,ok,outputs/shuttle_capability/controlled_capability/images/s4_blur_none_2.jpg,18,18,481,477,472.0,468.0,490.0,486.0,18.0,18.0,18.0,16-24,pinned_oblique,center,none,none,bg_001.jpg,315.0,4,0.6956640481948853,0.7555926638409602,True,True,False,0.8080642903913502,2.2283436579722253,True,1,0.6956640481948853,0.7555926638409602,1,3,0,0.5,5,
1004,images/s4_blur_none_3.jpg,fixed_core_test,SYNTHETIC_3D,ok,outputs/shuttle_capability/controlled_capability/images/s4_blur_none_3.jpg,18,18,481,477,472.0,468.0,490.0,486.0,18.0,18.0,18.0,16-24,pinned_oblique,center,none,none,bg_001.jpg,315.0,4,0.8641667366027832,0.0,False,True,False,0.824292169952834,1.2817236941279546,True,2,0.588003396987915,0.8108301673033974,1,3,0,0.5,5,
1005,images/s4_blur_none_4.jpg,fixed_core_test,SYNTHETIC_3D,ok,outputs/shuttle_capability/controlled_capability/images/s4_blur_none_4.jpg,18,18,481,477,472.0,468.0,490.0,486.0,18.0,18.0,18.0,16-24,pinned_oblique,center,none,none,bg_001.jpg,315.0,0,,,False,False,False,0.0,,False,,,0.0,0,0,1,0.5,5,
1006,images/s4_blur_none_5.jpg,fixed_core_test,SYNTHETIC_3D,ok,outputs/shuttle_capability/controlled_capability/images/s4_blur_none_5.jpg,18,18,481,477,472.0,468.0,490.0,486.0,18.0,18.0,18.0,16-24,pinned_oblique,center,none,none,bg_001.jpg,315.0,2,0.6454918384552002,0.0,False,False,False,0.0,,False,,,0.0,0,2,1,0.5,5,
1007,images/s4_blur_none_6.jpg,fixed_core_test,SYNTHETIC_3D,ok,outputs/shuttle_capability/controlled_capability/images/s4_blur_none_6.jpg,18,18,481,477,472.0,468.0,490.0,486.0,18.0,18.0,18.0,16-24,pinned_oblique,center,none,none,bg_001.jpg,315.0,5,0.585331916809082,0.0,False,False,False,0.4331937009054754,,False,,,0.42997428008134975,0,5,1,0.5,5,
1008,images/s4_blur_none_7.jpg,fixed_core_test,SYNTHETIC_3D,ok,outputs/shuttle_capability/controlled_capability/images/s4_blur_none_7.jpg,18,18,481,477,472.0,468.0,490.0,486.0,18.0,18.0,18.0,16-24,pinned_oblique,center,none,none,bg_001.jpg,315.0,1,0.8121389746665955,0.0,False,False,False,0.0,,False,,,0.0,0,1,1,0.5,5,
1009,images/s4_blur_none_8.jpg,fixed_core_test,SYNTHETIC_3D,ok,outputs/shuttle_capability/controlled_capability/images/s4_blur_none_8.jpg,18,18,481,477,472.0,468.0,490.0,486.0,18.0,18.0,18.0,16-24,pinned_oblique,center,none,none,bg_001.jpg,315.0,1,0.49104005098342896,0.0,False,False,False,0.0,,False,,,0.0,0,1,1,0.5,5,
1010,images/s4_blur_none_9.jpg,fixed_core_test,SYNTHETIC_3D,ok,outputs/shuttle_capability/controlled_capability/images/s4_blur_none_9.jpg,18,18,481,477,472.0,468.0,490.0,486.0,18.0,18.0,18.0,16-24,pinned_oblique,center,none,none,bg_001.jpg,315.0,2,0.8492894768714905,0.0,False,False,False,0.0,,False,,,0.0,0,2,1,0.5,5,
1011,images/s4_blur_none_10.jpg,fixed_core_test,SYNTHETIC_3D,ok,outputs/shuttle_capability/controlled_capability/images/s4_blur_none_10.jpg,18,18,481,477,472.0,468.0,490.0,486.0,18.0,18.0,18.0,16-24,pinned_oblique,center,none,none,bg_001.jpg,315.0,3,0.48446419835090637,0.0,False,False,False,0.0,,False,,,0.0,0,3,1,0.5,5,
1012,images/s4_blur_none_11.jpg,fixed_core_test,SYNTHETIC_3D,ok,outputs/shuttle_capability/controlled_capability/images/s4_blur_none_11.jpg,18,18,481,477,472.0,468.0,490.0,486.0,18.0,18.0,18.0,16-24,pinned_oblique,center,none,none,bg_001.jpg,315.0,3,0.15014146268367767,0.0,False,False,False,0.0,,False,,,0.0,0,3,1,0.5,5,
1013,images/s4_blur_none_12.jpg,fixed_core_test,SYNTHETIC_3D,ok,outputs/shuttle_capability/controlled_capability/images/s4_blur_none_12.jpg,18,18,481,477,472.0,468.0,490.0,486.0,18.0,18.0,18.0,16-24,pinned_oblique,center,none,none,bg_001.jpg,315.0,2,0.45382341742515564,0.6899331981506516,True,True,False,0.7280481151523598,2.4783091816098666,True,1,0.45382341742515564,0.6899331981506516,1,1,0,0.5,5,
1014,images/s4_blur_none_13.jpg,fixed_core_test,SYNTHETIC_3D,ok,outputs/shuttle_capability/controlled_capability/images/s4_blur_none_13.jpg,18,18,481,477,472.0,468.0,490.0,486.0,18.0,18.0,18.0,16-24,pinned_oblique,center,none,none,bg_001.jpg,315.0,7,0.2578675448894501,0.0,False,True,False,0.6759332682661436,1.8358032301745941,True,2,0.16394108533859253,0.6759332682661436,1,6,0,0.5,5,
1015,images/s4_blur_none_14.jpg,fixed_core_test,SYNTHETIC_3D,ok,outputs/shuttle_capability/controlled_capability/images/s4_blur_none_14.jpg,18,18,481,477,472.0,468.0,490.0,486.0,18.0,18.0,18.0,16-24,pinned_oblique,center,none,none,bg_001.jpg,315.0,3,0.851304829120636,0.0,False,False,False,0.0,,False,,,0.0,0,3,1,0.5,5,
1016,images/s4_blur_none_15.jpg,fixed_core_test,SYNTHETIC_3D,ok,outputs/shuttle_capability/controlled_capability/images/s4_blur_none_15.jpg,18,18,481,477,472.0,468.0,490.0,486.0,18.0,18.0,18.0,16-24,pinned_oblique,center,none,none,bg_001.jpg,315.0,2,0.8595116138458252,0.0,False,True,False,0.804970939617811,2.1525606387519143,True,2,0.1644437313079834,0.7177807966819518,1,1,0,0.5,5,
1017,images/s4_blur_none_16.jpg,fixed_core_test,SYNTHETIC_3D,ok,outputs/shuttle_capability/controlled_capability/images/s4_blur_none_16.jpg,18,18,481,477,472.0,468.0,490.0,486.0,18.0,18.0,18.0,16-24,pinned_oblique,center,none,none,bg_001.jpg,315.0,1,0.8192079067230225,0.0,False,False,False,0.0,,False,,,0.0,0,1,1,0.5,5,
1018,images/s4_blur_none_17.jpg,fixed_core_test,SYNTHETIC_3D,ok,outputs/shuttle_capability/controlled_capability/images/s4_blur_none_17.jpg,18,18,481,477,472.0,468.0,490.0,486.0,18.0,18.0,18.0,16-24,pinned_oblique,center,none,none,bg_001.jpg,315.0,2,0.7995606064796448,0.0,False,False,False,0.0,,False,,,0.0,0,2,1,0.5,5,
1019,images/s4_blur_none_18.jpg,fixed_core_test,SYNTHETIC_3D,ok,outputs/shuttle_capability/controlled_capability/images/s4_blur_none_18.jpg,18,18,481,477,472.0,468.0,490.0,486.0,18.0,18.0,18.0,16-24,pinned_oblique,center,none,none,bg_001.jpg,315.0,2,0.8183175921440125,0.0,False,False,True,0.9472575294785202,,False,,,0.07025455394401449,0,2,1,0.5,5,
1020,images/s4_blur_none_19.jpg,fixed_core_test,SYNTHETIC_3D,ok,outputs/shuttle_capability/controlled_capability/images/s4_blur_none_19.jpg,18,18,481,477,472.0,468.0,490.0,486.0,18.0,18.0,18.0,16-24,pinned_oblique,center,none,none,bg_001.jpg,315.0,3,0.7953968048095703,0.0,False,True,False,0.6726139938044879,2.4203638969281083,True,2,0.6618125438690186,0.6481426507834905,1,2,0,0.5,5,
1021,images/s4_blur_light_0.jpg,fixed_core_test,SYNTHETIC_3D,ok,outputs/shuttle_capability/controlled_capability/images/s4_blur_light_0.jpg,18,18,481,477,472.0,468.0,490.0,486.0,18.0,18.0,18.0,16-24,pinned_oblique,center,light,none,bg_001.jpg,315.0,1,0.21687312424182892,0.0,False,False,False,0.0,,False,,,0.0,0,1,1,0.5,5,
1022,images/s4_blur_light_1.jpg,fixed_core_test,SYNTHETIC_3D,ok,outputs/shuttle_capability/controlled_capability/images/s4_blur_light_1.jpg,18,18,481,477,472.0,468.0,490.0,486.0,18.0,18.0,18.0,16-24,pinned_oblique,center,light,none,bg_001.jpg,315.0,2,0.7118822932243347,0.0,False,False,False,0.0,,False,,,0.0,0,2,1,0.5,5,
1023,images/s4_blur_light_2.jpg,fixed_core_test,SYNTHETIC_3D,ok,outputs/shuttle_capability/controlled_capability/images/s4_blur_light_2.jpg,18,18,481,477,472.0,468.0,490.0,486.0,18.0,18.0,18.0,16-24,pinned_oblique,center,light,none,bg_001.jpg,315.0,2,0.6686209440231323,0.6642163087391803,True,True,False,0.7068958105864348,2.6424435336678544,True,1,0.6686209440231323,0.6642163087391803,1,1,0,0.5,5,
1024,images/s4_blur_light_3.jpg,fixed_core_test,SYNTHETIC_3D,ok,outputs/shuttle_capability/controlled_capability/images/s4_blur_light_3.jpg,18,18,481,477,472.0,468.0,490.0,486.0,18.0,18.0,18.0,16-24,pinned_oblique,center,light,none,bg_001.jpg,315.0,2,0.8717084527015686,0.0,False,False,False,0.0,,False,,,0.0,0,2,1,0.5,5,
1025,images/s4_blur_light_4.jpg,fixed_core_test,SYNTHETIC_3D,ok,outputs/shuttle_capability/controlled_capability/images/s4_blur_light_4.jpg,18,18,481,477,472.0,468.0,490.0,486.0,18.0,18.0,18.0,16-24,pinned_oblique,center,light,none,bg_001.jpg,315.0,1,0.0523981899023056,0.0,False,False,False,0.0,,False,,,0.0,0,1,1,0.5,5,
1026,images/s4_blur_light_5.jpg,fixed_core_test,SYNTHETIC_3D,ok,outputs/shuttle_capability/controlled_capability/images/s4_blur_light_5.jpg,18,18,481,477,472.0,468.0,490.0,486.0,18.0,18.0,18.0,16-24,pinned_oblique,center,light,none,bg_001.jpg,315.0,2,0.48927566409111023,0.0,False,False,False,0.0,,False,,,0.0,0,2,1,0.5,5,
1027,images/s4_blur_light_6.jpg,fixed_core_test,SYNTHETIC_3D,ok,outputs/shuttle_capability/controlled_capability/images/s4_blur_light_6.jpg,18,18,481,477,472.0,468.0,490.0,486.0,18.0,18.0,18.0,16-24,pinned_oblique,center,light,none,bg_001.jpg,315.0,4,0.7777373194694519,0.0,False,True,False,0.5796810186778506,1.9339593173893201,True,3,0.46132418513298035,0.5796810186778506,1,3,0,0.5,5,
1028,images/s4_blur_light_7.jpg,fixed_core_test,SYNTHETIC_3D,ok,outputs/shuttle_capability/controlled_capability/images/s4_blur_light_7.jpg,18,18,481,477,472.0,468.0,490.0,486.0,18.0,18.0,18.0,16-24,pinned_oblique,center,light,none,bg_001.jpg,315.0,2,0.8326978087425232,0.0,False,False,False,0.0,,False,,,0.0,0,2,1,0.5,5,
1029,images/s4_blur_light_8.jpg,fixed_core_test,SYNTHETIC_3D,ok,outputs/shuttle_capability/controlled_capability/images/s4_blur_light_8.jpg,18,18,481,477,472.0,468.0,490.0,486.0,18.0,18.0,18.0,16-24,pinned_oblique,center,light,none,bg_001.jpg,315.0,2,0.11322103440761566,0.0,False,True,False,0.8347570712298706,1.745532047955139,True,2,0.09704321622848511,0.789595058730645,1,1,0,0.5,5,
1030,images/s4_blur_light_9.jpg,fixed_core_test,SYNTHETIC_3D,ok,outputs/shuttle_capability/controlled_capability/images/s4_blur_light_9.jpg,18,18,481,477,472.0,468.0,490.0,486.0,18.0,18.0,18.0,16-24,pinned_oblique,center,light,none,bg_001.jpg,315.0,2,0.8581706881523132,0.0,False,False,False,0.0,,False,,,0.0,0,2,1,0.5,5,
1031,images/s4_blur_light_10.jpg,fixed_core_test,SYNTHETIC_3D,ok,outputs/shuttle_capability/controlled_capability/images/s4_blur_light_10.jpg,18,18,481,477,472.0,468.0,490.0,486.0,18.0,18.0,18.0,16-24,pinned_oblique,center,light,none,bg_001.jpg,315.0,1,0.3693946301937103,0.0,False,False,False,0.0,,False,,,0.0,0,1,1,0.5,5,
1032,images/s4_blur_light_11.jpg,fixed_core_test,SYNTHETIC_3D,ok,outputs/shuttle_capability/controlled_capability/images/s4_blur_light_11.jpg,18,18,481,477,472.0,468.0,490.0,486.0,18.0,18.0,18.0,16-24,pinned_oblique,center,light,none,bg_001.jpg,315.0,2,0.20462511479854584,0.0,False,False,False,0.0,,False,,,0.0,0,2,1,0.5,5,
1033,images/s4_blur_light_12.jpg,fixed_core_test,SYNTHETIC_3D,ok,outputs/shuttle_capability/controlled_capability/images/s4_blur_light_12.jpg,18,18,481,477,472.0,468.0,490.0,486.0,18.0,18.0,18.0,16-24,pinned_oblique,center,light,none,bg_001.jpg,315.0,2,0.12856434285640717,0.0,False,False,False,0.0,,False,,,0.0,0,2,1,0.5,5,
1034,images/s4_blur_light_13.jpg,fixed_core_test,SYNTHETIC_3D,ok,outputs/shuttle_capability/controlled_capability/images/s4_blur_light_13.jpg,18,18,481,477,472.0,468.0,490.0,486.0,18.0,18.0,18.0,16-24,pinned_oblique,center,light,none,bg_001.jpg,315.0,3,0.10201481729745865,0.0,False,False,False,0.0,,False,,,0.0,0,3,1,0.5,5,
1035,images/s4_blur_light_14.jpg,fixed_core_test,SYNTHETIC_3D,ok,outputs/shuttle_capability/controlled_capability/images/s4_blur_light_14.jpg,18,18,481,477,472.0,468.0,490.0,486.0,18.0,18.0,18.0,16-24,pinned_oblique,center,light,none,bg_001.jpg,315.0,2,0.8676274418830872,0.0,False,False,False,0.5037149841678731,,False,,,0.48277755259991517,0,2,1,0.5,5,
1036,images/s4_blur_light_15.jpg,fixed_core_test,SYNTHETIC_3D,ok,outputs/shuttle_capability/controlled_capability/images/s4_blur_light_15.jpg,18,18,481,477,472.0,468.0,490.0,486.0,18.0,18.0,18.0,16-24,pinned_oblique,center,light,none,bg_001.jpg,315.0,4,0.8649294972419739,0.0,False,False,False,0.0,,False,,,0.0,0,4,1,0.5,5,
1037,images/s4_blur_light_16.jpg,fixed_core_test,SYNTHETIC_3D,ok,outputs/shuttle_capability/controlled_capability/images/s4_blur_light_16.jpg,18,18,481,477,472.0,468.0,490.0,486.0,18.0,18.0,18.0,16-24,pinned_oblique,center,light,none,bg_001.jpg,315.0,2,0.8344293236732483,0.0,False,False,False,0.0,,False,,,0.0,0,2,1,0.5,5,
1038,images/s4_blur_light_17.jpg,fixed_core_test,SYNTHETIC_3D,ok,outputs/shuttle_capability/controlled_capability/images/s4_blur_light_17.jpg,18,18,481,477,472.0,468.0,490.0,486.0,18.0,18.0,18.0,16-24,pinned_oblique,center,light,none,bg_001.jpg,315.0,2,0.8034879565238953,0.0,False,False,False,0.0,,False,,,0.0,0,2,1,0.5,5,
1039,images/s4_blur_light_18.jpg,fixed_core_test,SYNTHETIC_3D,ok,outputs/shuttle_capability/controlled_capability/images/s4_blur_light_18.jpg,18,18,481,477,472.0,468.0,490.0,486.0,18.0,18.0,18.0,16-24,pinned_oblique,center,light,none,bg_001.jpg,315.0,2,0.8229379653930664,0.0,False,False,True,0.9766809347396096,,False,,,0.07700087192698547,0,2,1,0.5,5,
1040,images/s4_blur_light_19.jpg,fixed_core_test,SYNTHETIC_3D,ok,outputs/shuttle_capability/controlled_capability/images/s4_blur_light_19.jpg,18,18,481,477,472.0,468.0,490.0,486.0,18.0,18.0,18.0,16-24,pinned_oblique,center,light,none,bg_001.jpg,315.0,5,0.8442297577857971,0.0,False,True,False,0.8601885791695504,1.5289158623563277,True,2,0.7099658250808716,0.7968578486198915,1,4,0,0.5,5,
1041,images/s4_blur_medium_0.jpg,fixed_core_test,SYNTHETIC_3D,ok,outputs/shuttle_capability/controlled_capability/images/s4_blur_medium_0.jpg,18,18,481,477,472.0,468.0,490.0,486.0,18.0,18.0,18.0,16-24,pinned_oblique,center,medium,none,bg_001.jpg,315.0,0,,,False,False,False,0.0,,False,,,0.0,0,0,1,0.5,5,
1042,images/s4_blur_medium_1.jpg,fixed_core_test,SYNTHETIC_3D,ok,outputs/shuttle_capability/controlled_capability/images/s4_blur_medium_1.jpg,18,18,481,477,472.0,468.0,490.0,486.0,18.0,18.0,18.0,16-24,pinned_oblique,center,medium,none,bg_001.jpg,315.0,3,0.6591281294822693,0.0,False,False,False,0.0,,False,,,0.0,0,3,1,0.5,5,
1043,images/s4_blur_medium_2.jpg,fixed_core_test,SYNTHETIC_3D,ok,outputs/shuttle_capability/controlled_capability/images/s4_blur_medium_2.jpg,18,18,481,477,472.0,468.0,490.0,486.0,18.0,18.0,18.0,16-24,pinned_oblique,center,medium,none,bg_001.jpg,315.0,3,0.3972325921058655,0.6125061501471617,True,True,False,0.649634211945037,2.8013908958126654,True,1,0.3972325921058655,0.6125061501471617,1,2,0,0.5,5,
1044,images/s4_blur_medium_3.jpg,fixed_core_test,SYNTHETIC_3D,ok,outputs/shuttle_capability/controlled_capability/images/s4_blur_medium_3.jpg,18,18,481,477,472.0,468.0,490.0,486.0,18.0,18.0,18.0,16-24,pinned_oblique,center,medium,none,bg_001.jpg,315.0,2,0.8737813830375671,0.0,False,False,False,0.0,,False,,,0.0,0,2,1,0.5,5,
1045,images/s4_blur_medium_4.jpg,fixed_core_test,SYNTHETIC_3D,ok,outputs/shuttle_capability/controlled_capability/images/s4_blur_medium_4.jpg,18,18,481,477,472.0,468.0,490.0,486.0,18.0,18.0,18.0,16-24,pinned_oblique,center,medium,none,bg_001.jpg,315.0,1,0.07877685129642487,0.0,False,False,False,0.0,,False,,,0.0,0,1,1,0.5,5,
1046,images/s4_blur_medium_5.jpg,fixed_core_test,SYNTHETIC_3D,ok,outputs/shuttle_capability/controlled_capability/images/s4_blur_medium_5.jpg,18,18,481,477,472.0,468.0,490.0,486.0,18.0,18.0,18.0,16-24,pinned_oblique,center,medium,none,bg_001.jpg,315.0,2,0.332236647605896,0.0,False,False,False,0.0,,False,,,0.0,0,2,1,0.5,5,
1047,images/s4_blur_medium_6.jpg,fixed_core_test,SYNTHETIC_3D,ok,outputs/shuttle_capability/controlled_capability/images/s4_blur_medium_6.jpg,18,18,481,477,472.0,468.0,490.0,486.0,18.0,18.0,18.0,16-24,pinned_oblique,center,medium,none,bg_001.jpg,315.0,4,0.7842072248458862,0.0,False,False,False,0.45210536793564204,,False,,,0.45210536793564204,0,4,1,0.5,5,
1048,images/s4_blur_medium_7.jpg,fixed_core_test,SYNTHETIC_3D,ok,outputs/shuttle_capability/controlled_capability/images/s4_blur_medium_7.jpg,18,18,481,477,472.0,468.0,490.0,486.0,18.0,18.0,18.0,16-24,pinned_oblique,center,medium,none,bg_001.jpg,315.0,3,0.8297922611236572,0.0,False,False,False,0.0,,False,,,0.0,0,3,1,0.5,5,
1049,images/s4_blur_medium_8.jpg,fixed_core_test,SYNTHETIC_3D,ok,outputs/shuttle_capability/controlled_capability/images/s4_blur_medium_8.jpg,18,18,481,477,472.0,468.0,490.0,486.0,18.0,18.0,18.0,16-24,pinned_oblique,center,medium,none,bg_001.jpg,315.0,2,0.10250500589609146,0.0,False,False,False,0.0,,False,,,0.0,0,2,1,0.5,5,
1050,images/s4_blur_medium_9.jpg,fixed_core_test,SYNTHETIC_3D,ok,outputs/shuttle_capability/controlled_capability/images/s4_blur_medium_9.jpg,18,18,481,477,472.0,468.0,490.0,486.0,18.0,18.0,18.0,16-24,pinned_oblique,center,medium,none,bg_001.jpg,315.0,3,0.8630034923553467,0.0,False,False,False,0.0,,False,,,0.0,0,3,1,0.5,5,
1051,images/s4_blur_medium_10.jpg,fixed_core_test,SYNTHETIC_3D,ok,outputs/shuttle_capability/controlled_capability/images/s4_blur_medium_10.jpg,18,18,481,477,472.0,468.0,490.0,486.0,18.0,18.0,18.0,16-24,pinned_oblique,center,medium,none,bg_001.jpg,315.0,2,0.4254341125488281,0.0,False,False,False,0.0,,False,,,0.0,0,2,1,0.5,5,
1052,images/s4_blur_medium_11.jpg,fixed_core_test,SYNTHETIC_3D,ok,outputs/shuttle_capability/controlled_capability/images/s4_blur_medium_11.jpg,18,18,481,477,472.0,468.0,490.0,486.0,18.0,18.0,18.0,16-24,pinned_oblique,center,medium,none,bg_001.jpg,315.0,4,0.193985715508461,0.0,False,True,False,0.7631552433939995,2.151593180696447,True,3,0.08427851647138596,0.7232392480324658,1,3,0,0.5,5,
1053,images/s4_blur_medium_12.jpg,fixed_core_test,SYNTHETIC_3D,ok,outputs/shuttle_capability/controlled_capability/images/s4_blur_medium_12.jpg,18,18,481,477,472.0,468.0,490.0,486.0,18.0,18.0,18.0,16-24,pinned_oblique,center,medium,none,bg_001.jpg,315.0,1,0.2634885311126709,0.0,False,False,False,0.0,,False,,,0.0,0,1,1,0.5,5,
1054,images/s4_blur_medium_13.jpg,fixed_core_test,SYNTHETIC_3D,ok,outputs/shuttle_capability/controlled_capability/images/s4_blur_medium_13.jpg,18,18,481,477,472.0,468.0,490.0,486.0,18.0,18.0,18.0,16-24,pinned_oblique,center,medium,none,bg_001.jpg,315.0,2,0.14861083030700684,0.0,False,False,False,0.0,,False,,,0.0,0,2,1,0.5,5,
1055,images/s4_blur_medium_14.jpg,fixed_core_test,SYNTHETIC_3D,ok,outputs/shuttle_capability/controlled_capability/images/s4_blur_medium_14.jpg,18,18,481,477,472.0,468.0,490.0,486.0,18.0,18.0,18.0,16-24,pinned_oblique,center,medium,none,bg_001.jpg,315.0,1,0.8685073256492615,0.0,False,False,False,0.0,,False,,,0.0,0,1,1,0.5,5,
1056,images/s4_blur_medium_15.jpg,fixed_core_test,SYNTHETIC_3D,ok,outputs/shuttle_capability/controlled_capability/images/s4_blur_medium_15.jpg,18,18,481,477,472.0,468.0,490.0,486.0,18.0,18.0,18.0,16-24,pinned_oblique,center,medium,none,bg_001.jpg,315.0,2,0.862909734249115,0.0,False,False,False,0.0,,False,,,0.0,0,2,1,0.5,5,
1057,images/s4_blur_medium_16.jpg,fixed_core_test,SYNTHETIC_3D,ok,outputs/shuttle_capability/controlled_capability/images/s4_blur_medium_16.jpg,18,18,481,477,472.0,468.0,490.0,486.0,18.0,18.0,18.0,16-24,pinned_oblique,center,medium,none,bg_001.jpg,315.0,3,0.8465161919593811,0.0,False,False,False,0.0,,False,,,0.0,0,3,1,0.5,5,
1058,images/s4_blur_medium_17.jpg,fixed_core_test,SYNTHETIC_3D,ok,outputs/shuttle_capability/controlled_capability/images/s4_blur_medium_17.jpg,18,18,481,477,472.0,468.0,490.0,486.0,18.0,18.0,18.0,16-24,pinned_oblique,center,medium,none,bg_001.jpg,315.0,2,0.7905164361000061,0.0,False,False,False,0.0,,False,,,0.0,0,2,1,0.5,5,
1059,images/s4_blur_medium_18.jpg,fixed_core_test,SYNTHETIC_3D,ok,outputs/shuttle_capability/controlled_capability/images/s4_blur_medium_18.jpg,18,18,481,477,472.0,468.0,490.0,486.0,18.0,18.0,18.0,16-24,pinned_oblique,center,medium,none,bg_001.jpg,315.0,2,0.8252742886543274,0.0,False,False,True,1.0,,False,,,0.07993008006524768,0,2,1,0.5,5,
1060,images/s4_blur_medium_19.jpg,fixed_core_test,SYNTHETIC_3D,ok,outputs/shuttle_capability/controlled_capability/images/s4_blur_medium_19.jpg,18,18,481,477,472.0,468.0,490.0,486.0,18.0,18.0,18.0,16-24,pinned_oblique,center,medium,none,bg_001.jpg,315.0,5,0.8564187288284302,0.0,False,True,True,1.0,0.2746777353759054,True,3,0.5990512371063232,0.9247996687156628,1,4,0,0.5,5,
1061,images/s4_blur_heavy_0.jpg,fixed_core_test,SYNTHETIC_3D,ok,outputs/shuttle_capability/controlled_capability/images/s4_blur_heavy_0.jpg,18,18,481,477,472.0,468.0,490.0,486.0,18.0,18.0,18.0,16-24,pinned_oblique,center,heavy,none,bg_001.jpg,315.0,0,,,False,False,False,0.0,,False,,,0.0,0,0,1,0.5,5,
1062,images/s4_blur_heavy_1.jpg,fixed_core_test,SYNTHETIC_3D,ok,outputs/shuttle_capability/controlled_capability/images/s4_blur_heavy_1.jpg,18,18,481,477,472.0,468.0,490.0,486.0,18.0,18.0,18.0,16-24,pinned_oblique,center,heavy,none,bg_001.jpg,315.0,2,0.6057406067848206,0.0,False,False,False,0.0,,False,,,0.0,0,2,1,0.5,5,
1063,images/s4_blur_heavy_2.jpg,fixed_core_test,SYNTHETIC_3D,ok,outputs/shuttle_capability/controlled_capability/images/s4_blur_heavy_2.jpg,18,18,481,477,472.0,468.0,490.0,486.0,18.0,18.0,18.0,16-24,pinned_oblique,center,heavy,none,bg_001.jpg,315.0,0,,,False,False,False,0.0,,False,,,0.0,0,0,1,0.5,5,
1064,images/s4_blur_heavy_3.jpg,fixed_core_test,SYNTHETIC_3D,ok,outputs/shuttle_capability/controlled_capability/images/s4_blur_heavy_3.jpg,18,18,481,477,472.0,468.0,490.0,486.0,18.0,18.0,18.0,16-24,pinned_oblique,center,heavy,none,bg_001.jpg,315.0,3,0.8734284043312073,0.0,False,False,False,0.0,,False,,,0.0,0,3,1,0.5,5,
1065,images/s4_blur_heavy_4.jpg,fixed_core_test,SYNTHETIC_3D,ok,outputs/shuttle_capability/controlled_capability/images/s4_blur_heavy_4.jpg,18,18,481,477,472.0,468.0,490.0,486.0,18.0,18.0,18.0,16-24,pinned_oblique,center,heavy,none,bg_001.jpg,315.0,0,,,False,False,False,0.0,,False,,,0.0,0,0,1,0.5,5,
1066,images/s4_blur_heavy_5.jpg,fixed_core_test,SYNTHETIC_3D,ok,outputs/shuttle_capability/controlled_capability/images/s4_blur_heavy_5.jpg,18,18,481,477,472.0,468.0,490.0,486.0,18.0,18.0,18.0,16-24,pinned_oblique,center,heavy,none,bg_001.jpg,315.0,0,,,False,False,False,0.0,,False,,,0.0,0,0,1,0.5,5,
1067,images/s4_blur_heavy_6.jpg,fixed_core_test,SYNTHETIC_3D,ok,outputs/shuttle_capability/controlled_capability/images/s4_blur_heavy_6.jpg,18,18,481,477,472.0,468.0,490.0,486.0,18.0,18.0,18.0,16-24,pinned_oblique,center,heavy,none,bg_001.jpg,315.0,3,0.7412992715835571,0.0,False,True,False,0.6382310654864543,0.9703693450458741,True,3,0.37597736716270447,0.6382310654864543,1,2,0,0.5,5,
1068,images/s4_blur_heavy_7.jpg,fixed_core_test,SYNTHETIC_3D,ok,outputs/shuttle_capability/controlled_capability/images/s4_blur_heavy_7.jpg,18,18,481,477,472.0,468.0,490.0,486.0,18.0,18.0,18.0,16-24,pinned_oblique,center,heavy,none,bg_001.jpg,315.0,1,0.5054879188537598,0.0,False,False,False,0.0,,False,,,0.0,0,1,1,0.5,5,
1069,images/s4_blur_heavy_8.jpg,fixed_core_test,SYNTHETIC_3D,ok,outputs/shuttle_capability/controlled_capability/images/s4_blur_heavy_8.jpg,18,18,481,477,472.0,468.0,490.0,486.0,18.0,18.0,18.0,16-24,pinned_oblique,center,heavy,none,bg_001.jpg,315.0,0,,,False,False,False,0.0,,False,,,0.0,0,0,1,0.5,5,
1070,images/s4_blur_heavy_9.jpg,fixed_core_test,SYNTHETIC_3D,ok,outputs/shuttle_capability/controlled_capability/images/s4_blur_heavy_9.jpg,18,18,481,477,472.0,468.0,490.0,486.0,18.0,18.0,18.0,16-24,pinned_oblique,center,heavy,none,bg_001.jpg,315.0,2,0.857365071773529,0.0,False,False,False,0.0,,False,,,0.0,0,2,1,0.5,5,
1071,images/s4_blur_heavy_10.jpg,fixed_core_test,SYNTHETIC_3D,ok,outputs/shuttle_capability/controlled_capability/images/s4_blur_heavy_10.jpg,18,18,481,477,472.0,468.0,490.0,486.0,18.0,18.0,18.0,16-24,pinned_oblique,center,heavy,none,bg_001.jpg,315.0,1,0.06093911826610565,0.0,False,False,False,0.0,,False,,,0.0,0,1,1,0.5,5,
1072,images/s4_blur_heavy_11.jpg,fixed_core_test,SYNTHETIC_3D,ok,outputs/shuttle_capability/controlled_capability/images/s4_blur_heavy_11.jpg,18,18,481,477,472.0,468.0,490.0,486.0,18.0,18.0,18.0,16-24,pinned_oblique,center,heavy,none,bg_001.jpg,315.0,2,0.1908622682094574,0.7070018740112656,True,True,False,0.7162452751287708,2.0113614348325792,True,1,0.1908622682094574,0.7070018740112656,1,1,0,0.5,5,
1073,images/s4_blur_heavy_12.jpg,fixed_core_test,SYNTHETIC_3D,ok,outputs/shuttle_capability/controlled_capability/images/s4_blur_heavy_12.jpg,18,18,481,477,472.0,468.0,490.0,486.0,18.0,18.0,18.0,16-24,pinned_oblique,center,heavy,none,bg_001.jpg,315.0,0,,,False,False,False,0.0,,False,,,0.0,0,0,1,0.5,5,
1074,images/s4_blur_heavy_13.jpg,fixed_core_test,SYNTHETIC_3D,ok,outputs/shuttle_capability/controlled_capability/images/s4_blur_heavy_13.jpg,18,18,481,477,472.0,468.0,490.0,486.0,18.0,18.0,18.0,16-24,pinned_oblique,center,heavy,none,bg_001.jpg,315.0,2,0.06812016665935516,0.0,False,False,False,0.0,,False,,,0.0,0,2,1,0.5,5,
1075,images/s4_blur_heavy_14.jpg,fixed_core_test,SYNTHETIC_3D,ok,outputs/shuttle_capability/controlled_capability/images/s4_blur_heavy_14.jpg,18,18,481,477,472.0,468.0,490.0,486.0,18.0,18.0,18.0,16-24,pinned_oblique,center,heavy,none,bg_001.jpg,315.0,2,0.8548493981361389,0.0,False,False,False,0.0,,False,,,0.0,0,2,1,0.5,5,
1076,images/s4_blur_heavy_15.jpg,fixed_core_test,SYNTHETIC_3D,ok,outputs/shuttle_capability/controlled_capability/images/s4_blur_heavy_15.jpg,18,18,481,477,472.0,468.0,490.0,486.0,18.0,18.0,18.0,16-24,pinned_oblique,center,heavy,none,bg_001.jpg,315.0,4,0.843621015548706,0.0,False,False,False,0.0,,False,,,0.0,0,4,1,0.5,5,
1077,images/s4_blur_heavy_16.jpg,fixed_core_test,SYNTHETIC_3D,ok,outputs/shuttle_capability/controlled_capability/images/s4_blur_heavy_16.jpg,18,18,481,477,472.0,468.0,490.0,486.0,18.0,18.0,18.0,16-24,pinned_oblique,center,heavy,none,bg_001.jpg,315.0,2,0.8628737926483154,0.0,False,False,False,0.0,,False,,,0.0,0,2,1,0.5,5,
1078,images/s4_blur_heavy_17.jpg,fixed_core_test,SYNTHETIC_3D,ok,outputs/shuttle_capability/controlled_capability/images/s4_blur_heavy_17.jpg,18,18,481,477,472.0,468.0,490.0,486.0,18.0,18.0,18.0,16-24,pinned_oblique,center,heavy,none,bg_001.jpg,315.0,2,0.7588128447532654,0.0,False,False,False,0.0,,False,,,0.0,0,2,1,0.5,5,
1079,images/s4_blur_heavy_18.jpg,fixed_core_test,SYNTHETIC_3D,ok,outputs/shuttle_capability/controlled_capability/images/s4_blur_heavy_18.jpg,18,18,481,477,472.0,468.0,490.0,486.0,18.0,18.0,18.0,16-24,pinned_oblique,center,heavy,none,bg_001.jpg,315.0,1,0.7745948433876038,0.0,False,False,False,0.0,,False,,,0.0,0,1,1,0.5,5,
1080,images/s4_blur_heavy_19.jpg,fixed_core_test,SYNTHETIC_3D,ok,outputs/shuttle_capability/controlled_capability/images/s4_blur_heavy_19.jpg,18,18,481,477,472.0,468.0,490.0,486.0,18.0,18.0,18.0,16-24,pinned_oblique,center,heavy,none,bg_001.jpg,315.0,4,0.858054518699646,0.0,False,True,False,0.8718702528211806,2.142507385724429,True,3,0.2802828550338745,0.7628405570045055,1,3,0,0.5,5,
1081,images/s5_occlusion_none_0.jpg,fixed_core_test,SYNTHETIC_3D,ok,outputs/shuttle_capability/controlled_capability/images/s5_occlusion_none_0.jpg,18,18,481,477,472.0,468.0,490.0,486.0,18.0,18.0,18.0,16-24,pinned_oblique,center,none,none,bg_001.jpg,315.0,3,0.5823713541030884,0.78915693774897,True,True,False,0.8732594990366955,1.6913001941816161,True,1,0.5823713541030884,0.78915693774897,1,2,0,0.5,5,
1082,images/s5_occlusion_none_1.jpg,fixed_core_test,SYNTHETIC_3D,ok,outputs/shuttle_capability/controlled_capability/images/s5_occlusion_none_1.jpg,18,18,481,477,472.0,468.0,490.0,486.0,18.0,18.0,18.0,16-24,pinned_oblique,center,none,none,bg_001.jpg,315.0,2,0.13838467001914978,0.0,False,False,False,0.0,,False,,,0.0,0,2,1,0.5,5,
1083,images/s5_occlusion_none_2.jpg,fixed_core_test,SYNTHETIC_3D,ok,outputs/shuttle_capability/controlled_capability/images/s5_occlusion_none_2.jpg,18,18,481,477,472.0,468.0,490.0,486.0,18.0,18.0,18.0,16-24,pinned_oblique,center,none,none,bg_001.jpg,315.0,4,0.8802886605262756,0.0,False,True,False,0.8162825485277507,1.8470243781479043,True,2,0.5693144202232361,0.7860372912816388,1,3,0,0.5,5,
1084,images/s5_occlusion_none_3.jpg,fixed_core_test,SYNTHETIC_3D,ok,outputs/shuttle_capability/controlled_capability/images/s5_occlusion_none_3.jpg,18,18,481,477,472.0,468.0,490.0,486.0,18.0,18.0,18.0,16-24,pinned_oblique,center,none,none,bg_001.jpg,315.0,0,,,False,False,False,0.0,,False,,,0.0,0,0,1,0.5,5,
1085,images/s5_occlusion_none_4.jpg,fixed_core_test,SYNTHETIC_3D,ok,outputs/shuttle_capability/controlled_capability/images/s5_occlusion_none_4.jpg,18,18,481,477,472.0,468.0,490.0,486.0,18.0,18.0,18.0,16-24,pinned_oblique,center,none,none,bg_001.jpg,315.0,2,0.3387313187122345,0.0,False,False,False,0.0,,False,,,0.0,0,2,1,0.5,5,
1086,images/s5_occlusion_none_5.jpg,fixed_core_test,SYNTHETIC_3D,ok,outputs/shuttle_capability/controlled_capability/images/s5_occlusion_none_5.jpg,18,18,481,477,472.0,468.0,490.0,486.0,18.0,18.0,18.0,16-24,pinned_oblique,center,none,none,bg_001.jpg,315.0,2,0.6754679679870605,0.0,False,False,True,1.0,,False,,,0.1847216903276435,0,2,1,0.5,5,
1087,images/s5_occlusion_none_6.jpg,fixed_core_test,SYNTHETIC_3D,ok,outputs/shuttle_capability/controlled_capability/images/s5_occlusion_none_6.jpg,18,18,481,477,472.0,468.0,490.0,486.0,18.0,18.0,18.0,16-24,pinned_oblique,center,none,none,bg_001.jpg,315.0,4,0.2397385686635971,0.0,False,False,False,0.0,,False,,,0.0,0,4,1,0.5,5,
1088,images/s5_occlusion_none_7.jpg,fixed_core_test,SYNTHETIC_3D,ok,outputs/shuttle_capability/controlled_capability/images/s5_occlusion_none_7.jpg,18,18,481,477,472.0,468.0,490.0,486.0,18.0,18.0,18.0,16-24,pinned_oblique,center,none,none,bg_001.jpg,315.0,0,,,False,False,False,0.0,,False,,,0.0,0,0,1,0.5,5,
1089,images/s5_occlusion_none_8.jpg,fixed_core_test,SYNTHETIC_3D,ok,outputs/shuttle_capability/controlled_capability/images/s5_occlusion_none_8.jpg,18,18,481,477,472.0,468.0,490.0,486.0,18.0,18.0,18.0,16-24,pinned_oblique,center,none,none,bg_001.jpg,315.0,1,0.06527286022901535,0.0,False,False,False,0.0,,False,,,0.0,0,1,1,0.5,5,
1090,images/s5_occlusion_none_9.jpg,fixed_core_test,SYNTHETIC_3D,ok,outputs/shuttle_capability/controlled_capability/images/s5_occlusion_none_9.jpg,18,18,481,477,472.0,468.0,490.0,486.0,18.0,18.0,18.0,16-24,pinned_oblique,center,none,none,bg_001.jpg,315.0,1,0.6573547720909119,0.0,False,False,False,0.0,,False,,,0.0,0,1,1,0.5,5,
1091,images/s5_occlusion_none_10.jpg,fixed_core_test,SYNTHETIC_3D,ok,outputs/shuttle_capability/controlled_capability/images/s5_occlusion_none_10.jpg,18,18,481,477,472.0,468.0,490.0,486.0,18.0,18.0,18.0,16-24,pinned_oblique,center,none,none,bg_001.jpg,315.0,2,0.10266708582639694,0.0,False,True,False,0.6919895051576105,2.507636534834008,True,2,0.05425449088215828,0.6614044161020735,1,1,0,0.5,5,
1092,images/s5_occlusion_none_11.jpg,fixed_core_test,SYNTHETIC_3D,ok,outputs/shuttle_capability/controlled_capability/images/s5_occlusion_none_11.jpg,18,18,481,477,472.0,468.0,490.0,486.0,18.0,18.0,18.0,16-24,pinned_oblique,center,none,none,bg_001.jpg,315.0,2,0.7827010750770569,0.0,False,False,False,0.0,,False,,,0.0,0,2,1,0.5,5,
1093,images/s5_occlusion_none_12.jpg,fixed_core_test,SYNTHETIC_3D,ok,outputs/shuttle_capability/controlled_capability/images/s5_occlusion_none_12.jpg,18,18,481,477,472.0,468.0,490.0,486.0,18.0,18.0,18.0,16-24,pinned_oblique,center,none,none,bg_001.jpg,315.0,2,0.8250741362571716,0.0,False,False,False,0.0,,False,,,0.0,0,2,1,0.5,5,
1094,images/s5_occlusion_none_13.jpg,fixed_core_test,SYNTHETIC_3D,ok,outputs/shuttle_capability/controlled_capability/images/s5_occlusion_none_13.jpg,18,18,481,477,472.0,468.0,490.0,486.0,18.0,18.0,18.0,16-24,pinned_oblique,center,none,none,bg_001.jpg,315.0,3,0.8755634427070618,0.0,False,False,False,0.0,,False,,,0.0,0,3,1,0.5,5,
1095,images/s5_occlusion_none_14.jpg,fixed_core_test,SYNTHETIC_3D,ok,outputs/shuttle_capability/controlled_capability/images/s5_occlusion_none_14.jpg,18,18,481,477,472.0,468.0,490.0,486.0,18.0,18.0,18.0,16-24,pinned_oblique,center,none,none,bg_001.jpg,315.0,3,0.675970196723938,0.7343212299244531,True,True,False,0.8877648247612847,2.2002669602964375,True,1,0.675970196723938,0.7343212299244531,1,2,0,0.5,5,
1096,images/s5_occlusion_none_15.jpg,fixed_core_test,SYNTHETIC_3D,ok,outputs/shuttle_capability/controlled_capability/images/s5_occlusion_none_15.jpg,18,18,481,477,472.0,468.0,490.0,486.0,18.0,18.0,18.0,16-24,pinned_oblique,center,none,none,bg_001.jpg,315.0,1,0.07925374060869217,0.0,False,False,False,0.0,,False,,,0.0,0,1,1,0.5,5,
1097,images/s5_occlusion_none_16.jpg,fixed_core_test,SYNTHETIC_3D,ok,outputs/shuttle_capability/controlled_capability/images/s5_occlusion_none_16.jpg,18,18,481,477,472.0,468.0,490.0,486.0,18.0,18.0,18.0,16-24,pinned_oblique,center,none,none,bg_001.jpg,315.0,2,0.8440109491348267,0.0,False,True,False,0.7877097146838535,1.7295817597541525,True,2,0.3508126735687256,0.7584679747703311,1,1,0,0.5,5,
1098,images/s5_occlusion_none_17.jpg,fixed_core_test,SYNTHETIC_3D,ok,outputs/shuttle_capability/controlled_capability/images/s5_occlusion_none_17.jpg,18,18,481,477,472.0,468.0,490.0,486.0,18.0,18.0,18.0,16-24,pinned_oblique,center,none,none,bg_001.jpg,315.0,1,0.05366481840610504,0.7307009133501485,True,True,False,0.7767526753660705,2.025854275432564,True,1,0.05366481840610504,0.7307009133501485,1,0,0,0.5,5,
1099,images/s5_occlusion_none_18.jpg,fixed_core_test,SYNTHETIC_3D,ok,outputs/shuttle_capability/controlled_capability/images/s5_occlusion_none_18.jpg,18,18,481,477,472.0,468.0,490.0,486.0,18.0,18.0,18.0,16-24,pinned_oblique,center,none,none,bg_001.jpg,315.0,2,0.6188310980796814,0.0,False,False,False,0.0,,False,,,0.0,0,2,1,0.5,5,
1100,images/s5_occlusion_none_19.jpg,fixed_core_test,SYNTHETIC_3D,ok,outputs/shuttle_capability/controlled_capability/images/s5_occlusion_none_19.jpg,18,18,481,477,472.0,468.0,490.0,486.0,18.0,18.0,18.0,16-24,pinned_oblique,center,none,none,bg_001.jpg,315.0,3,0.8082529306411743,0.0,False,True,False,0.7468087585401479,2.1121083063359607,True,2,0.5331082344055176,0.7223005675074454,1,2,0,0.5,5,
1101,images/s5_occlusion_light_0.jpg,fixed_core_test,SYNTHETIC_3D,ok,outputs/shuttle_capability/controlled_capability/images/s5_occlusion_light_0.jpg,18,18,481,477,472.0,468.0,490.0,486.0,18.0,18.0,18.0,16-24,pinned_oblique,center,none,light,bg_001.jpg,315.0,1,0.2975275218486786,0.0,False,False,False,0.0,,False,,,0.0,0,1,1,0.5,5,
1102,images/s5_occlusion_light_1.jpg,fixed_core_test,SYNTHETIC_3D,ok,outputs/shuttle_capability/controlled_capability/images/s5_occlusion_light_1.jpg,18,18,481,477,472.0,468.0,490.0,486.0,18.0,18.0,18.0,16-24,pinned_oblique,center,none,light,bg_001.jpg,315.0,1,0.12168911844491959,0.0,False,False,False,0.0,,False,,,0.0,0,1,1,0.5,5,
1103,images/s5_occlusion_light_2.jpg,fixed_core_test,SYNTHETIC_3D,ok,outputs/shuttle_capability/controlled_capability/images/s5_occlusion_light_2.jpg,18,18,481,477,472.0,468.0,490.0,486.0,18.0,18.0,18.0,16-24,pinned_oblique,center,none,light,bg_001.jpg,315.0,3,0.8784247040748596,0.0,False,False,False,0.0,,False,,,0.0,0,3,1,0.5,5,
1104,images/s5_occlusion_light_3.jpg,fixed_core_test,SYNTHETIC_3D,ok,outputs/shuttle_capability/controlled_capability/images/s5_occlusion_light_3.jpg,18,18,481,477,472.0,468.0,490.0,486.0,18.0,18.0,18.0,16-24,pinned_oblique,center,none,light,bg_001.jpg,315.0,0,,,False,False,False,0.0,,False,,,0.0,0,0,1,0.5,5,
1105,images/s5_occlusion_light_4.jpg,fixed_core_test,SYNTHETIC_3D,ok,outputs/shuttle_capability/controlled_capability/images/s5_occlusion_light_4.jpg,18,18,481,477,472.0,468.0,490.0,486.0,18.0,18.0,18.0,16-24,pinned_oblique,center,none,light,bg_001.jpg,315.0,1,0.34248197078704834,0.0,False,False,False,0.0,,False,,,0.0,0,1,1,0.5,5,
1106,images/s5_occlusion_light_5.jpg,fixed_core_test,SYNTHETIC_3D,ok,outputs/shuttle_capability/controlled_capability/images/s5_occlusion_light_5.jpg,18,18,481,477,472.0,468.0,490.0,486.0,18.0,18.0,18.0,16-24,pinned_oblique,center,none,light,bg_001.jpg,315.0,2,0.6705109477043152,0.0,False,False,False,0.6472710503472222,,False,,,0.1312142370055388,0,2,1,0.5,5,
1107,images/s5_occlusion_light_6.jpg,fixed_core_test,SYNTHETIC_3D,ok,outputs/shuttle_capability/controlled_capability/images/s5_occlusion_light_6.jpg,18,18,481,477,472.0,468.0,490.0,486.0,18.0,18.0,18.0,16-24,pinned_oblique,center,none,light,bg_001.jpg,315.0,4,0.2456165850162506,0.0,False,False,False,0.0,,False,,,0.0,0,4,1,0.5,5,
1108,images/s5_occlusion_light_7.jpg,fixed_core_test,SYNTHETIC_3D,ok,outputs/shuttle_capability/controlled_capability/images/s5_occlusion_light_7.jpg,18,18,481,477,472.0,468.0,490.0,486.0,18.0,18.0,18.0,16-24,pinned_oblique,center,none,light,bg_001.jpg,315.0,0,,,False,False,False,0.0,,False,,,0.0,0,0,1,0.5,5,
1109,images/s5_occlusion_light_8.jpg,fixed_core_test,SYNTHETIC_3D,ok,outputs/shuttle_capability/controlled_capability/images/s5_occlusion_light_8.jpg,18,18,481,477,472.0,468.0,490.0,486.0,18.0,18.0,18.0,16-24,pinned_oblique,center,none,light,bg_001.jpg,315.0,2,0.05498442053794861,0.0,False,False,False,0.0,,False,,,0.0,0,2,1,0.5,5,
1110,images/s5_occlusion_light_9.jpg,fixed_core_test,SYNTHETIC_3D,ok,outputs/shuttle_capability/controlled_capability/images/s5_occlusion_light_9.jpg,18,18,481,477,472.0,468.0,490.0,486.0,18.0,18.0,18.0,16-24,pinned_oblique,center,none,light,bg_001.jpg,315.0,1,0.676192581653595,0.0,False,False,False,0.0,,False,,,0.0,0,1,1,0.5,5,
1111,images/s5_occlusion_light_10.jpg,fixed_core_test,SYNTHETIC_3D,ok,outputs/shuttle_capability/controlled_capability/images/s5_occlusion_light_10.jpg,18,18,481,477,472.0,468.0,490.0,486.0,18.0,18.0,18.0,16-24,pinned_oblique,center,none,light,bg_001.jpg,315.0,1,0.08057783544063568,0.0,False,False,False,0.0,,False,,,0.0,0,1,1,0.5,5,
1112,images/s5_occlusion_light_11.jpg,fixed_core_test,SYNTHETIC_3D,ok,outputs/shuttle_capability/controlled_capability/images/s5_occlusion_light_11.jpg,18,18,481,477,472.0,468.0,490.0,486.0,18.0,18.0,18.0,16-24,pinned_oblique,center,none,light,bg_001.jpg,315.0,2,0.7852995991706848,0.0,False,False,False,0.0,,False,,,0.0,0,2,1,0.5,5,
1113,images/s5_occlusion_light_12.jpg,fixed_core_test,SYNTHETIC_3D,ok,outputs/shuttle_capability/controlled_capability/images/s5_occlusion_light_12.jpg,18,18,481,477,472.0,468.0,490.0,486.0,18.0,18.0,18.0,16-24,pinned_oblique,center,none,light,bg_001.jpg,315.0,2,0.8201566338539124,0.0,False,False,False,0.0,,False,,,0.0,0,2,1,0.5,5,
1114,images/s5_occlusion_light_13.jpg,fixed_core_test,SYNTHETIC_3D,ok,outputs/shuttle_capability/controlled_capability/images/s5_occlusion_light_13.jpg,18,18,481,477,472.0,468.0,490.0,486.0,18.0,18.0,18.0,16-24,pinned_oblique,center,none,light,bg_001.jpg,315.0,1,0.8754855394363403,0.0,False,False,False,0.0,,False,,,0.0,0,1,1,0.5,5,
1115,images/s5_occlusion_light_14.jpg,fixed_core_test,SYNTHETIC_3D,ok,outputs/shuttle_capability/controlled_capability/images/s5_occlusion_light_14.jpg,18,18,481,477,472.0,468.0,490.0,486.0,18.0,18.0,18.0,16-24,pinned_oblique,center,none,light,bg_001.jpg,315.0,3,0.49249303340911865,0.5208931246901137,True,True,False,0.5580697566253582,4.067282597754344,True,1,0.49249303340911865,0.5208931246901137,1,2,0,0.5,5,
1116,images/s5_occlusion_light_15.jpg,fixed_core_test,SYNTHETIC_3D,ok,outputs/shuttle_capability/controlled_capability/images/s5_occlusion_light_15.jpg,18,18,481,477,472.0,468.0,490.0,486.0,18.0,18.0,18.0,16-24,pinned_oblique,center,none,light,bg_001.jpg,315.0,1,0.21282249689102173,0.0,False,False,False,0.0,,False,,,0.0,0,1,1,0.5,5,
1117,images/s5_occlusion_light_16.jpg,fixed_core_test,SYNTHETIC_3D,ok,outputs/shuttle_capability/controlled_capability/images/s5_occlusion_light_16.jpg,18,18,481,477,472.0,468.0,490.0,486.0,18.0,18.0,18.0,16-24,pinned_oblique,center,none,light,bg_001.jpg,315.0,2,0.8062694668769836,0.0,False,True,False,0.5216221101754518,3.3447122527602997,True,2,0.286891371011734,0.5105915644718189,1,1,0,0.5,5,
1118,images/s5_occlusion_light_17.jpg,fixed_core_test,SYNTHETIC_3D,ok,outputs/shuttle_capability/controlled_capability/images/s5_occlusion_light_17.jpg,18,18,481,477,472.0,468.0,490.0,486.0,18.0,18.0,18.0,16-24,pinned_oblique,center,none,light,bg_001.jpg,315.0,0,,,False,False,False,0.0,,False,,,0.0,0,0,1,0.5,5,
1119,images/s5_occlusion_light_18.jpg,fixed_core_test,SYNTHETIC_3D,ok,outputs/shuttle_capability/controlled_capability/images/s5_occlusion_light_18.jpg,18,18,481,477,472.0,468.0,490.0,486.0,18.0,18.0,18.0,16-24,pinned_oblique,center,none,light,bg_001.jpg,315.0,3,0.6145564317703247,0.0,False,False,False,0.0,,False,,,0.0,0,3,1,0.5,5,
1120,images/s5_occlusion_light_19.jpg,fixed_core_test,SYNTHETIC_3D,ok,outputs/shuttle_capability/controlled_capability/images/s5_occlusion_light_19.jpg,18,18,481,477,472.0,468.0,490.0,486.0,18.0,18.0,18.0,16-24,pinned_oblique,center,none,light,bg_001.jpg,315.0,1,0.8025479912757874,0.0,False,False,False,0.0,,False,,,0.0,0,1,1,0.5,5,
1121,images/s5_occlusion_partial_0.jpg,fixed_core_test,SYNTHETIC_3D,ok,outputs/shuttle_capability/controlled_capability/images/s5_occlusion_partial_0.jpg,18,18,481,477,472.0,468.0,490.0,486.0,18.0,18.0,18.0,16-24,pinned_oblique,center,none,partial,bg_001.jpg,315.0,2,0.35319212079048157,0.4817710089895798,False,False,False,0.5127939824273603,,False,,,0.4817710089895798,0,2,1,0.5,5,
1122,images/s5_occlusion_partial_1.jpg,fixed_core_test,SYNTHETIC_3D,ok,outputs/shuttle_capability/controlled_capability/images/s5_occlusion_partial_1.jpg,18,18,481,477,472.0,468.0,490.0,486.0,18.0,18.0,18.0,16-24,pinned_oblique,center,none,partial,bg_001.jpg,315.0,1,0.061819154769182205,0.0,False,False,False,0.0,,False,,,0.0,0,1,1,0.5,5,
1123,images/s5_occlusion_partial_2.jpg,fixed_core_test,SYNTHETIC_3D,ok,outputs/shuttle_capability/controlled_capability/images/s5_occlusion_partial_2.jpg,18,18,481,477,472.0,468.0,490.0,486.0,18.0,18.0,18.0,16-24,pinned_oblique,center,none,partial,bg_001.jpg,315.0,4,0.8763566613197327,0.0,False,False,False,0.0,,False,,,0.0,0,4,1,0.5,5,
1124,images/s5_occlusion_partial_3.jpg,fixed_core_test,SYNTHETIC_3D,ok,outputs/shuttle_capability/controlled_capability/images/s5_occlusion_partial_3.jpg,18,18,481,477,472.0,468.0,490.0,486.0,18.0,18.0,18.0,16-24,pinned_oblique,center,none,partial,bg_001.jpg,315.0,0,,,False,False,False,0.0,,False,,,0.0,0,0,1,0.5,5,
1125,images/s5_occlusion_partial_4.jpg,fixed_core_test,SYNTHETIC_3D,ok,outputs/shuttle_capability/controlled_capability/images/s5_occlusion_partial_4.jpg,18,18,481,477,472.0,468.0,490.0,486.0,18.0,18.0,18.0,16-24,pinned_oblique,center,none,partial,bg_001.jpg,315.0,2,0.29155710339546204,0.0,False,False,False,0.0,,False,,,0.0,0,2,1,0.5,5,
1126,images/s5_occlusion_partial_5.jpg,fixed_core_test,SYNTHETIC_3D,ok,outputs/shuttle_capability/controlled_capability/images/s5_occlusion_partial_5.jpg,18,18,481,477,472.0,468.0,490.0,486.0,18.0,18.0,18.0,16-24,pinned_oblique,center,none,partial,bg_001.jpg,315.0,1,0.6581748723983765,0.0,False,False,False,0.0,,False,,,0.0,0,1,1,0.5,5,
1127,images/s5_occlusion_partial_6.jpg,fixed_core_test,SYNTHETIC_3D,ok,outputs/shuttle_capability/controlled_capability/images/s5_occlusion_partial_6.jpg,18,18,481,477,472.0,468.0,490.0,486.0,18.0,18.0,18.0,16-24,pinned_oblique,center,none,partial,bg_001.jpg,315.0,4,0.23540350794792175,0.0,False,False,False,0.0,,False,,,0.0,0,4,1,0.5,5,
1128,images/s5_occlusion_partial_7.jpg,fixed_core_test,SYNTHETIC_3D,ok,outputs/shuttle_capability/controlled_capability/images/s5_occlusion_partial_7.jpg,18,18,481,477,472.0,468.0,490.0,486.0,18.0,18.0,18.0,16-24,pinned_oblique,center,none,partial,bg_001.jpg,315.0,0,,,False,False,False,0.0,,False,,,0.0,0,0,1,0.5,5,
1129,images/s5_occlusion_partial_8.jpg,fixed_core_test,SYNTHETIC_3D,ok,outputs/shuttle_capability/controlled_capability/images/s5_occlusion_partial_8.jpg,18,18,481,477,472.0,468.0,490.0,486.0,18.0,18.0,18.0,16-24,pinned_oblique,center,none,partial,bg_001.jpg,315.0,1,0.05422142148017883,0.0,False,False,False,0.0,,False,,,0.0,0,1,1,0.5,5,
1130,images/s5_occlusion_partial_9.jpg,fixed_core_test,SYNTHETIC_3D,ok,outputs/shuttle_capability/controlled_capability/images/s5_occlusion_partial_9.jpg,18,18,481,477,472.0,468.0,490.0,486.0,18.0,18.0,18.0,16-24,pinned_oblique,center,none,partial,bg_001.jpg,315.0,1,0.6689860820770264,0.0,False,False,False,0.0,,False,,,0.0,0,1,1,0.5,5,
1131,images/s5_occlusion_partial_10.jpg,fixed_core_test,SYNTHETIC_3D,ok,outputs/shuttle_capability/controlled_capability/images/s5_occlusion_partial_10.jpg,18,18,481,477,472.0,468.0,490.0,486.0,18.0,18.0,18.0,16-24,pinned_oblique,center,none,partial,bg_001.jpg,315.0,1,0.06930042058229446,0.0,False,False,False,0.0,,False,,,0.0,0,1,1,0.5,5,
1132,images/s5_occlusion_partial_11.jpg,fixed_core_test,SYNTHETIC_3D,ok,outputs/shuttle_capability/controlled_capability/images/s5_occlusion_partial_11.jpg,18,18,481,477,472.0,468.0,490.0,486.0,18.0,18.0,18.0,16-24,pinned_oblique,center,none,partial,bg_001.jpg,315.0,2,0.7831092476844788,0.0,False,False,False,0.0,,False,,,0.0,0,2,1,0.5,5,
1133,images/s5_occlusion_partial_12.jpg,fixed_core_test,SYNTHETIC_3D,ok,outputs/shuttle_capability/controlled_capability/images/s5_occlusion_partial_12.jpg,18,18,481,477,472.0,468.0,490.0,486.0,18.0,18.0,18.0,16-24,pinned_oblique,center,none,partial,bg_001.jpg,315.0,2,0.800630509853363,0.0,False,False,False,0.0,,False,,,0.0,0,2,1,0.5,5,
1134,images/s5_occlusion_partial_13.jpg,fixed_core_test,SYNTHETIC_3D,ok,outputs/shuttle_capability/controlled_capability/images/s5_occlusion_partial_13.jpg,18,18,481,477,472.0,468.0,490.0,486.0,18.0,18.0,18.0,16-24,pinned_oblique,center,none,partial,bg_001.jpg,315.0,3,0.8818049430847168,0.0,False,False,False,0.0,,False,,,0.0,0,3,1,0.5,5,
1135,images/s5_occlusion_partial_14.jpg,fixed_core_test,SYNTHETIC_3D,ok,outputs/shuttle_capability/controlled_capability/images/s5_occlusion_partial_14.jpg,18,18,481,477,472.0,468.0,490.0,486.0,18.0,18.0,18.0,16-24,pinned_oblique,center,none,partial,bg_001.jpg,315.0,4,0.3441396653652191,0.0,False,False,False,0.0,,False,,,0.0,0,4,1,0.5,5,
1136,images/s5_occlusion_partial_15.jpg,fixed_core_test,SYNTHETIC_3D,ok,outputs/shuttle_capability/controlled_capability/images/s5_occlusion_partial_15.jpg,18,18,481,477,472.0,468.0,490.0,486.0,18.0,18.0,18.0,16-24,pinned_oblique,center,none,partial,bg_001.jpg,315.0,1,0.11188037693500519,0.0,False,False,False,0.0,,False,,,0.0,0,1,1,0.5,5,
1137,images/s5_occlusion_partial_16.jpg,fixed_core_test,SYNTHETIC_3D,ok,outputs/shuttle_capability/controlled_capability/images/s5_occlusion_partial_16.jpg,18,18,481,477,472.0,468.0,490.0,486.0,18.0,18.0,18.0,16-24,pinned_oblique,center,none,partial,bg_001.jpg,315.0,1,0.7977584600448608,0.0,False,False,False,0.0,,False,,,0.0,0,1,1,0.5,5,
1138,images/s5_occlusion_partial_17.jpg,fixed_core_test,SYNTHETIC_3D,ok,outputs/shuttle_capability/controlled_capability/images/s5_occlusion_partial_17.jpg,18,18,481,477,472.0,468.0,490.0,486.0,18.0,18.0,18.0,16-24,pinned_oblique,center,none,partial,bg_001.jpg,315.0,0,,,False,False,False,0.0,,False,,,0.0,0,0,1,0.5,5,
1139,images/s5_occlusion_partial_18.jpg,fixed_core_test,SYNTHETIC_3D,ok,outputs/shuttle_capability/controlled_capability/images/s5_occlusion_partial_18.jpg,18,18,481,477,472.0,468.0,490.0,486.0,18.0,18.0,18.0,16-24,pinned_oblique,center,none,partial,bg_001.jpg,315.0,3,0.6391711831092834,0.0,False,False,False,0.0,,False,,,0.0,0,3,1,0.5,5,
1140,images/s5_occlusion_partial_19.jpg,fixed_core_test,SYNTHETIC_3D,ok,outputs/shuttle_capability/controlled_capability/images/s5_occlusion_partial_19.jpg,18,18,481,477,472.0,468.0,490.0,486.0,18.0,18.0,18.0,16-24,pinned_oblique,center,none,partial,bg_001.jpg,315.0,1,0.8071661591529846,0.0,False,False,False,0.0,,False,,,0.0,0,1,1,0.5,5,
1141,images/s6a_background_00_0.jpg,fixed_core_test,SYNTHETIC_3D,ok,outputs/shuttle_capability/controlled_capability/images/s6a_background_00_0.jpg,18,18,481,477,472.0,468.0,490.0,486.0,18.0,18.0,18.0,16-24,pinned_oblique,center,none,none,bg_001.jpg,315.0,2,0.7388632893562317,0.0,False,False,False,0.0,,False,,,0.0,0,2,1,0.5,5,
1142,images/s6a_background_00_1.jpg,fixed_core_test,SYNTHETIC_3D,ok,outputs/shuttle_capability/controlled_capability/images/s6a_background_00_1.jpg,18,18,481,477,472.0,468.0,490.0,486.0,18.0,18.0,18.0,16-24,pinned_oblique,center,none,none,bg_001.jpg,315.0,1,0.7554808259010315,0.0,False,False,False,0.0,,False,,,0.0,0,1,1,0.5,5,
1143,images/s6a_background_00_2.jpg,fixed_core_test,SYNTHETIC_3D,ok,outputs/shuttle_capability/controlled_capability/images/s6a_background_00_2.jpg,18,18,481,477,472.0,468.0,490.0,486.0,18.0,18.0,18.0,16-24,pinned_oblique,center,none,none,bg_001.jpg,315.0,1,0.14748753607273102,0.0,False,False,False,0.0,,False,,,0.0,0,1,1,0.5,5,
1144,images/s6a_background_01_0.jpg,fixed_core_test,SYNTHETIC_3D,ok,outputs/shuttle_capability/controlled_capability/images/s6a_background_01_0.jpg,18,18,481,477,472.0,468.0,490.0,486.0,18.0,18.0,18.0,16-24,pinned_oblique,center,none,none,bg_002.jpg,315.0,3,0.8343477845191956,0.0,False,True,False,0.7075245350047394,1.0150673600833222,True,3,0.38876983523368835,0.7075245350047394,1,2,0,0.5,5,
1145,images/s6a_background_01_1.jpg,fixed_core_test,SYNTHETIC_3D,ok,outputs/shuttle_capability/controlled_capability/images/s6a_background_01_1.jpg,18,18,481,477,472.0,468.0,490.0,486.0,18.0,18.0,18.0,16-24,pinned_oblique,center,none,none,bg_002.jpg,315.0,3,0.7378746867179871,0.7561339270155428,True,True,False,0.7961106315301156,1.863262609522525,True,1,0.7378746867179871,0.7561339270155428,1,2,0,0.5,5,
1146,images/s6a_background_01_2.jpg,fixed_core_test,SYNTHETIC_3D,ok,outputs/shuttle_capability/controlled_capability/images/s6a_background_01_2.jpg,18,18,481,477,472.0,468.0,490.0,486.0,18.0,18.0,18.0,16-24,pinned_oblique,center,none,none,bg_002.jpg,315.0,2,0.46217676997184753,0.8046081867805852,True,True,True,0.9539232777006188,1.441374038256245,True,1,0.46217676997184753,0.8046081867805852,1,1,0,0.5,5,
1147,images/s6a_background_02_0.jpg,fixed_core_test,SYNTHETIC_3D,ok,outputs/shuttle_capability/controlled_capability/images/s6a_background_02_0.jpg,18,18,481,477,472.0,468.0,490.0,486.0,18.0,18.0,18.0,16-24,pinned_oblique,center,none,none,bg_003.jpg,315.0,1,0.8580154776573181,0.0,False,False,False,0.0,,False,,,0.0,0,1,1,0.5,5,
1148,images/s6a_background_02_1.jpg,fixed_core_test,SYNTHETIC_3D,ok,outputs/shuttle_capability/controlled_capability/images/s6a_background_02_1.jpg,18,18,481,477,472.0,468.0,490.0,486.0,18.0,18.0,18.0,16-24,pinned_oblique,center,none,none,bg_003.jpg,315.0,2,0.8474065661430359,0.0,False,False,False,0.0,,False,,,0.0,0,2,1,0.5,5,
1149,images/s6a_background_02_2.jpg,fixed_core_test,SYNTHETIC_3D,ok,outputs/shuttle_capability/controlled_capability/images/s6a_background_02_2.jpg,18,18,481,477,472.0,468.0,490.0,486.0,18.0,18.0,18.0,16-24,pinned_oblique,center,none,none,bg_003.jpg,315.0,2,0.847752034664154,0.0,False,True,False,0.7209712726374468,1.957488963953481,True,2,0.7370176911354065,0.7013694198666337,1,1,0,0.5,5,
1150,images/s6a_background_03_0.jpg,fixed_core_test,SYNTHETIC_3D,ok,outputs/shuttle_capability/controlled_capability/images/s6a_background_03_0.jpg,18,18,481,477,472.0,468.0,490.0,486.0,18.0,18.0,18.0,16-24,pinned_oblique,center,none,none,bg_004.jpg,315.0,4,0.8562401533126831,0.0,False,True,False,0.7925128626068019,2.62816254985,True,2,0.6382409930229187,0.6910797178136793,1,3,0,0.5,5,
1151,images/s6a_background_03_1.jpg,fixed_core_test,SYNTHETIC_3D,ok,outputs/shuttle_capability/controlled_capability/images/s6a_background_03_1.jpg,18,18,481,477,472.0,468.0,490.0,486.0,18.0,18.0,18.0,16-24,pinned_oblique,center,none,none,bg_004.jpg,315.0,4,0.33351370692253113,0.0,False,True,False,0.6468340521333394,2.113928791945325,True,2,0.10349076986312866,0.6367946025912756,1,3,0,0.5,5,
1152,images/s6a_background_03_2.jpg,fixed_core_test,SYNTHETIC_3D,ok,outputs/shuttle_capability/controlled_capability/images/s6a_background_03_2.jpg,18,18,481,477,472.0,468.0,490.0,486.0,18.0,18.0,18.0,16-24,pinned_oblique,center,none,none,bg_004.jpg,315.0,6,0.867207407951355,0.0,False,True,False,0.7671843067294469,1.6324737924187103,True,2,0.7443034648895264,0.7526048141977218,1,5,0,0.5,5,
1153,images/s6a_background_04_0.jpg,fixed_core_test,SYNTHETIC_3D,ok,outputs/shuttle_capability/controlled_capability/images/s6a_background_04_0.jpg,18,18,481,477,472.0,468.0,490.0,486.0,18.0,18.0,18.0,16-24,pinned_oblique,center,none,none,bg_005.jpg,315.0,4,0.4910314381122589,0.7405861205567797,True,True,False,0.7939857942466106,1.960083897104541,True,1,0.4910314381122589,0.7405861205567797,1,3,0,0.5,5,
1154,images/s6a_background_04_1.jpg,fixed_core_test,SYNTHETIC_3D,ok,outputs/shuttle_capability/controlled_capability/images/s6a_background_04_1.jpg,18,18,481,477,472.0,468.0,490.0,486.0,18.0,18.0,18.0,16-24,pinned_oblique,center,none,none,bg_005.jpg,315.0,4,0.8210803866386414,0.7732276216634415,True,True,False,0.8389523670157809,1.8854491432345224,True,1,0.8210803866386414,0.7732276216634415,1,3,0,0.5,5,
1155,images/s6a_background_04_2.jpg,fixed_core_test,SYNTHETIC_3D,ok,outputs/shuttle_capability/controlled_capability/images/s6a_background_04_2.jpg,18,18,481,477,472.0,468.0,490.0,486.0,18.0,18.0,18.0,16-24,pinned_oblique,center,none,none,bg_005.jpg,315.0,3,0.42137792706489563,0.6016202399980732,True,True,False,0.6176495820853032,2.4756984132594253,True,1,0.42137792706489563,0.6016202399980732,1,2,0,0.5,5,
1156,images/s6a_background_05_0.jpg,fixed_core_test,SYNTHETIC_3D,ok,outputs/shuttle_capability/controlled_capability/images/s6a_background_05_0.jpg,18,18,481,477,472.0,468.0,490.0,486.0,18.0,18.0,18.0,16-24,pinned_oblique,center,none,none,bg_006.jpg,315.0,6,0.8812350034713745,0.0,False,False,False,0.0,,False,,,0.0,0,6,1,0.5,5,
1157,images/s6a_background_05_1.jpg,fixed_core_test,SYNTHETIC_3D,ok,outputs/shuttle_capability/controlled_capability/images/s6a_background_05_1.jpg,18,18,481,477,472.0,468.0,490.0,486.0,18.0,18.0,18.0,16-24,pinned_oblique,center,none,none,bg_006.jpg,315.0,2,0.6343370079994202,0.7105370346005812,True,True,False,0.8107554884282527,2.5193980000619978,True,1,0.6343370079994202,0.7105370346005812,1,1,0,0.5,5,
1158,images/s6a_background_05_2.jpg,fixed_core_test,SYNTHETIC_3D,ok,outputs/shuttle_capability/controlled_capability/images/s6a_background_05_2.jpg,18,18,481,477,472.0,468.0,490.0,486.0,18.0,18.0,18.0,16-24,pinned_oblique,center,none,none,bg_006.jpg,315.0,8,0.43875592947006226,0.0,False,False,False,0.0,,False,,,0.0,0,8,1,0.5,5,
1159,images/s6a_background_06_0.jpg,fixed_core_test,SYNTHETIC_3D,ok,outputs/shuttle_capability/controlled_capability/images/s6a_background_06_0.jpg,18,18,481,477,472.0,468.0,490.0,486.0,18.0,18.0,18.0,16-24,pinned_oblique,center,none,none,bg_007.jpg,315.0,10,0.8796929121017456,0.0,False,False,False,0.0,,False,,,0.0,0,10,1,0.5,5,
1160,images/s6a_background_06_1.jpg,fixed_core_test,SYNTHETIC_3D,ok,outputs/shuttle_capability/controlled_capability/images/s6a_background_06_1.jpg,18,18,481,477,472.0,468.0,490.0,486.0,18.0,18.0,18.0,16-24,pinned_oblique,center,none,none,bg_007.jpg,315.0,9,0.8304333090782166,0.0,False,False,False,0.0,,False,,,0.0,0,9,1,0.5,5,
1161,images/s6a_background_06_2.jpg,fixed_core_test,SYNTHETIC_3D,ok,outputs/shuttle_capability/controlled_capability/images/s6a_background_06_2.jpg,18,18,481,477,472.0,468.0,490.0,486.0,18.0,18.0,18.0,16-24,pinned_oblique,center,none,none,bg_007.jpg,315.0,8,0.5497017502784729,0.0,False,False,False,0.0,,False,,,0.0,0,8,1,0.5,5,
1162,images/s6a_background_07_0.jpg,fixed_core_test,SYNTHETIC_3D,ok,outputs/shuttle_capability/controlled_capability/images/s6a_background_07_0.jpg,18,18,481,477,472.0,468.0,490.0,486.0,18.0,18.0,18.0,16-24,pinned_oblique,center,none,none,bg_008.jpg,315.0,2,0.6678138971328735,0.0,False,False,False,0.0,,False,,,0.0,0,2,1,0.5,5,
1163,images/s6a_background_07_1.jpg,fixed_core_test,SYNTHETIC_3D,ok,outputs/shuttle_capability/controlled_capability/images/s6a_background_07_1.jpg,18,18,481,477,472.0,468.0,490.0,486.0,18.0,18.0,18.0,16-24,pinned_oblique,center,none,none,bg_008.jpg,315.0,1,0.5592060089111328,0.0,False,False,False,0.0,,False,,,0.0,0,1,1,0.5,5,
1164,images/s6a_background_07_2.jpg,fixed_core_test,SYNTHETIC_3D,ok,outputs/shuttle_capability/controlled_capability/images/s6a_background_07_2.jpg,18,18,481,477,472.0,468.0,490.0,486.0,18.0,18.0,18.0,16-24,pinned_oblique,center,none,none,bg_008.jpg,315.0,1,0.058226726949214935,0.0,False,False,False,0.0,,False,,,0.0,0,1,1,0.5,5,
1165,images/s6a_background_08_0.jpg,fixed_core_test,SYNTHETIC_3D,ok,outputs/shuttle_capability/controlled_capability/images/s6a_background_08_0.jpg,18,18,481,477,472.0,468.0,490.0,486.0,18.0,18.0,18.0,16-24,pinned_oblique,center,none,none,bg_009.jpg,315.0,6,0.7756141424179077,0.0,False,True,False,0.8524715779004274,2.4890119286007693,True,2,0.7160307168960571,0.706136736339492,1,5,0,0.5,5,
1166,images/s6a_background_08_1.jpg,fixed_core_test,SYNTHETIC_3D,ok,outputs/shuttle_capability/controlled_capability/images/s6a_background_08_1.jpg,18,18,481,477,472.0,468.0,490.0,486.0,18.0,18.0,18.0,16-24,pinned_oblique,center,none,none,bg_009.jpg,315.0,6,0.59539794921875,0.0,False,True,False,0.8280428670760658,2.1364072549965867,True,4,0.090355783700943,0.7271191488135961,1,5,0,0.5,5,
1167,images/s6a_background_08_2.jpg,fixed_core_test,SYNTHETIC_3D,ok,outputs/shuttle_capability/controlled_capability/images/s6a_background_08_2.jpg,18,18,481,477,472.0,468.0,490.0,486.0,18.0,18.0,18.0,16-24,pinned_oblique,center,none,none,bg_009.jpg,315.0,3,0.7432146072387695,0.0,False,True,False,0.7393668784449497,1.223950205980534,True,3,0.053799428045749664,0.7393668784449497,1,2,0,0.5,5,
1168,images/s6a_background_09_0.jpg,fixed_core_test,SYNTHETIC_3D,ok,outputs/shuttle_capability/controlled_capability/images/s6a_background_09_0.jpg,18,18,481,477,472.0,468.0,490.0,486.0,18.0,18.0,18.0,16-24,pinned_oblique,center,none,none,bg_010.jpg,315.0,2,0.7985555529594421,0.7492365413974046,True,True,False,0.7913856234539438,1.9705204363889401,True,1,0.7985555529594421,0.7492365413974046,1,1,0,0.5,5,
1169,images/s6a_background_09_1.jpg,fixed_core_test,SYNTHETIC_3D,ok,outputs/shuttle_capability/controlled_capability/images/s6a_background_09_1.jpg,18,18,481,477,472.0,468.0,490.0,486.0,18.0,18.0,18.0,16-24,pinned_oblique,center,none,none,bg_010.jpg,315.0,1,0.610801637172699,0.7465524656376484,True,True,False,0.8474228057527432,2.017100545431858,True,1,0.610801637172699,0.7465524656376484,1,0,0,0.5,5,
1170,images/s6a_background_09_2.jpg,fixed_core_test,SYNTHETIC_3D,ok,outputs/shuttle_capability/controlled_capability/images/s6a_background_09_2.jpg,18,18,481,477,472.0,468.0,490.0,486.0,18.0,18.0,18.0,16-24,pinned_oblique,center,none,none,bg_010.jpg,315.0,1,0.7900288105010986,0.7449744577697154,True,True,False,0.7892866247782001,2.048057760882364,True,1,0.7900288105010986,0.7449744577697154,1,0,0,0.5,5,
1171,images/s6a_background_10_0.jpg,fixed_core_test,SYNTHETIC_3D,ok,outputs/shuttle_capability/controlled_capability/images/s6a_background_10_0.jpg,18,18,481,477,472.0,468.0,490.0,486.0,18.0,18.0,18.0,16-24,pinned_oblique,center,none,none,bg_011.jpg,315.0,5,0.797095537185669,0.6890181532038495,True,True,False,0.7526967510764981,2.6267302508981993,True,1,0.797095537185669,0.6890181532038495,1,4,0,0.5,5,
1172,images/s6a_background_10_1.jpg,fixed_core_test,SYNTHETIC_3D,ok,outputs/shuttle_capability/controlled_capability/images/s6a_background_10_1.jpg,18,18,481,477,472.0,468.0,490.0,486.0,18.0,18.0,18.0,16-24,pinned_oblique,center,none,none,bg_011.jpg,315.0,3,0.813938558101654,0.7748842929748315,True,True,False,0.8202433935654017,1.9195727484932852,True,1,0.813938558101654,0.7748842929748315,1,2,0,0.5,5,
1173,images/s6a_background_10_2.jpg,fixed_core_test,SYNTHETIC_3D,ok,outputs/shuttle_capability/controlled_capability/images/s6a_background_10_2.jpg,18,18,481,477,472.0,468.0,490.0,486.0,18.0,18.0,18.0,16-24,pinned_oblique,center,none,none,bg_011.jpg,315.0,5,0.8169806003570557,0.7389401787128588,True,True,False,0.7969572955029615,2.1436355069963247,True,1,0.8169806003570557,0.7389401787128588,1,4,0,0.5,5,
1174,images/s6a_background_11_0.jpg,fixed_core_test,SYNTHETIC_3D,ok,outputs/shuttle_capability/controlled_capability/images/s6a_background_11_0.jpg,18,18,481,477,472.0,468.0,490.0,486.0,18.0,18.0,18.0,16-24,pinned_oblique,center,none,none,bg_012.jpg,315.0,0,,,False,False,False,0.0,,False,,,0.0,0,0,1,0.5,5,
1175,images/s6a_background_11_1.jpg,fixed_core_test,SYNTHETIC_3D,ok,outputs/shuttle_capability/controlled_capability/images/s6a_background_11_1.jpg,18,18,481,477,472.0,468.0,490.0,486.0,18.0,18.0,18.0,16-24,pinned_oblique,center,none,none,bg_012.jpg,315.0,1,0.7969878315925598,0.7166060304035494,True,True,False,0.7293709729004789,1.918753910225742,True,1,0.7969878315925598,0.7166060304035494,1,0,0,0.5,5,
1176,images/s6a_background_11_2.jpg,fixed_core_test,SYNTHETIC_3D,ok,outputs/shuttle_capability/controlled_capability/images/s6a_background_11_2.jpg,18,18,481,477,472.0,468.0,490.0,486.0,18.0,18.0,18.0,16-24,pinned_oblique,center,none,none,bg_012.jpg,315.0,1,0.7927621006965637,0.6687996195598314,True,True,False,0.7155597390503519,2.560336517521416,True,1,0.7927621006965637,0.6687996195598314,1,0,0,0.5,5,
1177,images/s6a_background_12_0.jpg,fixed_core_test,SYNTHETIC_3D,ok,outputs/shuttle_capability/controlled_capability/images/s6a_background_12_0.jpg,18,18,481,477,472.0,468.0,490.0,486.0,18.0,18.0,18.0,16-24,pinned_oblique,center,none,none,bg_013.jpg,315.0,1,0.2491588443517685,0.6903804989825426,True,True,False,0.7727510612802925,2.3882236301869963,True,1,0.2491588443517685,0.6903804989825426,1,0,0,0.5,5,
1178,images/s6a_background_12_1.jpg,fixed_core_test,SYNTHETIC_3D,ok,outputs/shuttle_capability/controlled_capability/images/s6a_background_12_1.jpg,18,18,481,477,472.0,468.0,490.0,486.0,18.0,18.0,18.0,16-24,pinned_oblique,center,none,none,bg_013.jpg,315.0,1,0.7985693216323853,0.7415268405204544,True,True,False,0.8191086811323961,2.284434207119306,True,1,0.7985693216323853,0.7415268405204544,1,0,0,0.5,5,
1179,images/s6a_background_12_2.jpg,fixed_core_test,SYNTHETIC_3D,ok,outputs/shuttle_capability/controlled_capability/images/s6a_background_12_2.jpg,18,18,481,477,472.0,468.0,490.0,486.0,18.0,18.0,18.0,16-24,pinned_oblique,center,none,none,bg_013.jpg,315.0,1,0.6768323183059692,0.7559070608375066,True,True,False,0.8824140760633681,2.0278275196053723,True,1,0.6768323183059692,0.7559070608375066,1,0,0,0.5,5,
1180,images/s6a_background_13_0.jpg,fixed_core_test,SYNTHETIC_3D,ok,outputs/shuttle_capability/controlled_capability/images/s6a_background_13_0.jpg,18,18,481,477,472.0,468.0,490.0,486.0,18.0,18.0,18.0,16-24,pinned_oblique,center,none,none,bg_015.jpg,315.0,7,0.8212934732437134,0.7677435015453737,True,True,False,0.835160206037539,1.7196677978825579,True,1,0.8212934732437134,0.7677435015453737,1,6,0,0.5,5,
1181,images/s6a_background_13_1.jpg,fixed_core_test,SYNTHETIC_3D,ok,outputs/shuttle_capability/controlled_capability/images/s6a_background_13_1.jpg,18,18,481,477,472.0,468.0,490.0,486.0,18.0,18.0,18.0,16-24,pinned_oblique,center,none,none,bg_015.jpg,315.0,10,0.7934587597846985,0.767944682552561,True,True,False,0.8588297762850552,1.7261042547782537,True,1,0.7934587597846985,0.767944682552561,1,9,0,0.5,5,
1182,images/s6a_background_13_2.jpg,fixed_core_test,SYNTHETIC_3D,ok,outputs/shuttle_capability/controlled_capability/images/s6a_background_13_2.jpg,18,18,481,477,472.0,468.0,490.0,486.0,18.0,18.0,18.0,16-24,pinned_oblique,center,none,none,bg_015.jpg,315.0,4,0.4899013340473175,0.5223796592182864,True,True,True,0.978546142578125,3.6555325999773256,True,1,0.4899013340473175,0.5223796592182864,1,3,0,0.5,5,
1183,images/s6a_background_14_0.jpg,fixed_core_test,SYNTHETIC_3D,ok,outputs/shuttle_capability/controlled_capability/images/s6a_background_14_0.jpg,18,18,481,477,472.0,468.0,490.0,486.0,18.0,18.0,18.0,16-24,pinned_oblique,center,none,none,bg_016.jpg,315.0,3,0.8160435557365417,0.7617075225671603,True,True,False,0.8153080330402763,2.019415987295342,True,1,0.8160435557365417,0.7617075225671603,1,2,0,0.5,5,
1184,images/s6a_background_14_1.jpg,fixed_core_test,SYNTHETIC_3D,ok,outputs/shuttle_capability/controlled_capability/images/s6a_background_14_1.jpg,18,18,481,477,472.0,468.0,490.0,486.0,18.0,18.0,18.0,16-24,pinned_oblique,center,none,none,bg_016.jpg,315.0,1,0.8204885721206665,0.7356060082882412,True,True,False,0.844721968308735,2.067631039878346,True,1,0.8204885721206665,0.7356060082882412,1,0,0,0.5,5,
1185,images/s6a_background_14_2.jpg,fixed_core_test,SYNTHETIC_3D,ok,outputs/shuttle_capability/controlled_capability/images/s6a_background_14_2.jpg,18,18,481,477,472.0,468.0,490.0,486.0,18.0,18.0,18.0,16-24,pinned_oblique,center,none,none,bg_016.jpg,315.0,2,0.8103713989257812,0.7502940742224418,True,True,False,0.849211633765932,1.931015738274528,True,1,0.8103713989257812,0.7502940742224418,1,1,0,0.5,5,
1186,images/s6a_background_15_0.jpg,fixed_core_test,SYNTHETIC_3D,ok,outputs/shuttle_capability/controlled_capability/images/s6a_background_15_0.jpg,18,18,481,477,472.0,468.0,490.0,486.0,18.0,18.0,18.0,16-24,pinned_oblique,center,none,none,bg_017.jpg,315.0,0,,,False,False,False,0.0,,False,,,0.0,0,0,1,0.5,5,
1187,images/s6a_background_15_1.jpg,fixed_core_test,SYNTHETIC_3D,ok,outputs/shuttle_capability/controlled_capability/images/s6a_background_15_1.jpg,18,18,481,477,472.0,468.0,490.0,486.0,18.0,18.0,18.0,16-24,pinned_oblique,center,none,none,bg_017.jpg,315.0,2,0.8137367367744446,0.7703168492890818,True,True,False,0.8430115831153536,1.7644749737185537,True,1,0.8137367367744446,0.7703168492890818,1,1,0,0.5,5,
1188,images/s6a_background_15_2.jpg,fixed_core_test,SYNTHETIC_3D,ok,outputs/shuttle_capability/controlled_capability/images/s6a_background_15_2.jpg,18,18,481,477,472.0,468.0,490.0,486.0,18.0,18.0,18.0,16-24,pinned_oblique,center,none,none,bg_017.jpg,315.0,2,0.809715747833252,0.791632516399028,True,True,False,0.8322950072046139,1.7062094388409499,True,1,0.809715747833252,0.791632516399028,1,1,0,0.5,5,
1189,images/s6a_background_16_0.jpg,fixed_core_test,SYNTHETIC_3D,ok,outputs/shuttle_capability/controlled_capability/images/s6a_background_16_0.jpg,18,18,481,477,472.0,468.0,490.0,486.0,18.0,18.0,18.0,16-24,pinned_oblique,center,none,none,bg_018.jpg,315.0,3,0.8385199308395386,0.7378129783611226,True,True,False,0.8344298622076526,2.0290124471734092,True,1,0.8385199308395386,0.7378129783611226,1,2,0,0.5,5,
1190,images/s6a_background_16_1.jpg,fixed_core_test,SYNTHETIC_3D,ok,outputs/shuttle_capability/controlled_capability/images/s6a_background_16_1.jpg,18,18,481,477,472.0,468.0,490.0,486.0,18.0,18.0,18.0,16-24,pinned_oblique,center,none,none,bg_018.jpg,315.0,1,0.06379778683185577,0.0,False,False,False,0.0,,False,,,0.0,0,1,1,0.5,5,
1191,images/s6a_background_16_2.jpg,fixed_core_test,SYNTHETIC_3D,ok,outputs/shuttle_capability/controlled_capability/images/s6a_background_16_2.jpg,18,18,481,477,472.0,468.0,490.0,486.0,18.0,18.0,18.0,16-24,pinned_oblique,center,none,none,bg_018.jpg,315.0,4,0.8002162575721741,0.7391802135034322,True,True,False,0.8259560320250414,2.0877149724806383,True,1,0.8002162575721741,0.7391802135034322,1,3,0,0.5,5,
1192,images/s6a_background_17_0.jpg,fixed_core_test,SYNTHETIC_3D,ok,outputs/shuttle_capability/controlled_capability/images/s6a_background_17_0.jpg,18,18,481,477,472.0,468.0,490.0,486.0,18.0,18.0,18.0,16-24,pinned_oblique,center,none,none,bg_019.jpg,315.0,1,0.3479199707508087,0.7552514966051947,True,True,False,0.8293822737134717,1.8565360315000734,True,1,0.3479199707508087,0.7552514966051947,1,0,0,0.5,5,
1193,images/s6a_background_17_1.jpg,fixed_core_test,SYNTHETIC_3D,ok,outputs/shuttle_capability/controlled_capability/images/s6a_background_17_1.jpg,18,18,481,477,472.0,468.0,490.0,486.0,18.0,18.0,18.0,16-24,pinned_oblique,center,none,none,bg_019.jpg,315.0,2,0.8297831416130066,0.7390580347594344,True,True,False,0.8588491401025726,2.224464744416209,True,1,0.8297831416130066,0.7390580347594344,1,1,0,0.5,5,
1194,images/s6a_background_17_2.jpg,fixed_core_test,SYNTHETIC_3D,ok,outputs/shuttle_capability/controlled_capability/images/s6a_background_17_2.jpg,18,18,481,477,472.0,468.0,490.0,486.0,18.0,18.0,18.0,16-24,pinned_oblique,center,none,none,bg_019.jpg,315.0,3,0.8076239824295044,0.7382083433678331,True,True,False,0.8523212950590446,2.0179781764098648,True,1,0.8076239824295044,0.7382083433678331,1,2,0,0.5,5,
1195,images/s6a_background_18_0.jpg,fixed_core_test,SYNTHETIC_3D,ok,outputs/shuttle_capability/controlled_capability/images/s6a_background_18_0.jpg,18,18,481,477,472.0,468.0,490.0,486.0,18.0,18.0,18.0,16-24,pinned_oblique,center,none,none,bg_020.jpg,315.0,1,0.10749378055334091,0.0,False,False,False,0.0,,False,,,0.0,0,1,1,0.5,5,
1196,images/s6a_background_18_1.jpg,fixed_core_test,SYNTHETIC_3D,ok,outputs/shuttle_capability/controlled_capability/images/s6a_background_18_1.jpg,18,18,481,477,472.0,468.0,490.0,486.0,18.0,18.0,18.0,16-24,pinned_oblique,center,none,none,bg_020.jpg,315.0,2,0.19462263584136963,0.0,False,False,False,0.0,,False,,,0.0,0,2,1,0.5,5,
1197,images/s6a_background_18_2.jpg,fixed_core_test,SYNTHETIC_3D,ok,outputs/shuttle_capability/controlled_capability/images/s6a_background_18_2.jpg,18,18,481,477,472.0,468.0,490.0,486.0,18.0,18.0,18.0,16-24,pinned_oblique,center,none,none,bg_020.jpg,315.0,1,0.0821726992726326,0.0,False,False,False,0.0,,False,,,0.0,0,1,1,0.5,5,
1198,images/s6a_background_19_0.jpg,fixed_core_test,SYNTHETIC_3D,ok,outputs/shuttle_capability/controlled_capability/images/s6a_background_19_0.jpg,18,18,481,477,472.0,468.0,490.0,486.0,18.0,18.0,18.0,16-24,pinned_oblique,center,none,none,bg_021.jpg,315.0,2,0.82851243019104,0.7403078331313996,True,True,False,0.8364309755521884,2.021555882953686,True,1,0.82851243019104,0.7403078331313996,1,1,0,0.5,5,
1199,images/s6a_background_19_1.jpg,fixed_core_test,SYNTHETIC_3D,ok,outputs/shuttle_capability/controlled_capability/images/s6a_background_19_1.jpg,18,18,481,477,472.0,468.0,490.0,486.0,18.0,18.0,18.0,16-24,pinned_oblique,center,none,none,bg_021.jpg,315.0,1,0.8363390564918518,0.7457786072761128,True,True,False,0.8578100359688202,2.0236059039598255,True,1,0.8363390564918518,0.7457786072761128,1,0,0,0.5,5,
1200,images/s6a_background_19_2.jpg,fixed_core_test,SYNTHETIC_3D,ok,outputs/shuttle_capability/controlled_capability/images/s6a_background_19_2.jpg,18,18,481,477,472.0,468.0,490.0,486.0,18.0,18.0,18.0,16-24,pinned_oblique,center,none,none,bg_021.jpg,315.0,2,0.8227010369300842,0.7367738627749457,True,True,False,0.8308879165783708,2.120909163397592,True,1,0.8227010369300842,0.7367738627749457,1,1,0,0.5,5,
1201,images/s6a_background_20_0.jpg,fixed_core_test,SYNTHETIC_3D,ok,outputs/shuttle_capability/controlled_capability/images/s6a_background_20_0.jpg,18,18,481,477,472.0,468.0,490.0,486.0,18.0,18.0,18.0,16-24,pinned_oblique,center,none,none,bg_022.jpg,315.0,2,0.7993586659431458,0.6720649836221864,True,True,False,0.7095855560188217,2.4170781956406993,True,1,0.7993586659431458,0.6720649836221864,1,1,0,0.5,5,
1202,images/s6a_background_20_1.jpg,fixed_core_test,SYNTHETIC_3D,ok,outputs/shuttle_capability/controlled_capability/images/s6a_background_20_1.jpg,18,18,481,477,472.0,468.0,490.0,486.0,18.0,18.0,18.0,16-24,pinned_oblique,center,none,none,bg_022.jpg,315.0,2,0.8082550764083862,0.7083728454913358,True,True,False,0.752750650462177,2.2872230374188374,True,1,0.8082550764083862,0.7083728454913358,1,1,0,0.5,5,
1203,images/s6a_background_20_2.jpg,fixed_core_test,SYNTHETIC_3D,ok,outputs/shuttle_capability/controlled_capability/images/s6a_background_20_2.jpg,18,18,481,477,472.0,468.0,490.0,486.0,18.0,18.0,18.0,16-24,pinned_oblique,center,none,none,bg_022.jpg,315.0,3,0.7928241491317749,0.6666962312758719,True,True,False,0.7025980254014333,2.4045614777537843,True,1,0.7928241491317749,0.6666962312758719,1,2,0,0.5,5,
1204,images/s6a_background_21_0.jpg,fixed_core_test,SYNTHETIC_3D,ok,outputs/shuttle_capability/controlled_capability/images/s6a_background_21_0.jpg,18,18,481,477,472.0,468.0,490.0,486.0,18.0,18.0,18.0,16-24,pinned_oblique,center,none,none,bg_024.jpg,315.0,7,0.825560986995697,0.7780775230349781,True,True,False,0.8518051442310766,1.6384864913688704,True,1,0.825560986995697,0.7780775230349781,1,6,0,0.5,5,
1205,images/s6a_background_21_1.jpg,fixed_core_test,SYNTHETIC_3D,ok,outputs/shuttle_capability/controlled_capability/images/s6a_background_21_1.jpg,18,18,481,477,472.0,468.0,490.0,486.0,18.0,18.0,18.0,16-24,pinned_oblique,center,none,none,bg_024.jpg,315.0,10,0.7898989319801331,0.7496809847734431,True,True,False,0.8516426288327317,1.8876885250204367,True,1,0.7898989319801331,0.7496809847734431,1,9,0,0.5,5,
1206,images/s6a_background_21_2.jpg,fixed_core_test,SYNTHETIC_3D,ok,outputs/shuttle_capability/controlled_capability/images/s6a_background_21_2.jpg,18,18,481,477,472.0,468.0,490.0,486.0,18.0,18.0,18.0,16-24,pinned_oblique,center,none,none,bg_024.jpg,315.0,6,0.6304022073745728,0.5139415701093492,True,True,True,0.9727138943142362,3.8779722121113473,True,1,0.6304022073745728,0.5139415701093492,1,5,0,0.5,5,
1207,images/s6a_background_22_0.jpg,fixed_core_test,SYNTHETIC_3D,ok,outputs/shuttle_capability/controlled_capability/images/s6a_background_22_0.jpg,18,18,481,477,472.0,468.0,490.0,486.0,18.0,18.0,18.0,16-24,pinned_oblique,center,none,none,bg_025.jpg,315.0,2,0.7801190614700317,0.7417172725498682,True,True,False,0.8349518701434135,2.019966484868951,True,1,0.7801190614700317,0.7417172725498682,1,1,0,0.5,5,
1208,images/s6a_background_22_1.jpg,fixed_core_test,SYNTHETIC_3D,ok,outputs/shuttle_capability/controlled_capability/images/s6a_background_22_1.jpg,18,18,481,477,472.0,468.0,490.0,486.0,18.0,18.0,18.0,16-24,pinned_oblique,center,none,none,bg_025.jpg,315.0,2,0.5445691347122192,0.6354921516331057,True,True,False,0.8214057000342434,3.2127853954976366,True,1,0.5445691347122192,0.6354921516331057,1,1,0,0.5,5,
1209,images/s6a_background_22_2.jpg,fixed_core_test,SYNTHETIC_3D,ok,outputs/shuttle_capability/controlled_capability/images/s6a_background_22_2.jpg,18,18,481,477,472.0,468.0,490.0,486.0,18.0,18.0,18.0,16-24,pinned_oblique,center,none,none,bg_025.jpg,315.0,1,0.14165611565113068,0.6050307678397414,True,True,False,0.6312689071314203,2.626206527764616,True,1,0.14165611565113068,0.6050307678397414,1,0,0,0.5,5,
1210,images/s6a_background_23_0.jpg,fixed_core_test,SYNTHETIC_3D,ok,outputs/shuttle_capability/controlled_capability/images/s6a_background_23_0.jpg,18,18,481,477,472.0,468.0,490.0,486.0,18.0,18.0,18.0,16-24,pinned_oblique,center,none,none,bg_026.jpg,315.0,2,0.2523133456707001,0.7238317262960184,True,True,False,0.8757682026243182,2.223769097262601,True,1,0.2523133456707001,0.7238317262960184,1,1,0,0.5,5,
1211,images/s6a_background_23_1.jpg,fixed_core_test,SYNTHETIC_3D,ok,outputs/shuttle_capability/controlled_capability/images/s6a_background_23_1.jpg,18,18,481,477,472.0,468.0,490.0,486.0,18.0,18.0,18.0,16-24,pinned_oblique,center,none,none,bg_026.jpg,315.0,1,0.8188804388046265,0.7785509196309641,True,True,False,0.8544356905837992,1.718527077718514,True,1,0.8188804388046265,0.7785509196309641,1,0,0,0.5,5,
1212,images/s6a_background_23_2.jpg,fixed_core_test,SYNTHETIC_3D,ok,outputs/shuttle_capability/controlled_capability/images/s6a_background_23_2.jpg,18,18,481,477,472.0,468.0,490.0,486.0,18.0,18.0,18.0,16-24,pinned_oblique,center,none,none,bg_026.jpg,315.0,2,0.8166980743408203,0.7433708514758197,True,True,False,0.8479581424552534,1.9958212334835117,True,1,0.8166980743408203,0.7433708514758197,1,1,0,0.5,5,
1213,images/s6a_background_24_0.jpg,fixed_core_test,SYNTHETIC_3D,ok,outputs/shuttle_capability/controlled_capability/images/s6a_background_24_0.jpg,18,18,481,477,472.0,468.0,490.0,486.0,18.0,18.0,18.0,16-24,pinned_oblique,center,none,none,bg_027.jpg,315.0,1,0.41911011934280396,0.7006551203731861,True,True,False,0.7006551203731861,1.4112977678085157,True,1,0.41911011934280396,0.7006551203731861,1,0,0,0.5,5,
1214,images/s6a_background_24_1.jpg,fixed_core_test,SYNTHETIC_3D,ok,outputs/shuttle_capability/controlled_capability/images/s6a_background_24_1.jpg,18,18,481,477,472.0,468.0,490.0,486.0,18.0,18.0,18.0,16-24,pinned_oblique,center,none,none,bg_027.jpg,315.0,1,0.45768749713897705,0.7447661483811684,True,True,True,0.9158359103732638,1.245403089890631,True,1,0.45768749713897705,0.7447661483811684,1,0,0,0.5,5,
1215,images/s6a_background_24_2.jpg,fixed_core_test,SYNTHETIC_3D,ok,outputs/shuttle_capability/controlled_capability/images/s6a_background_24_2.jpg,18,18,481,477,472.0,468.0,490.0,486.0,18.0,18.0,18.0,16-24,pinned_oblique,center,none,none,bg_027.jpg,315.0,1,0.8077617287635803,0.7342440715431773,True,True,False,0.8086671204202704,2.061910938904848,True,1,0.8077617287635803,0.7342440715431773,1,0,0,0.5,5,
1216,images/s6a_background_25_0.jpg,fixed_core_test,SYNTHETIC_3D,ok,outputs/shuttle_capability/controlled_capability/images/s6a_background_25_0.jpg,18,18,481,477,472.0,468.0,490.0,486.0,18.0,18.0,18.0,16-24,pinned_oblique,center,none,none,bg_028.jpg,315.0,1,0.827585756778717,0.7456621352793036,True,True,False,0.8294984681738747,2.1163909309765874,True,1,0.827585756778717,0.7456621352793036,1,0,0,0.5,5,
1217,images/s6a_background_25_1.jpg,fixed_core_test,SYNTHETIC_3D,ok,outputs/shuttle_capability/controlled_capability/images/s6a_background_25_1.jpg,18,18,481,477,472.0,468.0,490.0,486.0,18.0,18.0,18.0,16-24,pinned_oblique,center,none,none,bg_028.jpg,315.0,1,0.8223022818565369,0.7195887627904912,True,True,False,0.8111460311798218,2.1852093999384063,True,1,0.8223022818565369,0.7195887627904912,1,0,0,0.5,5,
1218,images/s6a_background_25_2.jpg,fixed_core_test,SYNTHETIC_3D,ok,outputs/shuttle_capability/controlled_capability/images/s6a_background_25_2.jpg,18,18,481,477,472.0,468.0,490.0,486.0,18.0,18.0,18.0,16-24,pinned_oblique,center,none,none,bg_028.jpg,315.0,2,0.3400270640850067,0.7246470926642974,True,True,True,0.9724765353732638,2.4151234251948845,True,1,0.3400270640850067,0.7246470926642974,1,1,0,0.5,5,
1219,images/s6a_background_26_0.jpg,fixed_core_test,SYNTHETIC_3D,ok,outputs/shuttle_capability/controlled_capability/images/s6a_background_26_0.jpg,18,18,481,477,472.0,468.0,490.0,486.0,18.0,18.0,18.0,16-24,pinned_oblique,center,none,none,bg_029.jpg,315.0,2,0.443295955657959,0.6933054316191154,True,True,False,0.702949204068217,2.0089484653642127,True,1,0.443295955657959,0.6933054316191154,1,1,0,0.5,5,
1220,images/s6a_background_26_1.jpg,fixed_core_test,SYNTHETIC_3D,ok,outputs/shuttle_capability/controlled_capability/images/s6a_background_26_1.jpg,18,18,481,477,472.0,468.0,490.0,486.0,18.0,18.0,18.0,16-24,pinned_oblique,center,none,none,bg_029.jpg,315.0,1,0.06673907488584518,0.0,False,False,False,0.0,,False,,,0.0,0,1,1,0.5,5,
1221,images/s6a_background_26_2.jpg,fixed_core_test,SYNTHETIC_3D,ok,outputs/shuttle_capability/controlled_capability/images/s6a_background_26_2.jpg,18,18,481,477,472.0,468.0,490.0,486.0,18.0,18.0,18.0,16-24,pinned_oblique,center,none,none,bg_029.jpg,315.0,2,0.1410854160785675,0.7332754887767134,True,True,False,0.7804761842945246,2.131027832374231,True,1,0.1410854160785675,0.7332754887767134,1,1,0,0.5,5,
1222,images/s6a_background_27_0.jpg,fixed_core_test,SYNTHETIC_3D,ok,outputs/shuttle_capability/controlled_capability/images/s6a_background_27_0.jpg,18,18,481,477,472.0,468.0,490.0,486.0,18.0,18.0,18.0,16-24,pinned_oblique,center,none,none,bg_030.jpg,315.0,1,0.08324769884347916,0.7150090822014553,True,True,False,0.767299816225092,2.207713703753068,True,1,0.08324769884347916,0.7150090822014553,1,0,0,0.5,5,
1223,images/s6a_background_27_1.jpg,fixed_core_test,SYNTHETIC_3D,ok,outputs/shuttle_capability/controlled_capability/images/s6a_background_27_1.jpg,18,18,481,477,472.0,468.0,490.0,486.0,18.0,18.0,18.0,16-24,pinned_oblique,center,none,none,bg_030.jpg,315.0,3,0.8237481713294983,0.7367327868275771,True,True,False,0.8610164020555439,2.063397722412584,True,1,0.8237481713294983,0.7367327868275771,1,2,0,0.5,5,
1224,images/s6a_background_27_2.jpg,fixed_core_test,SYNTHETIC_3D,ok,outputs/shuttle_capability/controlled_capability/images/s6a_background_27_2.jpg,18,18,481,477,472.0,468.0,490.0,486.0,18.0,18.0,18.0,16-24,pinned_oblique,center,none,none,bg_030.jpg,315.0,2,0.46892648935317993,0.7263468780935988,True,True,False,0.8222024933848944,2.186649443465753,True,1,0.46892648935317993,0.7263468780935988,1,1,0,0.5,5,
1225,images/s6a_background_28_0.jpg,fixed_core_test,SYNTHETIC_3D,ok,outputs/shuttle_capability/controlled_capability/images/s6a_background_28_0.jpg,18,18,481,477,472.0,468.0,490.0,486.0,18.0,18.0,18.0,16-24,pinned_oblique,center,none,none,bg_031.jpg,315.0,2,0.7608726620674133,0.7788418785243203,True,True,False,0.8946974012586806,1.7003248766946832,True,1,0.7608726620674133,0.7788418785243203,1,1,0,0.5,5,
1226,images/s6a_background_28_1.jpg,fixed_core_test,SYNTHETIC_3D,ok,outputs/shuttle_capability/controlled_capability/images/s6a_background_28_1.jpg,18,18,481,477,472.0,468.0,490.0,486.0,18.0,18.0,18.0,16-24,pinned_oblique,center,none,none,bg_031.jpg,315.0,1,0.7816892266273499,0.8268185403038975,True,True,True,0.9193962944878472,1.418936105213892,True,1,0.7816892266273499,0.8268185403038975,1,0,0,0.5,5,
1227,images/s6a_background_28_2.jpg,fixed_core_test,SYNTHETIC_3D,ok,outputs/shuttle_capability/controlled_capability/images/s6a_background_28_2.jpg,18,18,481,477,472.0,468.0,490.0,486.0,18.0,18.0,18.0,16-24,pinned_oblique,center,none,none,bg_031.jpg,315.0,1,0.7682754397392273,0.766415517870131,True,True,False,0.8139102416411962,1.9272286943704198,True,1,0.7682754397392273,0.766415517870131,1,0,0,0.5,5,
1228,images/s6a_background_29_0.jpg,fixed_core_test,SYNTHETIC_3D,ok,outputs/shuttle_capability/controlled_capability/images/s6a_background_29_0.jpg,18,18,481,477,472.0,468.0,490.0,486.0,18.0,18.0,18.0,16-24,pinned_oblique,center,none,none,bg_032.jpg,315.0,1,0.30860304832458496,0.621670829483551,True,True,False,0.6706513692107465,3.092342004535054,True,1,0.30860304832458496,0.621670829483551,1,0,0,0.5,5,
1229,images/s6a_background_29_1.jpg,fixed_core_test,SYNTHETIC_3D,ok,outputs/shuttle_capability/controlled_capability/images/s6a_background_29_1.jpg,18,18,481,477,472.0,468.0,490.0,486.0,18.0,18.0,18.0,16-24,pinned_oblique,center,none,none,bg_032.jpg,315.0,1,0.7498430609703064,0.709361393727973,True,True,False,0.7417168515837855,2.206400316915375,True,1,0.7498430609703064,0.709361393727973,1,0,0,0.5,5,
1230,images/s6a_background_29_2.jpg,fixed_core_test,SYNTHETIC_3D,ok,outputs/shuttle_capability/controlled_capability/images/s6a_background_29_2.jpg,18,18,481,477,472.0,468.0,490.0,486.0,18.0,18.0,18.0,16-24,pinned_oblique,center,none,none,bg_032.jpg,315.0,1,0.6957518458366394,0.6572848674120194,True,True,False,0.6961628796049842,2.589430500233217,True,1,0.6957518458366394,0.6572848674120194,1,0,0,0.5,5,
1231,images/s6b_light_000_0.jpg,fixed_core_test,SYNTHETIC_3D,ok,outputs/shuttle_capability/controlled_capability/images/s6b_light_000_0.jpg,18,18,481,477,472.0,468.0,490.0,486.0,18.0,18.0,18.0,16-24,pinned_oblique,center,none,none,bg_001.jpg,0.0,2,0.7521896958351135,0.7656372795211303,True,True,False,0.832524198072928,1.7303108141645287,True,1,0.7521896958351135,0.7656372795211303,1,1,0,0.5,5,
1232,images/s6b_light_000_1.jpg,fixed_core_test,SYNTHETIC_3D,ok,outputs/shuttle_capability/controlled_capability/images/s6b_light_000_1.jpg,18,18,481,477,472.0,468.0,490.0,486.0,18.0,18.0,18.0,16-24,pinned_oblique,center,none,none,bg_001.jpg,0.0,5,0.8392530679702759,0.0,False,True,False,0.7831946829747822,2.479238235889971,True,2,0.3016960620880127,0.7108328752349252,1,4,0,0.5,5,
1233,images/s6b_light_000_2.jpg,fixed_core_test,SYNTHETIC_3D,ok,outputs/shuttle_capability/controlled_capability/images/s6b_light_000_2.jpg,18,18,481,477,472.0,468.0,490.0,486.0,18.0,18.0,18.0,16-24,pinned_oblique,center,none,none,bg_001.jpg,0.0,3,0.7794950008392334,0.8169628341232442,True,True,False,0.8453818020859251,1.4798725218438382,True,1,0.7794950008392334,0.8169628341232442,1,2,0,0.5,5,
1234,images/s6b_light_000_3.jpg,fixed_core_test,SYNTHETIC_3D,ok,outputs/shuttle_capability/controlled_capability/images/s6b_light_000_3.jpg,18,18,481,477,472.0,468.0,490.0,486.0,18.0,18.0,18.0,16-24,pinned_oblique,center,none,none,bg_001.jpg,0.0,1,0.6848169565200806,0.0,False,False,False,0.0,,False,,,0.0,0,1,1,0.5,5,
1235,images/s6b_light_000_4.jpg,fixed_core_test,SYNTHETIC_3D,ok,outputs/shuttle_capability/controlled_capability/images/s6b_light_000_4.jpg,18,18,481,477,472.0,468.0,490.0,486.0,18.0,18.0,18.0,16-24,pinned_oblique,center,none,none,bg_001.jpg,0.0,1,0.1220594048500061,0.681437123980787,True,True,False,0.681437123980787,1.252435931069228,True,1,0.1220594048500061,0.681437123980787,1,0,0,0.5,5,
1236,images/s6b_light_000_5.jpg,fixed_core_test,SYNTHETIC_3D,ok,outputs/shuttle_capability/controlled_capability/images/s6b_light_000_5.jpg,18,18,481,477,472.0,468.0,490.0,486.0,18.0,18.0,18.0,16-24,pinned_oblique,center,none,none,bg_001.jpg,0.0,4,0.17326155304908752,0.0,False,False,False,0.0,,False,,,0.0,0,4,1,0.5,5,
1237,images/s6b_light_000_6.jpg,fixed_core_test,SYNTHETIC_3D,ok,outputs/shuttle_capability/controlled_capability/images/s6b_light_000_6.jpg,18,18,481,477,472.0,468.0,490.0,486.0,18.0,18.0,18.0,16-24,pinned_oblique,center,none,none,bg_001.jpg,0.0,1,0.6947898864746094,0.0,False,False,False,0.0,,False,,,0.0,0,1,1,0.5,5,
1238,images/s6b_light_000_7.jpg,fixed_core_test,SYNTHETIC_3D,ok,outputs/shuttle_capability/controlled_capability/images/s6b_light_000_7.jpg,18,18,481,477,472.0,468.0,490.0,486.0,18.0,18.0,18.0,16-24,pinned_oblique,center,none,none,bg_001.jpg,0.0,2,0.7591025233268738,0.0,False,True,False,0.8306969536675347,1.8458357274519595,True,2,0.5089707374572754,0.7791809841298967,1,1,0,0.5,5,
1239,images/s6b_light_000_8.jpg,fixed_core_test,SYNTHETIC_3D,ok,outputs/shuttle_capability/controlled_capability/images/s6b_light_000_8.jpg,18,18,481,477,472.0,468.0,490.0,486.0,18.0,18.0,18.0,16-24,pinned_oblique,center,none,none,bg_001.jpg,0.0,4,0.7278775572776794,0.0,False,True,False,0.7638870850205421,3.125080999315575,True,2,0.3600897789001465,0.6360752938884747,1,3,0,0.5,5,
1240,images/s6b_light_000_9.jpg,fixed_core_test,SYNTHETIC_3D,ok,outputs/shuttle_capability/controlled_capability/images/s6b_light_000_9.jpg,18,18,481,477,472.0,468.0,490.0,486.0,18.0,18.0,18.0,16-24,pinned_oblique,center,none,none,bg_001.jpg,0.0,3,0.7466106414794922,0.0,False,False,True,1.0,,False,,,0.06557485859823467,0,3,1,0.5,5,
1241,images/s6b_light_000_10.jpg,fixed_core_test,SYNTHETIC_3D,ok,outputs/shuttle_capability/controlled_capability/images/s6b_light_000_10.jpg,18,18,481,477,472.0,468.0,490.0,486.0,18.0,18.0,18.0,16-24,pinned_oblique,center,none,none,bg_001.jpg,0.0,3,0.7741283178329468,0.0,False,True,False,0.7728319021493748,2.4263462644973193,True,2,0.14054910838603973,0.6925160276095236,1,2,0,0.5,5,
1242,images/s6b_light_000_11.jpg,fixed_core_test,SYNTHETIC_3D,ok,outputs/shuttle_capability/controlled_capability/images/s6b_light_000_11.jpg,18,18,481,477,472.0,468.0,490.0,486.0,18.0,18.0,18.0,16-24,pinned_oblique,center,none,none,bg_001.jpg,0.0,4,0.6795773506164551,0.8570087141641384,True,True,True,0.9043179808908867,1.0646838966060366,True,1,0.6795773506164551,0.8570087141641384,1,3,0,0.5,5,
1243,images/s6b_light_000_12.jpg,fixed_core_test,SYNTHETIC_3D,ok,outputs/shuttle_capability/controlled_capability/images/s6b_light_000_12.jpg,18,18,481,477,472.0,468.0,490.0,486.0,18.0,18.0,18.0,16-24,pinned_oblique,center,none,none,bg_001.jpg,0.0,2,0.8007672429084778,0.0,False,False,False,0.0,,False,,,0.0,0,2,1,0.5,5,
1244,images/s6b_light_000_13.jpg,fixed_core_test,SYNTHETIC_3D,ok,outputs/shuttle_capability/controlled_capability/images/s6b_light_000_13.jpg,18,18,481,477,472.0,468.0,490.0,486.0,18.0,18.0,18.0,16-24,pinned_oblique,center,none,none,bg_001.jpg,0.0,1,0.07303716242313385,0.0,False,False,False,0.0,,False,,,0.0,0,1,1,0.5,5,
1245,images/s6b_light_000_14.jpg,fixed_core_test,SYNTHETIC_3D,ok,outputs/shuttle_capability/controlled_capability/images/s6b_light_000_14.jpg,18,18,481,477,472.0,468.0,490.0,486.0,18.0,18.0,18.0,16-24,pinned_oblique,center,none,none,bg_001.jpg,0.0,4,0.8078612089157104,0.0,False,False,False,0.0,,False,,,0.0,0,4,1,0.5,5,
1246,images/s6b_light_000_15.jpg,fixed_core_test,SYNTHETIC_3D,ok,outputs/shuttle_capability/controlled_capability/images/s6b_light_000_15.jpg,18,18,481,477,472.0,468.0,490.0,486.0,18.0,18.0,18.0,16-24,pinned_oblique,center,none,none,bg_001.jpg,0.0,2,0.17741915583610535,0.8498045534928852,True,True,False,0.8763119388992587,1.0617579018719212,True,1,0.17741915583610535,0.8498045534928852,1,1,0,0.5,5,
1247,images/s6b_light_000_16.jpg,fixed_core_test,SYNTHETIC_3D,ok,outputs/shuttle_capability/controlled_capability/images/s6b_light_000_16.jpg,18,18,481,477,472.0,468.0,490.0,486.0,18.0,18.0,18.0,16-24,pinned_oblique,center,none,none,bg_001.jpg,0.0,3,0.5952077507972717,0.7847705380027008,True,True,False,0.8266098886314366,1.576407132560157,True,1,0.5952077507972717,0.7847705380027008,1,2,0,0.5,5,
1248,images/s6b_light_000_17.jpg,fixed_core_test,SYNTHETIC_3D,ok,outputs/shuttle_capability/controlled_capability/images/s6b_light_000_17.jpg,18,18,481,477,472.0,468.0,490.0,486.0,18.0,18.0,18.0,16-24,pinned_oblique,center,none,none,bg_001.jpg,0.0,2,0.7869232892990112,0.0,False,False,False,0.0,,False,,,0.0,0,2,1,0.5,5,
1249,images/s6b_light_000_18.jpg,fixed_core_test,SYNTHETIC_3D,ok,outputs/shuttle_capability/controlled_capability/images/s6b_light_000_18.jpg,18,18,481,477,472.0,468.0,490.0,486.0,18.0,18.0,18.0,16-24,pinned_oblique,center,none,none,bg_001.jpg,0.0,3,0.8540014624595642,0.0,False,False,False,0.0,,False,,,0.0,0,3,1,0.5,5,
1250,images/s6b_light_000_19.jpg,fixed_core_test,SYNTHETIC_3D,ok,outputs/shuttle_capability/controlled_capability/images/s6b_light_000_19.jpg,18,18,481,477,472.0,468.0,490.0,486.0,18.0,18.0,18.0,16-24,pinned_oblique,center,none,none,bg_001.jpg,0.0,3,0.8710033297538757,0.0,False,False,False,0.0,,False,,,0.0,0,3,1,0.5,5,
1251,images/s6b_light_045_0.jpg,fixed_core_test,SYNTHETIC_3D,ok,outputs/shuttle_capability/controlled_capability/images/s6b_light_045_0.jpg,18,18,481,477,472.0,468.0,490.0,486.0,18.0,18.0,18.0,16-24,pinned_oblique,center,none,none,bg_001.jpg,45.0,1,0.7920458316802979,0.8012612220949104,True,True,False,0.8677692442304559,1.415696535660891,True,1,0.7920458316802979,0.8012612220949104,1,0,0,0.5,5,
1252,images/s6b_light_045_1.jpg,fixed_core_test,SYNTHETIC_3D,ok,outputs/shuttle_capability/controlled_capability/images/s6b_light_045_1.jpg,18,18,481,477,472.0,468.0,490.0,486.0,18.0,18.0,18.0,16-24,pinned_oblique,center,none,none,bg_001.jpg,45.0,4,0.8414958715438843,0.0,False,True,False,0.8211440894476794,2.737116835453215,True,2,0.16911274194717407,0.7063678950968206,1,3,0,0.5,5,
1253,images/s6b_light_045_2.jpg,fixed_core_test,SYNTHETIC_3D,ok,outputs/shuttle_capability/controlled_capability/images/s6b_light_045_2.jpg,18,18,481,477,472.0,468.0,490.0,486.0,18.0,18.0,18.0,16-24,pinned_oblique,center,none,none,bg_001.jpg,45.0,3,0.8047353625297546,0.836707097280379,True,True,False,0.8818749321831597,1.0860528198594934,True,1,0.8047353625297546,0.836707097280379,1,2,0,0.5,5,
1254,images/s6b_light_045_3.jpg,fixed_core_test,SYNTHETIC_3D,ok,outputs/shuttle_capability/controlled_capability/images/s6b_light_045_3.jpg,18,18,481,477,472.0,468.0,490.0,486.0,18.0,18.0,18.0,16-24,pinned_oblique,center,none,none,bg_001.jpg,45.0,1,0.7793315649032593,0.0,False,False,False,0.0,,False,,,0.0,0,1,1,0.5,5,
1255,images/s6b_light_045_4.jpg,fixed_core_test,SYNTHETIC_3D,ok,outputs/shuttle_capability/controlled_capability/images/s6b_light_045_4.jpg,18,18,481,477,472.0,468.0,490.0,486.0,18.0,18.0,18.0,16-24,pinned_oblique,center,none,none,bg_001.jpg,45.0,1,0.5975757241249084,0.6577756130309017,True,True,False,0.6577756130309017,1.2896710306886816,True,1,0.5975757241249084,0.6577756130309017,1,0,0,0.5,5,
1256,images/s6b_light_045_5.jpg,fixed_core_test,SYNTHETIC_3D,ok,outputs/shuttle_capability/controlled_capability/images/s6b_light_045_5.jpg,18,18,481,477,472.0,468.0,490.0,486.0,18.0,18.0,18.0,16-24,pinned_oblique,center,none,none,bg_001.jpg,45.0,3,0.14752449095249176,0.0,False,False,False,0.0,,False,,,0.0,0,3,1,0.5,5,
1257,images/s6b_light_045_6.jpg,fixed_core_test,SYNTHETIC_3D,ok,outputs/shuttle_capability/controlled_capability/images/s6b_light_045_6.jpg,18,18,481,477,472.0,468.0,490.0,486.0,18.0,18.0,18.0,16-24,pinned_oblique,center,none,none,bg_001.jpg,45.0,1,0.6671546697616577,0.0,False,False,False,0.0,,False,,,0.0,0,1,1,0.5,5,
1258,images/s6b_light_045_7.jpg,fixed_core_test,SYNTHETIC_3D,ok,outputs/shuttle_capability/controlled_capability/images/s6b_light_045_7.jpg,18,18,481,477,472.0,468.0,490.0,486.0,18.0,18.0,18.0,16-24,pinned_oblique,center,none,none,bg_001.jpg,45.0,2,0.6899343132972717,0.0,False,True,False,0.8692966037326388,1.5823756049224944,True,2,0.6096791625022888,0.7741938577095188,1,1,0,0.5,5,
1259,images/s6b_light_045_8.jpg,fixed_core_test,SYNTHETIC_3D,ok,outputs/shuttle_capability/controlled_capability/images/s6b_light_045_8.jpg,18,18,481,477,472.0,468.0,490.0,486.0,18.0,18.0,18.0,16-24,pinned_oblique,center,none,none,bg_001.jpg,45.0,2,0.7524238228797913,0.0,False,True,False,0.7759092841297388,3.059592303395802,True,2,0.4951227903366089,0.6344166187167323,1,1,0,0.5,5,
1260,images/s6b_light_045_9.jpg,fixed_core_test,SYNTHETIC_3D,ok,outputs/shuttle_capability/controlled_capability/images/s6b_light_045_9.jpg,18,18,481,477,472.0,468.0,490.0,486.0,18.0,18.0,18.0,16-24,pinned_oblique,center,none,none,bg_001.jpg,45.0,2,0.7171525955200195,0.0,False,False,True,1.0,,False,,,0.05402425221874922,0,2,1,0.5,5,
1261,images/s6b_light_045_10.jpg,fixed_core_test,SYNTHETIC_3D,ok,outputs/shuttle_capability/controlled_capability/images/s6b_light_045_10.jpg,18,18,481,477,472.0,468.0,490.0,486.0,18.0,18.0,18.0,16-24,pinned_oblique,center,none,none,bg_001.jpg,45.0,3,0.7854862213134766,0.0,False,True,False,0.8054620545288479,1.926561505583501,True,2,0.14594852924346924,0.761120585670998,1,2,0,0.5,5,
1262,images/s6b_light_045_11.jpg,fixed_core_test,SYNTHETIC_3D,ok,outputs/shuttle_capability/controlled_capability/images/s6b_light_045_11.jpg,18,18,481,477,472.0,468.0,490.0,486.0,18.0,18.0,18.0,16-24,pinned_oblique,center,none,none,bg_001.jpg,45.0,5,0.7124413251876831,0.8302215576183676,True,True,False,0.8869488290338604,1.2148470870889048,True,1,0.7124413251876831,0.8302215576183676,1,4,0,0.5,5,
1263,images/s6b_light_045_12.jpg,fixed_core_test,SYNTHETIC_3D,ok,outputs/shuttle_capability/controlled_capability/images/s6b_light_045_12.jpg,18,18,481,477,472.0,468.0,490.0,486.0,18.0,18.0,18.0,16-24,pinned_oblique,center,none,none,bg_001.jpg,45.0,2,0.7727625966072083,0.0,False,False,False,0.0,,False,,,0.0,0,2,1,0.5,5,
1264,images/s6b_light_045_13.jpg,fixed_core_test,SYNTHETIC_3D,ok,outputs/shuttle_capability/controlled_capability/images/s6b_light_045_13.jpg,18,18,481,477,472.0,468.0,490.0,486.0,18.0,18.0,18.0,16-24,pinned_oblique,center,none,none,bg_001.jpg,45.0,2,0.16490332782268524,0.6625259320188981,True,True,True,1.0,2.386042705390144,True,1,0.16490332782268524,0.6625259320188981,1,1,0,0.5,5,
1265,images/s6b_light_045_14.jpg,fixed_core_test,SYNTHETIC_3D,ok,outputs/shuttle_capability/controlled_capability/images/s6b_light_045_14.jpg,18,18,481,477,472.0,468.0,490.0,486.0,18.0,18.0,18.0,16-24,pinned_oblique,center,none,none,bg_001.jpg,45.0,4,0.7586719989776611,0.0,False,False,False,0.0,,False,,,0.0,0,4,1,0.5,5,
1266,images/s6b_light_045_15.jpg,fixed_core_test,SYNTHETIC_3D,ok,outputs/shuttle_capability/controlled_capability/images/s6b_light_045_15.jpg,18,18,481,477,472.0,468.0,490.0,486.0,18.0,18.0,18.0,16-24,pinned_oblique,center,none,none,bg_001.jpg,45.0,2,0.6643391847610474,0.8025508684416612,True,True,False,0.8025508684416612,1.2351170042005193,True,1,0.6643391847610474,0.8025508684416612,1,1,0,0.5,5,
1267,images/s6b_light_045_16.jpg,fixed_core_test,SYNTHETIC_3D,ok,outputs/shuttle_capability/controlled_capability/images/s6b_light_045_16.jpg,18,18,481,477,472.0,468.0,490.0,486.0,18.0,18.0,18.0,16-24,pinned_oblique,center,none,none,bg_001.jpg,45.0,2,0.5060364603996277,0.7813865718979079,True,True,False,0.8244863214247204,1.5646884595510377,True,1,0.5060364603996277,0.7813865718979079,1,1,0,0.5,5,
1268,images/s6b_light_045_17.jpg,fixed_core_test,SYNTHETIC_3D,ok,outputs/shuttle_capability/controlled_capability/images/s6b_light_045_17.jpg,18,18,481,477,472.0,468.0,490.0,486.0,18.0,18.0,18.0,16-24,pinned_oblique,center,none,none,bg_001.jpg,45.0,3,0.7681937217712402,0.0,False,True,False,0.7339532172514333,0.685912081175783,True,2,0.1281989961862564,0.7339532172514333,1,2,0,0.5,5,
1269,images/s6b_light_045_18.jpg,fixed_core_test,SYNTHETIC_3D,ok,outputs/shuttle_capability/controlled_capability/images/s6b_light_045_18.jpg,18,18,481,477,472.0,468.0,490.0,486.0,18.0,18.0,18.0,16-24,pinned_oblique,center,none,none,bg_001.jpg,45.0,3,0.8521250486373901,0.0,False,False,False,0.0,,False,,,0.0,0,3,1,0.5,5,
1270,images/s6b_light_045_19.jpg,fixed_core_test,SYNTHETIC_3D,ok,outputs/shuttle_capability/controlled_capability/images/s6b_light_045_19.jpg,18,18,481,477,472.0,468.0,490.0,486.0,18.0,18.0,18.0,16-24,pinned_oblique,center,none,none,bg_001.jpg,45.0,3,0.8719021677970886,0.0,False,True,True,0.9915635850694444,1.8063513965034854,True,3,0.05210212618112564,0.7587242999363314,1,2,0,0.5,5,
1271,images/s6b_light_090_0.jpg,fixed_core_test,SYNTHETIC_3D,ok,outputs/shuttle_capability/controlled_capability/images/s6b_light_090_0.jpg,18,18,481,477,472.0,468.0,490.0,486.0,18.0,18.0,18.0,16-24,pinned_oblique,center,none,none,bg_001.jpg,90.0,1,0.6688786745071411,0.7732860547738939,True,True,False,0.83099439871256,1.1021685104293075,True,1,0.6688786745071411,0.7732860547738939,1,0,0,0.5,5,
1272,images/s6b_light_090_1.jpg,fixed_core_test,SYNTHETIC_3D,ok,outputs/shuttle_capability/controlled_capability/images/s6b_light_090_1.jpg,18,18,481,477,472.0,468.0,490.0,486.0,18.0,18.0,18.0,16-24,pinned_oblique,center,none,none,bg_001.jpg,90.0,3,0.8438129425048828,0.0,False,False,False,0.0,,False,,,0.0,0,3,1,0.5,5,
1273,images/s6b_light_090_2.jpg,fixed_core_test,SYNTHETIC_3D,ok,outputs/shuttle_capability/controlled_capability/images/s6b_light_090_2.jpg,18,18,481,477,472.0,468.0,490.0,486.0,18.0,18.0,18.0,16-24,pinned_oblique,center,none,none,bg_001.jpg,90.0,4,0.7670674324035645,0.8472302476579283,True,True,False,0.8494072944546739,0.6756558303612153,True,1,0.7670674324035645,0.8472302476579283,1,3,0,0.5,5,
1274,images/s6b_light_090_3.jpg,fixed_core_test,SYNTHETIC_3D,ok,outputs/shuttle_capability/controlled_capability/images/s6b_light_090_3.jpg,18,18,481,477,472.0,468.0,490.0,486.0,18.0,18.0,18.0,16-24,pinned_oblique,center,none,none,bg_001.jpg,90.0,1,0.6412544846534729,0.0,False,False,False,0.0,,False,,,0.0,0,1,1,0.5,5,
1275,images/s6b_light_090_4.jpg,fixed_core_test,SYNTHETIC_3D,ok,outputs/shuttle_capability/controlled_capability/images/s6b_light_090_4.jpg,18,18,481,477,472.0,468.0,490.0,486.0,18.0,18.0,18.0,16-24,pinned_oblique,center,none,none,bg_001.jpg,90.0,2,0.3221926689147949,0.5792343860699071,True,True,False,0.5792343860699071,0.8457379064169239,True,1,0.3221926689147949,0.5792343860699071,1,1,0,0.5,5,
1276,images/s6b_light_090_5.jpg,fixed_core_test,SYNTHETIC_3D,ok,outputs/shuttle_capability/controlled_capability/images/s6b_light_090_5.jpg,18,18,481,477,472.0,468.0,490.0,486.0,18.0,18.0,18.0,16-24,pinned_oblique,center,none,none,bg_001.jpg,90.0,2,0.16413365304470062,0.0,False,False,False,0.0,,False,,,0.0,0,2,1,0.5,5,
1277,images/s6b_light_090_6.jpg,fixed_core_test,SYNTHETIC_3D,ok,outputs/shuttle_capability/controlled_capability/images/s6b_light_090_6.jpg,18,18,481,477,472.0,468.0,490.0,486.0,18.0,18.0,18.0,16-24,pinned_oblique,center,none,none,bg_001.jpg,90.0,1,0.658657431602478,0.0,False,False,False,0.0,,False,,,0.0,0,1,1,0.5,5,
1278,images/s6b_light_090_7.jpg,fixed_core_test,SYNTHETIC_3D,ok,outputs/shuttle_capability/controlled_capability/images/s6b_light_090_7.jpg,18,18,481,477,472.0,468.0,490.0,486.0,18.0,18.0,18.0,16-24,pinned_oblique,center,none,none,bg_001.jpg,90.0,2,0.7338725924491882,0.0,False,True,False,0.7255303221237328,0.8010875576919552,True,2,0.14878708124160767,0.7123858018028839,1,1,0,0.5,5,
1279,images/s6b_light_090_8.jpg,fixed_core_test,SYNTHETIC_3D,ok,outputs/shuttle_capability/controlled_capability/images/s6b_light_090_8.jpg,18,18,481,477,472.0,468.0,490.0,486.0,18.0,18.0,18.0,16-24,pinned_oblique,center,none,none,bg_001.jpg,90.0,4,0.7348746061325073,0.0,False,True,False,0.7991969372163078,2.454503008147091,True,2,0.3062615394592285,0.6922835430525069,1,3,0,0.5,5,
1280,images/s6b_light_090_9.jpg,fixed_core_test,SYNTHETIC_3D,ok,outputs/shuttle_capability/controlled_capability/images/s6b_light_090_9.jpg,18,18,481,477,472.0,468.0,490.0,486.0,18.0,18.0,18.0,16-24,pinned_oblique,center,none,none,bg_001.jpg,90.0,3,0.6983216404914856,0.0,False,False,True,1.0,,False,,,0.08127419048428802,0,3,1,0.5,5,
1281,images/s6b_light_090_10.jpg,fixed_core_test,SYNTHETIC_3D,ok,outputs/shuttle_capability/controlled_capability/images/s6b_light_090_10.jpg,18,18,481,477,472.0,468.0,490.0,486.0,18.0,18.0,18.0,16-24,pinned_oblique,center,none,none,bg_001.jpg,90.0,2,0.8332175612449646,0.0,False,False,False,0.0,,False,,,0.0,0,2,1,0.5,5,
1282,images/s6b_light_090_11.jpg,fixed_core_test,SYNTHETIC_3D,ok,outputs/shuttle_capability/controlled_capability/images/s6b_light_090_11.jpg,18,18,481,477,472.0,468.0,490.0,486.0,18.0,18.0,18.0,16-24,pinned_oblique,center,none,none,bg_001.jpg,90.0,5,0.6606568098068237,0.8583010897976103,True,True,False,0.88177490234375,0.79147177954018,True,1,0.6606568098068237,0.8583010897976103,1,4,0,0.5,5,
1283,images/s6b_light_090_12.jpg,fixed_core_test,SYNTHETIC_3D,ok,outputs/shuttle_capability/controlled_capability/images/s6b_light_090_12.jpg,18,18,481,477,472.0,468.0,490.0,486.0,18.0,18.0,18.0,16-24,pinned_oblique,center,none,none,bg_001.jpg,90.0,2,0.7853466272354126,0.0,False,False,False,0.0,,False,,,0.0,0,2,1,0.5,5,
1284,images/s6b_light_090_13.jpg,fixed_core_test,SYNTHETIC_3D,ok,outputs/shuttle_capability/controlled_capability/images/s6b_light_090_13.jpg,18,18,481,477,472.0,468.0,490.0,486.0,18.0,18.0,18.0,16-24,pinned_oblique,center,none,none,bg_001.jpg,90.0,0,,,False,False,False,0.0,,False,,,0.0,0,0,1,0.5,5,
1285,images/s6b_light_090_14.jpg,fixed_core_test,SYNTHETIC_3D,ok,outputs/shuttle_capability/controlled_capability/images/s6b_light_090_14.jpg,18,18,481,477,472.0,468.0,490.0,486.0,18.0,18.0,18.0,16-24,pinned_oblique,center,none,none,bg_001.jpg,90.0,3,0.7701241374015808,0.0,False,False,False,0.0,,False,,,0.0,0,3,1,0.5,5,
1286,images/s6b_light_090_15.jpg,fixed_core_test,SYNTHETIC_3D,ok,outputs/shuttle_capability/controlled_capability/images/s6b_light_090_15.jpg,18,18,481,477,472.0,468.0,490.0,486.0,18.0,18.0,18.0,16-24,pinned_oblique,center,none,none,bg_001.jpg,90.0,2,0.4060235917568207,0.7940552677239698,True,True,False,0.8125152340227807,0.6899736211967521,True,1,0.4060235917568207,0.7940552677239698,1,1,0,0.5,5,
1287,images/s6b_light_090_16.jpg,fixed_core_test,SYNTHETIC_3D,ok,outputs/shuttle_capability/controlled_capability/images/s6b_light_090_16.jpg,18,18,481,477,472.0,468.0,490.0,486.0,18.0,18.0,18.0,16-24,pinned_oblique,center,none,none,bg_001.jpg,90.0,2,0.5206815004348755,0.7693485646695045,True,True,False,0.7899331842480158,1.6181205094438336,True,1,0.5206815004348755,0.7693485646695045,1,1,0,0.5,5,
1288,images/s6b_light_090_17.jpg,fixed_core_test,SYNTHETIC_3D,ok,outputs/shuttle_capability/controlled_capability/images/s6b_light_090_17.jpg,18,18,481,477,472.0,468.0,490.0,486.0,18.0,18.0,18.0,16-24,pinned_oblique,center,none,none,bg_001.jpg,90.0,3,0.7491717338562012,0.0,False,True,False,0.7987593719735742,0.5034194672466956,True,2,0.08417270332574844,0.7987491174074044,1,2,0,0.5,5,
1289,images/s6b_light_090_18.jpg,fixed_core_test,SYNTHETIC_3D,ok,outputs/shuttle_capability/controlled_capability/images/s6b_light_090_18.jpg,18,18,481,477,472.0,468.0,490.0,486.0,18.0,18.0,18.0,16-24,pinned_oblique,center,none,none,bg_001.jpg,90.0,2,0.8570631742477417,0.0,False,False,False,0.0,,False,,,0.0,0,2,1,0.5,5,
1290,images/s6b_light_090_19.jpg,fixed_core_test,SYNTHETIC_3D,ok,outputs/shuttle_capability/controlled_capability/images/s6b_light_090_19.jpg,18,18,481,477,472.0,468.0,490.0,486.0,18.0,18.0,18.0,16-24,pinned_oblique,center,none,none,bg_001.jpg,90.0,2,0.8718476891517639,0.0,False,False,False,0.0,,False,,,0.0,0,2,1,0.5,5,
1291,images/s6b_light_135_0.jpg,fixed_core_test,SYNTHETIC_3D,ok,outputs/shuttle_capability/controlled_capability/images/s6b_light_135_0.jpg,18,18,481,477,472.0,468.0,490.0,486.0,18.0,18.0,18.0,16-24,pinned_oblique,center,none,none,bg_001.jpg,135.0,2,0.7829310297966003,0.7338396230126726,True,True,False,0.7780611102733715,1.362840866209369,True,1,0.7829310297966003,0.7338396230126726,1,1,0,0.5,5,
1292,images/s6b_light_135_1.jpg,fixed_core_test,SYNTHETIC_3D,ok,outputs/shuttle_capability/controlled_capability/images/s6b_light_135_1.jpg,18,18,481,477,472.0,468.0,490.0,486.0,18.0,18.0,18.0,16-24,pinned_oblique,center,none,none,bg_001.jpg,135.0,3,0.8377838134765625,0.0,False,False,False,0.0,,False,,,0.0,0,3,1,0.5,5,
1293,images/s6b_light_135_2.jpg,fixed_core_test,SYNTHETIC_3D,ok,outputs/shuttle_capability/controlled_capability/images/s6b_light_135_2.jpg,18,18,481,477,472.0,468.0,490.0,486.0,18.0,18.0,18.0,16-24,pinned_oblique,center,none,none,bg_001.jpg,135.0,3,0.5259010195732117,0.6381867285817862,True,True,False,0.6381867285817862,1.2383593649699043,True,1,0.5259010195732117,0.6381867285817862,1,2,0,0.5,5,
1294,images/s6b_light_135_3.jpg,fixed_core_test,SYNTHETIC_3D,ok,outputs/shuttle_capability/controlled_capability/images/s6b_light_135_3.jpg,18,18,481,477,472.0,468.0,490.0,486.0,18.0,18.0,18.0,16-24,pinned_oblique,center,none,none,bg_001.jpg,135.0,1,0.7325264811515808,0.0,False,False,False,0.0,,False,,,0.0,0,1,1,0.5,5,
1295,images/s6b_light_135_4.jpg,fixed_core_test,SYNTHETIC_3D,ok,outputs/shuttle_capability/controlled_capability/images/s6b_light_135_4.jpg,18,18,481,477,472.0,468.0,490.0,486.0,18.0,18.0,18.0,16-24,pinned_oblique,center,none,none,bg_001.jpg,135.0,2,0.5193187594413757,0.5653690658509731,True,True,False,0.5653690658509731,0.272594632739219,True,1,0.5193187594413757,0.5653690658509731,1,1,0,0.5,5,
1296,images/s6b_light_135_5.jpg,fixed_core_test,SYNTHETIC_3D,ok,outputs/shuttle_capability/controlled_capability/images/s6b_light_135_5.jpg,18,18,481,477,472.0,468.0,490.0,486.0,18.0,18.0,18.0,16-24,pinned_oblique,center,none,none,bg_001.jpg,135.0,2,0.1223534569144249,0.0,False,False,False,0.0,,False,,,0.0,0,2,1,0.5,5,
1297,images/s6b_light_135_6.jpg,fixed_core_test,SYNTHETIC_3D,ok,outputs/shuttle_capability/controlled_capability/images/s6b_light_135_6.jpg,18,18,481,477,472.0,468.0,490.0,486.0,18.0,18.0,18.0,16-24,pinned_oblique,center,none,none,bg_001.jpg,135.0,1,0.6463721394538879,0.0,False,False,False,0.0,,False,,,0.0,0,1,1,0.5,5,
1298,images/s6b_light_135_7.jpg,fixed_core_test,SYNTHETIC_3D,ok,outputs/shuttle_capability/controlled_capability/images/s6b_light_135_7.jpg,18,18,481,477,472.0,468.0,490.0,486.0,18.0,18.0,18.0,16-24,pinned_oblique,center,none,none,bg_001.jpg,135.0,2,0.7605137825012207,0.0,False,False,False,0.4274029154330492,,False,,,0.4239821414496785,0,2,1,0.5,5,
1299,images/s6b_light_135_8.jpg,fixed_core_test,SYNTHETIC_3D,ok,outputs/shuttle_capability/controlled_capability/images/s6b_light_135_8.jpg,18,18,481,477,472.0,468.0,490.0,486.0,18.0,18.0,18.0,16-24,pinned_oblique,center,none,none,bg_001.jpg,135.0,3,0.7811795473098755,0.0,False,False,False,0.0,,False,,,0.0,0,3,1,0.5,5,
1300,images/s6b_light_135_9.jpg,fixed_core_test,SYNTHETIC_3D,ok,outputs/shuttle_capability/controlled_capability/images/s6b_light_135_9.jpg,18,18,481,477,472.0,468.0,490.0,486.0,18.0,18.0,18.0,16-24,pinned_oblique,center,none,none,bg_001.jpg,135.0,1,0.6897428035736084,0.0,False,False,False,0.0,,False,,,0.0,0,1,1,0.5,5,
1301,images/s6b_light_135_10.jpg,fixed_core_test,SYNTHETIC_3D,ok,outputs/shuttle_capability/controlled_capability/images/s6b_light_135_10.jpg,18,18,481,477,472.0,468.0,490.0,486.0,18.0,18.0,18.0,16-24,pinned_oblique,center,none,none,bg_001.jpg,135.0,2,0.7713837027549744,0.0,False,False,False,0.0,,False,,,0.0,0,2,1,0.5,5,
1302,images/s6b_light_135_11.jpg,fixed_core_test,SYNTHETIC_3D,ok,outputs/shuttle_capability/controlled_capability/images/s6b_light_135_11.jpg,18,18,481,477,472.0,468.0,490.0,486.0,18.0,18.0,18.0,16-24,pinned_oblique,center,none,none,bg_001.jpg,135.0,4,0.5049687027931213,0.0,False,True,True,0.9571211073133681,0.6664966689405049,True,2,0.48011282086372375,0.8653954380380984,1,3,0,0.5,5,
1303,images/s6b_light_135_12.jpg,fixed_core_test,SYNTHETIC_3D,ok,outputs/shuttle_capability/controlled_capability/images/s6b_light_135_12.jpg,18,18,481,477,472.0,468.0,490.0,486.0,18.0,18.0,18.0,16-24,pinned_oblique,center,none,none,bg_001.jpg,135.0,2,0.8090670704841614,0.0,False,False,False,0.0,,False,,,0.0,0,2,1,0.5,5,
1304,images/s6b_light_135_13.jpg,fixed_core_test,SYNTHETIC_3D,ok,outputs/shuttle_capability/controlled_capability/images/s6b_light_135_13.jpg,18,18,481,477,472.0,468.0,490.0,486.0,18.0,18.0,18.0,16-24,pinned_oblique,center,none,none,bg_001.jpg,135.0,2,0.09875255823135376,0.0,False,False,False,0.0,,False,,,0.0,0,2,1,0.5,5,
1305,images/s6b_light_135_14.jpg,fixed_core_test,SYNTHETIC_3D,ok,outputs/shuttle_capability/controlled_capability/images/s6b_light_135_14.jpg,18,18,481,477,472.0,468.0,490.0,486.0,18.0,18.0,18.0,16-24,pinned_oblique,center,none,none,bg_001.jpg,135.0,3,0.798718273639679,0.0,False,False,False,0.0,,False,,,0.0,0,3,1,0.5,5,
1306,images/s6b_light_135_15.jpg,fixed_core_test,SYNTHETIC_3D,ok,outputs/shuttle_capability/controlled_capability/images/s6b_light_135_15.jpg,18,18,481,477,472.0,468.0,490.0,486.0,18.0,18.0,18.0,16-24,pinned_oblique,center,none,none,bg_001.jpg,135.0,3,0.4681577682495117,0.6832058210684745,True,True,False,0.6832058210684745,0.2101227890554442,True,1,0.4681577682495117,0.6832058210684745,1,2,0,0.5,5,
1307,images/s6b_light_135_16.jpg,fixed_core_test,SYNTHETIC_3D,ok,outputs/shuttle_capability/controlled_capability/images/s6b_light_135_16.jpg,18,18,481,477,472.0,468.0,490.0,486.0,18.0,18.0,18.0,16-24,pinned_oblique,center,none,none,bg_001.jpg,135.0,3,0.4845768213272095,0.7554462097182008,True,True,False,0.7747932594717929,1.7017701213338545,True,1,0.4845768213272095,0.7554462097182008,1,2,0,0.5,5,
1308,images/s6b_light_135_17.jpg,fixed_core_test,SYNTHETIC_3D,ok,outputs/shuttle_capability/controlled_capability/images/s6b_light_135_17.jpg,18,18,481,477,472.0,468.0,490.0,486.0,18.0,18.0,18.0,16-24,pinned_oblique,center,none,none,bg_001.jpg,135.0,3,0.7808332443237305,0.0,False,True,False,0.7546494140600165,0.5520596716566608,True,2,0.11152862757444382,0.7546494140600165,1,2,0,0.5,5,
1309,images/s6b_light_135_18.jpg,fixed_core_test,SYNTHETIC_3D,ok,outputs/shuttle_capability/controlled_capability/images/s6b_light_135_18.jpg,18,18,481,477,472.0,468.0,490.0,486.0,18.0,18.0,18.0,16-24,pinned_oblique,center,none,none,bg_001.jpg,135.0,2,0.857474684715271,0.0,False,False,False,0.0,,False,,,0.0,0,2,1,0.5,5,
1310,images/s6b_light_135_19.jpg,fixed_core_test,SYNTHETIC_3D,ok,outputs/shuttle_capability/controlled_capability/images/s6b_light_135_19.jpg,18,18,481,477,472.0,468.0,490.0,486.0,18.0,18.0,18.0,16-24,pinned_oblique,center,none,none,bg_001.jpg,135.0,1,0.8550401926040649,0.0,False,False,False,0.0,,False,,,0.0,0,1,1,0.5,5,
1311,images/s6b_light_180_0.jpg,fixed_core_test,SYNTHETIC_3D,ok,outputs/shuttle_capability/controlled_capability/images/s6b_light_180_0.jpg,18,18,481,477,472.0,468.0,490.0,486.0,18.0,18.0,18.0,16-24,pinned_oblique,center,none,none,bg_001.jpg,180.0,2,0.7816307544708252,0.7366193668656806,True,True,False,0.7828422289652129,1.3196328014106544,True,1,0.7816307544708252,0.7366193668656806,1,1,0,0.5,5,
1312,images/s6b_light_180_1.jpg,fixed_core_test,SYNTHETIC_3D,ok,outputs/shuttle_capability/controlled_capability/images/s6b_light_180_1.jpg,18,18,481,477,472.0,468.0,490.0,486.0,18.0,18.0,18.0,16-24,pinned_oblique,center,none,none,bg_001.jpg,180.0,3,0.8463230729103088,0.0,False,False,False,0.0,,False,,,0.0,0,3,1,0.5,5,
1313,images/s6b_light_180_2.jpg,fixed_core_test,SYNTHETIC_3D,ok,outputs/shuttle_capability/controlled_capability/images/s6b_light_180_2.jpg,18,18,481,477,472.0,468.0,490.0,486.0,18.0,18.0,18.0,16-24,pinned_oblique,center,none,none,bg_001.jpg,180.0,2,0.5690179467201233,0.6493132434509419,True,True,False,0.6493132434509419,1.1387784263525795,True,1,0.5690179467201233,0.6493132434509419,1,1,0,0.5,5,
1314,images/s6b_light_180_3.jpg,fixed_core_test,SYNTHETIC_3D,ok,outputs/shuttle_capability/controlled_capability/images/s6b_light_180_3.jpg,18,18,481,477,472.0,468.0,490.0,486.0,18.0,18.0,18.0,16-24,pinned_oblique,center,none,none,bg_001.jpg,180.0,1,0.8069843649864197,0.0,False,False,False,0.0,,False,,,0.0,0,1,1,0.5,5,
1315,images/s6b_light_180_4.jpg,fixed_core_test,SYNTHETIC_3D,ok,outputs/shuttle_capability/controlled_capability/images/s6b_light_180_4.jpg,18,18,481,477,472.0,468.0,490.0,486.0,18.0,18.0,18.0,16-24,pinned_oblique,center,none,none,bg_001.jpg,180.0,1,0.6786277890205383,0.529680027557468,True,True,False,0.529680027557468,0.1877423771253289,True,1,0.6786277890205383,0.529680027557468,1,0,0,0.5,5,
1316,images/s6b_light_180_5.jpg,fixed_core_test,SYNTHETIC_3D,ok,outputs/shuttle_capability/controlled_capability/images/s6b_light_180_5.jpg,18,18,481,477,472.0,468.0,490.0,486.0,18.0,18.0,18.0,16-24,pinned_oblique,center,none,none,bg_001.jpg,180.0,3,0.1537209302186966,0.0,False,False,False,0.0,,False,,,0.0,0,3,1,0.5,5,
1317,images/s6b_light_180_6.jpg,fixed_core_test,SYNTHETIC_3D,ok,outputs/shuttle_capability/controlled_capability/images/s6b_light_180_6.jpg,18,18,481,477,472.0,468.0,490.0,486.0,18.0,18.0,18.0,16-24,pinned_oblique,center,none,none,bg_001.jpg,180.0,1,0.6478691101074219,0.0,False,False,False,0.0,,False,,,0.0,0,1,1,0.5,5,
1318,images/s6b_light_180_7.jpg,fixed_core_test,SYNTHETIC_3D,ok,outputs/shuttle_capability/controlled_capability/images/s6b_light_180_7.jpg,18,18,481,477,472.0,468.0,490.0,486.0,18.0,18.0,18.0,16-24,pinned_oblique,center,none,none,bg_001.jpg,180.0,2,0.7640275359153748,0.0,False,False,False,0.48966147088342243,,False,,,0.48966147088342243,0,2,1,0.5,5,
1319,images/s6b_light_180_8.jpg,fixed_core_test,SYNTHETIC_3D,ok,outputs/shuttle_capability/controlled_capability/images/s6b_light_180_8.jpg,18,18,481,477,472.0,468.0,490.0,486.0,18.0,18.0,18.0,16-24,pinned_oblique,center,none,none,bg_001.jpg,180.0,2,0.7549483180046082,0.0,False,False,False,0.0,,False,,,0.0,0,2,1,0.5,5,
1320,images/s6b_light_180_9.jpg,fixed_core_test,SYNTHETIC_3D,ok,outputs/shuttle_capability/controlled_capability/images/s6b_light_180_9.jpg,18,18,481,477,472.0,468.0,490.0,486.0,18.0,18.0,18.0,16-24,pinned_oblique,center,none,none,bg_001.jpg,180.0,2,0.7377704977989197,0.0,False,False,True,1.0,,False,,,0.048342136945273485,0,2,1,0.5,5,
1321,images/s6b_light_180_10.jpg,fixed_core_test,SYNTHETIC_3D,ok,outputs/shuttle_capability/controlled_capability/images/s6b_light_180_10.jpg,18,18,481,477,472.0,468.0,490.0,486.0,18.0,18.0,18.0,16-24,pinned_oblique,center,none,none,bg_001.jpg,180.0,1,0.7225111722946167,0.0,False,False,False,0.0,,False,,,0.0,0,1,1,0.5,5,
1322,images/s6b_light_180_11.jpg,fixed_core_test,SYNTHETIC_3D,ok,outputs/shuttle_capability/controlled_capability/images/s6b_light_180_11.jpg,18,18,481,477,472.0,468.0,490.0,486.0,18.0,18.0,18.0,16-24,pinned_oblique,center,none,none,bg_001.jpg,180.0,3,0.3354667127132416,0.8568991239398523,True,True,True,0.9566819932725694,0.7817817904619193,True,1,0.3354667127132416,0.8568991239398523,1,2,0,0.5,5,
1323,images/s6b_light_180_12.jpg,fixed_core_test,SYNTHETIC_3D,ok,outputs/shuttle_capability/controlled_capability/images/s6b_light_180_12.jpg,18,18,481,477,472.0,468.0,490.0,486.0,18.0,18.0,18.0,16-24,pinned_oblique,center,none,none,bg_001.jpg,180.0,2,0.8042452931404114,0.0,False,False,False,0.0,,False,,,0.0,0,2,1,0.5,5,
1324,images/s6b_light_180_13.jpg,fixed_core_test,SYNTHETIC_3D,ok,outputs/shuttle_capability/controlled_capability/images/s6b_light_180_13.jpg,18,18,481,477,472.0,468.0,490.0,486.0,18.0,18.0,18.0,16-24,pinned_oblique,center,none,none,bg_001.jpg,180.0,0,,,False,False,False,0.0,,False,,,0.0,0,0,1,0.5,5,
1325,images/s6b_light_180_14.jpg,fixed_core_test,SYNTHETIC_3D,ok,outputs/shuttle_capability/controlled_capability/images/s6b_light_180_14.jpg,18,18,481,477,472.0,468.0,490.0,486.0,18.0,18.0,18.0,16-24,pinned_oblique,center,none,none,bg_001.jpg,180.0,3,0.7636627554893494,0.0,False,False,False,0.0,,False,,,0.0,0,3,1,0.5,5,
1326,images/s6b_light_180_15.jpg,fixed_core_test,SYNTHETIC_3D,ok,outputs/shuttle_capability/controlled_capability/images/s6b_light_180_15.jpg,18,18,481,477,472.0,468.0,490.0,486.0,18.0,18.0,18.0,16-24,pinned_oblique,center,none,none,bg_001.jpg,180.0,2,0.6827355027198792,0.6399593293252919,True,True,False,0.6399593293252919,0.7803229076377367,True,1,0.6827355027198792,0.6399593293252919,1,1,0,0.5,5,
1327,images/s6b_light_180_16.jpg,fixed_core_test,SYNTHETIC_3D,ok,outputs/shuttle_capability/controlled_capability/images/s6b_light_180_16.jpg,18,18,481,477,472.0,468.0,490.0,486.0,18.0,18.0,18.0,16-24,pinned_oblique,center,none,none,bg_001.jpg,180.0,3,0.5711522698402405,0.5360484908645352,True,True,False,0.5360484908645352,1.1452990096289455,True,1,0.5711522698402405,0.5360484908645352,1,2,0,0.5,5,
1328,images/s6b_light_180_17.jpg,fixed_core_test,SYNTHETIC_3D,ok,outputs/shuttle_capability/controlled_capability/images/s6b_light_180_17.jpg,18,18,481,477,472.0,468.0,490.0,486.0,18.0,18.0,18.0,16-24,pinned_oblique,center,none,none,bg_001.jpg,180.0,2,0.7722007036209106,0.0,False,True,False,0.5968771302141249,1.2417506933137203,True,2,0.2912804186344147,0.5968771302141249,1,1,0,0.5,5,
1329,images/s6b_light_180_18.jpg,fixed_core_test,SYNTHETIC_3D,ok,outputs/shuttle_capability/controlled_capability/images/s6b_light_180_18.jpg,18,18,481,477,472.0,468.0,490.0,486.0,18.0,18.0,18.0,16-24,pinned_oblique,center,none,none,bg_001.jpg,180.0,3,0.8546333909034729,0.0,False,False,False,0.0,,False,,,0.0,0,3,1,0.5,5,
1330,images/s6b_light_180_19.jpg,fixed_core_test,SYNTHETIC_3D,ok,outputs/shuttle_capability/controlled_capability/images/s6b_light_180_19.jpg,18,18,481,477,472.0,468.0,490.0,486.0,18.0,18.0,18.0,16-24,pinned_oblique,center,none,none,bg_001.jpg,180.0,2,0.867705762386322,0.0,False,False,False,0.0,,False,,,0.0,0,2,1,0.5,5,
1331,images/s6b_light_225_0.jpg,fixed_core_test,SYNTHETIC_3D,ok,outputs/shuttle_capability/controlled_capability/images/s6b_light_225_0.jpg,18,18,481,477,472.0,468.0,490.0,486.0,18.0,18.0,18.0,16-24,pinned_oblique,center,none,none,bg_001.jpg,225.0,2,0.7395199537277222,0.6764306182976073,True,True,False,0.6967441821470857,1.2377411254017805,True,1,0.7395199537277222,0.6764306182976073,1,1,0,0.5,5,
1332,images/s6b_light_225_1.jpg,fixed_core_test,SYNTHETIC_3D,ok,outputs/shuttle_capability/controlled_capability/images/s6b_light_225_1.jpg,18,18,481,477,472.0,468.0,490.0,486.0,18.0,18.0,18.0,16-24,pinned_oblique,center,none,none,bg_001.jpg,225.0,3,0.843806266784668,0.0,False,False,False,0.0,,False,,,0.0,0,3,1,0.5,5,
1333,images/s6b_light_225_2.jpg,fixed_core_test,SYNTHETIC_3D,ok,outputs/shuttle_capability/controlled_capability/images/s6b_light_225_2.jpg,18,18,481,477,472.0,468.0,490.0,486.0,18.0,18.0,18.0,16-24,pinned_oblique,center,none,none,bg_001.jpg,225.0,2,0.7296255230903625,0.7207298714978,True,True,False,0.7207298714978,0.38839787051320523,True,1,0.7296255230903625,0.7207298714978,1,1,0,0.5,5,
1334,images/s6b_light_225_3.jpg,fixed_core_test,SYNTHETIC_3D,ok,outputs/shuttle_capability/controlled_capability/images/s6b_light_225_3.jpg,18,18,481,477,472.0,468.0,490.0,486.0,18.0,18.0,18.0,16-24,pinned_oblique,center,none,none,bg_001.jpg,225.0,1,0.7813162207603455,0.0,False,False,False,0.0,,False,,,0.0,0,1,1,0.5,5,
1335,images/s6b_light_225_4.jpg,fixed_core_test,SYNTHETIC_3D,ok,outputs/shuttle_capability/controlled_capability/images/s6b_light_225_4.jpg,18,18,481,477,472.0,468.0,490.0,486.0,18.0,18.0,18.0,16-24,pinned_oblique,center,none,none,bg_001.jpg,225.0,1,0.6539747714996338,0.5370166616307365,True,True,False,0.5370166616307365,0.14317547413099876,True,1,0.6539747714996338,0.5370166616307365,1,0,0,0.5,5,
1336,images/s6b_light_225_5.jpg,fixed_core_test,SYNTHETIC_3D,ok,outputs/shuttle_capability/controlled_capability/images/s6b_light_225_5.jpg,18,18,481,477,472.0,468.0,490.0,486.0,18.0,18.0,18.0,16-24,pinned_oblique,center,none,none,bg_001.jpg,225.0,2,0.13670583069324493,0.0,False,False,False,0.0,,False,,,0.0,0,2,1,0.5,5,
1337,images/s6b_light_225_6.jpg,fixed_core_test,SYNTHETIC_3D,ok,outputs/shuttle_capability/controlled_capability/images/s6b_light_225_6.jpg,18,18,481,477,472.0,468.0,490.0,486.0,18.0,18.0,18.0,16-24,pinned_oblique,center,none,none,bg_001.jpg,225.0,2,0.6634503602981567,0.0,False,False,False,0.0,,False,,,0.0,0,2,1,0.5,5,
1338,images/s6b_light_225_7.jpg,fixed_core_test,SYNTHETIC_3D,ok,outputs/shuttle_capability/controlled_capability/images/s6b_light_225_7.jpg,18,18,481,477,472.0,468.0,490.0,486.0,18.0,18.0,18.0,16-24,pinned_oblique,center,none,none,bg_001.jpg,225.0,3,0.7772300243377686,0.0,False,False,False,0.477082796394825,,False,,,0.4764110758441631,0,3,1,0.5,5,
1339,images/s6b_light_225_8.jpg,fixed_core_test,SYNTHETIC_3D,ok,outputs/shuttle_capability/controlled_capability/images/s6b_light_225_8.jpg,18,18,481,477,472.0,468.0,490.0,486.0,18.0,18.0,18.0,16-24,pinned_oblique,center,none,none,bg_001.jpg,225.0,2,0.7687446475028992,0.0,False,False,False,0.0,,False,,,0.0,0,2,1,0.5,5,
1340,images/s6b_light_225_9.jpg,fixed_core_test,SYNTHETIC_3D,ok,outputs/shuttle_capability/controlled_capability/images/s6b_light_225_9.jpg,18,18,481,477,472.0,468.0,490.0,486.0,18.0,18.0,18.0,16-24,pinned_oblique,center,none,none,bg_001.jpg,225.0,3,0.6763312220573425,0.0,False,False,True,1.0,,False,,,0.07905521647869003,0,3,1,0.5,5,
1341,images/s6b_light_225_10.jpg,fixed_core_test,SYNTHETIC_3D,ok,outputs/shuttle_capability/controlled_capability/images/s6b_light_225_10.jpg,18,18,481,477,472.0,468.0,490.0,486.0,18.0,18.0,18.0,16-24,pinned_oblique,center,none,none,bg_001.jpg,225.0,2,0.741481363773346,0.0,False,False,False,0.0,,False,,,0.0,0,2,1,0.5,5,
1342,images/s6b_light_225_11.jpg,fixed_core_test,SYNTHETIC_3D,ok,outputs/shuttle_capability/controlled_capability/images/s6b_light_225_11.jpg,18,18,481,477,472.0,468.0,490.0,486.0,18.0,18.0,18.0,16-24,pinned_oblique,center,none,none,bg_001.jpg,225.0,4,0.5994522571563721,0.8309191781124083,True,True,True,0.9424624972873263,0.8423077085488849,True,1,0.5994522571563721,0.8309191781124083,1,3,0,0.5,5,
1343,images/s6b_light_225_12.jpg,fixed_core_test,SYNTHETIC_3D,ok,outputs/shuttle_capability/controlled_capability/images/s6b_light_225_12.jpg,18,18,481,477,472.0,468.0,490.0,486.0,18.0,18.0,18.0,16-24,pinned_oblique,center,none,none,bg_001.jpg,225.0,2,0.8221467733383179,0.0,False,False,False,0.0,,False,,,0.0,0,2,1,0.5,5,
1344,images/s6b_light_225_13.jpg,fixed_core_test,SYNTHETIC_3D,ok,outputs/shuttle_capability/controlled_capability/images/s6b_light_225_13.jpg,18,18,481,477,472.0,468.0,490.0,486.0,18.0,18.0,18.0,16-24,pinned_oblique,center,none,none,bg_001.jpg,225.0,2,0.1114606186747551,0.0,False,False,False,0.0,,False,,,0.0,0,2,1,0.5,5,
1345,images/s6b_light_225_14.jpg,fixed_core_test,SYNTHETIC_3D,ok,outputs/shuttle_capability/controlled_capability/images/s6b_light_225_14.jpg,18,18,481,477,472.0,468.0,490.0,486.0,18.0,18.0,18.0,16-24,pinned_oblique,center,none,none,bg_001.jpg,225.0,4,0.7936654686927795,0.0,False,True,False,0.7148189164905084,1.5378545026894717,True,3,0.14376230537891388,0.7148189164905084,1,3,0,0.5,5,
1346,images/s6b_light_225_15.jpg,fixed_core_test,SYNTHETIC_3D,ok,outputs/shuttle_capability/controlled_capability/images/s6b_light_225_15.jpg,18,18,481,477,472.0,468.0,490.0,486.0,18.0,18.0,18.0,16-24,pinned_oblique,center,none,none,bg_001.jpg,225.0,2,0.6096542477607727,0.6222088104113936,True,True,False,0.6222088104113936,0.2915600386365672,True,1,0.6096542477607727,0.6222088104113936,1,1,0,0.5,5,
1347,images/s6b_light_225_16.jpg,fixed_core_test,SYNTHETIC_3D,ok,outputs/shuttle_capability/controlled_capability/images/s6b_light_225_16.jpg,18,18,481,477,472.0,468.0,490.0,486.0,18.0,18.0,18.0,16-24,pinned_oblique,center,none,none,bg_001.jpg,225.0,4,0.2240082025527954,0.6731593660479852,True,True,False,0.6735748915967567,1.4611987451557682,True,1,0.2240082025527954,0.6731593660479852,1,3,0,0.5,5,
1348,images/s6b_light_225_17.jpg,fixed_core_test,SYNTHETIC_3D,ok,outputs/shuttle_capability/controlled_capability/images/s6b_light_225_17.jpg,18,18,481,477,472.0,468.0,490.0,486.0,18.0,18.0,18.0,16-24,pinned_oblique,center,none,none,bg_001.jpg,225.0,3,0.7925041913986206,0.0,False,True,False,0.7496799935621244,0.27952663767790537,True,2,0.11116918921470642,0.7496799935621244,1,2,0,0.5,5,
1349,images/s6b_light_225_18.jpg,fixed_core_test,SYNTHETIC_3D,ok,outputs/shuttle_capability/controlled_capability/images/s6b_light_225_18.jpg,18,18,481,477,472.0,468.0,490.0,486.0,18.0,18.0,18.0,16-24,pinned_oblique,center,none,none,bg_001.jpg,225.0,3,0.8535472750663757,0.0,False,False,False,0.0,,False,,,0.0,0,3,1,0.5,5,
1350,images/s6b_light_225_19.jpg,fixed_core_test,SYNTHETIC_3D,ok,outputs/shuttle_capability/controlled_capability/images/s6b_light_225_19.jpg,18,18,481,477,472.0,468.0,490.0,486.0,18.0,18.0,18.0,16-24,pinned_oblique,center,none,none,bg_001.jpg,225.0,1,0.8728532195091248,0.0,False,False,False,0.0,,False,,,0.0,0,1,1,0.5,5,
1351,images/s6b_light_270_0.jpg,fixed_core_test,SYNTHETIC_3D,ok,outputs/shuttle_capability/controlled_capability/images/s6b_light_270_0.jpg,18,18,481,477,472.0,468.0,490.0,486.0,18.0,18.0,18.0,16-24,pinned_oblique,center,none,none,bg_001.jpg,270.0,2,0.6009787321090698,0.7238192571221158,True,True,False,0.7623274615034461,1.246637453325725,True,1,0.6009787321090698,0.7238192571221158,1,1,0,0.5,5,
1352,images/s6b_light_270_1.jpg,fixed_core_test,SYNTHETIC_3D,ok,outputs/shuttle_capability/controlled_capability/images/s6b_light_270_1.jpg,18,18,481,477,472.0,468.0,490.0,486.0,18.0,18.0,18.0,16-24,pinned_oblique,center,none,none,bg_001.jpg,270.0,4,0.8351638913154602,0.0,False,False,False,0.0,,False,,,0.0,0,4,1,0.5,5,
1353,images/s6b_light_270_2.jpg,fixed_core_test,SYNTHETIC_3D,ok,outputs/shuttle_capability/controlled_capability/images/s6b_light_270_2.jpg,18,18,481,477,472.0,468.0,490.0,486.0,18.0,18.0,18.0,16-24,pinned_oblique,center,none,none,bg_001.jpg,270.0,2,0.2946757972240448,0.8048677807982842,True,True,False,0.8398716094225277,1.427571890178621,True,1,0.2946757972240448,0.8048677807982842,1,1,0,0.5,5,
1354,images/s6b_light_270_3.jpg,fixed_core_test,SYNTHETIC_3D,ok,outputs/shuttle_capability/controlled_capability/images/s6b_light_270_3.jpg,18,18,481,477,472.0,468.0,490.0,486.0,18.0,18.0,18.0,16-24,pinned_oblique,center,none,none,bg_001.jpg,270.0,1,0.6853874325752258,0.0,False,False,False,0.0,,False,,,0.0,0,1,1,0.5,5,
1355,images/s6b_light_270_4.jpg,fixed_core_test,SYNTHETIC_3D,ok,outputs/shuttle_capability/controlled_capability/images/s6b_light_270_4.jpg,18,18,481,477,472.0,468.0,490.0,486.0,18.0,18.0,18.0,16-24,pinned_oblique,center,none,none,bg_001.jpg,270.0,1,0.28334441781044006,0.5010057806416794,True,True,False,0.5010057806416794,0.7983330425941009,True,1,0.28334441781044006,0.5010057806416794,1,0,0,0.5,5,
1356,images/s6b_light_270_5.jpg,fixed_core_test,SYNTHETIC_3D,ok,outputs/shuttle_capability/controlled_capability/images/s6b_light_270_5.jpg,18,18,481,477,472.0,468.0,490.0,486.0,18.0,18.0,18.0,16-24,pinned_oblique,center,none,none,bg_001.jpg,270.0,3,0.1799183189868927,0.0,False,False,False,0.0,,False,,,0.0,0,3,1,0.5,5,
1357,images/s6b_light_270_6.jpg,fixed_core_test,SYNTHETIC_3D,ok,outputs/shuttle_capability/controlled_capability/images/s6b_light_270_6.jpg,18,18,481,477,472.0,468.0,490.0,486.0,18.0,18.0,18.0,16-24,pinned_oblique,center,none,none,bg_001.jpg,270.0,2,0.6248807311058044,0.0,False,False,False,0.0,,False,,,0.0,0,2,1,0.5,5,
1358,images/s6b_light_270_7.jpg,fixed_core_test,SYNTHETIC_3D,ok,outputs/shuttle_capability/controlled_capability/images/s6b_light_270_7.jpg,18,18,481,477,472.0,468.0,490.0,486.0,18.0,18.0,18.0,16-24,pinned_oblique,center,none,none,bg_001.jpg,270.0,1,0.7426458597183228,0.0,False,False,False,0.0,,False,,,0.0,0,1,1,0.5,5,
1359,images/s6b_light_270_8.jpg,fixed_core_test,SYNTHETIC_3D,ok,outputs/shuttle_capability/controlled_capability/images/s6b_light_270_8.jpg,18,18,481,477,472.0,468.0,490.0,486.0,18.0,18.0,18.0,16-24,pinned_oblique,center,none,none,bg_001.jpg,270.0,2,0.774371862411499,0.0,False,False,False,0.0,,False,,,0.0,0,2,1,0.5,5,
1360,images/s6b_light_270_9.jpg,fixed_core_test,SYNTHETIC_3D,ok,outputs/shuttle_capability/controlled_capability/images/s6b_light_270_9.jpg,18,18,481,477,472.0,468.0,490.0,486.0,18.0,18.0,18.0,16-24,pinned_oblique,center,none,none,bg_001.jpg,270.0,4,0.7082478404045105,0.0,False,False,True,1.0,,False,,,0.06557517058150827,0,4,1,0.5,5,
1361,images/s6b_light_270_10.jpg,fixed_core_test,SYNTHETIC_3D,ok,outputs/shuttle_capability/controlled_capability/images/s6b_light_270_10.jpg,18,18,481,477,472.0,468.0,490.0,486.0,18.0,18.0,18.0,16-24,pinned_oblique,center,none,none,bg_001.jpg,270.0,2,0.7640720009803772,0.0,False,False,False,0.0,,False,,,0.0,0,2,1,0.5,5,
1362,images/s6b_light_270_11.jpg,fixed_core_test,SYNTHETIC_3D,ok,outputs/shuttle_capability/controlled_capability/images/s6b_light_270_11.jpg,18,18,481,477,472.0,468.0,490.0,486.0,18.0,18.0,18.0,16-24,pinned_oblique,center,none,none,bg_001.jpg,270.0,3,0.5564870834350586,0.8616254084293322,True,True,True,0.9214969211154513,0.8938508892553079,True,1,0.5564870834350586,0.8616254084293322,1,2,0,0.5,5,
1363,images/s6b_light_270_12.jpg,fixed_core_test,SYNTHETIC_3D,ok,outputs/shuttle_capability/controlled_capability/images/s6b_light_270_12.jpg,18,18,481,477,472.0,468.0,490.0,486.0,18.0,18.0,18.0,16-24,pinned_oblique,center,none,none,bg_001.jpg,270.0,1,0.7756617665290833,0.0,False,False,False,0.0,,False,,,0.0,0,1,1,0.5,5,
1364,images/s6b_light_270_13.jpg,fixed_core_test,SYNTHETIC_3D,ok,outputs/shuttle_capability/controlled_capability/images/s6b_light_270_13.jpg,18,18,481,477,472.0,468.0,490.0,486.0,18.0,18.0,18.0,16-24,pinned_oblique,center,none,none,bg_001.jpg,270.0,2,0.10001686215400696,0.0,False,False,False,0.0,,False,,,0.0,0,2,1,0.5,5,
1365,images/s6b_light_270_14.jpg,fixed_core_test,SYNTHETIC_3D,ok,outputs/shuttle_capability/controlled_capability/images/s6b_light_270_14.jpg,18,18,481,477,472.0,468.0,490.0,486.0,18.0,18.0,18.0,16-24,pinned_oblique,center,none,none,bg_001.jpg,270.0,3,0.7714541554450989,0.0,False,False,False,0.0,,False,,,0.0,0,3,1,0.5,5,
1366,images/s6b_light_270_15.jpg,fixed_core_test,SYNTHETIC_3D,ok,outputs/shuttle_capability/controlled_capability/images/s6b_light_270_15.jpg,18,18,481,477,472.0,468.0,490.0,486.0,18.0,18.0,18.0,16-24,pinned_oblique,center,none,none,bg_001.jpg,270.0,2,0.16297447681427002,0.0,False,True,False,0.6018976356006331,0.4013314393637928,True,2,0.09699801355600357,0.6018976356006331,1,1,0,0.5,5,
1367,images/s6b_light_270_16.jpg,fixed_core_test,SYNTHETIC_3D,ok,outputs/shuttle_capability/controlled_capability/images/s6b_light_270_16.jpg,18,18,481,477,472.0,468.0,490.0,486.0,18.0,18.0,18.0,16-24,pinned_oblique,center,none,none,bg_001.jpg,270.0,3,0.07732219249010086,0.0,False,False,False,0.0,,False,,,0.0,0,3,1,0.5,5,
1368,images/s6b_light_270_17.jpg,fixed_core_test,SYNTHETIC_3D,ok,outputs/shuttle_capability/controlled_capability/images/s6b_light_270_17.jpg,18,18,481,477,472.0,468.0,490.0,486.0,18.0,18.0,18.0,16-24,pinned_oblique,center,none,none,bg_001.jpg,270.0,2,0.7681436538696289,0.0,False,False,False,0.0,,False,,,0.0,0,2,1,0.5,5,
1369,images/s6b_light_270_18.jpg,fixed_core_test,SYNTHETIC_3D,ok,outputs/shuttle_capability/controlled_capability/images/s6b_light_270_18.jpg,18,18,481,477,472.0,468.0,490.0,486.0,18.0,18.0,18.0,16-24,pinned_oblique,center,none,none,bg_001.jpg,270.0,3,0.8535510897636414,0.0,False,False,False,0.0,,False,,,0.0,0,3,1,0.5,5,
1370,images/s6b_light_270_19.jpg,fixed_core_test,SYNTHETIC_3D,ok,outputs/shuttle_capability/controlled_capability/images/s6b_light_270_19.jpg,18,18,481,477,472.0,468.0,490.0,486.0,18.0,18.0,18.0,16-24,pinned_oblique,center,none,none,bg_001.jpg,270.0,1,0.8625082969665527,0.0,False,False,False,0.0,,False,,,0.0,0,1,1,0.5,5,
1371,images/s6b_light_315_0.jpg,fixed_core_test,SYNTHETIC_3D,ok,outputs/shuttle_capability/controlled_capability/images/s6b_light_315_0.jpg,18,18,481,477,472.0,468.0,490.0,486.0,18.0,18.0,18.0,16-24,pinned_oblique,center,none,none,bg_001.jpg,315.0,2,0.4796094000339508,0.731153576771069,True,True,False,0.7880611733223001,1.6115019774571333,True,1,0.4796094000339508,0.731153576771069,1,1,0,0.5,5,
1372,images/s6b_light_315_1.jpg,fixed_core_test,SYNTHETIC_3D,ok,outputs/shuttle_capability/controlled_capability/images/s6b_light_315_1.jpg,18,18,481,477,472.0,468.0,490.0,486.0,18.0,18.0,18.0,16-24,pinned_oblique,center,none,none,bg_001.jpg,315.0,3,0.8466418385505676,0.0,False,False,False,0.0,,False,,,0.0,0,3,1,0.5,5,
1373,images/s6b_light_315_2.jpg,fixed_core_test,SYNTHETIC_3D,ok,outputs/shuttle_capability/controlled_capability/images/s6b_light_315_2.jpg,18,18,481,477,472.0,468.0,490.0,486.0,18.0,18.0,18.0,16-24,pinned_oblique,center,none,none,bg_001.jpg,315.0,2,0.5121810436248779,0.8040896060029937,True,True,False,0.8329601082260962,1.4738443682867683,True,1,0.5121810436248779,0.8040896060029937,1,1,0,0.5,5,
1374,images/s6b_light_315_3.jpg,fixed_core_test,SYNTHETIC_3D,ok,outputs/shuttle_capability/controlled_capability/images/s6b_light_315_3.jpg,18,18,481,477,472.0,468.0,490.0,486.0,18.0,18.0,18.0,16-24,pinned_oblique,center,none,none,bg_001.jpg,315.0,1,0.7238379716873169,0.0,False,False,False,0.0,,False,,,0.0,0,1,1,0.5,5,
1375,images/s6b_light_315_4.jpg,fixed_core_test,SYNTHETIC_3D,ok,outputs/shuttle_capability/controlled_capability/images/s6b_light_315_4.jpg,18,18,481,477,472.0,468.0,490.0,486.0,18.0,18.0,18.0,16-24,pinned_oblique,center,none,none,bg_001.jpg,315.0,2,0.06643615663051605,0.7258490204367515,True,True,False,0.7294816624683639,1.573537476790687,True,1,0.06643615663051605,0.7258490204367515,1,1,0,0.5,5,
1376,images/s6b_light_315_5.jpg,fixed_core_test,SYNTHETIC_3D,ok,outputs/shuttle_capability/controlled_capability/images/s6b_light_315_5.jpg,18,18,481,477,472.0,468.0,490.0,486.0,18.0,18.0,18.0,16-24,pinned_oblique,center,none,none,bg_001.jpg,315.0,4,0.13261720538139343,0.0,False,False,False,0.0,,False,,,0.0,0,4,1,0.5,5,
1377,images/s6b_light_315_6.jpg,fixed_core_test,SYNTHETIC_3D,ok,outputs/shuttle_capability/controlled_capability/images/s6b_light_315_6.jpg,18,18,481,477,472.0,468.0,490.0,486.0,18.0,18.0,18.0,16-24,pinned_oblique,center,none,none,bg_001.jpg,315.0,1,0.7062950134277344,0.0,False,False,False,0.0,,False,,,0.0,0,1,1,0.5,5,
1378,images/s6b_light_315_7.jpg,fixed_core_test,SYNTHETIC_3D,ok,outputs/shuttle_capability/controlled_capability/images/s6b_light_315_7.jpg,18,18,481,477,472.0,468.0,490.0,486.0,18.0,18.0,18.0,16-24,pinned_oblique,center,none,none,bg_001.jpg,315.0,1,0.7652512192726135,0.0,False,False,False,0.0,,False,,,0.0,0,1,1,0.5,5,
1379,images/s6b_light_315_8.jpg,fixed_core_test,SYNTHETIC_3D,ok,outputs/shuttle_capability/controlled_capability/images/s6b_light_315_8.jpg,18,18,481,477,472.0,468.0,490.0,486.0,18.0,18.0,18.0,16-24,pinned_oblique,center,none,none,bg_001.jpg,315.0,2,0.7915724515914917,0.0,False,False,False,0.0,,False,,,0.0,0,2,1,0.5,5,
1380,images/s6b_light_315_9.jpg,fixed_core_test,SYNTHETIC_3D,ok,outputs/shuttle_capability/controlled_capability/images/s6b_light_315_9.jpg,18,18,481,477,472.0,468.0,490.0,486.0,18.0,18.0,18.0,16-24,pinned_oblique,center,none,none,bg_001.jpg,315.0,3,0.7286739945411682,0.0,False,False,True,1.0,,False,,,0.08040710082118,0,3,1,0.5,5,
1381,images/s6b_light_315_10.jpg,fixed_core_test,SYNTHETIC_3D,ok,outputs/shuttle_capability/controlled_capability/images/s6b_light_315_10.jpg,18,18,481,477,472.0,468.0,490.0,486.0,18.0,18.0,18.0,16-24,pinned_oblique,center,none,none,bg_001.jpg,315.0,2,0.7931361794471741,0.0,False,False,False,0.0,,False,,,0.0,0,2,1,0.5,5,
1382,images/s6b_light_315_11.jpg,fixed_core_test,SYNTHETIC_3D,ok,outputs/shuttle_capability/controlled_capability/images/s6b_light_315_11.jpg,18,18,481,477,472.0,468.0,490.0,486.0,18.0,18.0,18.0,16-24,pinned_oblique,center,none,none,bg_001.jpg,315.0,3,0.5794330835342407,0.7938000971666207,True,True,True,0.912832992243362,1.5353270021994443,True,1,0.5794330835342407,0.7938000971666207,1,2,0,0.5,5,
1383,images/s6b_light_315_12.jpg,fixed_core_test,SYNTHETIC_3D,ok,outputs/shuttle_capability/controlled_capability/images/s6b_light_315_12.jpg,18,18,481,477,472.0,468.0,490.0,486.0,18.0,18.0,18.0,16-24,pinned_oblique,center,none,none,bg_001.jpg,315.0,2,0.7989739179611206,0.0,False,False,False,0.0,,False,,,0.0,0,2,1,0.5,5,
1384,images/s6b_light_315_13.jpg,fixed_core_test,SYNTHETIC_3D,ok,outputs/shuttle_capability/controlled_capability/images/s6b_light_315_13.jpg,18,18,481,477,472.0,468.0,490.0,486.0,18.0,18.0,18.0,16-24,pinned_oblique,center,none,none,bg_001.jpg,315.0,1,0.05163617059588432,0.0,False,False,False,0.0,,False,,,0.0,0,1,1,0.5,5,
1385,images/s6b_light_315_14.jpg,fixed_core_test,SYNTHETIC_3D,ok,outputs/shuttle_capability/controlled_capability/images/s6b_light_315_14.jpg,18,18,481,477,472.0,468.0,490.0,486.0,18.0,18.0,18.0,16-24,pinned_oblique,center,none,none,bg_001.jpg,315.0,4,0.7848285436630249,0.0,False,False,False,0.0,,False,,,0.0,0,4,1,0.5,5,
1386,images/s6b_light_315_15.jpg,fixed_core_test,SYNTHETIC_3D,ok,outputs/shuttle_capability/controlled_capability/images/s6b_light_315_15.jpg,18,18,481,477,472.0,468.0,490.0,486.0,18.0,18.0,18.0,16-24,pinned_oblique,center,none,none,bg_001.jpg,315.0,1,0.14294713735580444,0.0,False,False,False,0.0,,False,,,0.0,0,1,1,0.5,5,
1387,images/s6b_light_315_16.jpg,fixed_core_test,SYNTHETIC_3D,ok,outputs/shuttle_capability/controlled_capability/images/s6b_light_315_16.jpg,18,18,481,477,472.0,468.0,490.0,486.0,18.0,18.0,18.0,16-24,pinned_oblique,center,none,none,bg_001.jpg,315.0,3,0.26472556591033936,0.7508526714640088,True,True,False,0.8171808764131533,1.8343430588315779,True,1,0.26472556591033936,0.7508526714640088,1,2,0,0.5,5,
1388,images/s6b_light_315_17.jpg,fixed_core_test,SYNTHETIC_3D,ok,outputs/shuttle_capability/controlled_capability/images/s6b_light_315_17.jpg,18,18,481,477,472.0,468.0,490.0,486.0,18.0,18.0,18.0,16-24,pinned_oblique,center,none,none,bg_001.jpg,315.0,2,0.7882580161094666,0.0,False,False,False,0.0,,False,,,0.0,0,2,1,0.5,5,
1389,images/s6b_light_315_18.jpg,fixed_core_test,SYNTHETIC_3D,ok,outputs/shuttle_capability/controlled_capability/images/s6b_light_315_18.jpg,18,18,481,477,472.0,468.0,490.0,486.0,18.0,18.0,18.0,16-24,pinned_oblique,center,none,none,bg_001.jpg,315.0,3,0.8544146418571472,0.0,False,False,False,0.0,,False,,,0.0,0,3,1,0.5,5,
1390,images/s6b_light_315_19.jpg,fixed_core_test,SYNTHETIC_3D,ok,outputs/shuttle_capability/controlled_capability/images/s6b_light_315_19.jpg,18,18,481,477,472.0,468.0,490.0,486.0,18.0,18.0,18.0,16-24,pinned_oblique,center,none,none,bg_001.jpg,315.0,1,0.8739110231399536,0.0,False,False,False,0.0,,False,,,0.0,0,1,1,0.5,5,
1391,images/s7_near_field_0064_0.jpg,fixed_core_test,SYNTHETIC_3D,ok,outputs/shuttle_capability/controlled_capability/images/s7_near_field_0064_0.jpg,64,64,648,630,616.0,598.0,680.0,662.0,64.0,64.0,64.0,>32,pinned_oblique,center,none,none,bg_001.jpg,315.0,2,0.932979166507721,0.8927439071522283,True,True,True,1.0,1.433357333612592,True,1,0.932979166507721,0.8927439071522283,1,1,0,0.5,5,
1392,images/s7_near_field_0064_1.jpg,fixed_core_test,SYNTHETIC_3D,ok,outputs/shuttle_capability/controlled_capability/images/s7_near_field_0064_1.jpg,64,64,648,630,616.0,598.0,680.0,662.0,64.0,64.0,64.0,>32,pinned_oblique,center,none,none,bg_001.jpg,315.0,3,0.904516875743866,0.9485309031614909,True,True,True,0.9946408008854632,1.2122451121050188,True,1,0.904516875743866,0.9485309031614909,1,2,0,0.5,5,
1393,images/s7_near_field_0064_2.jpg,fixed_core_test,SYNTHETIC_3D,ok,outputs/shuttle_capability/controlled_capability/images/s7_near_field_0064_2.jpg,64,64,648,630,616.0,598.0,680.0,662.0,64.0,64.0,64.0,>32,pinned_oblique,center,none,none,bg_001.jpg,315.0,3,0.9198171496391296,0.9087621240391647,True,True,True,1.0,0.530535287293768,True,1,0.9198171496391296,0.9087621240391647,1,2,0,0.5,5,
1394,images/s7_near_field_0064_3.jpg,fixed_core_test,SYNTHETIC_3D,ok,outputs/shuttle_capability/controlled_capability/images/s7_near_field_0064_3.jpg,64,64,648,630,616.0,598.0,680.0,662.0,64.0,64.0,64.0,>32,pinned_oblique,center,none,none,bg_001.jpg,315.0,2,0.9298940896987915,0.8774069271640935,True,True,True,1.0,1.8333973620533393,True,1,0.9298940896987915,0.8774069271640935,1,1,0,0.5,5,
1395,images/s7_near_field_0064_4.jpg,fixed_core_test,SYNTHETIC_3D,ok,outputs/shuttle_capability/controlled_capability/images/s7_near_field_0064_4.jpg,64,64,648,630,616.0,598.0,680.0,662.0,64.0,64.0,64.0,>32,pinned_oblique,center,none,none,bg_001.jpg,315.0,3,0.9041803479194641,0.9481310987032648,True,True,True,0.9861526489257812,1.1847768683675115,True,1,0.9041803479194641,0.9481310987032648,1,2,0,0.5,5,
1396,images/s7_near_field_0064_5.jpg,fixed_core_test,SYNTHETIC_3D,ok,outputs/shuttle_capability/controlled_capability/images/s7_near_field_0064_5.jpg,64,64,648,630,616.0,598.0,680.0,662.0,64.0,64.0,64.0,>32,pinned_oblique,center,none,none,bg_001.jpg,315.0,2,0.9100229740142822,0.9604275730453085,True,True,True,0.9953670501708984,0.7481072926835814,True,1,0.9100229740142822,0.9604275730453085,1,1,0,0.5,5,
1397,images/s7_near_field_0064_6.jpg,fixed_core_test,SYNTHETIC_3D,ok,outputs/shuttle_capability/controlled_capability/images/s7_near_field_0064_6.jpg,64,64,648,630,616.0,598.0,680.0,662.0,64.0,64.0,64.0,>32,pinned_oblique,center,none,none,bg_001.jpg,315.0,3,0.8861402869224548,0.9558961436271799,True,True,True,0.9825385988369817,1.2063153684030663,True,1,0.8861402869224548,0.9558961436271799,1,2,0,0.5,5,
1398,images/s7_near_field_0064_7.jpg,fixed_core_test,SYNTHETIC_3D,ok,outputs/shuttle_capability/controlled_capability/images/s7_near_field_0064_7.jpg,64,64,648,630,616.0,598.0,680.0,662.0,64.0,64.0,64.0,>32,pinned_oblique,center,none,none,bg_001.jpg,315.0,3,0.8358314037322998,0.8812691221023665,True,True,True,0.9619007110595703,2.7643971546259047,True,1,0.8358314037322998,0.8812691221023665,1,2,0,0.5,5,
1399,images/s7_near_field_0064_8.jpg,fixed_core_test,SYNTHETIC_3D,ok,outputs/shuttle_capability/controlled_capability/images/s7_near_field_0064_8.jpg,64,64,648,630,616.0,598.0,680.0,662.0,64.0,64.0,64.0,>32,pinned_oblique,center,none,none,bg_001.jpg,315.0,2,0.8738566637039185,0.8634049508491055,True,True,True,1.0,3.0711242194885258,True,1,0.8738566637039185,0.8634049508491055,1,1,0,0.5,5,
1400,images/s7_near_field_0064_9.jpg,fixed_core_test,SYNTHETIC_3D,ok,outputs/shuttle_capability/controlled_capability/images/s7_near_field_0064_9.jpg,64,64,648,630,616.0,598.0,680.0,662.0,64.0,64.0,64.0,>32,pinned_oblique,center,none,none,bg_001.jpg,315.0,4,0.8755913376808167,0.9383120589186358,True,True,True,0.9912519109711866,1.8495994897918633,True,1,0.8755913376808167,0.9383120589186358,1,3,0,0.5,5,
1401,images/s7_near_field_0064_10.jpg,fixed_core_test,SYNTHETIC_3D,ok,outputs/shuttle_capability/controlled_capability/images/s7_near_field_0064_10.jpg,64,64,648,630,616.0,598.0,680.0,662.0,64.0,64.0,64.0,>32,pinned_oblique,center,none,none,bg_001.jpg,315.0,2,0.8645540475845337,0.8152148596829564,True,True,True,0.9768848419189453,3.2430854932577207,True,1,0.8645540475845337,0.8152148596829564,1,1,0,0.5,5,
1402,images/s7_near_field_0064_11.jpg,fixed_core_test,SYNTHETIC_3D,ok,outputs/shuttle_capability/controlled_capability/images/s7_near_field_0064_11.jpg,64,64,648,630,616.0,598.0,680.0,662.0,64.0,64.0,64.0,>32,pinned_oblique,center,none,none,bg_001.jpg,315.0,2,0.9288290143013,0.913212513275205,True,True,True,1.0,1.9061644253518168,True,1,0.9288290143013,0.913212513275205,1,1,0,0.5,5,
1403,images/s7_near_field_0064_12.jpg,fixed_core_test,SYNTHETIC_3D,ok,outputs/shuttle_capability/controlled_capability/images/s7_near_field_0064_12.jpg,64,64,648,630,616.0,598.0,680.0,662.0,64.0,64.0,64.0,>32,pinned_oblique,center,none,none,bg_001.jpg,315.0,4,0.8961484432220459,0.9169186085615015,True,True,True,0.9838943481445312,2.1670100498021987,True,1,0.8961484432220459,0.9169186085615015,1,3,0,0.5,5,
1404,images/s7_near_field_0064_13.jpg,fixed_core_test,SYNTHETIC_3D,ok,outputs/shuttle_capability/controlled_capability/images/s7_near_field_0064_13.jpg,64,64,648,630,616.0,598.0,680.0,662.0,64.0,64.0,64.0,>32,pinned_oblique,center,none,none,bg_001.jpg,315.0,3,0.9119642972946167,0.885663949247172,True,True,True,1.0,0.5313661392269999,True,1,0.9119642972946167,0.885663949247172,1,2,0,0.5,5,
1405,images/s7_near_field_0064_14.jpg,fixed_core_test,SYNTHETIC_3D,ok,outputs/shuttle_capability/controlled_capability/images/s7_near_field_0064_14.jpg,64,64,648,630,616.0,598.0,680.0,662.0,64.0,64.0,64.0,>32,pinned_oblique,center,none,none,bg_001.jpg,315.0,3,0.8664824366569519,0.9225122864106152,True,True,True,0.9774246215820312,1.423038500494953,True,1,0.8664824366569519,0.9225122864106152,1,2,0,0.5,5,
1406,images/s7_near_field_0064_15.jpg,fixed_core_test,SYNTHETIC_3D,ok,outputs/shuttle_capability/controlled_capability/images/s7_near_field_0064_15.jpg,64,64,648,630,616.0,598.0,680.0,662.0,64.0,64.0,64.0,>32,pinned_oblique,center,none,none,bg_001.jpg,315.0,2,0.8895739912986755,0.8316528390980344,True,True,True,1.0,2.2699455533083435,True,1,0.8895739912986755,0.8316528390980344,1,1,0,0.5,5,
1407,images/s7_near_field_0064_16.jpg,fixed_core_test,SYNTHETIC_3D,ok,outputs/shuttle_capability/controlled_capability/images/s7_near_field_0064_16.jpg,64,64,648,630,616.0,598.0,680.0,662.0,64.0,64.0,64.0,>32,pinned_oblique,center,none,none,bg_001.jpg,315.0,2,0.8736984729766846,0.9247809518018459,True,True,True,0.9727725982666016,1.1696049001331785,True,1,0.8736984729766846,0.9247809518018459,1,1,0,0.5,5,
1408,images/s7_near_field_0064_17.jpg,fixed_core_test,SYNTHETIC_3D,ok,outputs/shuttle_capability/controlled_capability/images/s7_near_field_0064_17.jpg,64,64,648,630,616.0,598.0,680.0,662.0,64.0,64.0,64.0,>32,pinned_oblique,center,none,none,bg_001.jpg,315.0,2,0.9081678986549377,0.8340769886960042,True,True,True,1.0,4.185987857830383,True,1,0.9081678986549377,0.8340769886960042,1,1,0,0.5,5,
1409,images/s7_near_field_0064_18.jpg,fixed_core_test,SYNTHETIC_3D,ok,outputs/shuttle_capability/controlled_capability/images/s7_near_field_0064_18.jpg,64,64,648,630,616.0,598.0,680.0,662.0,64.0,64.0,64.0,>32,pinned_oblique,center,none,none,bg_001.jpg,315.0,3,0.9109582304954529,0.9329810821639185,True,True,True,0.961522935249377,1.466876156082803,True,1,0.9109582304954529,0.9329810821639185,1,2,0,0.5,5,
1410,images/s7_near_field_0064_19.jpg,fixed_core_test,SYNTHETIC_3D,ok,outputs/shuttle_capability/controlled_capability/images/s7_near_field_0064_19.jpg,64,64,648,630,616.0,598.0,680.0,662.0,64.0,64.0,64.0,>32,pinned_oblique,center,none,none,bg_001.jpg,315.0,3,0.937441885471344,0.8606292663692583,True,True,True,1.0,1.3687562117152594,True,1,0.937441885471344,0.8606292663692583,1,2,0,0.5,5,
1411,images/s7_near_field_0064_20.jpg,fixed_core_test,SYNTHETIC_3D,ok,outputs/shuttle_capability/controlled_capability/images/s7_near_field_0064_20.jpg,64,64,648,630,616.0,598.0,680.0,662.0,64.0,64.0,64.0,>32,pinned_oblique,center,none,none,bg_001.jpg,315.0,3,0.9045119285583496,0.9514823520025536,True,True,True,0.9910011291503906,1.179843369664366,True,1,0.9045119285583496,0.9514823520025536,1,2,0,0.5,5,
1412,images/s7_near_field_0064_21.jpg,fixed_core_test,SYNTHETIC_3D,ok,outputs/shuttle_capability/controlled_capability/images/s7_near_field_0064_21.jpg,64,64,648,630,616.0,598.0,680.0,662.0,64.0,64.0,64.0,>32,pinned_oblique,center,none,none,bg_001.jpg,315.0,2,0.857038676738739,0.8813555737895444,True,True,True,0.9481010437011719,0.8100107764076173,True,1,0.857038676738739,0.8813555737895444,1,1,0,0.5,5,
1413,images/s7_near_field_0064_22.jpg,fixed_core_test,SYNTHETIC_3D,ok,outputs/shuttle_capability/controlled_capability/images/s7_near_field_0064_22.jpg,64,64,648,630,616.0,598.0,680.0,662.0,64.0,64.0,64.0,>32,pinned_oblique,center,none,none,bg_001.jpg,315.0,2,0.8619852662086487,0.9315577875810395,True,True,True,0.945533144455112,1.4926079412385933,True,1,0.8619852662086487,0.9315577875810395,1,1,0,0.5,5,
1414,images/s7_near_field_0064_23.jpg,fixed_core_test,SYNTHETIC_3D,ok,outputs/shuttle_capability/controlled_capability/images/s7_near_field_0064_23.jpg,64,64,648,630,616.0,598.0,680.0,662.0,64.0,64.0,64.0,>32,pinned_oblique,center,none,none,bg_001.jpg,315.0,3,0.9096319675445557,0.9523219204498593,True,True,True,0.9944343566894531,0.49901612532123824,True,1,0.9096319675445557,0.9523219204498593,1,2,0,0.5,5,
1415,images/s7_near_field_0064_24.jpg,fixed_core_test,SYNTHETIC_3D,ok,outputs/shuttle_capability/controlled_capability/images/s7_near_field_0064_24.jpg,64,64,648,630,616.0,598.0,680.0,662.0,64.0,64.0,64.0,>32,pinned_oblique,center,none,none,bg_001.jpg,315.0,2,0.9001859426498413,0.9349552169516805,True,True,True,0.99884033203125,0.7297012662712173,True,1,0.9001859426498413,0.9349552169516805,1,1,0,0.5,5,
1416,images/s7_near_field_0064_25.jpg,fixed_core_test,SYNTHETIC_3D,ok,outputs/shuttle_capability/controlled_capability/images/s7_near_field_0064_25.jpg,64,64,648,630,616.0,598.0,680.0,662.0,64.0,64.0,64.0,>32,pinned_oblique,center,none,none,bg_001.jpg,315.0,3,0.8749323487281799,0.9088872919174941,True,True,True,1.0,0.4783544930846452,True,1,0.8749323487281799,0.9088872919174941,1,2,0,0.5,5,
1417,images/s7_near_field_0064_26.jpg,fixed_core_test,SYNTHETIC_3D,ok,outputs/shuttle_capability/controlled_capability/images/s7_near_field_0064_26.jpg,64,64,648,630,616.0,598.0,680.0,662.0,64.0,64.0,64.0,>32,pinned_oblique,center,none,none,bg_001.jpg,315.0,3,0.8797221183776855,0.9468001353925825,True,True,True,0.9996166229248047,1.1063049308156299,True,1,0.8797221183776855,0.9468001353925825,1,2,0,0.5,5,
1418,images/s7_near_field_0064_27.jpg,fixed_core_test,SYNTHETIC_3D,ok,outputs/shuttle_capability/controlled_capability/images/s7_near_field_0064_27.jpg,64,64,648,630,616.0,598.0,680.0,662.0,64.0,64.0,64.0,>32,pinned_oblique,center,none,none,bg_001.jpg,315.0,3,0.9413864612579346,0.9497841246127777,True,True,True,0.9853096008300781,1.1054523065779636,True,1,0.9413864612579346,0.9497841246127777,1,2,0,0.5,5,
1419,images/s7_near_field_0064_28.jpg,fixed_core_test,SYNTHETIC_3D,ok,outputs/shuttle_capability/controlled_capability/images/s7_near_field_0064_28.jpg,64,64,648,630,616.0,598.0,680.0,662.0,64.0,64.0,64.0,>32,pinned_oblique,center,none,none,bg_001.jpg,315.0,2,0.756427526473999,0.0,False,False,False,0.0,,False,,,0.0,0,2,1,0.5,5,
1420,images/s7_near_field_0064_29.jpg,fixed_core_test,SYNTHETIC_3D,ok,outputs/shuttle_capability/controlled_capability/images/s7_near_field_0064_29.jpg,64,64,648,630,616.0,598.0,680.0,662.0,64.0,64.0,64.0,>32,pinned_oblique,center,none,none,bg_001.jpg,315.0,2,0.9106812477111816,0.9688227709121211,True,True,True,0.9995861053466797,0.8441575178850622,True,1,0.9106812477111816,0.9688227709121211,1,1,0,0.5,5,
1421,images/s7_near_field_0064_30.jpg,fixed_core_test,SYNTHETIC_3D,ok,outputs/shuttle_capability/controlled_capability/images/s7_near_field_0064_30.jpg,64,64,648,630,616.0,598.0,680.0,662.0,64.0,64.0,64.0,>32,pinned_oblique,center,none,none,bg_001.jpg,315.0,2,0.9380741715431213,0.9200652143416719,True,True,True,1.0,0.5548514842367435,True,1,0.9380741715431213,0.9200652143416719,1,1,0,0.5,5,
1422,images/s7_near_field_0064_31.jpg,fixed_core_test,SYNTHETIC_3D,ok,outputs/shuttle_capability/controlled_capability/images/s7_near_field_0064_31.jpg,64,64,648,630,616.0,598.0,680.0,662.0,64.0,64.0,64.0,>32,pinned_oblique,center,none,none,bg_001.jpg,315.0,3,0.9235106110572815,0.9447107262749885,True,True,True,0.9997959136962891,0.42180938563664616,True,1,0.9235106110572815,0.9447107262749885,1,2,0,0.5,5,
1423,images/s7_near_field_0064_32.jpg,fixed_core_test,SYNTHETIC_3D,ok,outputs/shuttle_capability/controlled_capability/images/s7_near_field_0064_32.jpg,64,64,648,630,616.0,598.0,680.0,662.0,64.0,64.0,64.0,>32,pinned_oblique,center,none,none,bg_001.jpg,315.0,2,0.920019805431366,0.9445661812671732,True,True,True,1.0,1.5776634863398193,True,1,0.920019805431366,0.9445661812671732,1,1,0,0.5,5,
1424,images/s7_near_field_0064_33.jpg,fixed_core_test,SYNTHETIC_3D,ok,outputs/shuttle_capability/controlled_capability/images/s7_near_field_0064_33.jpg,64,64,648,630,616.0,598.0,680.0,662.0,64.0,64.0,64.0,>32,pinned_oblique,center,none,none,bg_001.jpg,315.0,3,0.8999925255775452,0.9422848960771312,True,True,True,0.9920063018798828,1.3766631030646288,True,1,0.8999925255775452,0.9422848960771312,1,2,0,0.5,5,
1425,images/s7_near_field_0064_34.jpg,fixed_core_test,SYNTHETIC_3D,ok,outputs/shuttle_capability/controlled_capability/images/s7_near_field_0064_34.jpg,64,64,648,630,616.0,598.0,680.0,662.0,64.0,64.0,64.0,>32,pinned_oblique,center,none,none,bg_001.jpg,315.0,4,0.816408097743988,0.0,False,True,True,1.0,4.165344007090858,True,4,0.05303027108311653,0.7948941867875284,1,3,0,0.5,5,
1426,images/s7_near_field_0064_35.jpg,fixed_core_test,SYNTHETIC_3D,ok,outputs/shuttle_capability/controlled_capability/images/s7_near_field_0064_35.jpg,64,64,648,630,616.0,598.0,680.0,662.0,64.0,64.0,64.0,>32,pinned_oblique,center,none,none,bg_001.jpg,315.0,3,0.8781683444976807,0.9164021867718525,True,True,True,0.9713525772094727,1.5760754150408776,True,1,0.8781683444976807,0.9164021867718525,1,2,0,0.5,5,
1427,images/s7_near_field_0064_36.jpg,fixed_core_test,SYNTHETIC_3D,ok,outputs/shuttle_capability/controlled_capability/images/s7_near_field_0064_36.jpg,64,64,648,630,616.0,598.0,680.0,662.0,64.0,64.0,64.0,>32,pinned_oblique,center,none,none,bg_001.jpg,315.0,2,0.9125003218650818,0.9260115741503765,True,True,True,1.0,1.301357538278238,True,1,0.9125003218650818,0.9260115741503765,1,1,0,0.5,5,
1428,images/s7_near_field_0064_37.jpg,fixed_core_test,SYNTHETIC_3D,ok,outputs/shuttle_capability/controlled_capability/images/s7_near_field_0064_37.jpg,64,64,648,630,616.0,598.0,680.0,662.0,64.0,64.0,64.0,>32,pinned_oblique,center,none,none,bg_001.jpg,315.0,3,0.892865002155304,0.9106886579661275,True,True,True,0.9994316101074219,2.456231140866327,True,1,0.892865002155304,0.9106886579661275,1,2,0,0.5,5,
1429,images/s7_near_field_0064_38.jpg,fixed_core_test,SYNTHETIC_3D,ok,outputs/shuttle_capability/controlled_capability/images/s7_near_field_0064_38.jpg,64,64,648,630,616.0,598.0,680.0,662.0,64.0,64.0,64.0,>32,pinned_oblique,center,none,none,bg_001.jpg,315.0,2,0.8714334964752197,0.9526979699536572,True,True,True,0.9974985122680664,0.8562079767370641,True,1,0.8714334964752197,0.9526979699536572,1,1,0,0.5,5,
1430,images/s7_near_field_0064_39.jpg,fixed_core_test,SYNTHETIC_3D,ok,outputs/shuttle_capability/controlled_capability/images/s7_near_field_0064_39.jpg,64,64,648,630,616.0,598.0,680.0,662.0,64.0,64.0,64.0,>32,pinned_oblique,center,none,none,bg_001.jpg,315.0,2,0.8885573744773865,0.921740113072381,True,True,True,0.9567586532430141,1.9639731159977762,True,1,0.8885573744773865,0.921740113072381,1,1,0,0.5,5,
1431,images/s7_near_field_0096_0.jpg,fixed_core_test,SYNTHETIC_3D,ok,outputs/shuttle_capability/controlled_capability/images/s7_near_field_0096_0.jpg,96,96,652,626,604.0,578.0,700.0,674.0,96.0,96.0,96.0,>32,pinned_oblique,center,none,none,bg_001.jpg,315.0,2,0.92917400598526,0.9555589247951808,True,True,True,0.9782975159970293,1.6976151715508063,True,1,0.92917400598526,0.9555589247951808,1,1,0,0.5,5,
1432,images/s7_near_field_0096_1.jpg,fixed_core_test,SYNTHETIC_3D,ok,outputs/shuttle_capability/controlled_capability/images/s7_near_field_0096_1.jpg,96,96,652,626,604.0,578.0,700.0,674.0,96.0,96.0,96.0,>32,pinned_oblique,center,none,none,bg_001.jpg,315.0,3,0.9267223477363586,0.9394572636702454,True,True,True,0.9851764554393109,2.6057532782808037,True,1,0.9267223477363586,0.9394572636702454,1,2,0,0.5,5,
1433,images/s7_near_field_0096_2.jpg,fixed_core_test,SYNTHETIC_3D,ok,outputs/shuttle_capability/controlled_capability/images/s7_near_field_0096_2.jpg,96,96,652,626,604.0,578.0,700.0,674.0,96.0,96.0,96.0,>32,pinned_oblique,center,none,none,bg_001.jpg,315.0,3,0.9449244141578674,0.9559700983504629,True,True,True,0.9903895060221354,1.0863106741630064,True,1,0.9449244141578674,0.9559700983504629,1,2,0,0.5,5,
1434,images/s7_near_field_0096_3.jpg,fixed_core_test,SYNTHETIC_3D,ok,outputs/shuttle_capability/controlled_capability/images/s7_near_field_0096_3.jpg,96,96,652,626,604.0,578.0,700.0,674.0,96.0,96.0,96.0,>32,pinned_oblique,center,none,none,bg_001.jpg,315.0,2,0.9369348287582397,0.9468142830487716,True,True,True,0.9908148447672526,0.7662978062527299,True,1,0.9369348287582397,0.9468142830487716,1,1,0,0.5,5,
1435,images/s7_near_field_0096_4.jpg,fixed_core_test,SYNTHETIC_3D,ok,outputs/shuttle_capability/controlled_capability/images/s7_near_field_0096_4.jpg,96,96,652,626,604.0,578.0,700.0,674.0,96.0,96.0,96.0,>32,pinned_oblique,center,none,none,bg_001.jpg,315.0,3,0.9353013038635254,0.9495797466889976,True,True,True,0.9644493939655755,1.4712760640123015,True,1,0.9353013038635254,0.9495797466889976,1,2,0,0.5,5,
1436,images/s7_near_field_0096_5.jpg,fixed_core_test,SYNTHETIC_3D,ok,outputs/shuttle_capability/controlled_capability/images/s7_near_field_0096_5.jpg,96,96,652,626,604.0,578.0,700.0,674.0,96.0,96.0,96.0,>32,pinned_oblique,center,none,none,bg_001.jpg,315.0,2,0.9319573640823364,0.9586514790604623,True,True,True,0.9787928263346354,0.2914804164808875,True,1,0.9319573640823364,0.9586514790604623,1,1,0,0.5,5,
1437,images/s7_near_field_0096_6.jpg,fixed_core_test,SYNTHETIC_3D,ok,outputs/shuttle_capability/controlled_capability/images/s7_near_field_0096_6.jpg,96,96,652,626,604.0,578.0,700.0,674.0,96.0,96.0,96.0,>32,pinned_oblique,center,none,none,bg_001.jpg,315.0,2,0.9269601106643677,0.9526330148137125,True,True,True,0.9591509931293937,1.479598365725411,True,1,0.9269601106643677,0.9526330148137125,1,1,0,0.5,5,
1438,images/s7_near_field_0096_7.jpg,fixed_core_test,SYNTHETIC_3D,ok,outputs/shuttle_capability/controlled_capability/images/s7_near_field_0096_7.jpg,96,96,652,626,604.0,578.0,700.0,674.0,96.0,96.0,96.0,>32,pinned_oblique,center,none,none,bg_001.jpg,315.0,2,0.9383686184883118,0.9642006584131175,True,True,True,0.9644749959309896,0.1496771322852884,True,1,0.9383686184883118,0.9642006584131175,1,1,0,0.5,5,
1439,images/s7_near_field_0096_8.jpg,fixed_core_test,SYNTHETIC_3D,ok,outputs/shuttle_capability/controlled_capability/images/s7_near_field_0096_8.jpg,96,96,652,626,604.0,578.0,700.0,674.0,96.0,96.0,96.0,>32,pinned_oblique,center,none,none,bg_001.jpg,315.0,2,0.92951500415802,0.9653990881013255,True,True,True,0.9866313934326172,1.423900495136829,True,1,0.92951500415802,0.9653990881013255,1,1,0,0.5,5,
1440,images/s7_near_field_0096_9.jpg,fixed_core_test,SYNTHETIC_3D,ok,outputs/shuttle_capability/controlled_capability/images/s7_near_field_0096_9.jpg,96,96,652,626,604.0,578.0,700.0,674.0,96.0,96.0,96.0,>32,pinned_oblique,center,none,none,bg_001.jpg,315.0,3,0.9385046362876892,0.944099044252696,True,True,True,0.9731137794976045,1.9367160768632803,True,1,0.9385046362876892,0.944099044252696,1,2,0,0.5,5,
1441,images/s7_near_field_0096_10.jpg,fixed_core_test,SYNTHETIC_3D,ok,outputs/shuttle_capability/controlled_capability/images/s7_near_field_0096_10.jpg,96,96,652,626,604.0,578.0,700.0,674.0,96.0,96.0,96.0,>32,pinned_oblique,center,none,none,bg_001.jpg,315.0,2,0.9354768395423889,0.9580910475411706,True,True,True,0.9882914225260416,0.9749090769750282,True,1,0.9354768395423889,0.9580910475411706,1,1,0,0.5,5,
1442,images/s7_near_field_0096_11.jpg,fixed_core_test,SYNTHETIC_3D,ok,outputs/shuttle_capability/controlled_capability/images/s7_near_field_0096_11.jpg,96,96,652,626,604.0,578.0,700.0,674.0,96.0,96.0,96.0,>32,pinned_oblique,center,none,none,bg_001.jpg,315.0,2,0.9282715320587158,0.9622573758594468,True,True,True,0.9871179658067477,1.5762507916421287,True,1,0.9282715320587158,0.9622573758594468,1,1,0,0.5,5,
1443,images/s7_near_field_0096_12.jpg,fixed_core_test,SYNTHETIC_3D,ok,outputs/shuttle_capability/controlled_capability/images/s7_near_field_0096_12.jpg,96,96,652,626,604.0,578.0,700.0,674.0,96.0,96.0,96.0,>32,pinned_oblique,center,none,none,bg_001.jpg,315.0,4,0.9366117715835571,0.9523824656665768,True,True,True,0.9704441489690604,1.8287505084344753,True,1,0.9366117715835571,0.9523824656665768,1,3,0,0.5,5,
1444,images/s7_near_field_0096_13.jpg,fixed_core_test,SYNTHETIC_3D,ok,outputs/shuttle_capability/controlled_capability/images/s7_near_field_0096_13.jpg,96,96,652,626,604.0,578.0,700.0,674.0,96.0,96.0,96.0,>32,pinned_oblique,center,none,none,bg_001.jpg,315.0,3,0.9319490790367126,0.957957989307409,True,True,True,0.994537353515625,0.6275429639745463,True,1,0.9319490790367126,0.957957989307409,1,2,0,0.5,5,
1445,images/s7_near_field_0096_14.jpg,fixed_core_test,SYNTHETIC_3D,ok,outputs/shuttle_capability/controlled_capability/images/s7_near_field_0096_14.jpg,96,96,652,626,604.0,578.0,700.0,674.0,96.0,96.0,96.0,>32,pinned_oblique,center,none,none,bg_001.jpg,315.0,2,0.9382874369621277,0.9546106767198042,True,True,True,0.9723548250112799,1.5866656957083758,True,1,0.9382874369621277,0.9546106767198042,1,1,0,0.5,5,
1446,images/s7_near_field_0096_15.jpg,fixed_core_test,SYNTHETIC_3D,ok,outputs/shuttle_capability/controlled_capability/images/s7_near_field_0096_15.jpg,96,96,652,626,604.0,578.0,700.0,674.0,96.0,96.0,96.0,>32,pinned_oblique,center,none,none,bg_001.jpg,315.0,2,0.9312514662742615,0.9623053963020267,True,True,True,0.9847030639648438,1.3759909981700678,True,1,0.9312514662742615,0.9623053963020267,1,1,0,0.5,5,
1447,images/s7_near_field_0096_16.jpg,fixed_core_test,SYNTHETIC_3D,ok,outputs/shuttle_capability/controlled_capability/images/s7_near_field_0096_16.jpg,96,96,652,626,604.0,578.0,700.0,674.0,96.0,96.0,96.0,>32,pinned_oblique,center,none,none,bg_001.jpg,315.0,2,0.9369022846221924,0.9609922984304395,True,True,True,0.991790771484375,1.080189683612792,True,1,0.9369022846221924,0.9609922984304395,1,1,0,0.5,5,
1448,images/s7_near_field_0096_17.jpg,fixed_core_test,SYNTHETIC_3D,ok,outputs/shuttle_capability/controlled_capability/images/s7_near_field_0096_17.jpg,96,96,652,626,604.0,578.0,700.0,674.0,96.0,96.0,96.0,>32,pinned_oblique,center,none,none,bg_001.jpg,315.0,3,0.9320226311683655,0.9484551101822793,True,True,True,0.9822483062744141,1.5320526289335739,True,1,0.9320226311683655,0.9484551101822793,1,2,0,0.5,5,
1449,images/s7_near_field_0096_18.jpg,fixed_core_test,SYNTHETIC_3D,ok,outputs/shuttle_capability/controlled_capability/images/s7_near_field_0096_18.jpg,96,96,652,626,604.0,578.0,700.0,674.0,96.0,96.0,96.0,>32,pinned_oblique,center,none,none,bg_001.jpg,315.0,3,0.935265839099884,0.9623364529323306,True,True,True,0.985911426208784,1.314066927944348,True,1,0.935265839099884,0.9623364529323306,1,2,0,0.5,5,
1450,images/s7_near_field_0096_19.jpg,fixed_core_test,SYNTHETIC_3D,ok,outputs/shuttle_capability/controlled_capability/images/s7_near_field_0096_19.jpg,96,96,652,626,604.0,578.0,700.0,674.0,96.0,96.0,96.0,>32,pinned_oblique,center,none,none,bg_001.jpg,315.0,3,0.9381330013275146,0.9493265829720051,True,True,True,0.9882481892903646,0.8127540961332194,True,1,0.9381330013275146,0.9493265829720051,1,2,0,0.5,5,
1451,images/s7_near_field_0096_20.jpg,fixed_core_test,SYNTHETIC_3D,ok,outputs/shuttle_capability/controlled_capability/images/s7_near_field_0096_20.jpg,96,96,652,626,604.0,578.0,700.0,674.0,96.0,96.0,96.0,>32,pinned_oblique,center,none,none,bg_001.jpg,315.0,4,0.9304695129394531,0.9516675678873108,True,True,True,0.9772688040765287,1.6201587198002985,True,1,0.9304695129394531,0.9516675678873108,1,3,0,0.5,5,
1452,images/s7_near_field_0096_21.jpg,fixed_core_test,SYNTHETIC_3D,ok,outputs/shuttle_capability/controlled_capability/images/s7_near_field_0096_21.jpg,96,96,652,626,604.0,578.0,700.0,674.0,96.0,96.0,96.0,>32,pinned_oblique,center,none,none,bg_001.jpg,315.0,2,0.9340435862541199,0.9518979824975107,True,True,True,0.9694700342515716,1.684251140267452,True,1,0.9340435862541199,0.9518979824975107,1,1,0,0.5,5,
1453,images/s7_near_field_0096_22.jpg,fixed_core_test,SYNTHETIC_3D,ok,outputs/shuttle_capability/controlled_capability/images/s7_near_field_0096_22.jpg,96,96,652,626,604.0,578.0,700.0,674.0,96.0,96.0,96.0,>32,pinned_oblique,center,none,none,bg_001.jpg,315.0,2,0.9408501982688904,0.9486862205030513,True,True,True,0.9581697259806484,1.805741803077632,True,1,0.9408501982688904,0.9486862205030513,1,1,0,0.5,5,
1454,images/s7_near_field_0096_23.jpg,fixed_core_test,SYNTHETIC_3D,ok,outputs/shuttle_capability/controlled_capability/images/s7_near_field_0096_23.jpg,96,96,652,626,604.0,578.0,700.0,674.0,96.0,96.0,96.0,>32,pinned_oblique,center,none,none,bg_001.jpg,315.0,3,0.9342623353004456,0.9886469679848165,True,True,True,0.9975257235055324,0.41409661494375144,True,1,0.9342623353004456,0.9886469679848165,1,2,0,0.5,5,
1455,images/s7_near_field_0096_24.jpg,fixed_core_test,SYNTHETIC_3D,ok,outputs/shuttle_capability/controlled_capability/images/s7_near_field_0096_24.jpg,96,96,652,626,604.0,578.0,700.0,674.0,96.0,96.0,96.0,>32,pinned_oblique,center,none,none,bg_001.jpg,315.0,2,0.9203100800514221,0.9661182807160136,True,True,True,0.9930277426610701,1.284506781516358,True,1,0.9203100800514221,0.9661182807160136,1,1,0,0.5,5,
1456,images/s7_near_field_0096_25.jpg,fixed_core_test,SYNTHETIC_3D,ok,outputs/shuttle_capability/controlled_capability/images/s7_near_field_0096_25.jpg,96,96,652,626,604.0,578.0,700.0,674.0,96.0,96.0,96.0,>32,pinned_oblique,center,none,none,bg_001.jpg,315.0,2,0.9285081624984741,0.9617700022301254,True,True,True,0.9915332794189453,1.175775375858474,True,1,0.9285081624984741,0.9617700022301254,1,1,0,0.5,5,
1457,images/s7_near_field_0096_26.jpg,fixed_core_test,SYNTHETIC_3D,ok,outputs/shuttle_capability/controlled_capability/images/s7_near_field_0096_26.jpg,96,96,652,626,604.0,578.0,700.0,674.0,96.0,96.0,96.0,>32,pinned_oblique,center,none,none,bg_001.jpg,315.0,2,0.9181292057037354,0.9310272698019448,True,True,True,0.9364303298474018,2.4684370904910797,True,1,0.9181292057037354,0.9310272698019448,1,1,0,0.5,5,
1458,images/s7_near_field_0096_27.jpg,fixed_core_test,SYNTHETIC_3D,ok,outputs/shuttle_capability/controlled_capability/images/s7_near_field_0096_27.jpg,96,96,652,626,604.0,578.0,700.0,674.0,96.0,96.0,96.0,>32,pinned_oblique,center,none,none,bg_001.jpg,315.0,3,0.942450761795044,0.9667905040358596,True,True,True,0.9976704915364584,0.6613419961122414,True,1,0.942450761795044,0.9667905040358596,1,2,0,0.5,5,
1459,images/s7_near_field_0096_28.jpg,fixed_core_test,SYNTHETIC_3D,ok,outputs/shuttle_capability/controlled_capability/images/s7_near_field_0096_28.jpg,96,96,652,626,604.0,578.0,700.0,674.0,96.0,96.0,96.0,>32,pinned_oblique,center,none,none,bg_001.jpg,315.0,4,0.8406408429145813,0.9063767481220362,True,True,True,0.9999858565457139,3.440560116706129,True,1,0.8406408429145813,0.9063767481220362,1,3,0,0.5,5,
1460,images/s7_near_field_0096_29.jpg,fixed_core_test,SYNTHETIC_3D,ok,outputs/shuttle_capability/controlled_capability/images/s7_near_field_0096_29.jpg,96,96,652,626,604.0,578.0,700.0,674.0,96.0,96.0,96.0,>32,pinned_oblique,center,none,none,bg_001.jpg,315.0,2,0.9338807463645935,0.9565251922214127,True,True,True,0.9863917032877604,0.9794883081391662,True,1,0.9338807463645935,0.9565251922214127,1,1,0,0.5,5,
1461,images/s7_near_field_0096_30.jpg,fixed_core_test,SYNTHETIC_3D,ok,outputs/shuttle_capability/controlled_capability/images/s7_near_field_0096_30.jpg,96,96,652,626,604.0,578.0,700.0,674.0,96.0,96.0,96.0,>32,pinned_oblique,center,none,none,bg_001.jpg,315.0,2,0.939294695854187,0.9627902672971127,True,True,True,0.99725341796875,1.0151302691571744,True,1,0.939294695854187,0.9627902672971127,1,1,0,0.5,5,
1462,images/s7_near_field_0096_31.jpg,fixed_core_test,SYNTHETIC_3D,ok,outputs/shuttle_capability/controlled_capability/images/s7_near_field_0096_31.jpg,96,96,652,626,604.0,578.0,700.0,674.0,96.0,96.0,96.0,>32,pinned_oblique,center,none,none,bg_001.jpg,315.0,2,0.9401641488075256,0.9559911735907611,True,True,True,0.9866059621175131,1.7859360569308134,True,1,0.9401641488075256,0.9559911735907611,1,1,0,0.5,5,
1463,images/s7_near_field_0096_32.jpg,fixed_core_test,SYNTHETIC_3D,ok,outputs/shuttle_capability/controlled_capability/images/s7_near_field_0096_32.jpg,96,96,652,626,604.0,578.0,700.0,674.0,96.0,96.0,96.0,>32,pinned_oblique,center,none,none,bg_001.jpg,315.0,2,0.9338783621788025,0.9667019174417314,True,True,True,0.9864857991536459,1.0029015913225048,True,1,0.9338783621788025,0.9667019174417314,1,1,0,0.5,5,
1464,images/s7_near_field_0096_33.jpg,fixed_core_test,SYNTHETIC_3D,ok,outputs/shuttle_capability/controlled_capability/images/s7_near_field_0096_33.jpg,96,96,652,626,604.0,578.0,700.0,674.0,96.0,96.0,96.0,>32,pinned_oblique,center,none,none,bg_001.jpg,315.0,3,0.9269049167633057,0.9536594465141794,True,True,True,0.9741303485869948,1.6721924152936503,True,1,0.9269049167633057,0.9536594465141794,1,2,0,0.5,5,
1465,images/s7_near_field_0096_34.jpg,fixed_core_test,SYNTHETIC_3D,ok,outputs/shuttle_capability/controlled_capability/images/s7_near_field_0096_34.jpg,96,96,652,626,604.0,578.0,700.0,674.0,96.0,96.0,96.0,>32,pinned_oblique,center,none,none,bg_001.jpg,315.0,4,0.8204222321510315,0.0,False,True,True,1.0,2.524421887413308,True,3,0.6764819622039795,0.8902409304590644,1,3,0,0.5,5,
1466,images/s7_near_field_0096_35.jpg,fixed_core_test,SYNTHETIC_3D,ok,outputs/shuttle_capability/controlled_capability/images/s7_near_field_0096_35.jpg,96,96,652,626,604.0,578.0,700.0,674.0,96.0,96.0,96.0,>32,pinned_oblique,center,none,none,bg_001.jpg,315.0,3,0.9331700205802917,0.9717823570552291,True,True,True,0.981146494547526,1.221048316976779,True,1,0.9331700205802917,0.9717823570552291,1,2,0,0.5,5,
1467,images/s7_near_field_0096_36.jpg,fixed_core_test,SYNTHETIC_3D,ok,outputs/shuttle_capability/controlled_capability/images/s7_near_field_0096_36.jpg,96,96,652,626,604.0,578.0,700.0,674.0,96.0,96.0,96.0,>32,pinned_oblique,center,none,none,bg_001.jpg,315.0,2,0.9261656999588013,0.9655904673336698,True,True,True,0.9800222634156752,1.2194812870115816,True,1,0.9261656999588013,0.9655904673336698,1,1,0,0.5,5,
1468,images/s7_near_field_0096_37.jpg,fixed_core_test,SYNTHETIC_3D,ok,outputs/shuttle_capability/controlled_capability/images/s7_near_field_0096_37.jpg,96,96,652,626,604.0,578.0,700.0,674.0,96.0,96.0,96.0,>32,pinned_oblique,center,none,none,bg_001.jpg,315.0,3,0.931003212928772,0.9772449740943377,True,True,True,0.9860308747576911,0.6020209095421053,True,1,0.931003212928772,0.9772449740943377,1,2,0,0.5,5,
1469,images/s7_near_field_0096_38.jpg,fixed_core_test,SYNTHETIC_3D,ok,outputs/shuttle_capability/controlled_capability/images/s7_near_field_0096_38.jpg,96,96,652,626,604.0,578.0,700.0,674.0,96.0,96.0,96.0,>32,pinned_oblique,center,none,none,bg_001.jpg,315.0,2,0.9309298396110535,0.9673883032195989,True,True,True,0.9744431129931601,0.9396004610851234,True,1,0.9309298396110535,0.9673883032195989,1,1,0,0.5,5,
1470,images/s7_near_field_0096_39.jpg,fixed_core_test,SYNTHETIC_3D,ok,outputs/shuttle_capability/controlled_capability/images/s7_near_field_0096_39.jpg,96,96,652,626,604.0,578.0,700.0,674.0,96.0,96.0,96.0,>32,pinned_oblique,center,none,none,bg_001.jpg,315.0,2,0.9266935586929321,0.954498483032992,True,True,True,0.9579809077291025,1.1124112259881334,True,1,0.9266935586929321,0.954498483032992,1,1,0,0.5,5,
1471,images/s7_near_field_0128_0.jpg,fixed_core_test,SYNTHETIC_3D,ok,outputs/shuttle_capability/controlled_capability/images/s7_near_field_0128_0.jpg,127,128,657,622,593.5,558.0,720.5,686.0,127.0,128.0,127.499,>32,pinned_oblique,center,none,none,bg_001.jpg,315.0,2,0.9128379225730896,0.9339683489270039,True,True,True,0.9707271545890748,1.8299610014965595,True,1,0.9128379225730896,0.9339683489270039,1,1,0,0.5,5,
1472,images/s7_near_field_0128_1.jpg,fixed_core_test,SYNTHETIC_3D,ok,outputs/shuttle_capability/controlled_capability/images/s7_near_field_0128_1.jpg,127,128,657,622,593.5,558.0,720.5,686.0,127.0,128.0,127.499,>32,pinned_oblique,center,none,none,bg_001.jpg,315.0,3,0.9065402746200562,0.9362539362613101,True,True,True,0.9655366571607273,3.22003462303766,True,1,0.9065402746200562,0.9362539362613101,1,2,0,0.5,5,
1473,images/s7_near_field_0128_2.jpg,fixed_core_test,SYNTHETIC_3D,ok,outputs/shuttle_capability/controlled_capability/images/s7_near_field_0128_2.jpg,127,128,657,622,593.5,558.0,720.5,686.0,127.0,128.0,127.499,>32,pinned_oblique,center,none,none,bg_001.jpg,315.0,3,0.9093159437179565,0.9370672720801391,True,True,True,0.9735789605545606,2.9712419497752394,True,1,0.9093159437179565,0.9370672720801391,1,2,0,0.5,5,
1474,images/s7_near_field_0128_3.jpg,fixed_core_test,SYNTHETIC_3D,ok,outputs/shuttle_capability/controlled_capability/images/s7_near_field_0128_3.jpg,127,128,657,622,593.5,558.0,720.5,686.0,127.0,128.0,127.499,>32,pinned_oblique,center,none,none,bg_001.jpg,315.0,2,0.9163655042648315,0.9381597049285127,True,True,True,0.9800246831938977,1.5485850284097187,True,1,0.9163655042648315,0.9381597049285127,1,1,0,0.5,5,
1475,images/s7_near_field_0128_4.jpg,fixed_core_test,SYNTHETIC_3D,ok,outputs/shuttle_capability/controlled_capability/images/s7_near_field_0128_4.jpg,127,128,657,622,593.5,558.0,720.5,686.0,127.0,128.0,127.499,>32,pinned_oblique,center,none,none,bg_001.jpg,315.0,3,0.9222026467323303,0.9231094361471185,True,True,True,0.9788337767593503,3.793824784317128,True,1,0.9222026467323303,0.9231094361471185,1,2,0,0.5,5,
1476,images/s7_near_field_0128_5.jpg,fixed_core_test,SYNTHETIC_3D,ok,outputs/shuttle_capability/controlled_capability/images/s7_near_field_0128_5.jpg,127,128,657,622,593.5,558.0,720.5,686.0,127.0,128.0,127.499,>32,pinned_oblique,center,none,none,bg_001.jpg,315.0,2,0.9101969599723816,0.9491477667494447,True,True,True,0.9848306010088582,1.8850436633100323,True,1,0.9101969599723816,0.9491477667494447,1,1,0,0.5,5,
1477,images/s7_near_field_0128_6.jpg,fixed_core_test,SYNTHETIC_3D,ok,outputs/shuttle_capability/controlled_capability/images/s7_near_field_0128_6.jpg,127,128,657,622,593.5,558.0,720.5,686.0,127.0,128.0,127.499,>32,pinned_oblique,center,none,none,bg_001.jpg,315.0,2,0.8997379541397095,0.9446359333223165,True,True,True,0.970213882566437,1.909668530566748,True,1,0.8997379541397095,0.9446359333223165,1,1,0,0.5,5,
1478,images/s7_near_field_0128_7.jpg,fixed_core_test,SYNTHETIC_3D,ok,outputs/shuttle_capability/controlled_capability/images/s7_near_field_0128_7.jpg,127,128,657,622,593.5,558.0,720.5,686.0,127.0,128.0,127.499,>32,pinned_oblique,center,none,none,bg_001.jpg,315.0,2,0.9034612774848938,0.9606653477398827,True,True,True,0.9735666987867513,2.023409519223021,True,1,0.9034612774848938,0.9606653477398827,1,1,0,0.5,5,
1479,images/s7_near_field_0128_8.jpg,fixed_core_test,SYNTHETIC_3D,ok,outputs/shuttle_capability/controlled_capability/images/s7_near_field_0128_8.jpg,127,128,657,622,593.5,558.0,720.5,686.0,127.0,128.0,127.499,>32,pinned_oblique,center,none,none,bg_001.jpg,315.0,2,0.9117485284805298,0.9447421419073945,True,True,True,0.9841837244709646,1.0352993362429281,True,1,0.9117485284805298,0.9447421419073945,1,1,0,0.5,5,
1480,images/s7_near_field_0128_9.jpg,fixed_core_test,SYNTHETIC_3D,ok,outputs/shuttle_capability/controlled_capability/images/s7_near_field_0128_9.jpg,127,128,657,622,593.5,558.0,720.5,686.0,127.0,128.0,127.499,>32,pinned_oblique,center,none,none,bg_001.jpg,315.0,3,0.9153173565864563,0.949401997545994,True,True,True,0.9612839526898322,2.4335319303005325,True,1,0.9153173565864563,0.949401997545994,1,2,0,0.5,5,
1481,images/s7_near_field_0128_10.jpg,fixed_core_test,SYNTHETIC_3D,ok,outputs/shuttle_capability/controlled_capability/images/s7_near_field_0128_10.jpg,127,128,657,622,593.5,558.0,720.5,686.0,127.0,128.0,127.499,>32,pinned_oblique,center,none,none,bg_001.jpg,315.0,2,0.9163442850112915,0.9618251451209967,True,True,True,0.9745998817485002,1.8581059717358204,True,1,0.9163442850112915,0.9618251451209967,1,1,0,0.5,5,
1482,images/s7_near_field_0128_11.jpg,fixed_core_test,SYNTHETIC_3D,ok,outputs/shuttle_capability/controlled_capability/images/s7_near_field_0128_11.jpg,127,128,657,622,593.5,558.0,720.5,686.0,127.0,128.0,127.499,>32,pinned_oblique,center,none,none,bg_001.jpg,315.0,2,0.9167290329933167,0.9336599689625825,True,True,True,0.9763029804379921,2.27340954176763,True,1,0.9167290329933167,0.9336599689625825,1,1,0,0.5,5,
1483,images/s7_near_field_0128_12.jpg,fixed_core_test,SYNTHETIC_3D,ok,outputs/shuttle_capability/controlled_capability/images/s7_near_field_0128_12.jpg,127,128,657,622,593.5,558.0,720.5,686.0,127.0,128.0,127.499,>32,pinned_oblique,center,none,none,bg_001.jpg,315.0,3,0.9122248291969299,0.937913592240058,True,True,True,0.9674355478363302,3.1051352609754175,True,1,0.9122248291969299,0.937913592240058,1,2,0,0.5,5,
1484,images/s7_near_field_0128_13.jpg,fixed_core_test,SYNTHETIC_3D,ok,outputs/shuttle_capability/controlled_capability/images/s7_near_field_0128_13.jpg,127,128,657,622,593.5,558.0,720.5,686.0,127.0,128.0,127.499,>32,pinned_oblique,center,none,none,bg_001.jpg,315.0,3,0.9247927069664001,0.9185373058091486,True,True,True,0.9838107852485236,3.7838394819352312,True,1,0.9247927069664001,0.9185373058091486,1,2,0,0.5,5,
1485,images/s7_near_field_0128_14.jpg,fixed_core_test,SYNTHETIC_3D,ok,outputs/shuttle_capability/controlled_capability/images/s7_near_field_0128_14.jpg,127,128,657,622,593.5,558.0,720.5,686.0,127.0,128.0,127.499,>32,pinned_oblique,center,none,none,bg_001.jpg,315.0,2,0.9168883562088013,0.9578945772375418,True,True,True,0.9691257055438175,2.0703589128294078,True,1,0.9168883562088013,0.9578945772375418,1,1,0,0.5,5,
1486,images/s7_near_field_0128_15.jpg,fixed_core_test,SYNTHETIC_3D,ok,outputs/shuttle_capability/controlled_capability/images/s7_near_field_0128_15.jpg,127,128,657,622,593.5,558.0,720.5,686.0,127.0,128.0,127.499,>32,pinned_oblique,center,none,none,bg_001.jpg,315.0,2,0.9136814475059509,0.9405530768515857,True,True,True,0.9754917415108267,1.9723285818374225,True,1,0.9136814475059509,0.9405530768515857,1,1,0,0.5,5,
1487,images/s7_near_field_0128_16.jpg,fixed_core_test,SYNTHETIC_3D,ok,outputs/shuttle_capability/controlled_capability/images/s7_near_field_0128_16.jpg,127,128,657,622,593.5,558.0,720.5,686.0,127.0,128.0,127.499,>32,pinned_oblique,center,none,none,bg_001.jpg,315.0,2,0.9108085632324219,0.9668737318684303,True,True,True,0.9872393270177166,1.2611802844712579,True,1,0.9108085632324219,0.9668737318684303,1,1,0,0.5,5,
1488,images/s7_near_field_0128_17.jpg,fixed_core_test,SYNTHETIC_3D,ok,outputs/shuttle_capability/controlled_capability/images/s7_near_field_0128_17.jpg,127,128,657,622,593.5,558.0,720.5,686.0,127.0,128.0,127.499,>32,pinned_oblique,center,none,none,bg_001.jpg,315.0,2,0.91703861951828,0.952091302119295,True,True,True,0.9996924212598425,1.4748093728359981,True,1,0.91703861951828,0.952091302119295,1,1,0,0.5,5,
1489,images/s7_near_field_0128_18.jpg,fixed_core_test,SYNTHETIC_3D,ok,outputs/shuttle_capability/controlled_capability/images/s7_near_field_0128_18.jpg,127,128,657,622,593.5,558.0,720.5,686.0,127.0,128.0,127.499,>32,pinned_oblique,center,none,none,bg_001.jpg,315.0,3,0.9036672711372375,0.9468733089517233,True,True,True,0.9887266159057617,2.159208293226685,True,1,0.9036672711372375,0.9468733089517233,1,2,0,0.5,5,
1490,images/s7_near_field_0128_19.jpg,fixed_core_test,SYNTHETIC_3D,ok,outputs/shuttle_capability/controlled_capability/images/s7_near_field_0128_19.jpg,127,128,657,622,593.5,558.0,720.5,686.0,127.0,128.0,127.499,>32,pinned_oblique,center,none,none,bg_001.jpg,315.0,3,0.9189138412475586,0.9330505445665109,True,True,True,0.9806917445866141,2.2701199140731716,True,1,0.9189138412475586,0.9330505445665109,1,2,0,0.5,5,
1491,images/s7_near_field_0128_20.jpg,fixed_core_test,SYNTHETIC_3D,ok,outputs/shuttle_capability/controlled_capability/images/s7_near_field_0128_20.jpg,127,128,657,622,593.5,558.0,720.5,686.0,127.0,128.0,127.499,>32,pinned_oblique,center,none,none,bg_001.jpg,315.0,3,0.8582765460014343,0.9302699169117156,True,True,True,0.950409403226639,4.12414073845019,True,1,0.8582765460014343,0.9302699169117156,1,2,0,0.5,5,
1492,images/s7_near_field_0128_21.jpg,fixed_core_test,SYNTHETIC_3D,ok,outputs/shuttle_capability/controlled_capability/images/s7_near_field_0128_21.jpg,127,128,657,622,593.5,558.0,720.5,686.0,127.0,128.0,127.499,>32,pinned_oblique,center,none,none,bg_001.jpg,315.0,2,0.9157416224479675,0.94813663692751,True,True,True,0.959107088487445,2.404259193335847,True,1,0.9157416224479675,0.94813663692751,1,1,0,0.5,5,
1493,images/s7_near_field_0128_22.jpg,fixed_core_test,SYNTHETIC_3D,ok,outputs/shuttle_capability/controlled_capability/images/s7_near_field_0128_22.jpg,127,128,657,622,593.5,558.0,720.5,686.0,127.0,128.0,127.499,>32,pinned_oblique,center,none,none,bg_001.jpg,315.0,2,0.9138546586036682,0.9634855111312188,True,True,True,0.9839239120483398,1.1885488420760761,True,1,0.9138546586036682,0.9634855111312188,1,1,0,0.5,5,
1494,images/s7_near_field_0128_23.jpg,fixed_core_test,SYNTHETIC_3D,ok,outputs/shuttle_capability/controlled_capability/images/s7_near_field_0128_23.jpg,127,128,657,622,593.5,558.0,720.5,686.0,127.0,128.0,127.499,>32,pinned_oblique,center,none,none,bg_001.jpg,315.0,3,0.9095984697341919,0.955096837245327,True,True,True,0.9556267685953557,1.6430051885709835,True,1,0.9095984697341919,0.955096837245327,1,2,0,0.5,5,
1495,images/s7_near_field_0128_24.jpg,fixed_core_test,SYNTHETIC_3D,ok,outputs/shuttle_capability/controlled_capability/images/s7_near_field_0128_24.jpg,127,128,657,622,593.5,558.0,720.5,686.0,127.0,128.0,127.499,>32,pinned_oblique,center,none,none,bg_001.jpg,315.0,2,0.9124047160148621,0.965716272102551,True,True,True,0.9680185636384486,1.7097435382220856,True,1,0.9124047160148621,0.965716272102551,1,1,0,0.5,5,
1496,images/s7_near_field_0128_25.jpg,fixed_core_test,SYNTHETIC_3D,ok,outputs/shuttle_capability/controlled_capability/images/s7_near_field_0128_25.jpg,127,128,657,622,593.5,558.0,720.5,686.0,127.0,128.0,127.499,>32,pinned_oblique,center,none,none,bg_001.jpg,315.0,2,0.912746012210846,0.9446415980023883,True,True,True,0.9753500131874595,2.670130880556649,True,1,0.912746012210846,0.9446415980023883,1,1,0,0.5,5,
1497,images/s7_near_field_0128_26.jpg,fixed_core_test,SYNTHETIC_3D,ok,outputs/shuttle_capability/controlled_capability/images/s7_near_field_0128_26.jpg,127,128,657,622,593.5,558.0,720.5,686.0,127.0,128.0,127.499,>32,pinned_oblique,center,none,none,bg_001.jpg,315.0,2,0.9012791514396667,0.9397865327063786,True,True,True,0.9744009281523291,2.6295822551166017,True,1,0.9012791514396667,0.9397865327063786,1,1,0,0.5,5,
1498,images/s7_near_field_0128_27.jpg,fixed_core_test,SYNTHETIC_3D,ok,outputs/shuttle_capability/controlled_capability/images/s7_near_field_0128_27.jpg,127,128,657,622,593.5,558.0,720.5,686.0,127.0,128.0,127.499,>32,pinned_oblique,center,none,none,bg_001.jpg,315.0,3,0.9056666493415833,0.9537860310787167,True,True,True,0.9894742965698242,1.6932857732825934,True,1,0.9056666493415833,0.9537860310787167,1,2,0,0.5,5,
1499,images/s7_near_field_0128_28.jpg,fixed_core_test,SYNTHETIC_3D,ok,outputs/shuttle_capability/controlled_capability/images/s7_near_field_0128_28.jpg,127,128,657,622,593.5,558.0,720.5,686.0,127.0,128.0,127.499,>32,pinned_oblique,center,none,none,bg_001.jpg,315.0,3,0.836893618106842,0.4864431926091056,False,False,True,0.9864290492741141,,False,,,0.4864431926091056,0,3,1,0.5,5,
1500,images/s7_near_field_0128_29.jpg,fixed_core_test,SYNTHETIC_3D,ok,outputs/shuttle_capability/controlled_capability/images/s7_near_field_0128_29.jpg,127,128,657,622,593.5,558.0,720.5,686.0,127.0,128.0,127.499,>32,pinned_oblique,center,none,none,bg_001.jpg,315.0,2,0.9100139737129211,0.9494574263341448,True,True,True,0.9877550350612132,2.615291891113683,True,1,0.9100139737129211,0.9494574263341448,1,1,0,0.5,5,
1501,images/s7_near_field_0128_30.jpg,fixed_core_test,SYNTHETIC_3D,ok,outputs/shuttle_capability/controlled_capability/images/s7_near_field_0128_30.jpg,127,128,657,622,593.5,558.0,720.5,686.0,127.0,128.0,127.499,>32,pinned_oblique,center,none,none,bg_001.jpg,315.0,2,0.9160445928573608,0.9380269333338485,True,True,True,0.9703926627091536,1.1944986015832986,True,1,0.9160445928573608,0.9380269333338485,1,1,0,0.5,5,
1502,images/s7_near_field_0128_31.jpg,fixed_core_test,SYNTHETIC_3D,ok,outputs/shuttle_capability/controlled_capability/images/s7_near_field_0128_31.jpg,127,128,657,622,593.5,558.0,720.5,686.0,127.0,128.0,127.499,>32,pinned_oblique,center,none,none,bg_001.jpg,315.0,2,0.9218106865882874,0.9245345513681752,True,True,True,0.9872143362450787,3.726733439701515,True,1,0.9218106865882874,0.9245345513681752,1,1,0,0.5,5,
1503,images/s7_near_field_0128_32.jpg,fixed_core_test,SYNTHETIC_3D,ok,outputs/shuttle_capability/controlled_capability/images/s7_near_field_0128_32.jpg,127,128,657,622,593.5,558.0,720.5,686.0,127.0,128.0,127.499,>32,pinned_oblique,center,none,none,bg_001.jpg,315.0,2,0.9168446660041809,0.9612954971178035,True,True,True,0.9845047597810039,1.216072633903785,True,1,0.9168446660041809,0.9612954971178035,1,1,0,0.5,5,
1504,images/s7_near_field_0128_33.jpg,fixed_core_test,SYNTHETIC_3D,ok,outputs/shuttle_capability/controlled_capability/images/s7_near_field_0128_33.jpg,127,128,657,622,593.5,558.0,720.5,686.0,127.0,128.0,127.499,>32,pinned_oblique,center,none,none,bg_001.jpg,315.0,3,0.8504146337509155,0.9447521766710473,True,True,True,0.9718519514417422,3.344253023137091,True,1,0.8504146337509155,0.9447521766710473,1,2,0,0.5,5,
1505,images/s7_near_field_0128_34.jpg,fixed_core_test,SYNTHETIC_3D,ok,outputs/shuttle_capability/controlled_capability/images/s7_near_field_0128_34.jpg,127,128,657,622,593.5,558.0,720.5,686.0,127.0,128.0,127.499,>32,pinned_oblique,center,none,none,bg_001.jpg,315.0,3,0.8588685989379883,0.5825552230519153,True,True,True,1.0,28.288613382070224,True,1,0.8588685989379883,0.5825552230519153,1,2,0,0.5,5,
1506,images/s7_near_field_0128_35.jpg,fixed_core_test,SYNTHETIC_3D,ok,outputs/shuttle_capability/controlled_capability/images/s7_near_field_0128_35.jpg,127,128,657,622,593.5,558.0,720.5,686.0,127.0,128.0,127.499,>32,pinned_oblique,center,none,none,bg_001.jpg,315.0,3,0.9085811376571655,0.9613824437882865,True,True,True,0.9798111836975953,1.791878096355295,True,1,0.9085811376571655,0.9613824437882865,1,2,0,0.5,5,
1507,images/s7_near_field_0128_36.jpg,fixed_core_test,SYNTHETIC_3D,ok,outputs/shuttle_capability/controlled_capability/images/s7_near_field_0128_36.jpg,127,128,657,622,593.5,558.0,720.5,686.0,127.0,128.0,127.499,>32,pinned_oblique,center,none,none,bg_001.jpg,315.0,2,0.9126623272895813,0.9600916635144988,True,True,True,0.964650188353624,1.9919160545769607,True,1,0.9126623272895813,0.9600916635144988,1,1,0,0.5,5,
1508,images/s7_near_field_0128_37.jpg,fixed_core_test,SYNTHETIC_3D,ok,outputs/shuttle_capability/controlled_capability/images/s7_near_field_0128_37.jpg,127,128,657,622,593.5,558.0,720.5,686.0,127.0,128.0,127.499,>32,pinned_oblique,center,none,none,bg_001.jpg,315.0,3,0.9098165035247803,0.9431962121288722,True,True,True,0.9608721953182386,1.9909750633606074,True,1,0.9098165035247803,0.9431962121288722,1,2,0,0.5,5,
1509,images/s7_near_field_0128_38.jpg,fixed_core_test,SYNTHETIC_3D,ok,outputs/shuttle_capability/controlled_capability/images/s7_near_field_0128_38.jpg,127,128,657,622,593.5,558.0,720.5,686.0,127.0,128.0,127.499,>32,pinned_oblique,center,none,none,bg_001.jpg,315.0,2,0.9231880307197571,0.9063778700159788,True,True,True,0.9687615342027559,3.2829250261030314,True,1,0.9231880307197571,0.9063778700159788,1,1,0,0.5,5,
1510,images/s7_near_field_0128_39.jpg,fixed_core_test,SYNTHETIC_3D,ok,outputs/shuttle_capability/controlled_capability/images/s7_near_field_0128_39.jpg,127,128,657,622,593.5,558.0,720.5,686.0,127.0,128.0,127.499,>32,pinned_oblique,center,none,none,bg_001.jpg,315.0,2,0.9079272747039795,0.9577935293160063,True,True,True,0.9669697576818445,1.8725169598701998,True,1,0.9079272747039795,0.9577935293160063,1,1,0,0.5,5,
1511,images/s7_near_field_0192_0.jpg,fixed_core_test,SYNTHETIC_3D,ok,outputs/shuttle_capability/controlled_capability/images/s7_near_field_0192_0.jpg,192,192,665,613,569.0,517.0,761.0,709.0,192.0,192.0,192.0,>32,pinned_oblique,center,none,none,bg_001.jpg,315.0,2,0.9524233937263489,0.970487278666182,True,True,True,0.9832515330926981,2.078635024104206,True,1,0.9524233937263489,0.970487278666182,1,1,0,0.5,5,
1512,images/s7_near_field_0192_1.jpg,fixed_core_test,SYNTHETIC_3D,ok,outputs/shuttle_capability/controlled_capability/images/s7_near_field_0192_1.jpg,192,192,665,613,569.0,517.0,761.0,709.0,192.0,192.0,192.0,>32,pinned_oblique,center,none,none,bg_001.jpg,315.0,3,0.9379409551620483,0.9797918565615668,True,True,True,0.9892474011806675,1.6890287406504825,True,1,0.9379409551620483,0.9797918565615668,1,2,0,0.5,5,
1513,images/s7_near_field_0192_2.jpg,fixed_core_test,SYNTHETIC_3D,ok,outputs/shuttle_capability/controlled_capability/images/s7_near_field_0192_2.jpg,192,192,665,613,569.0,517.0,761.0,709.0,192.0,192.0,192.0,>32,pinned_oblique,center,none,none,bg_001.jpg,315.0,3,0.9398667812347412,0.9636454532892217,True,True,True,0.9828545450998516,2.630057540511588,True,1,0.9398667812347412,0.9636454532892217,1,2,0,0.5,5,
1514,images/s7_near_field_0192_3.jpg,fixed_core_test,SYNTHETIC_3D,ok,outputs/shuttle_capability/controlled_capability/images/s7_near_field_0192_3.jpg,192,192,665,613,569.0,517.0,761.0,709.0,192.0,192.0,192.0,>32,pinned_oblique,center,none,none,bg_001.jpg,315.0,2,0.9535146355628967,0.9581794252317768,True,True,True,0.9663584423348462,2.5061736954098808,True,1,0.9535146355628967,0.9581794252317768,1,1,0,0.5,5,
1515,images/s7_near_field_0192_4.jpg,fixed_core_test,SYNTHETIC_3D,ok,outputs/shuttle_capability/controlled_capability/images/s7_near_field_0192_4.jpg,192,192,665,613,569.0,517.0,761.0,709.0,192.0,192.0,192.0,>32,pinned_oblique,center,none,none,bg_001.jpg,315.0,3,0.9554324150085449,0.9731527570163082,True,True,True,0.974291337373466,0.8516393176262016,True,1,0.9554324150085449,0.9731527570163082,1,2,0,0.5,5,
1516,images/s7_near_field_0192_5.jpg,fixed_core_test,SYNTHETIC_3D,ok,outputs/shuttle_capability/controlled_capability/images/s7_near_field_0192_5.jpg,192,192,665,613,569.0,517.0,761.0,709.0,192.0,192.0,192.0,>32,pinned_oblique,center,none,none,bg_001.jpg,315.0,2,0.952341616153717,0.9718509145548183,True,True,True,0.9733070951592203,1.0324578653125114,True,1,0.952341616153717,0.9718509145548183,1,1,0,0.5,5,
1517,images/s7_near_field_0192_6.jpg,fixed_core_test,SYNTHETIC_3D,ok,outputs/shuttle_capability/controlled_capability/images/s7_near_field_0192_6.jpg,192,192,665,613,569.0,517.0,761.0,709.0,192.0,192.0,192.0,>32,pinned_oblique,center,none,none,bg_001.jpg,315.0,2,0.950623631477356,0.9667450477879946,True,True,True,0.9735989063386418,1.3199539657083077,True,1,0.950623631477356,0.9667450477879946,1,1,0,0.5,5,
1518,images/s7_near_field_0192_7.jpg,fixed_core_test,SYNTHETIC_3D,ok,outputs/shuttle_capability/controlled_capability/images/s7_near_field_0192_7.jpg,192,192,665,613,569.0,517.0,761.0,709.0,192.0,192.0,192.0,>32,pinned_oblique,center,none,none,bg_001.jpg,315.0,2,0.9540248513221741,0.9783816440342161,True,True,True,0.9814909739523299,1.4931659236918813,True,1,0.9540248513221741,0.9783816440342161,1,1,0,0.5,5,
1519,images/s7_near_field_0192_8.jpg,fixed_core_test,SYNTHETIC_3D,ok,outputs/shuttle_capability/controlled_capability/images/s7_near_field_0192_8.jpg,192,192,665,613,569.0,517.0,761.0,709.0,192.0,192.0,192.0,>32,pinned_oblique,center,none,none,bg_001.jpg,315.0,2,0.9514542818069458,0.9711474439977287,True,True,True,0.9711474439977287,1.0152213193018005,True,1,0.9514542818069458,0.9711474439977287,1,1,0,0.5,5,
1520,images/s7_near_field_0192_9.jpg,fixed_core_test,SYNTHETIC_3D,ok,outputs/shuttle_capability/controlled_capability/images/s7_near_field_0192_9.jpg,192,192,665,613,569.0,517.0,761.0,709.0,192.0,192.0,192.0,>32,pinned_oblique,center,none,none,bg_001.jpg,315.0,3,0.9544681906700134,0.9777425368628655,True,True,True,0.9855241032726352,1.5321063401155843,True,1,0.9544681906700134,0.9777425368628655,1,2,0,0.5,5,
1521,images/s7_near_field_0192_10.jpg,fixed_core_test,SYNTHETIC_3D,ok,outputs/shuttle_capability/controlled_capability/images/s7_near_field_0192_10.jpg,192,192,665,613,569.0,517.0,761.0,709.0,192.0,192.0,192.0,>32,pinned_oblique,center,none,none,bg_001.jpg,315.0,2,0.95346999168396,0.9719251026819601,True,True,True,0.9771527346488761,1.6895645237176304,True,1,0.95346999168396,0.9719251026819601,1,1,0,0.5,5,
1522,images/s7_near_field_0192_11.jpg,fixed_core_test,SYNTHETIC_3D,ok,outputs/shuttle_capability/controlled_capability/images/s7_near_field_0192_11.jpg,192,192,665,613,569.0,517.0,761.0,709.0,192.0,192.0,192.0,>32,pinned_oblique,center,none,none,bg_001.jpg,315.0,2,0.9515068531036377,0.9656354575623405,True,True,True,0.9787382542223592,2.4548826124628396,True,1,0.9515068531036377,0.9656354575623405,1,1,0,0.5,5,
1523,images/s7_near_field_0192_12.jpg,fixed_core_test,SYNTHETIC_3D,ok,outputs/shuttle_capability/controlled_capability/images/s7_near_field_0192_12.jpg,192,192,665,613,569.0,517.0,761.0,709.0,192.0,192.0,192.0,>32,pinned_oblique,center,none,none,bg_001.jpg,315.0,3,0.9425353407859802,0.9797124724563074,True,True,True,0.9914816725843897,1.4542875049339414,True,1,0.9425353407859802,0.9797124724563074,1,2,0,0.5,5,
1524,images/s7_near_field_0192_13.jpg,fixed_core_test,SYNTHETIC_3D,ok,outputs/shuttle_capability/controlled_capability/images/s7_near_field_0192_13.jpg,192,192,665,613,569.0,517.0,761.0,709.0,192.0,192.0,192.0,>32,pinned_oblique,center,none,none,bg_001.jpg,315.0,3,0.952174723148346,0.9676127268003386,True,True,True,0.9713939080029377,1.9769114687604359,True,1,0.952174723148346,0.9676127268003386,1,2,0,0.5,5,
1525,images/s7_near_field_0192_14.jpg,fixed_core_test,SYNTHETIC_3D,ok,outputs/shuttle_capability/controlled_capability/images/s7_near_field_0192_14.jpg,192,192,665,613,569.0,517.0,761.0,709.0,192.0,192.0,192.0,>32,pinned_oblique,center,none,none,bg_001.jpg,315.0,3,0.9539886116981506,0.9828931719635963,True,True,True,0.9906749445104247,1.4350407090813504,True,1,0.9539886116981506,0.9828931719635963,1,2,0,0.5,5,
1526,images/s7_near_field_0192_15.jpg,fixed_core_test,SYNTHETIC_3D,ok,outputs/shuttle_capability/controlled_capability/images/s7_near_field_0192_15.jpg,192,192,665,613,569.0,517.0,761.0,709.0,192.0,192.0,192.0,>32,pinned_oblique,center,none,none,bg_001.jpg,315.0,2,0.9481312036514282,0.969706225868849,True,True,True,0.9838587443033854,1.5381031483489576,True,1,0.9481312036514282,0.969706225868849,1,1,0,0.5,5,
1527,images/s7_near_field_0192_16.jpg,fixed_core_test,SYNTHETIC_3D,ok,outputs/shuttle_capability/controlled_capability/images/s7_near_field_0192_16.jpg,192,192,665,613,569.0,517.0,761.0,709.0,192.0,192.0,192.0,>32,pinned_oblique,center,none,none,bg_001.jpg,315.0,2,0.951257586479187,0.9741437053104036,True,True,True,0.9779126722221716,0.6455433730402422,True,1,0.951257586479187,0.9741437053104036,1,1,0,0.5,5,
1528,images/s7_near_field_0192_17.jpg,fixed_core_test,SYNTHETIC_3D,ok,outputs/shuttle_capability/controlled_capability/images/s7_near_field_0192_17.jpg,192,192,665,613,569.0,517.0,761.0,709.0,192.0,192.0,192.0,>32,pinned_oblique,center,none,none,bg_001.jpg,315.0,2,0.9519554972648621,0.9809543527059802,True,True,True,0.9939549763997396,0.8430014398014991,True,1,0.9519554972648621,0.9809543527059802,1,1,0,0.5,5,
1529,images/s7_near_field_0192_18.jpg,fixed_core_test,SYNTHETIC_3D,ok,outputs/shuttle_capability/controlled_capability/images/s7_near_field_0192_18.jpg,192,192,665,613,569.0,517.0,761.0,709.0,192.0,192.0,192.0,>32,pinned_oblique,center,none,none,bg_001.jpg,315.0,3,0.9413554072380066,0.96340642918559,True,True,True,0.9736865022302178,2.0874624080828026,True,1,0.9413554072380066,0.96340642918559,1,2,0,0.5,5,
1530,images/s7_near_field_0192_19.jpg,fixed_core_test,SYNTHETIC_3D,ok,outputs/shuttle_capability/controlled_capability/images/s7_near_field_0192_19.jpg,192,192,665,613,569.0,517.0,761.0,709.0,192.0,192.0,192.0,>32,pinned_oblique,center,none,none,bg_001.jpg,315.0,3,0.9538008570671082,0.9611564227565651,True,True,True,0.9646183469408748,2.003585975737201,True,1,0.9538008570671082,0.9611564227565651,1,2,0,0.5,5,
1531,images/s7_near_field_0192_20.jpg,fixed_core_test,SYNTHETIC_3D,ok,outputs/shuttle_capability/controlled_capability/images/s7_near_field_0192_20.jpg,192,192,665,613,569.0,517.0,761.0,709.0,192.0,192.0,192.0,>32,pinned_oblique,center,none,none,bg_001.jpg,315.0,4,0.9042834639549255,0.9325167711374687,True,True,True,0.9861577351888021,2.3364464514763723,True,1,0.9042834639549255,0.9325167711374687,1,3,0,0.5,5,
1532,images/s7_near_field_0192_21.jpg,fixed_core_test,SYNTHETIC_3D,ok,outputs/shuttle_capability/controlled_capability/images/s7_near_field_0192_21.jpg,192,192,665,613,569.0,517.0,761.0,709.0,192.0,192.0,192.0,>32,pinned_oblique,center,none,none,bg_001.jpg,315.0,2,0.954652726650238,0.96745066114171,True,True,True,0.96745066114171,0.3931087115723521,True,1,0.954652726650238,0.96745066114171,1,1,0,0.5,5,
1533,images/s7_near_field_0192_22.jpg,fixed_core_test,SYNTHETIC_3D,ok,outputs/shuttle_capability/controlled_capability/images/s7_near_field_0192_22.jpg,192,192,665,613,569.0,517.0,761.0,709.0,192.0,192.0,192.0,>32,pinned_oblique,center,none,none,bg_001.jpg,315.0,2,0.9526371359825134,0.983336701663546,True,True,True,0.9862368115868271,1.11354667611448,True,1,0.9526371359825134,0.983336701663546,1,1,0,0.5,5,
1534,images/s7_near_field_0192_23.jpg,fixed_core_test,SYNTHETIC_3D,ok,outputs/shuttle_capability/controlled_capability/images/s7_near_field_0192_23.jpg,192,192,665,613,569.0,517.0,761.0,709.0,192.0,192.0,192.0,>32,pinned_oblique,center,none,none,bg_001.jpg,315.0,2,0.9557206630706787,0.9799106407977843,True,True,True,0.9880161285400391,0.9743841442317712,True,1,0.9557206630706787,0.9799106407977843,1,1,0,0.5,5,
1535,images/s7_near_field_0192_24.jpg,fixed_core_test,SYNTHETIC_3D,ok,outputs/shuttle_capability/controlled_capability/images/s7_near_field_0192_24.jpg,192,192,665,613,569.0,517.0,761.0,709.0,192.0,192.0,192.0,>32,pinned_oblique,center,none,none,bg_001.jpg,315.0,2,0.9519637227058411,0.9662504949988538,True,True,True,0.9662504949988538,1.4552550137932667,True,1,0.9519637227058411,0.9662504949988538,1,1,0,0.5,5,
1536,images/s7_near_field_0192_25.jpg,fixed_core_test,SYNTHETIC_3D,ok,outputs/shuttle_capability/controlled_capability/images/s7_near_field_0192_25.jpg,192,192,665,613,569.0,517.0,761.0,709.0,192.0,192.0,192.0,>32,pinned_oblique,center,none,none,bg_001.jpg,315.0,2,0.9504844546318054,0.9706075389511355,True,True,True,0.9853233035351473,2.0334010435546968,True,1,0.9504844546318054,0.9706075389511355,1,1,0,0.5,5,
1537,images/s7_near_field_0192_26.jpg,fixed_core_test,SYNTHETIC_3D,ok,outputs/shuttle_capability/controlled_capability/images/s7_near_field_0192_26.jpg,192,192,665,613,569.0,517.0,761.0,709.0,192.0,192.0,192.0,>32,pinned_oblique,center,none,none,bg_001.jpg,315.0,2,0.9514538645744324,0.9735573058265129,True,True,True,0.981055305221768,1.4061231688418772,True,1,0.9514538645744324,0.9735573058265129,1,1,0,0.5,5,
1538,images/s7_near_field_0192_27.jpg,fixed_core_test,SYNTHETIC_3D,ok,outputs/shuttle_capability/controlled_capability/images/s7_near_field_0192_27.jpg,192,192,665,613,569.0,517.0,761.0,709.0,192.0,192.0,192.0,>32,pinned_oblique,center,none,none,bg_001.jpg,315.0,3,0.9440096020698547,0.9608775838091863,True,True,True,0.9701755661582057,2.2989149992804903,True,1,0.9440096020698547,0.9608775838091863,1,2,0,0.5,5,
1539,images/s7_near_field_0192_28.jpg,fixed_core_test,SYNTHETIC_3D,ok,outputs/shuttle_capability/controlled_capability/images/s7_near_field_0192_28.jpg,192,192,665,613,569.0,517.0,761.0,709.0,192.0,192.0,192.0,>32,pinned_oblique,center,none,none,bg_001.jpg,315.0,3,0.9367270469665527,0.9522144149705574,True,True,True,0.9835542043050131,2.167728463165298,True,1,0.9367270469665527,0.9522144149705574,1,2,0,0.5,5,
1540,images/s7_near_field_0192_29.jpg,fixed_core_test,SYNTHETIC_3D,ok,outputs/shuttle_capability/controlled_capability/images/s7_near_field_0192_29.jpg,192,192,665,613,569.0,517.0,761.0,709.0,192.0,192.0,192.0,>32,pinned_oblique,center,none,none,bg_001.jpg,315.0,2,0.9530686140060425,0.9879679252605451,True,True,True,0.9942542524954155,0.9556685496898706,True,1,0.9530686140060425,0.9879679252605451,1,1,0,0.5,5,
1541,images/s7_near_field_0192_30.jpg,fixed_core_test,SYNTHETIC_3D,ok,outputs/shuttle_capability/controlled_capability/images/s7_near_field_0192_30.jpg,192,192,665,613,569.0,517.0,761.0,709.0,192.0,192.0,192.0,>32,pinned_oblique,center,none,none,bg_001.jpg,315.0,2,0.9528200626373291,0.9677634071226586,True,True,True,0.970876862629666,2.2013063068177137,True,1,0.9528200626373291,0.9677634071226586,1,1,0,0.5,5,
1542,images/s7_near_field_0192_31.jpg,fixed_core_test,SYNTHETIC_3D,ok,outputs/shuttle_capability/controlled_capability/images/s7_near_field_0192_31.jpg,192,192,665,613,569.0,517.0,761.0,709.0,192.0,192.0,192.0,>32,pinned_oblique,center,none,none,bg_001.jpg,315.0,2,0.9481537342071533,0.9643765514066243,True,True,True,0.9677502952658364,1.7361844092366665,True,1,0.9481537342071533,0.9643765514066243,1,1,0,0.5,5,
1543,images/s7_near_field_0192_32.jpg,fixed_core_test,SYNTHETIC_3D,ok,outputs/shuttle_capability/controlled_capability/images/s7_near_field_0192_32.jpg,192,192,665,613,569.0,517.0,761.0,709.0,192.0,192.0,192.0,>32,pinned_oblique,center,none,none,bg_001.jpg,315.0,2,0.9527509212493896,0.9600871186199259,True,True,True,0.9652839732395174,2.8501791564153094,True,1,0.9527509212493896,0.9600871186199259,1,1,0,0.5,5,
1544,images/s7_near_field_0192_33.jpg,fixed_core_test,SYNTHETIC_3D,ok,outputs/shuttle_capability/controlled_capability/images/s7_near_field_0192_33.jpg,192,192,665,613,569.0,517.0,761.0,709.0,192.0,192.0,192.0,>32,pinned_oblique,center,none,none,bg_001.jpg,315.0,3,0.9155707955360413,0.8137916851120842,True,True,True,0.9600638289242246,19.028573555517816,True,1,0.9155707955360413,0.8137916851120842,1,2,0,0.5,5,
1545,images/s7_near_field_0192_34.jpg,fixed_core_test,SYNTHETIC_3D,ok,outputs/shuttle_capability/controlled_capability/images/s7_near_field_0192_34.jpg,192,192,665,613,569.0,517.0,761.0,709.0,192.0,192.0,192.0,>32,pinned_oblique,center,none,none,bg_001.jpg,315.0,3,0.944822371006012,0.9750409760836437,True,True,True,0.9867884511495504,1.727464415520831,True,1,0.944822371006012,0.9750409760836437,1,2,0,0.5,5,
1546,images/s7_near_field_0192_35.jpg,fixed_core_test,SYNTHETIC_3D,ok,outputs/shuttle_capability/controlled_capability/images/s7_near_field_0192_35.jpg,192,192,665,613,569.0,517.0,761.0,709.0,192.0,192.0,192.0,>32,pinned_oblique,center,none,none,bg_001.jpg,315.0,3,0.9531809091567993,0.9729556869182374,True,True,True,0.9748153686523438,1.3614750184941402,True,1,0.9531809091567993,0.9729556869182374,1,2,0,0.5,5,
1547,images/s7_near_field_0192_36.jpg,fixed_core_test,SYNTHETIC_3D,ok,outputs/shuttle_capability/controlled_capability/images/s7_near_field_0192_36.jpg,192,192,665,613,569.0,517.0,761.0,709.0,192.0,192.0,192.0,>32,pinned_oblique,center,none,none,bg_001.jpg,315.0,2,0.9558749794960022,0.9759886166915143,True,True,True,0.9759886166915143,0.2300687324925379,True,1,0.9558749794960022,0.9759886166915143,1,1,0,0.5,5,
1548,images/s7_near_field_0192_37.jpg,fixed_core_test,SYNTHETIC_3D,ok,outputs/shuttle_capability/controlled_capability/images/s7_near_field_0192_37.jpg,192,192,665,613,569.0,517.0,761.0,709.0,192.0,192.0,192.0,>32,pinned_oblique,center,none,none,bg_001.jpg,315.0,3,0.9531661868095398,0.9827703840760627,True,True,True,0.9880513713356373,1.200689552357499,True,1,0.9531661868095398,0.9827703840760627,1,2,0,0.5,5,
1549,images/s7_near_field_0192_38.jpg,fixed_core_test,SYNTHETIC_3D,ok,outputs/shuttle_capability/controlled_capability/images/s7_near_field_0192_38.jpg,192,192,665,613,569.0,517.0,761.0,709.0,192.0,192.0,192.0,>32,pinned_oblique,center,none,none,bg_001.jpg,315.0,2,0.952376663684845,0.9753670924849882,True,True,True,0.982627313541242,1.6991253355810714,True,1,0.952376663684845,0.9753670924849882,1,1,0,0.5,5,
1550,images/s7_near_field_0192_39.jpg,fixed_core_test,SYNTHETIC_3D,ok,outputs/shuttle_capability/controlled_capability/images/s7_near_field_0192_39.jpg,192,192,665,613,569.0,517.0,761.0,709.0,192.0,192.0,192.0,>32,pinned_oblique,center,none,none,bg_001.jpg,315.0,2,0.9539339542388916,0.9649771770237013,True,True,True,0.9702466623247246,2.6238363729565655,True,1,0.9539339542388916,0.9649771770237013,1,1,0,0.5,5,
1551,images/s7_near_field_0256_0.jpg,fixed_core_test,SYNTHETIC_3D,ok,outputs/shuttle_capability/controlled_capability/images/s7_near_field_0256_0.jpg,256,257,673,605,545.0,476.5,801.0,733.5,256.0,257.0,256.5,>32,pinned_oblique,center,none,none,bg_001.jpg,315.0,2,0.9434300065040588,0.9560739341993185,True,True,True,0.9855269256788184,4.558228268499043,True,1,0.9434300065040588,0.9560739341993185,1,1,0,0.5,5,
1552,images/s7_near_field_0256_1.jpg,fixed_core_test,SYNTHETIC_3D,ok,outputs/shuttle_capability/controlled_capability/images/s7_near_field_0256_1.jpg,256,257,673,605,545.0,476.5,801.0,733.5,256.0,257.0,256.5,>32,pinned_oblique,center,none,none,bg_001.jpg,315.0,3,0.9382795691490173,0.9627874605715305,True,True,True,0.9720829511761728,3.2844918432277277,True,1,0.9382795691490173,0.9627874605715305,1,2,0,0.5,5,
1553,images/s7_near_field_0256_2.jpg,fixed_core_test,SYNTHETIC_3D,ok,outputs/shuttle_capability/controlled_capability/images/s7_near_field_0256_2.jpg,256,257,673,605,545.0,476.5,801.0,733.5,256.0,257.0,256.5,>32,pinned_oblique,center,none,none,bg_001.jpg,315.0,3,0.9140802025794983,0.8700836686009079,True,True,True,0.9752362328237248,16.806807865837936,True,1,0.9140802025794983,0.8700836686009079,1,2,0,0.5,5,
1554,images/s7_near_field_0256_3.jpg,fixed_core_test,SYNTHETIC_3D,ok,outputs/shuttle_capability/controlled_capability/images/s7_near_field_0256_3.jpg,256,257,673,605,545.0,476.5,801.0,733.5,256.0,257.0,256.5,>32,pinned_oblique,center,none,none,bg_001.jpg,315.0,2,0.9475508332252502,0.9666830071790679,True,True,True,0.9778192847172624,3.1302213738635825,True,1,0.9475508332252502,0.9666830071790679,1,1,0,0.5,5,
1555,images/s7_near_field_0256_4.jpg,fixed_core_test,SYNTHETIC_3D,ok,outputs/shuttle_capability/controlled_capability/images/s7_near_field_0256_4.jpg,256,257,673,605,545.0,476.5,801.0,733.5,256.0,257.0,256.5,>32,pinned_oblique,center,none,none,bg_001.jpg,315.0,3,0.9471422433853149,0.9859839622781285,True,True,True,0.9964351654052734,1.1786329738240204,True,1,0.9471422433853149,0.9859839622781285,1,2,0,0.5,5,
1556,images/s7_near_field_0256_5.jpg,fixed_core_test,SYNTHETIC_3D,ok,outputs/shuttle_capability/controlled_capability/images/s7_near_field_0256_5.jpg,256,257,673,605,545.0,476.5,801.0,733.5,256.0,257.0,256.5,>32,pinned_oblique,center,none,none,bg_001.jpg,315.0,2,0.9470060467720032,0.9723480763753222,True,True,True,0.984519293607536,2.738316644599339,True,1,0.9470060467720032,0.9723480763753222,1,1,0,0.5,5,
1557,images/s7_near_field_0256_6.jpg,fixed_core_test,SYNTHETIC_3D,ok,outputs/shuttle_capability/controlled_capability/images/s7_near_field_0256_6.jpg,256,257,673,605,545.0,476.5,801.0,733.5,256.0,257.0,256.5,>32,pinned_oblique,center,none,none,bg_001.jpg,315.0,2,0.948448121547699,0.9772618251126677,True,True,True,0.982459821394719,2.279867720196555,True,1,0.948448121547699,0.9772618251126677,1,1,0,0.5,5,
1558,images/s7_near_field_0256_7.jpg,fixed_core_test,SYNTHETIC_3D,ok,outputs/shuttle_capability/controlled_capability/images/s7_near_field_0256_7.jpg,256,257,673,605,545.0,476.5,801.0,733.5,256.0,257.0,256.5,>32,pinned_oblique,center,none,none,bg_001.jpg,315.0,2,0.9481353163719177,0.9677187920024741,True,True,True,0.9763293949451618,3.0310353695941927,True,1,0.9481353163719177,0.9677187920024741,1,1,0,0.5,5,
1559,images/s7_near_field_0256_8.jpg,fixed_core_test,SYNTHETIC_3D,ok,outputs/shuttle_capability/controlled_capability/images/s7_near_field_0256_8.jpg,256,257,673,605,545.0,476.5,801.0,733.5,256.0,257.0,256.5,>32,pinned_oblique,center,none,none,bg_001.jpg,315.0,2,0.9517717957496643,0.9647442423865945,True,True,True,0.9693459656810006,2.917240323873189,True,1,0.9517717957496643,0.9647442423865945,1,1,0,0.5,5,
1560,images/s7_near_field_0256_9.jpg,fixed_core_test,SYNTHETIC_3D,ok,outputs/shuttle_capability/controlled_capability/images/s7_near_field_0256_9.jpg,256,257,673,605,545.0,476.5,801.0,733.5,256.0,257.0,256.5,>32,pinned_oblique,center,none,none,bg_001.jpg,315.0,3,0.946090817451477,0.9729073629709721,True,True,True,0.9788851187995214,2.4917713799961145,True,1,0.946090817451477,0.9729073629709721,1,2,0,0.5,5,
1561,images/s7_near_field_0256_10.jpg,fixed_core_test,SYNTHETIC_3D,ok,outputs/shuttle_capability/controlled_capability/images/s7_near_field_0256_10.jpg,256,257,673,605,545.0,476.5,801.0,733.5,256.0,257.0,256.5,>32,pinned_oblique,center,none,none,bg_001.jpg,315.0,2,0.9467964768409729,0.9799069267958317,True,True,True,0.9808131533166201,2.0311021017370505,True,1,0.9467964768409729,0.9799069267958317,1,1,0,0.5,5,
1562,images/s7_near_field_0256_11.jpg,fixed_core_test,SYNTHETIC_3D,ok,outputs/shuttle_capability/controlled_capability/images/s7_near_field_0256_11.jpg,256,257,673,605,545.0,476.5,801.0,733.5,256.0,257.0,256.5,>32,pinned_oblique,center,none,none,bg_001.jpg,315.0,2,0.9456988573074341,0.964351345406226,True,True,True,0.9841281494657633,3.3786252169521322,True,1,0.9456988573074341,0.964351345406226,1,1,0,0.5,5,
1563,images/s7_near_field_0256_12.jpg,fixed_core_test,SYNTHETIC_3D,ok,outputs/shuttle_capability/controlled_capability/images/s7_near_field_0256_12.jpg,256,257,673,605,545.0,476.5,801.0,733.5,256.0,257.0,256.5,>32,pinned_oblique,center,none,none,bg_001.jpg,315.0,3,0.9215390682220459,0.918550555239576,True,True,True,0.9814599623680768,10.072153443463868,True,1,0.9215390682220459,0.918550555239576,1,2,0,0.5,5,
1564,images/s7_near_field_0256_13.jpg,fixed_core_test,SYNTHETIC_3D,ok,outputs/shuttle_capability/controlled_capability/images/s7_near_field_0256_13.jpg,256,257,673,605,545.0,476.5,801.0,733.5,256.0,257.0,256.5,>32,pinned_oblique,center,none,none,bg_001.jpg,315.0,3,0.945219874382019,0.9591825595157297,True,True,True,0.971688855121434,3.3952554516272078,True,1,0.945219874382019,0.9591825595157297,1,2,0,0.5,5,
1565,images/s7_near_field_0256_14.jpg,fixed_core_test,SYNTHETIC_3D,ok,outputs/shuttle_capability/controlled_capability/images/s7_near_field_0256_14.jpg,256,257,673,605,545.0,476.5,801.0,733.5,256.0,257.0,256.5,>32,pinned_oblique,center,none,none,bg_001.jpg,315.0,2,0.9455766677856445,0.9751527453979939,True,True,True,0.9803192668080517,2.2798085565891877,True,1,0.9455766677856445,0.9751527453979939,1,1,0,0.5,5,
1566,images/s7_near_field_0256_15.jpg,fixed_core_test,SYNTHETIC_3D,ok,outputs/shuttle_capability/controlled_capability/images/s7_near_field_0256_15.jpg,256,257,673,605,545.0,476.5,801.0,733.5,256.0,257.0,256.5,>32,pinned_oblique,center,none,none,bg_001.jpg,315.0,2,0.9491856694221497,0.9670989702480407,True,True,True,0.9828036231361827,3.22107225507518,True,1,0.9491856694221497,0.9670989702480407,1,1,0,0.5,5,
1567,images/s7_near_field_0256_16.jpg,fixed_core_test,SYNTHETIC_3D,ok,outputs/shuttle_capability/controlled_capability/images/s7_near_field_0256_16.jpg,256,257,673,605,545.0,476.5,801.0,733.5,256.0,257.0,256.5,>32,pinned_oblique,center,none,none,bg_001.jpg,315.0,2,0.9483736753463745,0.9651003016326848,True,True,True,0.9799618773608095,3.5360637163956126,True,1,0.9483736753463745,0.9651003016326848,1,1,0,0.5,5,
1568,images/s7_near_field_0256_17.jpg,fixed_core_test,SYNTHETIC_3D,ok,outputs/shuttle_capability/controlled_capability/images/s7_near_field_0256_17.jpg,256,257,673,605,545.0,476.5,801.0,733.5,256.0,257.0,256.5,>32,pinned_oblique,center,none,none,bg_001.jpg,315.0,2,0.9491829872131348,0.9616515024098916,True,True,True,0.977650123452659,3.7965769596822994,True,1,0.9491829872131348,0.9616515024098916,1,1,0,0.5,5,
1569,images/s7_near_field_0256_18.jpg,fixed_core_test,SYNTHETIC_3D,ok,outputs/shuttle_capability/controlled_capability/images/s7_near_field_0256_18.jpg,256,257,673,605,545.0,476.5,801.0,733.5,256.0,257.0,256.5,>32,pinned_oblique,center,none,none,bg_001.jpg,315.0,3,0.9083424806594849,0.8362905440895658,True,True,True,0.9715407933330468,22.173704605146803,True,1,0.9083424806594849,0.8362905440895658,1,2,0,0.5,5,
1570,images/s7_near_field_0256_19.jpg,fixed_core_test,SYNTHETIC_3D,ok,outputs/shuttle_capability/controlled_capability/images/s7_near_field_0256_19.jpg,256,257,673,605,545.0,476.5,801.0,733.5,256.0,257.0,256.5,>32,pinned_oblique,center,none,none,bg_001.jpg,315.0,3,0.9463150501251221,0.9637604081782009,True,True,True,0.9763880720516532,3.4345842181659907,True,1,0.9463150501251221,0.9637604081782009,1,2,0,0.5,5,
1571,images/s7_near_field_0256_20.jpg,fixed_core_test,SYNTHETIC_3D,ok,outputs/shuttle_capability/controlled_capability/images/s7_near_field_0256_20.jpg,256,257,673,605,545.0,476.5,801.0,733.5,256.0,257.0,256.5,>32,pinned_oblique,center,none,none,bg_001.jpg,315.0,3,0.939124345779419,0.9416751671677766,True,True,True,0.9709123162190219,5.552729057835446,True,1,0.939124345779419,0.9416751671677766,1,2,0,0.5,5,
1572,images/s7_near_field_0256_21.jpg,fixed_core_test,SYNTHETIC_3D,ok,outputs/shuttle_capability/controlled_capability/images/s7_near_field_0256_21.jpg,256,257,673,605,545.0,476.5,801.0,733.5,256.0,257.0,256.5,>32,pinned_oblique,center,none,none,bg_001.jpg,315.0,2,0.9484588503837585,0.9650595720022399,True,True,True,0.9710518086078775,2.010788812844777,True,1,0.9484588503837585,0.9650595720022399,1,1,0,0.5,5,
1573,images/s7_near_field_0256_22.jpg,fixed_core_test,SYNTHETIC_3D,ok,outputs/shuttle_capability/controlled_capability/images/s7_near_field_0256_22.jpg,256,257,673,605,545.0,476.5,801.0,733.5,256.0,257.0,256.5,>32,pinned_oblique,center,none,none,bg_001.jpg,315.0,2,0.9460925459861755,0.9727466690566655,True,True,True,0.981052358285524,2.2676560768837586,True,1,0.9460925459861755,0.9727466690566655,1,1,0,0.5,5,
1574,images/s7_near_field_0256_23.jpg,fixed_core_test,SYNTHETIC_3D,ok,outputs/shuttle_capability/controlled_capability/images/s7_near_field_0256_23.jpg,256,257,673,605,545.0,476.5,801.0,733.5,256.0,257.0,256.5,>32,pinned_oblique,center,none,none,bg_001.jpg,315.0,3,0.9463251829147339,0.9628000392943483,True,True,True,0.9765285348526987,2.75389164525921,True,1,0.9463251829147339,0.9628000392943483,1,2,0,0.5,5,
1575,images/s7_near_field_0256_24.jpg,fixed_core_test,SYNTHETIC_3D,ok,outputs/shuttle_capability/controlled_capability/images/s7_near_field_0256_24.jpg,256,257,673,605,545.0,476.5,801.0,733.5,256.0,257.0,256.5,>32,pinned_oblique,center,none,none,bg_001.jpg,315.0,2,0.9468252062797546,0.9666455079722243,True,True,True,0.9803730973481031,2.8166431136928796,True,1,0.9468252062797546,0.9666455079722243,1,1,0,0.5,5,
1576,images/s7_near_field_0256_25.jpg,fixed_core_test,SYNTHETIC_3D,ok,outputs/shuttle_capability/controlled_capability/images/s7_near_field_0256_25.jpg,256,257,673,605,545.0,476.5,801.0,733.5,256.0,257.0,256.5,>32,pinned_oblique,center,none,none,bg_001.jpg,315.0,2,0.9500633478164673,0.9664106663174649,True,True,True,0.9737268823537801,3.178901204920581,True,1,0.9500633478164673,0.9664106663174649,1,1,0,0.5,5,
1577,images/s7_near_field_0256_26.jpg,fixed_core_test,SYNTHETIC_3D,ok,outputs/shuttle_capability/controlled_capability/images/s7_near_field_0256_26.jpg,256,257,673,605,545.0,476.5,801.0,733.5,256.0,257.0,256.5,>32,pinned_oblique,center,none,none,bg_001.jpg,315.0,2,0.9483197331428528,0.9730856649754662,True,True,True,0.9786622230293819,2.541260123355916,True,1,0.9483197331428528,0.9730856649754662,1,1,0,0.5,5,
1578,images/s7_near_field_0256_27.jpg,fixed_core_test,SYNTHETIC_3D,ok,outputs/shuttle_capability/controlled_capability/images/s7_near_field_0256_27.jpg,256,257,673,605,545.0,476.5,801.0,733.5,256.0,257.0,256.5,>32,pinned_oblique,center,none,none,bg_001.jpg,315.0,3,0.9449422955513,0.9674039980719722,True,True,True,0.9751378681403331,3.0039276164452042,True,1,0.9449422955513,0.9674039980719722,1,2,0,0.5,5,
1579,images/s7_near_field_0256_28.jpg,fixed_core_test,SYNTHETIC_3D,ok,outputs/shuttle_capability/controlled_capability/images/s7_near_field_0256_28.jpg,256,257,673,605,545.0,476.5,801.0,733.5,256.0,257.0,256.5,>32,pinned_oblique,center,none,none,bg_001.jpg,315.0,3,0.9387618899345398,0.90417583917655,True,True,True,0.9800600979145587,11.34008917394505,True,1,0.9387618899345398,0.90417583917655,1,2,0,0.5,5,
1580,images/s7_near_field_0256_29.jpg,fixed_core_test,SYNTHETIC_3D,ok,outputs/shuttle_capability/controlled_capability/images/s7_near_field_0256_29.jpg,256,257,673,605,545.0,476.5,801.0,733.5,256.0,257.0,256.5,>32,pinned_oblique,center,none,none,bg_001.jpg,315.0,2,0.9475159645080566,0.9660394764910504,True,True,True,0.9766476224538968,3.2535205471648743,True,1,0.9475159645080566,0.9660394764910504,1,1,0,0.5,5,
1581,images/s7_near_field_0256_30.jpg,fixed_core_test,SYNTHETIC_3D,ok,outputs/shuttle_capability/controlled_capability/images/s7_near_field_0256_30.jpg,256,257,673,605,545.0,476.5,801.0,733.5,256.0,257.0,256.5,>32,pinned_oblique,center,none,none,bg_001.jpg,315.0,2,0.9468309879302979,0.9695285142375961,True,True,True,0.9829819221090316,2.8173633726827774,True,1,0.9468309879302979,0.9695285142375961,1,1,0,0.5,5,
1582,images/s7_near_field_0256_31.jpg,fixed_core_test,SYNTHETIC_3D,ok,outputs/shuttle_capability/controlled_capability/images/s7_near_field_0256_31.jpg,256,257,673,605,545.0,476.5,801.0,733.5,256.0,257.0,256.5,>32,pinned_oblique,center,none,none,bg_001.jpg,315.0,2,0.9475917220115662,0.9731118013872675,True,True,True,0.986541495192343,2.5833452902057,True,1,0.9475917220115662,0.9731118013872675,1,1,0,0.5,5,
1583,images/s7_near_field_0256_32.jpg,fixed_core_test,SYNTHETIC_3D,ok,outputs/shuttle_capability/controlled_capability/images/s7_near_field_0256_32.jpg,256,257,673,605,545.0,476.5,801.0,733.5,256.0,257.0,256.5,>32,pinned_oblique,center,none,none,bg_001.jpg,315.0,2,0.9490619897842407,0.9805275600940391,True,True,True,0.9876985549926758,0.8087778135326682,True,1,0.9490619897842407,0.9805275600940391,1,1,0,0.5,5,
1584,images/s7_near_field_0256_33.jpg,fixed_core_test,SYNTHETIC_3D,ok,outputs/shuttle_capability/controlled_capability/images/s7_near_field_0256_33.jpg,256,257,673,605,545.0,476.5,801.0,733.5,256.0,257.0,256.5,>32,pinned_oblique,center,none,none,bg_001.jpg,315.0,3,0.9411429762840271,0.958439061717008,True,True,True,0.9751231888658367,3.8722270000643655,True,1,0.9411429762840271,0.958439061717008,1,2,0,0.5,5,
1585,images/s7_near_field_0256_34.jpg,fixed_core_test,SYNTHETIC_3D,ok,outputs/shuttle_capability/controlled_capability/images/s7_near_field_0256_34.jpg,256,257,673,605,545.0,476.5,801.0,733.5,256.0,257.0,256.5,>32,pinned_oblique,center,none,none,bg_001.jpg,315.0,3,0.9332351088523865,0.8099098429981346,True,True,True,0.984342098236084,26.796736263943533,True,1,0.9332351088523865,0.8099098429981346,1,2,0,0.5,5,
1586,images/s7_near_field_0256_35.jpg,fixed_core_test,SYNTHETIC_3D,ok,outputs/shuttle_capability/controlled_capability/images/s7_near_field_0256_35.jpg,256,257,673,605,545.0,476.5,801.0,733.5,256.0,257.0,256.5,>32,pinned_oblique,center,none,none,bg_001.jpg,315.0,3,0.9493682384490967,0.9583920828259702,True,True,True,0.974073550128242,3.8833273363362615,True,1,0.9493682384490967,0.9583920828259702,1,2,0,0.5,5,
1587,images/s7_near_field_0256_36.jpg,fixed_core_test,SYNTHETIC_3D,ok,outputs/shuttle_capability/controlled_capability/images/s7_near_field_0256_36.jpg,256,257,673,605,545.0,476.5,801.0,733.5,256.0,257.0,256.5,>32,pinned_oblique,center,none,none,bg_001.jpg,315.0,2,0.9457516074180603,0.9659955155407944,True,True,True,0.9808981191260008,2.883054093871703,True,1,0.9457516074180603,0.9659955155407944,1,1,0,0.5,5,
1588,images/s7_near_field_0256_37.jpg,fixed_core_test,SYNTHETIC_3D,ok,outputs/shuttle_capability/controlled_capability/images/s7_near_field_0256_37.jpg,256,257,673,605,545.0,476.5,801.0,733.5,256.0,257.0,256.5,>32,pinned_oblique,center,none,none,bg_001.jpg,315.0,3,0.9496992230415344,0.9749084408483044,True,True,True,0.981403246055609,1.1908890664760512,True,1,0.9496992230415344,0.9749084408483044,1,2,0,0.5,5,
1589,images/s7_near_field_0256_38.jpg,fixed_core_test,SYNTHETIC_3D,ok,outputs/shuttle_capability/controlled_capability/images/s7_near_field_0256_38.jpg,256,257,673,605,545.0,476.5,801.0,733.5,256.0,257.0,256.5,>32,pinned_oblique,center,none,none,bg_001.jpg,315.0,2,0.948722779750824,0.9620671420429366,True,True,True,0.9735681277653112,3.2528976020058016,True,1,0.948722779750824,0.9620671420429366,1,1,0,0.5,5,
1590,images/s7_near_field_0256_39.jpg,fixed_core_test,SYNTHETIC_3D,ok,outputs/shuttle_capability/controlled_capability/images/s7_near_field_0256_39.jpg,256,257,673,605,545.0,476.5,801.0,733.5,256.0,257.0,256.5,>32,pinned_oblique,center,none,none,bg_001.jpg,315.0,2,0.9480608105659485,0.9694649935490567,True,True,True,0.9748553803951818,2.5258591439318203,True,1,0.9480608105659485,0.9694649935490567,1,1,0,0.5,5,
1591,images/s7_near_field_0384_0.jpg,fixed_core_test,SYNTHETIC_3D,ok,outputs/shuttle_capability/controlled_capability/images/s7_near_field_0384_0.jpg,383,384,690,588,498.5,396.0,881.5,780.0,383.0,384.0,383.5,>32,pinned_oblique,center,none,none,bg_001.jpg,315.0,2,0.8368892669677734,0.8788455396159127,True,True,True,0.9195951939360064,18.092017749071072,True,1,0.8368892669677734,0.8788455396159127,1,1,0,0.5,5,
1592,images/s7_near_field_0384_1.jpg,fixed_core_test,SYNTHETIC_3D,ok,outputs/shuttle_capability/controlled_capability/images/s7_near_field_0384_1.jpg,383,384,690,588,498.5,396.0,881.5,780.0,383.0,384.0,383.5,>32,pinned_oblique,center,none,none,bg_001.jpg,315.0,3,0.8645514845848083,0.9762853524033458,True,True,True,0.9762853524033458,2.905138507602816,True,1,0.8645514845848083,0.9762853524033458,1,2,0,0.5,5,
1593,images/s7_near_field_0384_2.jpg,fixed_core_test,SYNTHETIC_3D,ok,outputs/shuttle_capability/controlled_capability/images/s7_near_field_0384_2.jpg,383,384,690,588,498.5,396.0,881.5,780.0,383.0,384.0,383.5,>32,pinned_oblique,center,none,none,bg_001.jpg,315.0,3,0.8312978744506836,0.9489986230780569,True,True,True,0.965989351272583,5.48547925052584,True,1,0.8312978744506836,0.9489986230780569,1,2,0,0.5,5,
1594,images/s7_near_field_0384_3.jpg,fixed_core_test,SYNTHETIC_3D,ok,outputs/shuttle_capability/controlled_capability/images/s7_near_field_0384_3.jpg,383,384,690,588,498.5,396.0,881.5,780.0,383.0,384.0,383.5,>32,pinned_oblique,center,none,none,bg_001.jpg,315.0,2,0.8511567711830139,0.9663302050694065,True,True,True,0.9730587491033691,4.045880503900169,True,1,0.8511567711830139,0.9663302050694065,1,1,0,0.5,5,
1595,images/s7_near_field_0384_4.jpg,fixed_core_test,SYNTHETIC_3D,ok,outputs/shuttle_capability/controlled_capability/images/s7_near_field_0384_4.jpg,383,384,690,588,498.5,396.0,881.5,780.0,383.0,384.0,383.5,>32,pinned_oblique,center,none,none,bg_001.jpg,315.0,3,0.846287727355957,0.8965216769269179,True,True,True,0.9080368004253156,12.783411057386108,True,1,0.846287727355957,0.8965216769269179,1,2,0,0.5,5,
1596,images/s7_near_field_0384_5.jpg,fixed_core_test,SYNTHETIC_3D,ok,outputs/shuttle_capability/controlled_capability/images/s7_near_field_0384_5.jpg,383,384,690,588,498.5,396.0,881.5,780.0,383.0,384.0,383.5,>32,pinned_oblique,center,none,none,bg_001.jpg,315.0,2,0.8519049286842346,0.9647055165002906,True,True,True,0.9650436104336078,3.536559679908838,True,1,0.8519049286842346,0.9647055165002906,1,1,0,0.5,5,
1597,images/s7_near_field_0384_6.jpg,fixed_core_test,SYNTHETIC_3D,ok,outputs/shuttle_capability/controlled_capability/images/s7_near_field_0384_6.jpg,383,384,690,588,498.5,396.0,881.5,780.0,383.0,384.0,383.5,>32,pinned_oblique,center,none,none,bg_001.jpg,315.0,2,0.8664053678512573,0.904354786149721,True,True,True,0.904354786149721,9.0540900734919,True,1,0.8664053678512573,0.904354786149721,1,1,0,0.5,5,
1598,images/s7_near_field_0384_7.jpg,fixed_core_test,SYNTHETIC_3D,ok,outputs/shuttle_capability/controlled_capability/images/s7_near_field_0384_7.jpg,383,384,690,588,498.5,396.0,881.5,780.0,383.0,384.0,383.5,>32,pinned_oblique,center,none,none,bg_001.jpg,315.0,3,0.8751353621482849,0.9459244088271666,True,True,True,0.9720619284119337,4.210034362039418,True,1,0.8751353621482849,0.9459244088271666,1,2,0,0.5,5,
1599,images/s7_near_field_0384_8.jpg,fixed_core_test,SYNTHETIC_3D,ok,outputs/shuttle_capability/controlled_capability/images/s7_near_field_0384_8.jpg,383,384,690,588,498.5,396.0,881.5,780.0,383.0,384.0,383.5,>32,pinned_oblique,center,none,none,bg_001.jpg,315.0,2,0.8537895679473877,0.8823768539927214,True,True,False,0.8823768539927214,10.071076963406124,True,1,0.8537895679473877,0.8823768539927214,1,1,0,0.5,5,
1600,images/s7_near_field_0384_9.jpg,fixed_core_test,SYNTHETIC_3D,ok,outputs/shuttle_capability/controlled_capability/images/s7_near_field_0384_9.jpg,383,384,690,588,498.5,396.0,881.5,780.0,383.0,384.0,383.5,>32,pinned_oblique,center,none,none,bg_001.jpg,315.0,4,0.8568851351737976,0.9467270056569754,True,True,True,0.9788401264672388,4.541964814852652,True,1,0.8568851351737976,0.9467270056569754,1,3,0,0.5,5,
1601,images/s7_near_field_0384_10.jpg,fixed_core_test,SYNTHETIC_3D,ok,outputs/shuttle_capability/controlled_capability/images/s7_near_field_0384_10.jpg,383,384,690,588,498.5,396.0,881.5,780.0,383.0,384.0,383.5,>32,pinned_oblique,center,none,none,bg_001.jpg,315.0,2,0.8547259569168091,0.9508077370844217,True,True,True,0.9508077370844217,2.835386523536867,True,1,0.8547259569168091,0.9508077370844217,1,1,0,0.5,5,
1602,images/s7_near_field_0384_11.jpg,fixed_core_test,SYNTHETIC_3D,ok,outputs/shuttle_capability/controlled_capability/images/s7_near_field_0384_11.jpg,383,384,690,588,498.5,396.0,881.5,780.0,383.0,384.0,383.5,>32,pinned_oblique,center,none,none,bg_001.jpg,315.0,2,0.8399971723556519,0.8819130645512095,True,True,True,0.9203375259775416,17.36943877558468,True,1,0.8399971723556519,0.8819130645512095,1,1,0,0.5,5,
1603,images/s7_near_field_0384_12.jpg,fixed_core_test,SYNTHETIC_3D,ok,outputs/shuttle_capability/controlled_capability/images/s7_near_field_0384_12.jpg,383,384,690,588,498.5,396.0,881.5,780.0,383.0,384.0,383.5,>32,pinned_oblique,center,none,none,bg_001.jpg,315.0,3,0.8790208101272583,0.9719028377345384,True,True,True,0.9785465181180841,4.0652751591135265,True,1,0.8790208101272583,0.9719028377345384,1,2,0,0.5,5,
1604,images/s7_near_field_0384_13.jpg,fixed_core_test,SYNTHETIC_3D,ok,outputs/shuttle_capability/controlled_capability/images/s7_near_field_0384_13.jpg,383,384,690,588,498.5,396.0,881.5,780.0,383.0,384.0,383.5,>32,pinned_oblique,center,none,none,bg_001.jpg,315.0,4,0.8587172627449036,0.9729253700211727,True,True,True,0.9963419737321267,3.5505921200481194,True,1,0.8587172627449036,0.9729253700211727,1,3,0,0.5,5,
1605,images/s7_near_field_0384_14.jpg,fixed_core_test,SYNTHETIC_3D,ok,outputs/shuttle_capability/controlled_capability/images/s7_near_field_0384_14.jpg,383,384,690,588,498.5,396.0,881.5,780.0,383.0,384.0,383.5,>32,pinned_oblique,center,none,none,bg_001.jpg,315.0,2,0.8517569899559021,0.9362346538434938,True,True,True,0.9362346538434938,3.5221635631087707,True,1,0.8517569899559021,0.9362346538434938,1,1,0,0.5,5,
1606,images/s7_near_field_0384_15.jpg,fixed_core_test,SYNTHETIC_3D,ok,outputs/shuttle_capability/controlled_capability/images/s7_near_field_0384_15.jpg,383,384,690,588,498.5,396.0,881.5,780.0,383.0,384.0,383.5,>32,pinned_oblique,center,none,none,bg_001.jpg,315.0,2,0.8597486615180969,0.9446799885019835,True,True,True,0.9446799885019835,3.9822069810108225,True,1,0.8597486615180969,0.9446799885019835,1,1,0,0.5,5,
1607,images/s7_near_field_0384_16.jpg,fixed_core_test,SYNTHETIC_3D,ok,outputs/shuttle_capability/controlled_capability/images/s7_near_field_0384_16.jpg,383,384,690,588,498.5,396.0,881.5,780.0,383.0,384.0,383.5,>32,pinned_oblique,center,none,none,bg_001.jpg,315.0,2,0.8580272197723389,0.937080018013153,True,True,True,0.937080018013153,5.379378793956046,True,1,0.8580272197723389,0.937080018013153,1,1,0,0.5,5,
1608,images/s7_near_field_0384_17.jpg,fixed_core_test,SYNTHETIC_3D,ok,outputs/shuttle_capability/controlled_capability/images/s7_near_field_0384_17.jpg,383,384,690,588,498.5,396.0,881.5,780.0,383.0,384.0,383.5,>32,pinned_oblique,center,none,none,bg_001.jpg,315.0,2,0.8610720038414001,0.8915453946000667,True,True,False,0.8915453946000667,7.066923992628253,True,1,0.8610720038414001,0.8915453946000667,1,1,0,0.5,5,
1609,images/s7_near_field_0384_18.jpg,fixed_core_test,SYNTHETIC_3D,ok,outputs/shuttle_capability/controlled_capability/images/s7_near_field_0384_18.jpg,383,384,690,588,498.5,396.0,881.5,780.0,383.0,384.0,383.5,>32,pinned_oblique,center,none,none,bg_001.jpg,315.0,3,0.8637768626213074,0.9449053296734373,True,True,True,0.9534350080143109,8.467790914682903,True,1,0.8637768626213074,0.9449053296734373,1,2,0,0.5,5,
1610,images/s7_near_field_0384_19.jpg,fixed_core_test,SYNTHETIC_3D,ok,outputs/shuttle_capability/controlled_capability/images/s7_near_field_0384_19.jpg,383,384,690,588,498.5,396.0,881.5,780.0,383.0,384.0,383.5,>32,pinned_oblique,center,none,none,bg_001.jpg,315.0,4,0.8586017489433289,0.9563008466370833,True,True,True,0.9888904168931709,4.675991703787057,True,1,0.8586017489433289,0.9563008466370833,1,3,0,0.5,5,
1611,images/s7_near_field_0384_20.jpg,fixed_core_test,SYNTHETIC_3D,ok,outputs/shuttle_capability/controlled_capability/images/s7_near_field_0384_20.jpg,383,384,690,588,498.5,396.0,881.5,780.0,383.0,384.0,383.5,>32,pinned_oblique,center,none,none,bg_001.jpg,315.0,3,0.8810063004493713,0.9388085319385197,True,True,True,0.9769707400063207,10.504544867512255,True,1,0.8810063004493713,0.9388085319385197,1,2,0,0.5,5,
1612,images/s7_near_field_0384_21.jpg,fixed_core_test,SYNTHETIC_3D,ok,outputs/shuttle_capability/controlled_capability/images/s7_near_field_0384_21.jpg,383,384,690,588,498.5,396.0,881.5,780.0,383.0,384.0,383.5,>32,pinned_oblique,center,none,none,bg_001.jpg,315.0,3,0.8668360114097595,0.941916304760218,True,True,True,0.984162354378396,6.783212727364977,True,1,0.8668360114097595,0.941916304760218,1,2,0,0.5,5,
1613,images/s7_near_field_0384_22.jpg,fixed_core_test,SYNTHETIC_3D,ok,outputs/shuttle_capability/controlled_capability/images/s7_near_field_0384_22.jpg,383,384,690,588,498.5,396.0,881.5,780.0,383.0,384.0,383.5,>32,pinned_oblique,center,none,none,bg_001.jpg,315.0,2,0.8612831830978394,0.9482105709969265,True,True,True,0.9482105709969265,3.6117585489753052,True,1,0.8612831830978394,0.9482105709969265,1,1,0,0.5,5,
1614,images/s7_near_field_0384_23.jpg,fixed_core_test,SYNTHETIC_3D,ok,outputs/shuttle_capability/controlled_capability/images/s7_near_field_0384_23.jpg,383,384,690,588,498.5,396.0,881.5,780.0,383.0,384.0,383.5,>32,pinned_oblique,center,none,none,bg_001.jpg,315.0,3,0.8660374283790588,0.9575161594407644,True,True,True,0.9911017463452549,5.645546942540459,True,1,0.8660374283790588,0.9575161594407644,1,2,0,0.5,5,
1615,images/s7_near_field_0384_24.jpg,fixed_core_test,SYNTHETIC_3D,ok,outputs/shuttle_capability/controlled_capability/images/s7_near_field_0384_24.jpg,383,384,690,588,498.5,396.0,881.5,780.0,383.0,384.0,383.5,>32,pinned_oblique,center,none,none,bg_001.jpg,315.0,3,0.8689795732498169,0.9447661816702272,True,True,True,0.9837516091946195,5.6202706264037126,True,1,0.8689795732498169,0.9447661816702272,1,2,0,0.5,5,
1616,images/s7_near_field_0384_25.jpg,fixed_core_test,SYNTHETIC_3D,ok,outputs/shuttle_capability/controlled_capability/images/s7_near_field_0384_25.jpg,383,384,690,588,498.5,396.0,881.5,780.0,383.0,384.0,383.5,>32,pinned_oblique,center,none,none,bg_001.jpg,315.0,2,0.8268234729766846,0.8932392830162903,True,True,True,0.9037745296880133,13.459022014843736,True,1,0.8268234729766846,0.8932392830162903,1,1,0,0.5,5,
1617,images/s7_near_field_0384_26.jpg,fixed_core_test,SYNTHETIC_3D,ok,outputs/shuttle_capability/controlled_capability/images/s7_near_field_0384_26.jpg,383,384,690,588,498.5,396.0,881.5,780.0,383.0,384.0,383.5,>32,pinned_oblique,center,none,none,bg_001.jpg,315.0,3,0.8661147356033325,0.9501032185357418,True,True,True,0.9821928837529106,3.8792383396594246,True,1,0.8661147356033325,0.9501032185357418,1,2,0,0.5,5,
1618,images/s7_near_field_0384_27.jpg,fixed_core_test,SYNTHETIC_3D,ok,outputs/shuttle_capability/controlled_capability/images/s7_near_field_0384_27.jpg,383,384,690,588,498.5,396.0,881.5,780.0,383.0,384.0,383.5,>32,pinned_oblique,center,none,none,bg_001.jpg,315.0,3,0.8775774240493774,0.9638428433180357,True,True,True,0.9687887712444749,4.311727759216986,True,1,0.8775774240493774,0.9638428433180357,1,2,0,0.5,5,
1619,images/s7_near_field_0384_28.jpg,fixed_core_test,SYNTHETIC_3D,ok,outputs/shuttle_capability/controlled_capability/images/s7_near_field_0384_28.jpg,383,384,690,588,498.5,396.0,881.5,780.0,383.0,384.0,383.5,>32,pinned_oblique,center,none,none,bg_001.jpg,315.0,4,0.8619595170021057,0.9536485757817016,True,True,True,0.9618951538766636,5.121948462224223,True,1,0.8619595170021057,0.9536485757817016,1,3,0,0.5,5,
1620,images/s7_near_field_0384_29.jpg,fixed_core_test,SYNTHETIC_3D,ok,outputs/shuttle_capability/controlled_capability/images/s7_near_field_0384_29.jpg,383,384,690,588,498.5,396.0,881.5,780.0,383.0,384.0,383.5,>32,pinned_oblique,center,none,none,bg_001.jpg,315.0,3,0.8565465211868286,0.9562571658611145,True,True,True,0.9889439275183085,5.2634325075882105,True,1,0.8565465211868286,0.9562571658611145,1,2,0,0.5,5,
1621,images/s7_near_field_0384_30.jpg,fixed_core_test,SYNTHETIC_3D,ok,outputs/shuttle_capability/controlled_capability/images/s7_near_field_0384_30.jpg,383,384,690,588,498.5,396.0,881.5,780.0,383.0,384.0,383.5,>32,pinned_oblique,center,none,none,bg_001.jpg,315.0,2,0.8240563273429871,0.8789574795745492,True,True,True,0.9103853955579795,16.803176588948027,True,1,0.8240563273429871,0.8789574795745492,1,1,0,0.5,5,
1622,images/s7_near_field_0384_31.jpg,fixed_core_test,SYNTHETIC_3D,ok,outputs/shuttle_capability/controlled_capability/images/s7_near_field_0384_31.jpg,383,384,690,588,498.5,396.0,881.5,780.0,383.0,384.0,383.5,>32,pinned_oblique,center,none,none,bg_001.jpg,315.0,4,0.8552193641662598,0.9827622903518417,True,True,True,0.9962859001942587,1.6763301542411115,True,1,0.8552193641662598,0.9827622903518417,1,3,0,0.5,5,
1623,images/s7_near_field_0384_32.jpg,fixed_core_test,SYNTHETIC_3D,ok,outputs/shuttle_capability/controlled_capability/images/s7_near_field_0384_32.jpg,383,384,690,588,498.5,396.0,881.5,780.0,383.0,384.0,383.5,>32,pinned_oblique,center,none,none,bg_001.jpg,315.0,2,0.8252769112586975,0.8514476254006913,True,True,False,0.8947976312713148,21.002408315656314,True,1,0.8252769112586975,0.8514476254006913,1,1,0,0.5,5,
1624,images/s7_near_field_0384_33.jpg,fixed_core_test,SYNTHETIC_3D,ok,outputs/shuttle_capability/controlled_capability/images/s7_near_field_0384_33.jpg,383,384,690,588,498.5,396.0,881.5,780.0,383.0,384.0,383.5,>32,pinned_oblique,center,none,none,bg_001.jpg,315.0,3,0.8763564825057983,0.9556675312029118,True,True,True,0.9721705683514016,6.881053953481221,True,1,0.8763564825057983,0.9556675312029118,1,2,0,0.5,5,
1625,images/s7_near_field_0384_34.jpg,fixed_core_test,SYNTHETIC_3D,ok,outputs/shuttle_capability/controlled_capability/images/s7_near_field_0384_34.jpg,383,384,690,588,498.5,396.0,881.5,780.0,383.0,384.0,383.5,>32,pinned_oblique,center,none,none,bg_001.jpg,315.0,4,0.8689479231834412,0.9544141484032085,True,True,True,0.9956226920740372,6.435868361471996,True,1,0.8689479231834412,0.9544141484032085,1,3,0,0.5,5,
1626,images/s7_near_field_0384_35.jpg,fixed_core_test,SYNTHETIC_3D,ok,outputs/shuttle_capability/controlled_capability/images/s7_near_field_0384_35.jpg,383,384,690,588,498.5,396.0,881.5,780.0,383.0,384.0,383.5,>32,pinned_oblique,center,none,none,bg_001.jpg,315.0,3,0.8585498332977295,0.9276506547958502,True,True,True,0.9276506547958502,5.952710748343889,True,1,0.8585498332977295,0.9276506547958502,1,2,0,0.5,5,
1627,images/s7_near_field_0384_36.jpg,fixed_core_test,SYNTHETIC_3D,ok,outputs/shuttle_capability/controlled_capability/images/s7_near_field_0384_36.jpg,383,384,690,588,498.5,396.0,881.5,780.0,383.0,384.0,383.5,>32,pinned_oblique,center,none,none,bg_001.jpg,315.0,3,0.8644825220108032,0.9495691096570195,True,True,True,0.9851986182857582,5.007951104475642,True,1,0.8644825220108032,0.9495691096570195,1,2,0,0.5,5,
1628,images/s7_near_field_0384_37.jpg,fixed_core_test,SYNTHETIC_3D,ok,outputs/shuttle_capability/controlled_capability/images/s7_near_field_0384_37.jpg,383,384,690,588,498.5,396.0,881.5,780.0,383.0,384.0,383.5,>32,pinned_oblique,center,none,none,bg_001.jpg,315.0,3,0.8560786247253418,0.9006472799787277,True,True,True,0.9006472799787277,9.529940870748701,True,1,0.8560786247253418,0.9006472799787277,1,2,0,0.5,5,
1629,images/s7_near_field_0384_38.jpg,fixed_core_test,SYNTHETIC_3D,ok,outputs/shuttle_capability/controlled_capability/images/s7_near_field_0384_38.jpg,383,384,690,588,498.5,396.0,881.5,780.0,383.0,384.0,383.5,>32,pinned_oblique,center,none,none,bg_001.jpg,315.0,3,0.8667160868644714,0.9509274832073678,True,True,True,0.9826639773165264,4.106384955925375,True,1,0.8667160868644714,0.9509274832073678,1,2,0,0.5,5,
1630,images/s7_near_field_0384_39.jpg,fixed_core_test,SYNTHETIC_3D,ok,outputs/shuttle_capability/controlled_capability/images/s7_near_field_0384_39.jpg,383,384,690,588,498.5,396.0,881.5,780.0,383.0,384.0,383.5,>32,pinned_oblique,center,none,none,bg_001.jpg,315.0,3,0.8790439963340759,0.9473453971214075,True,True,True,0.9731760264131758,4.413705729971832,True,1,0.8790439963340759,0.9473453971214075,1,2,0,0.5,5,
1631,images/s7_near_field_0512_0.jpg,fixed_core_test,SYNTHETIC_3D,ok,outputs/shuttle_capability/controlled_capability/images/s7_near_field_0512_0.jpg,512,513,706,572,450.0,315.5,962.0,828.5,512.0,513.0,512.5,>32,pinned_oblique,center,none,none,bg_001.jpg,315.0,3,0.8153334856033325,0.7237684757673952,True,True,True,0.9411787179339376,47.97668124795153,True,1,0.8153334856033325,0.7237684757673952,1,2,0,0.5,5,
1632,images/s7_near_field_0512_1.jpg,fixed_core_test,SYNTHETIC_3D,ok,outputs/shuttle_capability/controlled_capability/images/s7_near_field_0512_1.jpg,512,513,706,572,450.0,315.5,962.0,828.5,512.0,513.0,512.5,>32,pinned_oblique,center,none,none,bg_001.jpg,315.0,4,0.8165264129638672,0.0,False,True,True,0.9498017692863163,44.430812333004624,True,2,0.7877330780029297,0.7439221564203105,1,3,0,0.5,5,
1633,images/s7_near_field_0512_2.jpg,fixed_core_test,SYNTHETIC_3D,ok,outputs/shuttle_capability/controlled_capability/images/s7_near_field_0512_2.jpg,512,513,706,572,450.0,315.5,962.0,828.5,512.0,513.0,512.5,>32,pinned_oblique,center,none,none,bg_001.jpg,315.0,4,0.8050153255462646,0.7426359775609029,True,True,True,0.9464778588937715,44.30141693080212,True,1,0.8050153255462646,0.7426359775609029,1,3,0,0.5,5,
1634,images/s7_near_field_0512_3.jpg,fixed_core_test,SYNTHETIC_3D,ok,outputs/shuttle_capability/controlled_capability/images/s7_near_field_0512_3.jpg,512,513,706,572,450.0,315.5,962.0,828.5,512.0,513.0,512.5,>32,pinned_oblique,center,none,none,bg_001.jpg,315.0,3,0.8086049556732178,0.6991366391738492,True,True,True,0.9424569298330824,58.405917589309865,True,3,0.519099235534668,0.7073091494986465,1,2,0,0.5,5,
1635,images/s7_near_field_0512_4.jpg,fixed_core_test,SYNTHETIC_3D,ok,outputs/shuttle_capability/controlled_capability/images/s7_near_field_0512_4.jpg,512,513,706,572,450.0,315.5,962.0,828.5,512.0,513.0,512.5,>32,pinned_oblique,center,none,none,bg_001.jpg,315.0,3,0.8147026896476746,0.7123012234644095,True,True,True,0.9416247196082803,52.54342718539809,True,1,0.8147026896476746,0.7123012234644095,1,2,0,0.5,5,
1636,images/s7_near_field_0512_5.jpg,fixed_core_test,SYNTHETIC_3D,ok,outputs/shuttle_capability/controlled_capability/images/s7_near_field_0512_5.jpg,512,513,706,572,450.0,315.5,962.0,828.5,512.0,513.0,512.5,>32,pinned_oblique,center,none,none,bg_001.jpg,315.0,3,0.8299172520637512,0.7245072942922697,True,True,True,0.9468208461051665,51.095026438667844,True,1,0.8299172520637512,0.7245072942922697,1,2,0,0.5,5,
1637,images/s7_near_field_0512_6.jpg,fixed_core_test,SYNTHETIC_3D,ok,outputs/shuttle_capability/controlled_capability/images/s7_near_field_0512_6.jpg,512,513,706,572,450.0,315.5,962.0,828.5,512.0,513.0,512.5,>32,pinned_oblique,center,none,none,bg_001.jpg,315.0,3,0.8372480869293213,0.7080260500409247,True,True,True,0.9378161781315766,51.61190564441705,True,1,0.8372480869293213,0.7080260500409247,1,2,0,0.5,5,
1638,images/s7_near_field_0512_7.jpg,fixed_core_test,SYNTHETIC_3D,ok,outputs/shuttle_capability/controlled_capability/images/s7_near_field_0512_7.jpg,512,513,706,572,450.0,315.5,962.0,828.5,512.0,513.0,512.5,>32,pinned_oblique,center,none,none,bg_001.jpg,315.0,3,0.8238713145256042,0.7216964070874691,True,True,True,0.9427127822574853,49.779120553715856,True,1,0.8238713145256042,0.7216964070874691,1,2,0,0.5,5,
1639,images/s7_near_field_0512_8.jpg,fixed_core_test,SYNTHETIC_3D,ok,outputs/shuttle_capability/controlled_capability/images/s7_near_field_0512_8.jpg,512,513,706,572,450.0,315.5,962.0,828.5,512.0,513.0,512.5,>32,pinned_oblique,center,none,none,bg_001.jpg,315.0,3,0.8459761142730713,0.7062641674542205,True,True,True,0.9392289998900276,53.49569707561859,True,1,0.8459761142730713,0.7062641674542205,1,2,0,0.5,5,
1640,images/s7_near_field_0512_9.jpg,fixed_core_test,SYNTHETIC_3D,ok,outputs/shuttle_capability/controlled_capability/images/s7_near_field_0512_9.jpg,512,513,706,572,450.0,315.5,962.0,828.5,512.0,513.0,512.5,>32,pinned_oblique,center,none,none,bg_001.jpg,315.0,4,0.8208422660827637,0.0,False,True,True,0.9387328042866302,49.15289647331138,True,2,0.8182076811790466,0.717548485603444,1,3,0,0.5,5,
1641,images/s7_near_field_0512_10.jpg,fixed_core_test,SYNTHETIC_3D,ok,outputs/shuttle_capability/controlled_capability/images/s7_near_field_0512_10.jpg,512,513,706,572,450.0,315.5,962.0,828.5,512.0,513.0,512.5,>32,pinned_oblique,center,none,none,bg_001.jpg,315.0,3,0.8090804219245911,0.7179825274887984,True,True,True,0.938481841122604,48.265385612218,True,1,0.8090804219245911,0.7179825274887984,1,2,0,0.5,5,
1642,images/s7_near_field_0512_11.jpg,fixed_core_test,SYNTHETIC_3D,ok,outputs/shuttle_capability/controlled_capability/images/s7_near_field_0512_11.jpg,512,513,706,572,450.0,315.5,962.0,828.5,512.0,513.0,512.5,>32,pinned_oblique,center,none,none,bg_001.jpg,315.0,3,0.8177328705787659,0.7250569513929523,True,True,True,0.9413342335700714,47.568400405649946,True,1,0.8177328705787659,0.7250569513929523,1,2,0,0.5,5,
1643,images/s7_near_field_0512_12.jpg,fixed_core_test,SYNTHETIC_3D,ok,outputs/shuttle_capability/controlled_capability/images/s7_near_field_0512_12.jpg,512,513,706,572,450.0,315.5,962.0,828.5,512.0,513.0,512.5,>32,pinned_oblique,center,none,none,bg_001.jpg,315.0,5,0.821086585521698,0.7369201737731519,True,True,True,0.9487810983308675,45.92570266208568,True,1,0.821086585521698,0.7369201737731519,1,4,0,0.5,5,
1644,images/s7_near_field_0512_13.jpg,fixed_core_test,SYNTHETIC_3D,ok,outputs/shuttle_capability/controlled_capability/images/s7_near_field_0512_13.jpg,512,513,706,572,450.0,315.5,962.0,828.5,512.0,513.0,512.5,>32,pinned_oblique,center,none,none,bg_001.jpg,315.0,4,0.7979349493980408,0.7158617568438693,True,True,True,0.9433035661471129,51.179636957968114,True,1,0.7979349493980408,0.7158617568438693,1,3,0,0.5,5,
1645,images/s7_near_field_0512_14.jpg,fixed_core_test,SYNTHETIC_3D,ok,outputs/shuttle_capability/controlled_capability/images/s7_near_field_0512_14.jpg,512,513,706,572,450.0,315.5,962.0,828.5,512.0,513.0,512.5,>32,pinned_oblique,center,none,none,bg_001.jpg,315.0,3,0.8197147846221924,0.7133841071836236,True,True,True,0.9368427720270956,49.27844861202245,True,1,0.8197147846221924,0.7133841071836236,1,2,0,0.5,5,
1646,images/s7_near_field_0512_15.jpg,fixed_core_test,SYNTHETIC_3D,ok,outputs/shuttle_capability/controlled_capability/images/s7_near_field_0512_15.jpg,512,513,706,572,450.0,315.5,962.0,828.5,512.0,513.0,512.5,>32,pinned_oblique,center,none,none,bg_001.jpg,315.0,3,0.8575704097747803,0.7163966684906969,True,True,True,0.9367056372265702,49.185343785577295,True,1,0.8575704097747803,0.7163966684906969,1,2,0,0.5,5,
1647,images/s7_near_field_0512_16.jpg,fixed_core_test,SYNTHETIC_3D,ok,outputs/shuttle_capability/controlled_capability/images/s7_near_field_0512_16.jpg,512,513,706,572,450.0,315.5,962.0,828.5,512.0,513.0,512.5,>32,pinned_oblique,center,none,none,bg_001.jpg,315.0,3,0.8446524143218994,0.7123768760383111,True,True,True,0.9364698249595939,49.673918418038106,True,1,0.8446524143218994,0.7123768760383111,1,2,0,0.5,5,
1648,images/s7_near_field_0512_17.jpg,fixed_core_test,SYNTHETIC_3D,ok,outputs/shuttle_capability/controlled_capability/images/s7_near_field_0512_17.jpg,512,513,706,572,450.0,315.5,962.0,828.5,512.0,513.0,512.5,>32,pinned_oblique,center,none,none,bg_001.jpg,315.0,3,0.8480319380760193,0.7162124120655953,True,True,True,0.940178386606899,49.81440917183082,True,1,0.8480319380760193,0.7162124120655953,1,2,0,0.5,5,
1649,images/s7_near_field_0512_18.jpg,fixed_core_test,SYNTHETIC_3D,ok,outputs/shuttle_capability/controlled_capability/images/s7_near_field_0512_18.jpg,512,513,706,572,450.0,315.5,962.0,828.5,512.0,513.0,512.5,>32,pinned_oblique,center,none,none,bg_001.jpg,315.0,4,0.8214375376701355,0.0,False,True,True,0.9486509064665395,44.13261268583077,True,2,0.8105764389038086,0.7442469554276616,1,3,0,0.5,5,
1650,images/s7_near_field_0512_19.jpg,fixed_core_test,SYNTHETIC_3D,ok,outputs/shuttle_capability/controlled_capability/images/s7_near_field_0512_19.jpg,512,513,706,572,450.0,315.5,962.0,828.5,512.0,513.0,512.5,>32,pinned_oblique,center,none,none,bg_001.jpg,315.0,4,0.8190926313400269,0.0,False,True,True,0.9417212624464643,54.47381613010462,True,2,0.8106680512428284,0.7051378131648876,1,3,0,0.5,5,
1651,images/s7_near_field_0512_20.jpg,fixed_core_test,SYNTHETIC_3D,ok,outputs/shuttle_capability/controlled_capability/images/s7_near_field_0512_20.jpg,512,513,706,572,450.0,315.5,962.0,828.5,512.0,513.0,512.5,>32,pinned_oblique,center,none,none,bg_001.jpg,315.0,4,0.8190504312515259,0.7220382261127279,True,True,True,0.9461402000423418,49.033986628574134,True,1,0.8190504312515259,0.7220382261127279,1,3,0,0.5,5,
1652,images/s7_near_field_0512_21.jpg,fixed_core_test,SYNTHETIC_3D,ok,outputs/shuttle_capability/controlled_capability/images/s7_near_field_0512_21.jpg,512,513,706,572,450.0,315.5,962.0,828.5,512.0,513.0,512.5,>32,pinned_oblique,center,none,none,bg_001.jpg,315.0,3,0.8044735789299011,0.7022354400651569,True,True,True,0.9403540222811485,59.342238467536184,True,3,0.33124247193336487,0.7040198635016061,1,2,0,0.5,5,
1653,images/s7_near_field_0512_22.jpg,fixed_core_test,SYNTHETIC_3D,ok,outputs/shuttle_capability/controlled_capability/images/s7_near_field_0512_22.jpg,512,513,706,572,450.0,315.5,962.0,828.5,512.0,513.0,512.5,>32,pinned_oblique,center,none,none,bg_001.jpg,315.0,3,0.831793487071991,0.7175680264985466,True,True,True,0.9413027795434808,49.25184250240148,True,1,0.831793487071991,0.7175680264985466,1,2,0,0.5,5,
1654,images/s7_near_field_0512_23.jpg,fixed_core_test,SYNTHETIC_3D,ok,outputs/shuttle_capability/controlled_capability/images/s7_near_field_0512_23.jpg,512,513,706,572,450.0,315.5,962.0,828.5,512.0,513.0,512.5,>32,pinned_oblique,center,none,none,bg_001.jpg,315.0,4,0.818445086479187,0.715730639495193,True,True,True,0.9441149709629089,51.20709708600457,True,1,0.818445086479187,0.715730639495193,1,3,0,0.5,5,
1655,images/s7_near_field_0512_24.jpg,fixed_core_test,SYNTHETIC_3D,ok,outputs/shuttle_capability/controlled_capability/images/s7_near_field_0512_24.jpg,512,513,706,572,450.0,315.5,962.0,828.5,512.0,513.0,512.5,>32,pinned_oblique,center,none,none,bg_001.jpg,315.0,4,0.8242204785346985,0.7178065686670376,True,True,True,0.9431979264423348,49.91938081911023,True,1,0.8242204785346985,0.7178065686670376,1,3,0,0.5,5,
1656,images/s7_near_field_0512_25.jpg,fixed_core_test,SYNTHETIC_3D,ok,outputs/shuttle_capability/controlled_capability/images/s7_near_field_0512_25.jpg,512,513,706,572,450.0,315.5,962.0,828.5,512.0,513.0,512.5,>32,pinned_oblique,center,none,none,bg_001.jpg,315.0,3,0.8218672275543213,0.6930106527851592,True,True,True,0.9425245404687608,60.94359485868947,True,3,0.45645391941070557,0.6950974550122309,1,2,0,0.5,5,
1657,images/s7_near_field_0512_26.jpg,fixed_core_test,SYNTHETIC_3D,ok,outputs/shuttle_capability/controlled_capability/images/s7_near_field_0512_26.jpg,512,513,706,572,450.0,315.5,962.0,828.5,512.0,513.0,512.5,>32,pinned_oblique,center,none,none,bg_001.jpg,315.0,3,0.8491532802581787,0.7266939028470887,True,True,True,0.9407807889871981,47.36399025502394,True,1,0.8491532802581787,0.7266939028470887,1,2,0,0.5,5,
1658,images/s7_near_field_0512_27.jpg,fixed_core_test,SYNTHETIC_3D,ok,outputs/shuttle_capability/controlled_capability/images/s7_near_field_0512_27.jpg,512,513,706,572,450.0,315.5,962.0,828.5,512.0,513.0,512.5,>32,pinned_oblique,center,none,none,bg_001.jpg,315.0,4,0.7994915843009949,0.7377015671821212,True,True,True,0.9461924859195909,45.10402293331744,True,1,0.7994915843009949,0.7377015671821212,1,3,0,0.5,5,
1659,images/s7_near_field_0512_28.jpg,fixed_core_test,SYNTHETIC_3D,ok,outputs/shuttle_capability/controlled_capability/images/s7_near_field_0512_28.jpg,512,513,706,572,450.0,315.5,962.0,828.5,512.0,513.0,512.5,>32,pinned_oblique,center,none,none,bg_001.jpg,315.0,4,0.8238826394081116,0.7227748787469996,True,True,True,0.9463212604500972,49.164143181306166,True,1,0.8238826394081116,0.7227748787469996,1,3,0,0.5,5,
1660,images/s7_near_field_0512_29.jpg,fixed_core_test,SYNTHETIC_3D,ok,outputs/shuttle_capability/controlled_capability/images/s7_near_field_0512_29.jpg,512,513,706,572,450.0,315.5,962.0,828.5,512.0,513.0,512.5,>32,pinned_oblique,center,none,none,bg_001.jpg,315.0,3,0.8099932074546814,0.7120072681761515,True,True,True,0.9454657744639311,54.2870783869084,True,1,0.8099932074546814,0.7120072681761515,1,2,0,0.5,5,
1661,images/s7_near_field_0512_30.jpg,fixed_core_test,SYNTHETIC_3D,ok,outputs/shuttle_capability/controlled_capability/images/s7_near_field_0512_30.jpg,512,513,706,572,450.0,315.5,962.0,828.5,512.0,513.0,512.5,>32,pinned_oblique,center,none,none,bg_001.jpg,315.0,3,0.8368008732795715,0.7274335842821681,True,True,True,0.9407340082334893,46.631561947148434,True,1,0.8368008732795715,0.7274335842821681,1,2,0,0.5,5,
1662,images/s7_near_field_0512_31.jpg,fixed_core_test,SYNTHETIC_3D,ok,outputs/shuttle_capability/controlled_capability/images/s7_near_field_0512_31.jpg,512,513,706,572,450.0,315.5,962.0,828.5,512.0,513.0,512.5,>32,pinned_oblique,center,none,none,bg_001.jpg,315.0,3,0.8364413976669312,0.7141761879194581,True,True,True,0.9418600869394992,51.93638782441555,True,1,0.8364413976669312,0.7141761879194581,1,2,0,0.5,5,
1663,images/s7_near_field_0512_32.jpg,fixed_core_test,SYNTHETIC_3D,ok,outputs/shuttle_capability/controlled_capability/images/s7_near_field_0512_32.jpg,512,513,706,572,450.0,315.5,962.0,828.5,512.0,513.0,512.5,>32,pinned_oblique,center,none,none,bg_001.jpg,315.0,4,0.8225195407867432,0.0,False,True,True,0.944468246465508,46.63916285992964,True,2,0.7982750535011292,0.7322386202365874,1,3,0,0.5,5,
1664,images/s7_near_field_0512_33.jpg,fixed_core_test,SYNTHETIC_3D,ok,outputs/shuttle_capability/controlled_capability/images/s7_near_field_0512_33.jpg,512,513,706,572,450.0,315.5,962.0,828.5,512.0,513.0,512.5,>32,pinned_oblique,center,none,none,bg_001.jpg,315.0,4,0.8227479457855225,0.7234213797542757,True,True,True,0.9461550904124679,48.974583338067845,True,1,0.8227479457855225,0.7234213797542757,1,3,0,0.5,5,
1665,images/s7_near_field_0512_34.jpg,fixed_core_test,SYNTHETIC_3D,ok,outputs/shuttle_capability/controlled_capability/images/s7_near_field_0512_34.jpg,512,513,706,572,450.0,315.5,962.0,828.5,512.0,513.0,512.5,>32,pinned_oblique,center,none,none,bg_001.jpg,315.0,4,0.8226659893989563,0.7262286679588634,True,True,True,0.9463771199194813,48.37530980350574,True,1,0.8226659893989563,0.7262286679588634,1,3,0,0.5,5,
1666,images/s7_near_field_0512_35.jpg,fixed_core_test,SYNTHETIC_3D,ok,outputs/shuttle_capability/controlled_capability/images/s7_near_field_0512_35.jpg,512,513,706,572,450.0,315.5,962.0,828.5,512.0,513.0,512.5,>32,pinned_oblique,center,none,none,bg_001.jpg,315.0,4,0.8438763618469238,0.7243130838174753,True,True,True,0.9394719237602525,47.398903260138674,True,1,0.8438763618469238,0.7243130838174753,1,3,0,0.5,5,
1667,images/s7_near_field_0512_36.jpg,fixed_core_test,SYNTHETIC_3D,ok,outputs/shuttle_capability/controlled_capability/images/s7_near_field_0512_36.jpg,512,513,706,572,450.0,315.5,962.0,828.5,512.0,513.0,512.5,>32,pinned_oblique,center,none,none,bg_001.jpg,315.0,3,0.819437563419342,0.7161608631832147,True,True,True,0.9422261703305259,49.96692540357827,True,1,0.819437563419342,0.7161608631832147,1,2,0,0.5,5,
1668,images/s7_near_field_0512_37.jpg,fixed_core_test,SYNTHETIC_3D,ok,outputs/shuttle_capability/controlled_capability/images/s7_near_field_0512_37.jpg,512,513,706,572,450.0,315.5,962.0,828.5,512.0,513.0,512.5,>32,pinned_oblique,center,none,none,bg_001.jpg,315.0,4,0.833128809928894,0.7235328244858911,True,True,True,0.9416516329218612,48.51717917898673,True,1,0.833128809928894,0.7235328244858911,1,3,0,0.5,5,
1669,images/s7_near_field_0512_38.jpg,fixed_core_test,SYNTHETIC_3D,ok,outputs/shuttle_capability/controlled_capability/images/s7_near_field_0512_38.jpg,512,513,706,572,450.0,315.5,962.0,828.5,512.0,513.0,512.5,>32,pinned_oblique,center,none,none,bg_001.jpg,315.0,3,0.8550186157226562,0.7226354000413057,True,True,True,0.937942052195593,47.11024147861337,True,1,0.8550186157226562,0.7226354000413057,1,2,0,0.5,5,
1670,images/s7_near_field_0512_39.jpg,fixed_core_test,SYNTHETIC_3D,ok,outputs/shuttle_capability/controlled_capability/images/s7_near_field_0512_39.jpg,512,513,706,572,450.0,315.5,962.0,828.5,512.0,513.0,512.5,>32,pinned_oblique,center,none,none,bg_001.jpg,315.0,3,0.8312001824378967,0.7233447713722134,True,True,True,0.9439690034912779,50.06852698140879,True,1,0.8312001824378967,0.7233447713722134,1,2,0,0.5,5,
1671,images/s7_near_field_0768_0.jpg,fixed_core_test,SYNTHETIC_3D,ok,outputs/shuttle_capability/controlled_capability/images/s7_near_field_0768_0.jpg,767,769,738,541,354.5,156.5,1121.5,925.5,767.0,769.0,767.999,>32,pinned_oblique,center,none,none,bg_001.jpg,315.0,5,0.7063352465629578,0.3249195706683212,False,False,False,0.7502359001484975,,False,,,0.47844391888060384,0,5,1,0.5,5,
1672,images/s7_near_field_0768_1.jpg,fixed_core_test,SYNTHETIC_3D,ok,outputs/shuttle_capability/controlled_capability/images/s7_near_field_0768_1.jpg,767,769,738,541,354.5,156.5,1121.5,925.5,767.0,769.0,767.999,>32,pinned_oblique,center,none,none,bg_001.jpg,315.0,7,0.8132578134536743,0.0,False,False,False,0.741335618259986,,False,,,0.46701464788858,0,7,1,0.5,5,
1673,images/s7_near_field_0768_2.jpg,fixed_core_test,SYNTHETIC_3D,ok,outputs/shuttle_capability/controlled_capability/images/s7_near_field_0768_2.jpg,767,769,738,541,354.5,156.5,1121.5,925.5,767.0,769.0,767.999,>32,pinned_oblique,center,none,none,bg_001.jpg,315.0,6,0.7920796871185303,0.0,False,False,False,0.748588151576054,,False,,,0.47854016779653447,0,6,1,0.5,5,
1674,images/s7_near_field_0768_3.jpg,fixed_core_test,SYNTHETIC_3D,ok,outputs/shuttle_capability/controlled_capability/images/s7_near_field_0768_3.jpg,767,769,738,541,354.5,156.5,1121.5,925.5,767.0,769.0,767.999,>32,pinned_oblique,center,none,none,bg_001.jpg,315.0,5,0.7604643106460571,0.0,False,False,False,0.7485090490263745,,False,,,0.48341597600273795,0,5,1,0.5,5,
1675,images/s7_near_field_0768_4.jpg,fixed_core_test,SYNTHETIC_3D,ok,outputs/shuttle_capability/controlled_capability/images/s7_near_field_0768_4.jpg,767,769,738,541,354.5,156.5,1121.5,925.5,767.0,769.0,767.999,>32,pinned_oblique,center,none,none,bg_001.jpg,315.0,6,0.7645677924156189,0.0,False,False,False,0.7746772068341258,,False,,,0.48443744033102876,0,6,1,0.5,5,
1676,images/s7_near_field_0768_5.jpg,fixed_core_test,SYNTHETIC_3D,ok,outputs/shuttle_capability/controlled_capability/images/s7_near_field_0768_5.jpg,767,769,738,541,354.5,156.5,1121.5,925.5,767.0,769.0,767.999,>32,pinned_oblique,center,none,none,bg_001.jpg,315.0,5,0.7396080493927002,0.32286733858171557,False,False,False,0.7544793150228105,,False,,,0.4532494825926174,0,5,1,0.5,5,
1677,images/s7_near_field_0768_6.jpg,fixed_core_test,SYNTHETIC_3D,ok,outputs/shuttle_capability/controlled_capability/images/s7_near_field_0768_6.jpg,767,769,738,541,354.5,156.5,1121.5,925.5,767.0,769.0,767.999,>32,pinned_oblique,center,none,none,bg_001.jpg,315.0,5,0.8198115229606628,0.0,False,False,False,0.7396240744373724,,False,,,0.446128951504057,0,5,1,0.5,5,
1678,images/s7_near_field_0768_7.jpg,fixed_core_test,SYNTHETIC_3D,ok,outputs/shuttle_capability/controlled_capability/images/s7_near_field_0768_7.jpg,767,769,738,541,354.5,156.5,1121.5,925.5,767.0,769.0,767.999,>32,pinned_oblique,center,none,none,bg_001.jpg,315.0,6,0.8094502091407776,0.0,False,False,False,0.7719853121896424,,False,,,0.4748503838607331,0,6,1,0.5,5,
1679,images/s7_near_field_0768_8.jpg,fixed_core_test,SYNTHETIC_3D,ok,outputs/shuttle_capability/controlled_capability/images/s7_near_field_0768_8.jpg,767,769,738,541,354.5,156.5,1121.5,925.5,767.0,769.0,767.999,>32,pinned_oblique,center,none,none,bg_001.jpg,315.0,5,0.7545799612998962,0.0,False,False,False,0.7290427854092701,,False,,,0.45134294701601013,0,5,1,0.5,5,
1680,images/s7_near_field_0768_9.jpg,fixed_core_test,SYNTHETIC_3D,ok,outputs/shuttle_capability/controlled_capability/images/s7_near_field_0768_9.jpg,767,769,738,541,354.5,156.5,1121.5,925.5,767.0,769.0,767.999,>32,pinned_oblique,center,none,none,bg_001.jpg,315.0,7,0.71968674659729,0.36744681985684474,False,False,False,0.7558706872816374,,False,,,0.4742939554750618,0,7,1,0.5,5,
1681,images/s7_near_field_0768_10.jpg,fixed_core_test,SYNTHETIC_3D,ok,outputs/shuttle_capability/controlled_capability/images/s7_near_field_0768_10.jpg,767,769,738,541,354.5,156.5,1121.5,925.5,767.0,769.0,767.999,>32,pinned_oblique,center,none,none,bg_001.jpg,315.0,5,0.7288856506347656,0.36496344257746316,False,False,False,0.6353207255847901,,False,,,0.4528997521967963,0,5,1,0.5,5,
1682,images/s7_near_field_0768_11.jpg,fixed_core_test,SYNTHETIC_3D,ok,outputs/shuttle_capability/controlled_capability/images/s7_near_field_0768_11.jpg,767,769,738,541,354.5,156.5,1121.5,925.5,767.0,769.0,767.999,>32,pinned_oblique,center,none,none,bg_001.jpg,315.0,5,0.7304434776306152,0.0,False,False,False,0.7308207651059231,,False,,,0.47438099589124394,0,5,1,0.5,5,
1683,images/s7_near_field_0768_12.jpg,fixed_core_test,SYNTHETIC_3D,ok,outputs/shuttle_capability/controlled_capability/images/s7_near_field_0768_12.jpg,767,769,738,541,354.5,156.5,1121.5,925.5,767.0,769.0,767.999,>32,pinned_oblique,center,none,none,bg_001.jpg,315.0,7,0.788713812828064,0.0,False,False,False,0.7556985966298105,,False,,,0.462176033883404,0,7,1,0.5,5,
1684,images/s7_near_field_0768_13.jpg,fixed_core_test,SYNTHETIC_3D,ok,outputs/shuttle_capability/controlled_capability/images/s7_near_field_0768_13.jpg,767,769,738,541,354.5,156.5,1121.5,925.5,767.0,769.0,767.999,>32,pinned_oblique,center,none,none,bg_001.jpg,315.0,6,0.7410706281661987,0.33050891810243743,False,False,False,0.7415279692386135,,False,,,0.4504324749230307,0,6,1,0.5,5,
1685,images/s7_near_field_0768_14.jpg,fixed_core_test,SYNTHETIC_3D,ok,outputs/shuttle_capability/controlled_capability/images/s7_near_field_0768_14.jpg,767,769,738,541,354.5,156.5,1121.5,925.5,767.0,769.0,767.999,>32,pinned_oblique,center,none,none,bg_001.jpg,315.0,7,0.7185702919960022,0.36932268577834393,False,False,False,0.7558129501023555,,False,,,0.4676723142238626,0,7,1,0.5,5,
1686,images/s7_near_field_0768_15.jpg,fixed_core_test,SYNTHETIC_3D,ok,outputs/shuttle_capability/controlled_capability/images/s7_near_field_0768_15.jpg,767,769,738,541,354.5,156.5,1121.5,925.5,767.0,769.0,767.999,>32,pinned_oblique,center,none,none,bg_001.jpg,315.0,5,0.7462533116340637,0.2795413933101979,False,False,False,0.7464706054261326,,False,,,0.4614371971684833,0,5,1,0.5,5,
1687,images/s7_near_field_0768_16.jpg,fixed_core_test,SYNTHETIC_3D,ok,outputs/shuttle_capability/controlled_capability/images/s7_near_field_0768_16.jpg,767,769,738,541,354.5,156.5,1121.5,925.5,767.0,769.0,767.999,>32,pinned_oblique,center,none,none,bg_001.jpg,315.0,4,0.8205913305282593,0.0,False,False,False,0.7270245132973245,,False,,,0.4553482920711608,0,4,1,0.5,5,
1688,images/s7_near_field_0768_17.jpg,fixed_core_test,SYNTHETIC_3D,ok,outputs/shuttle_capability/controlled_capability/images/s7_near_field_0768_17.jpg,767,769,738,541,354.5,156.5,1121.5,925.5,767.0,769.0,767.999,>32,pinned_oblique,center,none,none,bg_001.jpg,315.0,5,0.8172749876976013,0.0,False,False,False,0.7394974767263199,,False,,,0.47063200761284174,0,5,1,0.5,5,
1689,images/s7_near_field_0768_18.jpg,fixed_core_test,SYNTHETIC_3D,ok,outputs/shuttle_capability/controlled_capability/images/s7_near_field_0768_18.jpg,767,769,738,541,354.5,156.5,1121.5,925.5,767.0,769.0,767.999,>32,pinned_oblique,center,none,none,bg_001.jpg,315.0,5,0.8205434679985046,0.0,False,False,False,0.6846227433027144,,False,,,0.45541001048617336,0,5,1,0.5,5,
1690,images/s7_near_field_0768_19.jpg,fixed_core_test,SYNTHETIC_3D,ok,outputs/shuttle_capability/controlled_capability/images/s7_near_field_0768_19.jpg,767,769,738,541,354.5,156.5,1121.5,925.5,767.0,769.0,767.999,>32,pinned_oblique,center,none,none,bg_001.jpg,315.0,5,0.8133640885353088,0.0,False,False,False,0.7142238239414974,,False,,,0.4543601656759112,0,5,1,0.5,5,
1691,images/s7_near_field_0768_20.jpg,fixed_core_test,SYNTHETIC_3D,ok,outputs/shuttle_capability/controlled_capability/images/s7_near_field_0768_20.jpg,767,769,738,541,354.5,156.5,1121.5,925.5,767.0,769.0,767.999,>32,pinned_oblique,center,none,none,bg_001.jpg,315.0,5,0.8161786794662476,0.0,False,False,False,0.7636837355392034,,False,,,0.47374513827587017,0,5,1,0.5,5,
1692,images/s7_near_field_0768_21.jpg,fixed_core_test,SYNTHETIC_3D,ok,outputs/shuttle_capability/controlled_capability/images/s7_near_field_0768_21.jpg,767,769,738,541,354.5,156.5,1121.5,925.5,767.0,769.0,767.999,>32,pinned_oblique,center,none,none,bg_001.jpg,315.0,5,0.7393839359283447,0.3300926077799788,False,False,False,0.7534568728346708,,False,,,0.47666092950798106,0,5,1,0.5,5,
1693,images/s7_near_field_0768_22.jpg,fixed_core_test,SYNTHETIC_3D,ok,outputs/shuttle_capability/controlled_capability/images/s7_near_field_0768_22.jpg,767,769,738,541,354.5,156.5,1121.5,925.5,767.0,769.0,767.999,>32,pinned_oblique,center,none,none,bg_001.jpg,315.0,5,0.7482784986495972,0.0,False,False,False,0.7494427281153325,,False,,,0.47018227020195574,0,5,1,0.5,5,
1694,images/s7_near_field_0768_23.jpg,fixed_core_test,SYNTHETIC_3D,ok,outputs/shuttle_capability/controlled_capability/images/s7_near_field_0768_23.jpg,767,769,738,541,354.5,156.5,1121.5,925.5,767.0,769.0,767.999,>32,pinned_oblique,center,none,none,bg_001.jpg,315.0,4,0.7688584923744202,0.0,False,False,False,0.7278414397256473,,False,,,0.4533721483756519,0,4,1,0.5,5,
1695,images/s7_near_field_0768_24.jpg,fixed_core_test,SYNTHETIC_3D,ok,outputs/shuttle_capability/controlled_capability/images/s7_near_field_0768_24.jpg,767,769,738,541,354.5,156.5,1121.5,925.5,767.0,769.0,767.999,>32,pinned_oblique,center,none,none,bg_001.jpg,315.0,4,0.7331007122993469,0.32903724640737764,False,False,False,0.7283714341083115,,False,,,0.45471032526370125,0,4,1,0.5,5,
1696,images/s7_near_field_0768_25.jpg,fixed_core_test,SYNTHETIC_3D,ok,outputs/shuttle_capability/controlled_capability/images/s7_near_field_0768_25.jpg,767,769,738,541,354.5,156.5,1121.5,925.5,767.0,769.0,767.999,>32,pinned_oblique,center,none,none,bg_001.jpg,315.0,5,0.8105847835540771,0.0,False,False,False,0.7438039984064819,,False,,,0.43747362795784794,0,5,1,0.5,5,
1697,images/s7_near_field_0768_26.jpg,fixed_core_test,SYNTHETIC_3D,ok,outputs/shuttle_capability/controlled_capability/images/s7_near_field_0768_26.jpg,767,769,738,541,354.5,156.5,1121.5,925.5,767.0,769.0,767.999,>32,pinned_oblique,center,none,none,bg_001.jpg,315.0,6,0.7628173828125,0.0,False,False,False,0.7673248424280149,,False,,,0.45375146509603764,0,6,1,0.5,5,
1698,images/s7_near_field_0768_27.jpg,fixed_core_test,SYNTHETIC_3D,ok,outputs/shuttle_capability/controlled_capability/images/s7_near_field_0768_27.jpg,767,769,738,541,354.5,156.5,1121.5,925.5,767.0,769.0,767.999,>32,pinned_oblique,center,none,none,bg_001.jpg,315.0,7,0.7070508003234863,0.32856955570967256,False,False,False,0.7673931555353655,,False,,,0.4873448581768573,0,7,1,0.5,5,
1699,images/s7_near_field_0768_28.jpg,fixed_core_test,SYNTHETIC_3D,ok,outputs/shuttle_capability/controlled_capability/images/s7_near_field_0768_28.jpg,767,769,738,541,354.5,156.5,1121.5,925.5,767.0,769.0,767.999,>32,pinned_oblique,center,none,none,bg_001.jpg,315.0,4,0.765673816204071,0.3258202367222545,False,False,False,0.6734447641925282,,False,,,0.443101494322691,0,4,1,0.5,5,
1700,images/s7_near_field_0768_29.jpg,fixed_core_test,SYNTHETIC_3D,ok,outputs/shuttle_capability/controlled_capability/images/s7_near_field_0768_29.jpg,767,769,738,541,354.5,156.5,1121.5,925.5,767.0,769.0,767.999,>32,pinned_oblique,center,none,none,bg_001.jpg,315.0,5,0.7886766791343689,0.0,False,False,False,0.7599129197979465,,False,,,0.47561385027219216,0,5,1,0.5,5,
1701,images/s7_near_field_0768_30.jpg,fixed_core_test,SYNTHETIC_3D,ok,outputs/shuttle_capability/controlled_capability/images/s7_near_field_0768_30.jpg,767,769,738,541,354.5,156.5,1121.5,925.5,767.0,769.0,767.999,>32,pinned_oblique,center,none,none,bg_001.jpg,315.0,5,0.7246770262718201,0.2767351320139476,False,False,False,0.7430174227306243,,False,,,0.463287411688729,0,5,1,0.5,5,
1702,images/s7_near_field_0768_31.jpg,fixed_core_test,SYNTHETIC_3D,ok,outputs/shuttle_capability/controlled_capability/images/s7_near_field_0768_31.jpg,767,769,738,541,354.5,156.5,1121.5,925.5,767.0,769.0,767.999,>32,pinned_oblique,center,none,none,bg_001.jpg,315.0,6,0.7309134602546692,0.0,False,False,False,0.7695591253833669,,False,,,0.47950648543460167,0,6,1,0.5,5,
1703,images/s7_near_field_0768_32.jpg,fixed_core_test,SYNTHETIC_3D,ok,outputs/shuttle_capability/controlled_capability/images/s7_near_field_0768_32.jpg,767,769,738,541,354.5,156.5,1121.5,925.5,767.0,769.0,767.999,>32,pinned_oblique,center,none,none,bg_001.jpg,315.0,5,0.8180113434791565,0.0,False,False,False,0.7379271871624015,,False,,,0.4620236584182081,0,5,1,0.5,5,
1704,images/s7_near_field_0768_33.jpg,fixed_core_test,SYNTHETIC_3D,ok,outputs/shuttle_capability/controlled_capability/images/s7_near_field_0768_33.jpg,767,769,738,541,354.5,156.5,1121.5,925.5,767.0,769.0,767.999,>32,pinned_oblique,center,none,none,bg_001.jpg,315.0,5,0.7967475056648254,0.0,False,False,False,0.7246922427548596,,False,,,0.4528816951432876,0,5,1,0.5,5,
1705,images/s7_near_field_0768_34.jpg,fixed_core_test,SYNTHETIC_3D,ok,outputs/shuttle_capability/controlled_capability/images/s7_near_field_0768_34.jpg,767,769,738,541,354.5,156.5,1121.5,925.5,767.0,769.0,767.999,>32,pinned_oblique,center,none,none,bg_001.jpg,315.0,5,0.820868194103241,0.0,False,False,False,0.7443702628638214,,False,,,0.4691756206442485,0,5,1,0.5,5,
1706,images/s7_near_field_0768_35.jpg,fixed_core_test,SYNTHETIC_3D,ok,outputs/shuttle_capability/controlled_capability/images/s7_near_field_0768_35.jpg,767,769,738,541,354.5,156.5,1121.5,925.5,767.0,769.0,767.999,>32,pinned_oblique,center,none,none,bg_001.jpg,315.0,5,0.8202617168426514,0.0,False,False,False,0.750123754460867,,False,,,0.45206089041609554,0,5,1,0.5,5,
1707,images/s7_near_field_0768_36.jpg,fixed_core_test,SYNTHETIC_3D,ok,outputs/shuttle_capability/controlled_capability/images/s7_near_field_0768_36.jpg,767,769,738,541,354.5,156.5,1121.5,925.5,767.0,769.0,767.999,>32,pinned_oblique,center,none,none,bg_001.jpg,315.0,4,0.7373151779174805,0.32698193382271756,False,False,False,0.7220899407993951,,False,,,0.4565122568530698,0,4,1,0.5,5,
1708,images/s7_near_field_0768_37.jpg,fixed_core_test,SYNTHETIC_3D,ok,outputs/shuttle_capability/controlled_capability/images/s7_near_field_0768_37.jpg,767,769,738,541,354.5,156.5,1121.5,925.5,767.0,769.0,767.999,>32,pinned_oblique,center,none,none,bg_001.jpg,315.0,5,0.7787175178527832,0.0,False,False,False,0.741448889665499,,False,,,0.4756398555051868,0,5,1,0.5,5,
1709,images/s7_near_field_0768_38.jpg,fixed_core_test,SYNTHETIC_3D,ok,outputs/shuttle_capability/controlled_capability/images/s7_near_field_0768_38.jpg,767,769,738,541,354.5,156.5,1121.5,925.5,767.0,769.0,767.999,>32,pinned_oblique,center,none,none,bg_001.jpg,315.0,7,0.819542407989502,0.0,False,False,False,0.7792977171363592,,False,,,0.46757503057750394,0,7,1,0.5,5,
1710,images/s7_near_field_0768_39.jpg,fixed_core_test,SYNTHETIC_3D,ok,outputs/shuttle_capability/controlled_capability/images/s7_near_field_0768_39.jpg,767,769,738,541,354.5,156.5,1121.5,925.5,767.0,769.0,767.999,>32,pinned_oblique,center,none,none,bg_001.jpg,315.0,6,0.7850791811943054,0.0,False,False,False,0.7734431934084908,,False,,,0.474388213715918,0,6,1,0.5,5,
1711,images/s7_near_field_1024_0.jpg,fixed_core_test,SYNTHETIC_3D,ok,outputs/shuttle_capability/controlled_capability/images/s7_near_field_1024_0.jpg,1022,1024,767,511,256.0,-1.0,1278.0,1023.0,1022.0,1024.0,1023.0,>32,pinned_oblique,center,none,none,bg_001.jpg,315.0,7,0.7484255433082581,0.0005160159344513584,False,False,False,0.648096044341438,,False,,,0.24894897975363878,0,7,1,0.5,5,
1712,images/s7_near_field_1024_1.jpg,fixed_core_test,SYNTHETIC_3D,ok,outputs/shuttle_capability/controlled_capability/images/s7_near_field_1024_1.jpg,1022,1024,767,511,256.0,-1.0,1278.0,1023.0,1022.0,1024.0,1023.0,>32,pinned_oblique,center,none,none,bg_001.jpg,315.0,7,0.8117296099662781,0.00031650563641151314,False,False,False,0.6481104326199697,,False,,,0.2500301134993469,0,7,1,0.5,5,
1713,images/s7_near_field_1024_2.jpg,fixed_core_test,SYNTHETIC_3D,ok,outputs/shuttle_capability/controlled_capability/images/s7_near_field_1024_2.jpg,1022,1024,767,511,256.0,-1.0,1278.0,1023.0,1022.0,1024.0,1023.0,>32,pinned_oblique,center,none,none,bg_001.jpg,315.0,8,0.7933186888694763,0.0005103492085147612,False,False,False,0.6562191037583532,,False,,,0.24124366928554294,0,8,1,0.5,5,
1714,images/s7_near_field_1024_3.jpg,fixed_core_test,SYNTHETIC_3D,ok,outputs/shuttle_capability/controlled_capability/images/s7_near_field_1024_3.jpg,1022,1024,767,511,256.0,-1.0,1278.0,1023.0,1022.0,1024.0,1023.0,>32,pinned_oblique,center,none,none,bg_001.jpg,315.0,8,0.7628201246261597,0.0004990458410194416,False,False,False,0.6493262816333212,,False,,,0.24807814573027284,0,8,1,0.5,5,
1715,images/s7_near_field_1024_4.jpg,fixed_core_test,SYNTHETIC_3D,ok,outputs/shuttle_capability/controlled_capability/images/s7_near_field_1024_4.jpg,1022,1024,767,511,256.0,-1.0,1278.0,1023.0,1022.0,1024.0,1023.0,>32,pinned_oblique,center,none,none,bg_001.jpg,315.0,8,0.7423144578933716,0.0004893060194104538,False,False,False,0.6501418584919759,,False,,,0.2429873984613011,0,8,1,0.5,5,
1716,images/s7_near_field_1024_5.jpg,fixed_core_test,SYNTHETIC_3D,ok,outputs/shuttle_capability/controlled_capability/images/s7_near_field_1024_5.jpg,1022,1024,767,511,256.0,-1.0,1278.0,1023.0,1022.0,1024.0,1023.0,>32,pinned_oblique,center,none,none,bg_001.jpg,315.0,8,0.6460044384002686,0.0004985122335187641,False,False,False,0.6523624607189601,,False,,,0.24239111725130677,0,8,1,0.5,5,
1717,images/s7_near_field_1024_6.jpg,fixed_core_test,SYNTHETIC_3D,ok,outputs/shuttle_capability/controlled_capability/images/s7_near_field_1024_6.jpg,1022,1024,767,511,256.0,-1.0,1278.0,1023.0,1022.0,1024.0,1023.0,>32,pinned_oblique,center,none,none,bg_001.jpg,315.0,6,0.6021336317062378,0.18881320947511582,False,False,False,0.6465552293128585,,False,,,0.24951202434591527,0,6,1,0.5,5,
1718,images/s7_near_field_1024_7.jpg,fixed_core_test,SYNTHETIC_3D,ok,outputs/shuttle_capability/controlled_capability/images/s7_near_field_1024_7.jpg,1022,1024,767,511,256.0,-1.0,1278.0,1023.0,1022.0,1024.0,1023.0,>32,pinned_oblique,center,none,none,bg_001.jpg,315.0,6,0.6284864544868469,0.18445287041612798,False,False,False,0.6508064168878309,,False,,,0.2398839282293835,0,6,1,0.5,5,
1719,images/s7_near_field_1024_8.jpg,fixed_core_test,SYNTHETIC_3D,ok,outputs/shuttle_capability/controlled_capability/images/s7_near_field_1024_8.jpg,1022,1024,767,511,256.0,-1.0,1278.0,1023.0,1022.0,1024.0,1023.0,>32,pinned_oblique,center,none,none,bg_001.jpg,315.0,8,0.6627010703086853,0.000516899594299369,False,False,False,0.6642642713586451,,False,,,0.2578780190785126,0,8,1,0.5,5,
1720,images/s7_near_field_1024_9.jpg,fixed_core_test,SYNTHETIC_3D,ok,outputs/shuttle_capability/controlled_capability/images/s7_near_field_1024_9.jpg,1022,1024,767,511,256.0,-1.0,1278.0,1023.0,1022.0,1024.0,1023.0,>32,pinned_oblique,center,none,none,bg_001.jpg,315.0,6,0.6503358483314514,0.1914785506175334,False,False,False,0.6396001623923638,,False,,,0.24450914885747183,0,6,1,0.5,5,
1721,images/s7_near_field_1024_10.jpg,fixed_core_test,SYNTHETIC_3D,ok,outputs/shuttle_capability/controlled_capability/images/s7_near_field_1024_10.jpg,1022,1024,767,511,256.0,-1.0,1278.0,1023.0,1022.0,1024.0,1023.0,>32,pinned_oblique,center,none,none,bg_001.jpg,315.0,6,0.6342331767082214,0.18866558529172484,False,False,False,0.6848342752398646,,False,,,0.24193177239375777,0,6,1,0.5,5,
1722,images/s7_near_field_1024_11.jpg,fixed_core_test,SYNTHETIC_3D,ok,outputs/shuttle_capability/controlled_capability/images/s7_near_field_1024_11.jpg,1022,1024,767,511,256.0,-1.0,1278.0,1023.0,1022.0,1024.0,1023.0,>32,pinned_oblique,center,none,none,bg_001.jpg,315.0,8,0.7454553842544556,0.0005165994734852575,False,False,False,0.6512494698183784,,False,,,0.24691804000186884,0,8,1,0.5,5,
1723,images/s7_near_field_1024_12.jpg,fixed_core_test,SYNTHETIC_3D,ok,outputs/shuttle_capability/controlled_capability/images/s7_near_field_1024_12.jpg,1022,1024,767,511,256.0,-1.0,1278.0,1023.0,1022.0,1024.0,1023.0,>32,pinned_oblique,center,none,none,bg_001.jpg,315.0,8,0.778387188911438,0.00011378919354689209,False,False,False,0.6538719978005344,,False,,,0.2456844737071858,0,8,1,0.5,5,
1724,images/s7_near_field_1024_13.jpg,fixed_core_test,SYNTHETIC_3D,ok,outputs/shuttle_capability/controlled_capability/images/s7_near_field_1024_13.jpg,1022,1024,767,511,256.0,-1.0,1278.0,1023.0,1022.0,1024.0,1023.0,>32,pinned_oblique,center,none,none,bg_001.jpg,315.0,8,0.7616305947303772,0.00048759509456196325,False,False,False,0.6542256307756874,,False,,,0.24796384172402164,0,8,1,0.5,5,
1725,images/s7_near_field_1024_14.jpg,fixed_core_test,SYNTHETIC_3D,ok,outputs/shuttle_capability/controlled_capability/images/s7_near_field_1024_14.jpg,1022,1024,767,511,256.0,-1.0,1278.0,1023.0,1022.0,1024.0,1023.0,>32,pinned_oblique,center,none,none,bg_001.jpg,315.0,6,0.6434711813926697,0.19202203771777768,False,False,False,0.6504684252928804,,False,,,0.2565705776541296,0,6,1,0.5,5,
1726,images/s7_near_field_1024_15.jpg,fixed_core_test,SYNTHETIC_3D,ok,outputs/shuttle_capability/controlled_capability/images/s7_near_field_1024_15.jpg,1022,1024,767,511,256.0,-1.0,1278.0,1023.0,1022.0,1024.0,1023.0,>32,pinned_oblique,center,none,none,bg_001.jpg,315.0,8,0.7261497378349304,0.0005010721075546531,False,False,False,0.653562593087927,,False,,,0.2433481400830065,0,8,1,0.5,5,
1727,images/s7_near_field_1024_16.jpg,fixed_core_test,SYNTHETIC_3D,ok,outputs/shuttle_capability/controlled_capability/images/s7_near_field_1024_16.jpg,1022,1024,767,511,256.0,-1.0,1278.0,1023.0,1022.0,1024.0,1023.0,>32,pinned_oblique,center,none,none,bg_001.jpg,315.0,8,0.5650926232337952,0.18440677248972584,False,False,False,0.6547491850201586,,False,,,0.24265994690021092,0,8,1,0.5,5,
1728,images/s7_near_field_1024_17.jpg,fixed_core_test,SYNTHETIC_3D,ok,outputs/shuttle_capability/controlled_capability/images/s7_near_field_1024_17.jpg,1022,1024,767,511,256.0,-1.0,1278.0,1023.0,1022.0,1024.0,1023.0,>32,pinned_oblique,center,none,none,bg_001.jpg,315.0,7,0.8034878373146057,0.0004714571653524461,False,False,False,0.6565595409256978,,False,,,0.2551374052404264,0,7,1,0.5,5,
1729,images/s7_near_field_1024_18.jpg,fixed_core_test,SYNTHETIC_3D,ok,outputs/shuttle_capability/controlled_capability/images/s7_near_field_1024_18.jpg,1022,1024,767,511,256.0,-1.0,1278.0,1023.0,1022.0,1024.0,1023.0,>32,pinned_oblique,center,none,none,bg_001.jpg,315.0,7,0.8171836733818054,0.0004548326052467652,False,False,False,0.6494152639884172,,False,,,0.2436827912195319,0,7,1,0.5,5,
1730,images/s7_near_field_1024_19.jpg,fixed_core_test,SYNTHETIC_3D,ok,outputs/shuttle_capability/controlled_capability/images/s7_near_field_1024_19.jpg,1022,1024,767,511,256.0,-1.0,1278.0,1023.0,1022.0,1024.0,1023.0,>32,pinned_oblique,center,none,none,bg_001.jpg,315.0,8,0.8201625943183899,0.0005257448544652873,False,False,False,0.6548160408289901,,False,,,0.24721136337870542,0,8,1,0.5,5,
1731,images/s7_near_field_1024_20.jpg,fixed_core_test,SYNTHETIC_3D,ok,outputs/shuttle_capability/controlled_capability/images/s7_near_field_1024_20.jpg,1022,1024,767,511,256.0,-1.0,1278.0,1023.0,1022.0,1024.0,1023.0,>32,pinned_oblique,center,none,none,bg_001.jpg,315.0,7,0.8143817186355591,0.0,False,False,False,0.6495159838465032,,False,,,0.24375997900336022,0,7,1,0.5,5,
1732,images/s7_near_field_1024_21.jpg,fixed_core_test,SYNTHETIC_3D,ok,outputs/shuttle_capability/controlled_capability/images/s7_near_field_1024_21.jpg,1022,1024,767,511,256.0,-1.0,1278.0,1023.0,1022.0,1024.0,1023.0,>32,pinned_oblique,center,none,none,bg_001.jpg,315.0,7,0.5945547223091125,0.18833136704009246,False,False,False,0.6958500161420216,,False,,,0.2499248077477186,0,7,1,0.5,5,
1733,images/s7_near_field_1024_22.jpg,fixed_core_test,SYNTHETIC_3D,ok,outputs/shuttle_capability/controlled_capability/images/s7_near_field_1024_22.jpg,1022,1024,767,511,256.0,-1.0,1278.0,1023.0,1022.0,1024.0,1023.0,>32,pinned_oblique,center,none,none,bg_001.jpg,315.0,6,0.5206966996192932,0.23967711985726803,False,False,False,0.6551047870219875,,False,,,0.24527478035437839,0,6,1,0.5,5,
1734,images/s7_near_field_1024_23.jpg,fixed_core_test,SYNTHETIC_3D,ok,outputs/shuttle_capability/controlled_capability/images/s7_near_field_1024_23.jpg,1022,1024,767,511,256.0,-1.0,1278.0,1023.0,1022.0,1024.0,1023.0,>32,pinned_oblique,center,none,none,bg_001.jpg,315.0,6,0.5911440849304199,0.18935731070123674,False,False,False,0.658223336178962,,False,,,0.24499408675432174,0,6,1,0.5,5,
1735,images/s7_near_field_1024_24.jpg,fixed_core_test,SYNTHETIC_3D,ok,outputs/shuttle_capability/controlled_capability/images/s7_near_field_1024_24.jpg,1022,1024,767,511,256.0,-1.0,1278.0,1023.0,1022.0,1024.0,1023.0,>32,pinned_oblique,center,none,none,bg_001.jpg,315.0,5,0.5998477935791016,0.18969470556598284,False,False,False,0.6325263608665532,,False,,,0.2422541461108662,0,5,1,0.5,5,
1736,images/s7_near_field_1024_25.jpg,fixed_core_test,SYNTHETIC_3D,ok,outputs/shuttle_capability/controlled_capability/images/s7_near_field_1024_25.jpg,1022,1024,767,511,256.0,-1.0,1278.0,1023.0,1022.0,1024.0,1023.0,>32,pinned_oblique,center,none,none,bg_001.jpg,315.0,8,0.8126182556152344,0.0005004938665961465,False,False,False,0.6542615700353538,,False,,,0.2433757399077677,0,8,1,0.5,5,
1737,images/s7_near_field_1024_26.jpg,fixed_core_test,SYNTHETIC_3D,ok,outputs/shuttle_capability/controlled_capability/images/s7_near_field_1024_26.jpg,1022,1024,767,511,256.0,-1.0,1278.0,1023.0,1022.0,1024.0,1023.0,>32,pinned_oblique,center,none,none,bg_001.jpg,315.0,6,0.595463752746582,0.18483387438100518,False,False,False,0.6526664664785703,,False,,,0.23935851058965765,0,6,1,0.5,5,
1738,images/s7_near_field_1024_27.jpg,fixed_core_test,SYNTHETIC_3D,ok,outputs/shuttle_capability/controlled_capability/images/s7_near_field_1024_27.jpg,1022,1024,767,511,256.0,-1.0,1278.0,1023.0,1022.0,1024.0,1023.0,>32,pinned_oblique,center,none,none,bg_001.jpg,315.0,7,0.6400038003921509,0.0004988373787254082,False,False,False,0.6496255623261649,,False,,,0.24271663624008624,0,7,1,0.5,5,
1739,images/s7_near_field_1024_28.jpg,fixed_core_test,SYNTHETIC_3D,ok,outputs/shuttle_capability/controlled_capability/images/s7_near_field_1024_28.jpg,1022,1024,767,511,256.0,-1.0,1278.0,1023.0,1022.0,1024.0,1023.0,>32,pinned_oblique,center,none,none,bg_001.jpg,315.0,7,0.7186028957366943,0.0,False,False,False,0.6513569572372104,,False,,,0.24307763834674115,0,7,1,0.5,5,
1740,images/s7_near_field_1024_29.jpg,fixed_core_test,SYNTHETIC_3D,ok,outputs/shuttle_capability/controlled_capability/images/s7_near_field_1024_29.jpg,1022,1024,767,511,256.0,-1.0,1278.0,1023.0,1022.0,1024.0,1023.0,>32,pinned_oblique,center,none,none,bg_001.jpg,315.0,8,0.782713770866394,0.0005011508167372228,False,False,False,0.6502185183347461,,False,,,0.24050813355472322,0,8,1,0.5,5,
1741,images/s7_near_field_1024_30.jpg,fixed_core_test,SYNTHETIC_3D,ok,outputs/shuttle_capability/controlled_capability/images/s7_near_field_1024_30.jpg,1022,1024,767,511,256.0,-1.0,1278.0,1023.0,1022.0,1024.0,1023.0,>32,pinned_oblique,center,none,none,bg_001.jpg,315.0,8,0.7138356566429138,0.00046562713168451196,False,False,False,0.6499202587011058,,False,,,0.24250507837019067,0,8,1,0.5,5,
1742,images/s7_near_field_1024_31.jpg,fixed_core_test,SYNTHETIC_3D,ok,outputs/shuttle_capability/controlled_capability/images/s7_near_field_1024_31.jpg,1022,1024,767,511,256.0,-1.0,1278.0,1023.0,1022.0,1024.0,1023.0,>32,pinned_oblique,center,none,none,bg_001.jpg,315.0,7,0.74163419008255,0.0004956993549083015,False,False,False,0.6481527953376857,,False,,,0.2427209680518951,0,7,1,0.5,5,
1743,images/s7_near_field_1024_32.jpg,fixed_core_test,SYNTHETIC_3D,ok,outputs/shuttle_capability/controlled_capability/images/s7_near_field_1024_32.jpg,1022,1024,767,511,256.0,-1.0,1278.0,1023.0,1022.0,1024.0,1023.0,>32,pinned_oblique,center,none,none,bg_001.jpg,315.0,9,0.8218188881874084,0.0004992553328863952,False,False,False,0.6618872964781247,,False,,,0.24667744876233363,0,9,1,0.5,5,
1744,images/s7_near_field_1024_33.jpg,fixed_core_test,SYNTHETIC_3D,ok,outputs/shuttle_capability/controlled_capability/images/s7_near_field_1024_33.jpg,1022,1024,767,511,256.0,-1.0,1278.0,1023.0,1022.0,1024.0,1023.0,>32,pinned_oblique,center,none,none,bg_001.jpg,315.0,8,0.7978360056877136,0.0,False,False,False,0.661285166634041,,False,,,0.2432648467468749,0,8,1,0.5,5,
1745,images/s7_near_field_1024_34.jpg,fixed_core_test,SYNTHETIC_3D,ok,outputs/shuttle_capability/controlled_capability/images/s7_near_field_1024_34.jpg,1022,1024,767,511,256.0,-1.0,1278.0,1023.0,1022.0,1024.0,1023.0,>32,pinned_oblique,center,none,none,bg_001.jpg,315.0,7,0.8158432245254517,0.0,False,False,False,0.6481107179400614,,False,,,0.2501231159864664,0,7,1,0.5,5,
1746,images/s7_near_field_1024_35.jpg,fixed_core_test,SYNTHETIC_3D,ok,outputs/shuttle_capability/controlled_capability/images/s7_near_field_1024_35.jpg,1022,1024,767,511,256.0,-1.0,1278.0,1023.0,1022.0,1024.0,1023.0,>32,pinned_oblique,center,none,none,bg_001.jpg,315.0,7,0.6032760739326477,0.0005449008922102128,False,False,False,0.6346038580630463,,False,,,0.24495101910435013,0,7,1,0.5,5,
1747,images/s7_near_field_1024_36.jpg,fixed_core_test,SYNTHETIC_3D,ok,outputs/shuttle_capability/controlled_capability/images/s7_near_field_1024_36.jpg,1022,1024,767,511,256.0,-1.0,1278.0,1023.0,1022.0,1024.0,1023.0,>32,pinned_oblique,center,none,none,bg_001.jpg,315.0,5,0.5879961252212524,0.18799935651222957,False,False,False,0.6323563514857906,,False,,,0.24289865716650239,0,5,1,0.5,5,
1748,images/s7_near_field_1024_37.jpg,fixed_core_test,SYNTHETIC_3D,ok,outputs/shuttle_capability/controlled_capability/images/s7_near_field_1024_37.jpg,1022,1024,767,511,256.0,-1.0,1278.0,1023.0,1022.0,1024.0,1023.0,>32,pinned_oblique,center,none,none,bg_001.jpg,315.0,7,0.6491961479187012,0.18705867004440668,False,False,False,0.6576164230176536,,False,,,0.25157219584349727,0,7,1,0.5,5,
1749,images/s7_near_field_1024_38.jpg,fixed_core_test,SYNTHETIC_3D,ok,outputs/shuttle_capability/controlled_capability/images/s7_near_field_1024_38.jpg,1022,1024,767,511,256.0,-1.0,1278.0,1023.0,1022.0,1024.0,1023.0,>32,pinned_oblique,center,none,none,bg_001.jpg,315.0,6,0.6045733690261841,0.18902244265139378,False,False,False,0.635588374241127,,False,,,0.25967857382130044,0,6,1,0.5,5,
1750,images/s7_near_field_1024_39.jpg,fixed_core_test,SYNTHETIC_3D,ok,outputs/shuttle_capability/controlled_capability/images/s7_near_field_1024_39.jpg,1022,1024,767,511,256.0,-1.0,1278.0,1023.0,1022.0,1024.0,1023.0,>32,pinned_oblique,center,none,none,bg_001.jpg,315.0,6,0.6434223055839539,0.18974566423179764,False,False,False,0.6524067887070765,,False,,,0.2435858468583181,0,6,1,0.5,5,
