index,file,split,source_type,status,image_path,bbox_w_px,bbox_h_px,pos_x_px,pos_y_px,gt_x1,gt_y1,gt_x2,gt_y2,gt_width_px,gt_height_px,equivalent_size_px,size_bucket,pose_bucket,position_bucket,blur_bucket,occlusion_bucket,background,light_azimuth_deg,n_candidates,top1_confidence,top1_iou,top1_hit,topk_hit,gt_covered,gt_covered_fraction,center_error_px,center_error_defined,matched_rank,matched_confidence,best_iou,n_true_positives,n_false_positives,n_false_negatives,iou_threshold,top_k,error
1,images/s1_size_lt4_0.jpg,fixed_core_test,SYNTHETIC_3D,ok,outputs/shuttle_capability/controlled_capability/images/s1_size_lt4_0.jpg,3,3,480,479,478.5,477.5,481.5,480.5,3.0,3.0,3.0,<4,pinned_oblique,center,none,none,bg_001.jpg,315.0,1,0.2724670469760895,0.0,False,False,False,0.0,,False,,,0.0,0,1,1,0.5,5,
2,images/s1_size_lt4_1.jpg,fixed_core_test,SYNTHETIC_3D,ok,outputs/shuttle_capability/controlled_capability/images/s1_size_lt4_1.jpg,2,2,479,479,478.0,478.0,480.0,480.0,2.0,2.0,2.0,<4,pinned_oblique,center,none,none,bg_001.jpg,315.0,1,0.09349096566438675,0.0,False,False,False,0.0,,False,,,0.0,0,1,1,0.5,5,
3,images/s1_size_lt4_2.jpg,fixed_core_test,SYNTHETIC_3D,ok,outputs/shuttle_capability/controlled_capability/images/s1_size_lt4_2.jpg,3,3,480,479,478.5,477.5,481.5,480.5,3.0,3.0,3.0,<4,pinned_oblique,center,none,none,bg_001.jpg,315.0,3,0.2835007905960083,0.0,False,False,False,0.0,,False,,,0.0,0,3,1,0.5,5,
4,images/s1_size_lt4_3.jpg,fixed_core_test,SYNTHETIC_3D,ok,outputs/shuttle_capability/controlled_capability/images/s1_size_lt4_3.jpg,3,3,480,479,478.5,477.5,481.5,480.5,3.0,3.0,3.0,<4,pinned_oblique,center,none,none,bg_001.jpg,315.0,1,0.9113637804985046,0.0,False,False,False,0.0,,False,,,0.0,0,1,1,0.5,5,
5,images/s1_size_lt4_4.jpg,fixed_core_test,SYNTHETIC_3D,ok,outputs/shuttle_capability/controlled_capability/images/s1_size_lt4_4.jpg,2,2,479,479,478.0,478.0,480.0,480.0,2.0,2.0,2.0,<4,pinned_oblique,center,none,none,bg_001.jpg,315.0,3,0.25697171688079834,0.0,False,False,False,0.0,,False,,,0.0,0,3,1,0.5,5,
6,images/s1_size_lt4_5.jpg,fixed_core_test,SYNTHETIC_3D,ok,outputs/shuttle_capability/controlled_capability/images/s1_size_lt4_5.jpg,3,3,480,479,478.5,477.5,481.5,480.5,3.0,3.0,3.0,<4,pinned_oblique,center,none,none,bg_001.jpg,315.0,3,0.7746002078056335,0.0,False,False,False,0.0,,False,,,0.0,0,3,1,0.5,5,
7,images/s1_size_lt4_6.jpg,fixed_core_test,SYNTHETIC_3D,ok,outputs/shuttle_capability/controlled_capability/images/s1_size_lt4_6.jpg,3,3,480,479,478.5,477.5,481.5,480.5,3.0,3.0,3.0,<4,pinned_oblique,center,none,none,bg_001.jpg,315.0,4,0.32973435521125793,0.0,False,False,False,0.0,,False,,,0.0,0,4,1,0.5,5,
8,images/s1_size_lt4_7.jpg,fixed_core_test,SYNTHETIC_3D,ok,outputs/shuttle_capability/controlled_capability/images/s1_size_lt4_7.jpg,2,2,479,479,478.0,478.0,480.0,480.0,2.0,2.0,2.0,<4,pinned_oblique,center,none,none,bg_001.jpg,315.0,1,0.2303224503993988,0.0,False,False,False,0.0,,False,,,0.0,0,1,1,0.5,5,
9,images/s1_size_lt4_8.jpg,fixed_core_test,SYNTHETIC_3D,ok,outputs/shuttle_capability/controlled_capability/images/s1_size_lt4_8.jpg,3,3,480,479,478.5,477.5,481.5,480.5,3.0,3.0,3.0,<4,pinned_oblique,center,none,none,bg_001.jpg,315.0,2,0.10588479787111282,0.0,False,False,False,0.0,,False,,,0.0,0,2,1,0.5,5,
10,images/s1_size_lt4_9.jpg,fixed_core_test,SYNTHETIC_3D,ok,outputs/shuttle_capability/controlled_capability/images/s1_size_lt4_9.jpg,3,3,480,479,478.5,477.5,481.5,480.5,3.0,3.0,3.0,<4,pinned_oblique,center,none,none,bg_001.jpg,315.0,1,0.0675378069281578,0.0,False,False,False,0.0,,False,,,0.0,0,1,1,0.5,5,
11,images/s1_size_lt4_10.jpg,fixed_core_test,SYNTHETIC_3D,ok,outputs/shuttle_capability/controlled_capability/images/s1_size_lt4_10.jpg,2,2,479,479,478.0,478.0,480.0,480.0,2.0,2.0,2.0,<4,pinned_oblique,center,none,none,bg_001.jpg,315.0,2,0.5975090265274048,0.0,False,False,False,0.0,,False,,,0.0,0,2,1,0.5,5,
12,images/s1_size_lt4_11.jpg,fixed_core_test,SYNTHETIC_3D,ok,outputs/shuttle_capability/controlled_capability/images/s1_size_lt4_11.jpg,3,3,480,479,478.5,477.5,481.5,480.5,3.0,3.0,3.0,<4,pinned_oblique,center,none,none,bg_001.jpg,315.0,1,0.05619794502854347,0.0,False,False,False,0.0,,False,,,0.0,0,1,1,0.5,5,
13,images/s1_size_lt4_12.jpg,fixed_core_test,SYNTHETIC_3D,ok,outputs/shuttle_capability/controlled_capability/images/s1_size_lt4_12.jpg,3,3,480,479,478.5,477.5,481.5,480.5,3.0,3.0,3.0,<4,pinned_oblique,center,none,none,bg_001.jpg,315.0,3,0.08647368848323822,0.0,False,False,False,0.0,,False,,,0.0,0,3,1,0.5,5,
14,images/s1_size_lt4_13.jpg,fixed_core_test,SYNTHETIC_3D,ok,outputs/shuttle_capability/controlled_capability/images/s1_size_lt4_13.jpg,2,2,479,479,478.0,478.0,480.0,480.0,2.0,2.0,2.0,<4,pinned_oblique,center,none,none,bg_001.jpg,315.0,0,,,False,False,False,0.0,,False,,,0.0,0,0,1,0.5,5,
15,images/s1_size_lt4_14.jpg,fixed_core_test,SYNTHETIC_3D,ok,outputs/shuttle_capability/controlled_capability/images/s1_size_lt4_14.jpg,3,3,480,479,478.5,477.5,481.5,480.5,3.0,3.0,3.0,<4,pinned_oblique,center,none,none,bg_001.jpg,315.0,1,0.8236238956451416,0.0,False,False,False,0.0,,False,,,0.0,0,1,1,0.5,5,
16,images/s1_size_lt4_15.jpg,fixed_core_test,SYNTHETIC_3D,ok,outputs/shuttle_capability/controlled_capability/images/s1_size_lt4_15.jpg,3,3,480,479,478.5,477.5,481.5,480.5,3.0,3.0,3.0,<4,pinned_oblique,center,none,none,bg_001.jpg,315.0,2,0.06563655287027359,0.0,False,False,False,0.0,,False,,,0.0,0,2,1,0.5,5,
17,images/s1_size_lt4_16.jpg,fixed_core_test,SYNTHETIC_3D,ok,outputs/shuttle_capability/controlled_capability/images/s1_size_lt4_16.jpg,2,2,479,479,478.0,478.0,480.0,480.0,2.0,2.0,2.0,<4,pinned_oblique,center,none,none,bg_001.jpg,315.0,3,0.10445800423622131,0.0,False,False,False,0.0,,False,,,0.0,0,3,1,0.5,5,
18,images/s1_size_lt4_17.jpg,fixed_core_test,SYNTHETIC_3D,ok,outputs/shuttle_capability/controlled_capability/images/s1_size_lt4_17.jpg,3,3,480,479,478.5,477.5,481.5,480.5,3.0,3.0,3.0,<4,pinned_oblique,center,none,none,bg_001.jpg,315.0,4,0.6087226271629333,0.0,False,False,False,0.0,,False,,,0.0,0,4,1,0.5,5,
19,images/s1_size_lt4_18.jpg,fixed_core_test,SYNTHETIC_3D,ok,outputs/shuttle_capability/controlled_capability/images/s1_size_lt4_18.jpg,3,3,480,479,478.5,477.5,481.5,480.5,3.0,3.0,3.0,<4,pinned_oblique,center,none,none,bg_001.jpg,315.0,1,0.05661293864250183,0.0,False,False,False,0.0,,False,,,0.0,0,1,1,0.5,5,
20,images/s1_size_lt4_19.jpg,fixed_core_test,SYNTHETIC_3D,ok,outputs/shuttle_capability/controlled_capability/images/s1_size_lt4_19.jpg,2,2,479,479,478.0,478.0,480.0,480.0,2.0,2.0,2.0,<4,pinned_oblique,center,none,none,bg_001.jpg,315.0,0,,,False,False,False,0.0,,False,,,0.0,0,0,1,0.5,5,
21,images/s1_size_lt4_20.jpg,fixed_core_test,SYNTHETIC_3D,ok,outputs/shuttle_capability/controlled_capability/images/s1_size_lt4_20.jpg,3,3,480,479,478.5,477.5,481.5,480.5,3.0,3.0,3.0,<4,pinned_oblique,center,none,none,bg_001.jpg,315.0,0,,,False,False,False,0.0,,False,,,0.0,0,0,1,0.5,5,
22,images/s1_size_lt4_21.jpg,fixed_core_test,SYNTHETIC_3D,ok,outputs/shuttle_capability/controlled_capability/images/s1_size_lt4_21.jpg,3,3,480,479,478.5,477.5,481.5,480.5,3.0,3.0,3.0,<4,pinned_oblique,center,none,none,bg_001.jpg,315.0,0,,,False,False,False,0.0,,False,,,0.0,0,0,1,0.5,5,
23,images/s1_size_lt4_22.jpg,fixed_core_test,SYNTHETIC_3D,ok,outputs/shuttle_capability/controlled_capability/images/s1_size_lt4_22.jpg,2,2,479,479,478.0,478.0,480.0,480.0,2.0,2.0,2.0,<4,pinned_oblique,center,none,none,bg_001.jpg,315.0,2,0.7082017660140991,0.0,False,False,False,0.0,,False,,,0.0,0,2,1,0.5,5,
24,images/s1_size_lt4_23.jpg,fixed_core_test,SYNTHETIC_3D,ok,outputs/shuttle_capability/controlled_capability/images/s1_size_lt4_23.jpg,3,3,480,479,478.5,477.5,481.5,480.5,3.0,3.0,3.0,<4,pinned_oblique,center,none,none,bg_001.jpg,315.0,0,,,False,False,False,0.0,,False,,,0.0,0,0,1,0.5,5,
25,images/s1_size_lt4_24.jpg,fixed_core_test,SYNTHETIC_3D,ok,outputs/shuttle_capability/controlled_capability/images/s1_size_lt4_24.jpg,3,3,480,479,478.5,477.5,481.5,480.5,3.0,3.0,3.0,<4,pinned_oblique,center,none,none,bg_001.jpg,315.0,0,,,False,False,False,0.0,,False,,,0.0,0,0,1,0.5,5,
26,images/s1_size_lt4_25.jpg,fixed_core_test,SYNTHETIC_3D,ok,outputs/shuttle_capability/controlled_capability/images/s1_size_lt4_25.jpg,2,2,479,479,478.0,478.0,480.0,480.0,2.0,2.0,2.0,<4,pinned_oblique,center,none,none,bg_001.jpg,315.0,1,0.20006456971168518,0.0,False,False,False,0.0,,False,,,0.0,0,1,1,0.5,5,
27,images/s1_size_lt4_26.jpg,fixed_core_test,SYNTHETIC_3D,ok,outputs/shuttle_capability/controlled_capability/images/s1_size_lt4_26.jpg,3,3,480,479,478.5,477.5,481.5,480.5,3.0,3.0,3.0,<4,pinned_oblique,center,none,none,bg_001.jpg,315.0,1,0.1472858488559723,0.0,False,False,False,0.0,,False,,,0.0,0,1,1,0.5,5,
28,images/s1_size_lt4_27.jpg,fixed_core_test,SYNTHETIC_3D,ok,outputs/shuttle_capability/controlled_capability/images/s1_size_lt4_27.jpg,3,3,480,479,478.5,477.5,481.5,480.5,3.0,3.0,3.0,<4,pinned_oblique,center,none,none,bg_001.jpg,315.0,1,0.06394941359758377,0.0,False,False,False,0.0,,False,,,0.0,0,1,1,0.5,5,
29,images/s1_size_lt4_28.jpg,fixed_core_test,SYNTHETIC_3D,ok,outputs/shuttle_capability/controlled_capability/images/s1_size_lt4_28.jpg,2,2,479,479,478.0,478.0,480.0,480.0,2.0,2.0,2.0,<4,pinned_oblique,center,none,none,bg_001.jpg,315.0,1,0.09535818547010422,0.0,False,False,False,0.0,,False,,,0.0,0,1,1,0.5,5,
30,images/s1_size_lt4_29.jpg,fixed_core_test,SYNTHETIC_3D,ok,outputs/shuttle_capability/controlled_capability/images/s1_size_lt4_29.jpg,3,3,480,479,478.5,477.5,481.5,480.5,3.0,3.0,3.0,<4,pinned_oblique,center,none,none,bg_001.jpg,315.0,2,0.18608307838439941,0.0,False,False,False,0.0,,False,,,0.0,0,2,1,0.5,5,
31,images/s1_size_lt4_30.jpg,fixed_core_test,SYNTHETIC_3D,ok,outputs/shuttle_capability/controlled_capability/images/s1_size_lt4_30.jpg,3,3,480,479,478.5,477.5,481.5,480.5,3.0,3.0,3.0,<4,pinned_oblique,center,none,none,bg_001.jpg,315.0,1,0.06103278696537018,0.0,False,False,False,0.0,,False,,,0.0,0,1,1,0.5,5,
32,images/s1_size_lt4_31.jpg,fixed_core_test,SYNTHETIC_3D,ok,outputs/shuttle_capability/controlled_capability/images/s1_size_lt4_31.jpg,2,2,479,479,478.0,478.0,480.0,480.0,2.0,2.0,2.0,<4,pinned_oblique,center,none,none,bg_001.jpg,315.0,1,0.07261373847723007,0.0,False,False,False,0.0,,False,,,0.0,0,1,1,0.5,5,
33,images/s1_size_lt4_32.jpg,fixed_core_test,SYNTHETIC_3D,ok,outputs/shuttle_capability/controlled_capability/images/s1_size_lt4_32.jpg,3,3,480,479,478.5,477.5,481.5,480.5,3.0,3.0,3.0,<4,pinned_oblique,center,none,none,bg_001.jpg,315.0,1,0.21737150847911835,0.0,False,False,False,0.0,,False,,,0.0,0,1,1,0.5,5,
34,images/s1_size_lt4_33.jpg,fixed_core_test,SYNTHETIC_3D,ok,outputs/shuttle_capability/controlled_capability/images/s1_size_lt4_33.jpg,3,3,480,479,478.5,477.5,481.5,480.5,3.0,3.0,3.0,<4,pinned_oblique,center,none,none,bg_001.jpg,315.0,1,0.05074203386902809,0.0,False,False,False,0.0,,False,,,0.0,0,1,1,0.5,5,
35,images/s1_size_lt4_34.jpg,fixed_core_test,SYNTHETIC_3D,ok,outputs/shuttle_capability/controlled_capability/images/s1_size_lt4_34.jpg,2,2,479,479,478.0,478.0,480.0,480.0,2.0,2.0,2.0,<4,pinned_oblique,center,none,none,bg_001.jpg,315.0,4,0.2436245232820511,0.0,False,False,False,0.0,,False,,,0.0,0,4,1,0.5,5,
36,images/s1_size_lt4_35.jpg,fixed_core_test,SYNTHETIC_3D,ok,outputs/shuttle_capability/controlled_capability/images/s1_size_lt4_35.jpg,3,3,480,479,478.5,477.5,481.5,480.5,3.0,3.0,3.0,<4,pinned_oblique,center,none,none,bg_001.jpg,315.0,0,,,False,False,False,0.0,,False,,,0.0,0,0,1,0.5,5,
37,images/s1_size_lt4_36.jpg,fixed_core_test,SYNTHETIC_3D,ok,outputs/shuttle_capability/controlled_capability/images/s1_size_lt4_36.jpg,3,3,480,479,478.5,477.5,481.5,480.5,3.0,3.0,3.0,<4,pinned_oblique,center,none,none,bg_001.jpg,315.0,2,0.08624453097581863,0.0,False,False,False,0.0,,False,,,0.0,0,2,1,0.5,5,
38,images/s1_size_lt4_37.jpg,fixed_core_test,SYNTHETIC_3D,ok,outputs/shuttle_capability/controlled_capability/images/s1_size_lt4_37.jpg,2,2,479,479,478.0,478.0,480.0,480.0,2.0,2.0,2.0,<4,pinned_oblique,center,none,none,bg_001.jpg,315.0,2,0.16277021169662476,0.0,False,False,False,0.0,,False,,,0.0,0,2,1,0.5,5,
39,images/s1_size_lt4_38.jpg,fixed_core_test,SYNTHETIC_3D,ok,outputs/shuttle_capability/controlled_capability/images/s1_size_lt4_38.jpg,3,3,480,479,478.5,477.5,481.5,480.5,3.0,3.0,3.0,<4,pinned_oblique,center,none,none,bg_001.jpg,315.0,0,,,False,False,False,0.0,,False,,,0.0,0,0,1,0.5,5,
40,images/s1_size_lt4_39.jpg,fixed_core_test,SYNTHETIC_3D,ok,outputs/shuttle_capability/controlled_capability/images/s1_size_lt4_39.jpg,3,3,480,479,478.5,477.5,481.5,480.5,3.0,3.0,3.0,<4,pinned_oblique,center,none,none,bg_001.jpg,315.0,1,0.050179623067379,0.0,False,False,False,0.0,,False,,,0.0,0,1,1,0.5,5,
41,images/s1_size_4_6_0.jpg,fixed_core_test,SYNTHETIC_3D,ok,outputs/shuttle_capability/controlled_capability/images/s1_size_4_6_0.jpg,5,5,480,479,477.5,476.5,482.5,481.5,5.0,5.0,5.0,4-6,pinned_oblique,center,none,none,bg_001.jpg,315.0,1,0.1556824892759323,0.0,False,False,False,0.0,,False,,,0.0,0,1,1,0.5,5,
42,images/s1_size_4_6_1.jpg,fixed_core_test,SYNTHETIC_3D,ok,outputs/shuttle_capability/controlled_capability/images/s1_size_4_6_1.jpg,5,5,480,479,477.5,476.5,482.5,481.5,5.0,5.0,5.0,4-6,pinned_oblique,center,none,none,bg_001.jpg,315.0,1,0.06748857349157333,0.0,False,False,False,0.0,,False,,,0.0,0,1,1,0.5,5,
43,images/s1_size_4_6_2.jpg,fixed_core_test,SYNTHETIC_3D,ok,outputs/shuttle_capability/controlled_capability/images/s1_size_4_6_2.jpg,5,5,480,479,477.5,476.5,482.5,481.5,5.0,5.0,5.0,4-6,pinned_oblique,center,none,none,bg_001.jpg,315.0,1,0.16787268221378326,0.0,False,False,False,0.0,,False,,,0.0,0,1,1,0.5,5,
44,images/s1_size_4_6_3.jpg,fixed_core_test,SYNTHETIC_3D,ok,outputs/shuttle_capability/controlled_capability/images/s1_size_4_6_3.jpg,5,5,480,479,477.5,476.5,482.5,481.5,5.0,5.0,5.0,4-6,pinned_oblique,center,none,none,bg_001.jpg,315.0,1,0.9145117998123169,0.0,False,False,False,0.0,,False,,,0.0,0,1,1,0.5,5,
45,images/s1_size_4_6_4.jpg,fixed_core_test,SYNTHETIC_3D,ok,outputs/shuttle_capability/controlled_capability/images/s1_size_4_6_4.jpg,5,5,480,479,477.5,476.5,482.5,481.5,5.0,5.0,5.0,4-6,pinned_oblique,center,none,none,bg_001.jpg,315.0,3,0.10083919018507004,0.0,False,False,False,0.0,,False,,,0.0,0,3,1,0.5,5,
46,images/s1_size_4_6_5.jpg,fixed_core_test,SYNTHETIC_3D,ok,outputs/shuttle_capability/controlled_capability/images/s1_size_4_6_5.jpg,5,5,480,479,477.5,476.5,482.5,481.5,5.0,5.0,5.0,4-6,pinned_oblique,center,none,none,bg_001.jpg,315.0,3,0.7555820345878601,0.0,False,False,False,0.0,,False,,,0.0,0,3,1,0.5,5,
47,images/s1_size_4_6_6.jpg,fixed_core_test,SYNTHETIC_3D,ok,outputs/shuttle_capability/controlled_capability/images/s1_size_4_6_6.jpg,5,5,480,479,477.5,476.5,482.5,481.5,5.0,5.0,5.0,4-6,pinned_oblique,center,none,none,bg_001.jpg,315.0,4,0.366793692111969,0.0,False,False,False,0.0,,False,,,0.0,0,4,1,0.5,5,
48,images/s1_size_4_6_7.jpg,fixed_core_test,SYNTHETIC_3D,ok,outputs/shuttle_capability/controlled_capability/images/s1_size_4_6_7.jpg,5,5,480,479,477.5,476.5,482.5,481.5,5.0,5.0,5.0,4-6,pinned_oblique,center,none,none,bg_001.jpg,315.0,0,,,False,False,False,0.0,,False,,,0.0,0,0,1,0.5,5,
49,images/s1_size_4_6_8.jpg,fixed_core_test,SYNTHETIC_3D,ok,outputs/shuttle_capability/controlled_capability/images/s1_size_4_6_8.jpg,5,5,480,479,477.5,476.5,482.5,481.5,5.0,5.0,5.0,4-6,pinned_oblique,center,none,none,bg_001.jpg,315.0,2,0.08791463077068329,0.0,False,False,False,0.0,,False,,,0.0,0,2,1,0.5,5,
50,images/s1_size_4_6_9.jpg,fixed_core_test,SYNTHETIC_3D,ok,outputs/shuttle_capability/controlled_capability/images/s1_size_4_6_9.jpg,5,5,480,479,477.5,476.5,482.5,481.5,5.0,5.0,5.0,4-6,pinned_oblique,center,none,none,bg_001.jpg,315.0,0,,,False,False,False,0.0,,False,,,0.0,0,0,1,0.5,5,
51,images/s1_size_4_6_10.jpg,fixed_core_test,SYNTHETIC_3D,ok,outputs/shuttle_capability/controlled_capability/images/s1_size_4_6_10.jpg,5,5,480,479,477.5,476.5,482.5,481.5,5.0,5.0,5.0,4-6,pinned_oblique,center,none,none,bg_001.jpg,315.0,2,0.6956799626350403,0.0,False,False,False,0.0,,False,,,0.0,0,2,1,0.5,5,
52,images/s1_size_4_6_11.jpg,fixed_core_test,SYNTHETIC_3D,ok,outputs/shuttle_capability/controlled_capability/images/s1_size_4_6_11.jpg,5,5,480,479,477.5,476.5,482.5,481.5,5.0,5.0,5.0,4-6,pinned_oblique,center,none,none,bg_001.jpg,315.0,0,,,False,False,False,0.0,,False,,,0.0,0,0,1,0.5,5,
53,images/s1_size_4_6_12.jpg,fixed_core_test,SYNTHETIC_3D,ok,outputs/shuttle_capability/controlled_capability/images/s1_size_4_6_12.jpg,5,5,480,479,477.5,476.5,482.5,481.5,5.0,5.0,5.0,4-6,pinned_oblique,center,none,none,bg_001.jpg,315.0,2,0.0715029165148735,0.0,False,False,False,0.0,,False,,,0.0,0,2,1,0.5,5,
54,images/s1_size_4_6_13.jpg,fixed_core_test,SYNTHETIC_3D,ok,outputs/shuttle_capability/controlled_capability/images/s1_size_4_6_13.jpg,5,5,480,479,477.5,476.5,482.5,481.5,5.0,5.0,5.0,4-6,pinned_oblique,center,none,none,bg_001.jpg,315.0,2,0.056736938655376434,0.0,False,False,False,0.0,,False,,,0.0,0,2,1,0.5,5,
55,images/s1_size_4_6_14.jpg,fixed_core_test,SYNTHETIC_3D,ok,outputs/shuttle_capability/controlled_capability/images/s1_size_4_6_14.jpg,5,5,480,479,477.5,476.5,482.5,481.5,5.0,5.0,5.0,4-6,pinned_oblique,center,none,none,bg_001.jpg,315.0,2,0.857115626335144,0.0,False,False,False,0.0,,False,,,0.0,0,2,1,0.5,5,
56,images/s1_size_4_6_15.jpg,fixed_core_test,SYNTHETIC_3D,ok,outputs/shuttle_capability/controlled_capability/images/s1_size_4_6_15.jpg,5,5,480,479,477.5,476.5,482.5,481.5,5.0,5.0,5.0,4-6,pinned_oblique,center,none,none,bg_001.jpg,315.0,0,,,False,False,False,0.0,,False,,,0.0,0,0,1,0.5,5,
57,images/s1_size_4_6_16.jpg,fixed_core_test,SYNTHETIC_3D,ok,outputs/shuttle_capability/controlled_capability/images/s1_size_4_6_16.jpg,5,5,480,479,477.5,476.5,482.5,481.5,5.0,5.0,5.0,4-6,pinned_oblique,center,none,none,bg_001.jpg,315.0,1,0.10691922903060913,0.0,False,False,False,0.0,,False,,,0.0,0,1,1,0.5,5,
58,images/s1_size_4_6_17.jpg,fixed_core_test,SYNTHETIC_3D,ok,outputs/shuttle_capability/controlled_capability/images/s1_size_4_6_17.jpg,5,5,480,479,477.5,476.5,482.5,481.5,5.0,5.0,5.0,4-6,pinned_oblique,center,none,none,bg_001.jpg,315.0,3,0.6265284419059753,0.0,False,False,False,0.0,,False,,,0.0,0,3,1,0.5,5,
59,images/s1_size_4_6_18.jpg,fixed_core_test,SYNTHETIC_3D,ok,outputs/shuttle_capability/controlled_capability/images/s1_size_4_6_18.jpg,5,5,480,479,477.5,476.5,482.5,481.5,5.0,5.0,5.0,4-6,pinned_oblique,center,none,none,bg_001.jpg,315.0,0,,,False,False,False,0.0,,False,,,0.0,0,0,1,0.5,5,
60,images/s1_size_4_6_19.jpg,fixed_core_test,SYNTHETIC_3D,ok,outputs/shuttle_capability/controlled_capability/images/s1_size_4_6_19.jpg,5,5,480,479,477.5,476.5,482.5,481.5,5.0,5.0,5.0,4-6,pinned_oblique,center,none,none,bg_001.jpg,315.0,0,,,False,False,False,0.0,,False,,,0.0,0,0,1,0.5,5,
61,images/s1_size_4_6_20.jpg,fixed_core_test,SYNTHETIC_3D,ok,outputs/shuttle_capability/controlled_capability/images/s1_size_4_6_20.jpg,5,5,480,479,477.5,476.5,482.5,481.5,5.0,5.0,5.0,4-6,pinned_oblique,center,none,none,bg_001.jpg,315.0,0,,,False,False,False,0.0,,False,,,0.0,0,0,1,0.5,5,
62,images/s1_size_4_6_21.jpg,fixed_core_test,SYNTHETIC_3D,ok,outputs/shuttle_capability/controlled_capability/images/s1_size_4_6_21.jpg,5,5,480,479,477.5,476.5,482.5,481.5,5.0,5.0,5.0,4-6,pinned_oblique,center,none,none,bg_001.jpg,315.0,0,,,False,False,False,0.0,,False,,,0.0,0,0,1,0.5,5,
63,images/s1_size_4_6_22.jpg,fixed_core_test,SYNTHETIC_3D,ok,outputs/shuttle_capability/controlled_capability/images/s1_size_4_6_22.jpg,5,5,480,479,477.5,476.5,482.5,481.5,5.0,5.0,5.0,4-6,pinned_oblique,center,none,none,bg_001.jpg,315.0,2,0.6383246779441833,0.0,False,False,False,0.0,,False,,,0.0,0,2,1,0.5,5,
64,images/s1_size_4_6_23.jpg,fixed_core_test,SYNTHETIC_3D,ok,outputs/shuttle_capability/controlled_capability/images/s1_size_4_6_23.jpg,5,5,480,479,477.5,476.5,482.5,481.5,5.0,5.0,5.0,4-6,pinned_oblique,center,none,none,bg_001.jpg,315.0,0,,,False,False,False,0.0,,False,,,0.0,0,0,1,0.5,5,
65,images/s1_size_4_6_24.jpg,fixed_core_test,SYNTHETIC_3D,ok,outputs/shuttle_capability/controlled_capability/images/s1_size_4_6_24.jpg,5,5,480,479,477.5,476.5,482.5,481.5,5.0,5.0,5.0,4-6,pinned_oblique,center,none,none,bg_001.jpg,315.0,0,,,False,False,False,0.0,,False,,,0.0,0,0,1,0.5,5,
66,images/s1_size_4_6_25.jpg,fixed_core_test,SYNTHETIC_3D,ok,outputs/shuttle_capability/controlled_capability/images/s1_size_4_6_25.jpg,5,5,480,479,477.5,476.5,482.5,481.5,5.0,5.0,5.0,4-6,pinned_oblique,center,none,none,bg_001.jpg,315.0,1,0.09423941373825073,0.0,False,False,False,0.0,,False,,,0.0,0,1,1,0.5,5,
67,images/s1_size_4_6_26.jpg,fixed_core_test,SYNTHETIC_3D,ok,outputs/shuttle_capability/controlled_capability/images/s1_size_4_6_26.jpg,5,5,480,479,477.5,476.5,482.5,481.5,5.0,5.0,5.0,4-6,pinned_oblique,center,none,none,bg_001.jpg,315.0,2,0.09607430547475815,0.0,False,False,False,0.0,,False,,,0.0,0,2,1,0.5,5,
68,images/s1_size_4_6_27.jpg,fixed_core_test,SYNTHETIC_3D,ok,outputs/shuttle_capability/controlled_capability/images/s1_size_4_6_27.jpg,5,5,480,479,477.5,476.5,482.5,481.5,5.0,5.0,5.0,4-6,pinned_oblique,center,none,none,bg_001.jpg,315.0,1,0.14976146817207336,0.0,False,False,False,0.0,,False,,,0.0,0,1,1,0.5,5,
69,images/s1_size_4_6_28.jpg,fixed_core_test,SYNTHETIC_3D,ok,outputs/shuttle_capability/controlled_capability/images/s1_size_4_6_28.jpg,5,5,480,479,477.5,476.5,482.5,481.5,5.0,5.0,5.0,4-6,pinned_oblique,center,none,none,bg_001.jpg,315.0,1,0.19169506430625916,0.0,False,False,False,0.0,,False,,,0.0,0,1,1,0.5,5,
70,images/s1_size_4_6_29.jpg,fixed_core_test,SYNTHETIC_3D,ok,outputs/shuttle_capability/controlled_capability/images/s1_size_4_6_29.jpg,5,5,480,479,477.5,476.5,482.5,481.5,5.0,5.0,5.0,4-6,pinned_oblique,center,none,none,bg_001.jpg,315.0,1,0.1550058275461197,0.0,False,False,False,0.0,,False,,,0.0,0,1,1,0.5,5,
71,images/s1_size_4_6_30.jpg,fixed_core_test,SYNTHETIC_3D,ok,outputs/shuttle_capability/controlled_capability/images/s1_size_4_6_30.jpg,5,5,480,479,477.5,476.5,482.5,481.5,5.0,5.0,5.0,4-6,pinned_oblique,center,none,none,bg_001.jpg,315.0,1,0.07714606076478958,0.0,False,False,False,0.0,,False,,,0.0,0,1,1,0.5,5,
72,images/s1_size_4_6_31.jpg,fixed_core_test,SYNTHETIC_3D,ok,outputs/shuttle_capability/controlled_capability/images/s1_size_4_6_31.jpg,5,5,480,479,477.5,476.5,482.5,481.5,5.0,5.0,5.0,4-6,pinned_oblique,center,none,none,bg_001.jpg,315.0,1,0.09990150481462479,0.0,False,False,False,0.0,,False,,,0.0,0,1,1,0.5,5,
73,images/s1_size_4_6_32.jpg,fixed_core_test,SYNTHETIC_3D,ok,outputs/shuttle_capability/controlled_capability/images/s1_size_4_6_32.jpg,5,5,480,479,477.5,476.5,482.5,481.5,5.0,5.0,5.0,4-6,pinned_oblique,center,none,none,bg_001.jpg,315.0,1,0.18044587969779968,0.0,False,False,False,0.0,,False,,,0.0,0,1,1,0.5,5,
74,images/s1_size_4_6_33.jpg,fixed_core_test,SYNTHETIC_3D,ok,outputs/shuttle_capability/controlled_capability/images/s1_size_4_6_33.jpg,5,5,480,479,477.5,476.5,482.5,481.5,5.0,5.0,5.0,4-6,pinned_oblique,center,none,none,bg_001.jpg,315.0,1,0.06723058968782425,0.0,False,False,False,0.0,,False,,,0.0,0,1,1,0.5,5,
75,images/s1_size_4_6_34.jpg,fixed_core_test,SYNTHETIC_3D,ok,outputs/shuttle_capability/controlled_capability/images/s1_size_4_6_34.jpg,5,5,480,479,477.5,476.5,482.5,481.5,5.0,5.0,5.0,4-6,pinned_oblique,center,none,none,bg_001.jpg,315.0,6,0.24331429600715637,0.0,False,False,False,0.0,,False,,,0.0,0,6,1,0.5,5,
76,images/s1_size_4_6_35.jpg,fixed_core_test,SYNTHETIC_3D,ok,outputs/shuttle_capability/controlled_capability/images/s1_size_4_6_35.jpg,5,5,480,479,477.5,476.5,482.5,481.5,5.0,5.0,5.0,4-6,pinned_oblique,center,none,none,bg_001.jpg,315.0,1,0.06591218709945679,0.0,False,False,False,0.0,,False,,,0.0,0,1,1,0.5,5,
77,images/s1_size_4_6_36.jpg,fixed_core_test,SYNTHETIC_3D,ok,outputs/shuttle_capability/controlled_capability/images/s1_size_4_6_36.jpg,5,5,480,479,477.5,476.5,482.5,481.5,5.0,5.0,5.0,4-6,pinned_oblique,center,none,none,bg_001.jpg,315.0,1,0.07390434294939041,0.0,False,False,False,0.0,,False,,,0.0,0,1,1,0.5,5,
78,images/s1_size_4_6_37.jpg,fixed_core_test,SYNTHETIC_3D,ok,outputs/shuttle_capability/controlled_capability/images/s1_size_4_6_37.jpg,5,5,480,479,477.5,476.5,482.5,481.5,5.0,5.0,5.0,4-6,pinned_oblique,center,none,none,bg_001.jpg,315.0,0,,,False,False,False,0.0,,False,,,0.0,0,0,1,0.5,5,
79,images/s1_size_4_6_38.jpg,fixed_core_test,SYNTHETIC_3D,ok,outputs/shuttle_capability/controlled_capability/images/s1_size_4_6_38.jpg,5,5,480,479,477.5,476.5,482.5,481.5,5.0,5.0,5.0,4-6,pinned_oblique,center,none,none,bg_001.jpg,315.0,1,0.052842509001493454,0.0,False,False,False,0.0,,False,,,0.0,0,1,1,0.5,5,
80,images/s1_size_4_6_39.jpg,fixed_core_test,SYNTHETIC_3D,ok,outputs/shuttle_capability/controlled_capability/images/s1_size_4_6_39.jpg,5,5,480,479,477.5,476.5,482.5,481.5,5.0,5.0,5.0,4-6,pinned_oblique,center,none,none,bg_001.jpg,315.0,2,0.1412068009376526,0.0,False,False,False,0.0,,False,,,0.0,0,2,1,0.5,5,
81,images/s1_size_6_8_0.jpg,fixed_core_test,SYNTHETIC_3D,ok,outputs/shuttle_capability/controlled_capability/images/s1_size_6_8_0.jpg,7,7,480,479,476.5,475.5,483.5,482.5,7.0,7.0,7.0,6-8,pinned_oblique,center,none,none,bg_001.jpg,315.0,1,0.2106078863143921,0.0,False,False,False,0.0,,False,,,0.0,0,1,1,0.5,5,
82,images/s1_size_6_8_1.jpg,fixed_core_test,SYNTHETIC_3D,ok,outputs/shuttle_capability/controlled_capability/images/s1_size_6_8_1.jpg,6,6,480,478,477.0,475.0,483.0,481.0,6.0,6.0,6.0,6-8,pinned_oblique,center,none,none,bg_001.jpg,315.0,2,0.12253468483686447,0.0,False,False,False,0.0,,False,,,0.0,0,2,1,0.5,5,
83,images/s1_size_6_8_2.jpg,fixed_core_test,SYNTHETIC_3D,ok,outputs/shuttle_capability/controlled_capability/images/s1_size_6_8_2.jpg,7,7,480,479,476.5,475.5,483.5,482.5,7.0,7.0,7.0,6-8,pinned_oblique,center,none,none,bg_001.jpg,315.0,3,0.2955484986305237,0.0,False,False,False,0.0,,False,,,0.0,0,3,1,0.5,5,
84,images/s1_size_6_8_3.jpg,fixed_core_test,SYNTHETIC_3D,ok,outputs/shuttle_capability/controlled_capability/images/s1_size_6_8_3.jpg,7,7,480,479,476.5,475.5,483.5,482.5,7.0,7.0,7.0,6-8,pinned_oblique,center,none,none,bg_001.jpg,315.0,2,0.9091863632202148,0.0,False,True,False,0.7904598001314669,0.3783926136997769,True,2,0.14809074997901917,0.7904598001314669,1,1,0,0.5,5,
85,images/s1_size_6_8_4.jpg,fixed_core_test,SYNTHETIC_3D,ok,outputs/shuttle_capability/controlled_capability/images/s1_size_6_8_4.jpg,6,6,480,478,477.0,475.0,483.0,481.0,6.0,6.0,6.0,6-8,pinned_oblique,center,none,none,bg_001.jpg,315.0,4,0.09693624824285507,0.0,False,True,False,0.7995682690913478,1.0380551830663247,True,2,0.06715162843465805,0.6311033466509374,1,3,0,0.5,5,
86,images/s1_size_6_8_5.jpg,fixed_core_test,SYNTHETIC_3D,ok,outputs/shuttle_capability/controlled_capability/images/s1_size_6_8_5.jpg,7,7,480,479,476.5,475.5,483.5,482.5,7.0,7.0,7.0,6-8,pinned_oblique,center,none,none,bg_001.jpg,315.0,4,0.788092315196991,0.0,False,False,False,0.0,,False,,,0.0,0,4,1,0.5,5,
87,images/s1_size_6_8_6.jpg,fixed_core_test,SYNTHETIC_3D,ok,outputs/shuttle_capability/controlled_capability/images/s1_size_6_8_6.jpg,7,7,480,479,476.5,475.5,483.5,482.5,7.0,7.0,7.0,6-8,pinned_oblique,center,none,none,bg_001.jpg,315.0,6,0.525754988193512,0.0,False,False,False,0.0,,False,,,0.0,0,6,1,0.5,5,
88,images/s1_size_6_8_7.jpg,fixed_core_test,SYNTHETIC_3D,ok,outputs/shuttle_capability/controlled_capability/images/s1_size_6_8_7.jpg,6,6,480,478,477.0,475.0,483.0,481.0,6.0,6.0,6.0,6-8,pinned_oblique,center,none,none,bg_001.jpg,315.0,1,0.07242518663406372,0.0,False,False,False,0.0,,False,,,0.0,0,1,1,0.5,5,
89,images/s1_size_6_8_8.jpg,fixed_core_test,SYNTHETIC_3D,ok,outputs/shuttle_capability/controlled_capability/images/s1_size_6_8_8.jpg,7,7,480,479,476.5,475.5,483.5,482.5,7.0,7.0,7.0,6-8,pinned_oblique,center,none,none,bg_001.jpg,315.0,2,0.2946104109287262,0.564442162859264,True,True,False,0.6468879172996599,1.5004597958170764,True,1,0.2946104109287262,0.564442162859264,1,1,0,0.5,5,
90,images/s1_size_6_8_9.jpg,fixed_core_test,SYNTHETIC_3D,ok,outputs/shuttle_capability/controlled_capability/images/s1_size_6_8_9.jpg,7,7,480,479,476.5,475.5,483.5,482.5,7.0,7.0,7.0,6-8,pinned_oblique,center,none,none,bg_001.jpg,315.0,1,0.08419409394264221,0.0,False,False,False,0.0,,False,,,0.0,0,1,1,0.5,5,
91,images/s1_size_6_8_10.jpg,fixed_core_test,SYNTHETIC_3D,ok,outputs/shuttle_capability/controlled_capability/images/s1_size_6_8_10.jpg,6,6,480,478,477.0,475.0,483.0,481.0,6.0,6.0,6.0,6-8,pinned_oblique,center,none,none,bg_001.jpg,315.0,2,0.631058931350708,0.0,False,False,False,0.0,,False,,,0.0,0,2,1,0.5,5,
92,images/s1_size_6_8_11.jpg,fixed_core_test,SYNTHETIC_3D,ok,outputs/shuttle_capability/controlled_capability/images/s1_size_6_8_11.jpg,7,7,480,479,476.5,475.5,483.5,482.5,7.0,7.0,7.0,6-8,pinned_oblique,center,none,none,bg_001.jpg,315.0,1,0.07560895383358002,0.0,False,False,False,0.0,,False,,,0.0,0,1,1,0.5,5,
93,images/s1_size_6_8_12.jpg,fixed_core_test,SYNTHETIC_3D,ok,outputs/shuttle_capability/controlled_capability/images/s1_size_6_8_12.jpg,7,7,480,479,476.5,475.5,483.5,482.5,7.0,7.0,7.0,6-8,pinned_oblique,center,none,none,bg_001.jpg,315.0,2,0.1550414264202118,0.0,False,False,False,0.0,,False,,,0.0,0,2,1,0.5,5,
94,images/s1_size_6_8_13.jpg,fixed_core_test,SYNTHETIC_3D,ok,outputs/shuttle_capability/controlled_capability/images/s1_size_6_8_13.jpg,6,6,480,478,477.0,475.0,483.0,481.0,6.0,6.0,6.0,6-8,pinned_oblique,center,none,none,bg_001.jpg,315.0,0,,,False,False,False,0.0,,False,,,0.0,0,0,1,0.5,5,
95,images/s1_size_6_8_14.jpg,fixed_core_test,SYNTHETIC_3D,ok,outputs/shuttle_capability/controlled_capability/images/s1_size_6_8_14.jpg,7,7,480,479,476.5,475.5,483.5,482.5,7.0,7.0,7.0,6-8,pinned_oblique,center,none,none,bg_001.jpg,315.0,2,0.8190569877624512,0.0,False,False,False,0.0,,False,,,0.0,0,2,1,0.5,5,
96,images/s1_size_6_8_15.jpg,fixed_core_test,SYNTHETIC_3D,ok,outputs/shuttle_capability/controlled_capability/images/s1_size_6_8_15.jpg,7,7,480,479,476.5,475.5,483.5,482.5,7.0,7.0,7.0,6-8,pinned_oblique,center,none,none,bg_001.jpg,315.0,0,,,False,False,False,0.0,,False,,,0.0,0,0,1,0.5,5,
97,images/s1_size_6_8_16.jpg,fixed_core_test,SYNTHETIC_3D,ok,outputs/shuttle_capability/controlled_capability/images/s1_size_6_8_16.jpg,6,6,480,478,477.0,475.0,483.0,481.0,6.0,6.0,6.0,6-8,pinned_oblique,center,none,none,bg_001.jpg,315.0,1,0.21809493005275726,0.0,False,False,False,0.0,,False,,,0.0,0,1,1,0.5,5,
98,images/s1_size_6_8_17.jpg,fixed_core_test,SYNTHETIC_3D,ok,outputs/shuttle_capability/controlled_capability/images/s1_size_6_8_17.jpg,7,7,480,479,476.5,475.5,483.5,482.5,7.0,7.0,7.0,6-8,pinned_oblique,center,none,none,bg_001.jpg,315.0,3,0.6603354215621948,0.0,False,False,False,0.0,,False,,,0.0,0,3,1,0.5,5,
99,images/s1_size_6_8_18.jpg,fixed_core_test,SYNTHETIC_3D,ok,outputs/shuttle_capability/controlled_capability/images/s1_size_6_8_18.jpg,7,7,480,479,476.5,475.5,483.5,482.5,7.0,7.0,7.0,6-8,pinned_oblique,center,none,none,bg_001.jpg,315.0,1,0.0636664479970932,0.0,False,False,False,0.0,,False,,,0.0,0,1,1,0.5,5,
100,images/s1_size_6_8_19.jpg,fixed_core_test,SYNTHETIC_3D,ok,outputs/shuttle_capability/controlled_capability/images/s1_size_6_8_19.jpg,6,6,480,478,477.0,475.0,483.0,481.0,6.0,6.0,6.0,6-8,pinned_oblique,center,none,none,bg_001.jpg,315.0,1,0.24022962152957916,0.0,False,False,False,0.0,,False,,,0.0,0,1,1,0.5,5,
101,images/s1_size_6_8_20.jpg,fixed_core_test,SYNTHETIC_3D,ok,outputs/shuttle_capability/controlled_capability/images/s1_size_6_8_20.jpg,7,7,480,479,476.5,475.5,483.5,482.5,7.0,7.0,7.0,6-8,pinned_oblique,center,none,none,bg_001.jpg,315.0,0,,,False,False,False,0.0,,False,,,0.0,0,0,1,0.5,5,
102,images/s1_size_6_8_21.jpg,fixed_core_test,SYNTHETIC_3D,ok,outputs/shuttle_capability/controlled_capability/images/s1_size_6_8_21.jpg,7,7,480,479,476.5,475.5,483.5,482.5,7.0,7.0,7.0,6-8,pinned_oblique,center,none,none,bg_001.jpg,315.0,0,,,False,False,False,0.0,,False,,,0.0,0,0,1,0.5,5,
103,images/s1_size_6_8_22.jpg,fixed_core_test,SYNTHETIC_3D,ok,outputs/shuttle_capability/controlled_capability/images/s1_size_6_8_22.jpg,6,6,480,478,477.0,475.0,483.0,481.0,6.0,6.0,6.0,6-8,pinned_oblique,center,none,none,bg_001.jpg,315.0,2,0.6485037207603455,0.0,False,False,False,0.0,,False,,,0.0,0,2,1,0.5,5,
104,images/s1_size_6_8_23.jpg,fixed_core_test,SYNTHETIC_3D,ok,outputs/shuttle_capability/controlled_capability/images/s1_size_6_8_23.jpg,7,7,480,479,476.5,475.5,483.5,482.5,7.0,7.0,7.0,6-8,pinned_oblique,center,none,none,bg_001.jpg,315.0,1,0.07014643400907516,0.0,False,False,False,0.0,,False,,,0.0,0,1,1,0.5,5,
105,images/s1_size_6_8_24.jpg,fixed_core_test,SYNTHETIC_3D,ok,outputs/shuttle_capability/controlled_capability/images/s1_size_6_8_24.jpg,7,7,480,479,476.5,475.5,483.5,482.5,7.0,7.0,7.0,6-8,pinned_oblique,center,none,none,bg_001.jpg,315.0,0,,,False,False,False,0.0,,False,,,0.0,0,0,1,0.5,5,
106,images/s1_size_6_8_25.jpg,fixed_core_test,SYNTHETIC_3D,ok,outputs/shuttle_capability/controlled_capability/images/s1_size_6_8_25.jpg,6,6,480,478,477.0,475.0,483.0,481.0,6.0,6.0,6.0,6-8,pinned_oblique,center,none,none,bg_001.jpg,315.0,2,0.06839969009160995,0.0,False,False,False,0.0,,False,,,0.0,0,2,1,0.5,5,
107,images/s1_size_6_8_26.jpg,fixed_core_test,SYNTHETIC_3D,ok,outputs/shuttle_capability/controlled_capability/images/s1_size_6_8_26.jpg,7,7,480,479,476.5,475.5,483.5,482.5,7.0,7.0,7.0,6-8,pinned_oblique,center,none,none,bg_001.jpg,315.0,0,,,False,False,False,0.0,,False,,,0.0,0,0,1,0.5,5,
108,images/s1_size_6_8_27.jpg,fixed_core_test,SYNTHETIC_3D,ok,outputs/shuttle_capability/controlled_capability/images/s1_size_6_8_27.jpg,7,7,480,479,476.5,475.5,483.5,482.5,7.0,7.0,7.0,6-8,pinned_oblique,center,none,none,bg_001.jpg,315.0,4,0.1406783014535904,0.5043489181879504,True,True,False,0.6452007477304765,1.240005583291651,True,2,0.13196545839309692,0.5589093042620239,1,3,0,0.5,5,
109,images/s1_size_6_8_28.jpg,fixed_core_test,SYNTHETIC_3D,ok,outputs/shuttle_capability/controlled_capability/images/s1_size_6_8_28.jpg,6,6,480,478,477.0,475.0,483.0,481.0,6.0,6.0,6.0,6-8,pinned_oblique,center,none,none,bg_001.jpg,315.0,5,0.361316978931427,0.49134331760750777,False,True,False,0.662220463467141,1.395408990589728,True,2,0.33990561962127686,0.5187021896106189,1,4,0,0.5,5,
110,images/s1_size_6_8_29.jpg,fixed_core_test,SYNTHETIC_3D,ok,outputs/shuttle_capability/controlled_capability/images/s1_size_6_8_29.jpg,7,7,480,479,476.5,475.5,483.5,482.5,7.0,7.0,7.0,6-8,pinned_oblique,center,none,none,bg_001.jpg,315.0,1,0.16637128591537476,0.0,False,False,False,0.0,,False,,,0.0,0,1,1,0.5,5,
111,images/s1_size_6_8_30.jpg,fixed_core_test,SYNTHETIC_3D,ok,outputs/shuttle_capability/controlled_capability/images/s1_size_6_8_30.jpg,7,7,480,479,476.5,475.5,483.5,482.5,7.0,7.0,7.0,6-8,pinned_oblique,center,none,none,bg_001.jpg,315.0,3,0.20334038138389587,0.0,False,True,False,0.5924274553449786,1.476890630946054,True,3,0.07589177787303925,0.538734669704527,1,2,0,0.5,5,
112,images/s1_size_6_8_31.jpg,fixed_core_test,SYNTHETIC_3D,ok,outputs/shuttle_capability/controlled_capability/images/s1_size_6_8_31.jpg,6,6,480,478,477.0,475.0,483.0,481.0,6.0,6.0,6.0,6-8,pinned_oblique,center,none,none,bg_001.jpg,315.0,3,0.20802247524261475,0.5253915739180508,True,True,False,0.7245320147938199,1.5149634736598823,True,1,0.20802247524261475,0.5253915739180508,1,2,0,0.5,5,
113,images/s1_size_6_8_32.jpg,fixed_core_test,SYNTHETIC_3D,ok,outputs/shuttle_capability/controlled_capability/images/s1_size_6_8_32.jpg,7,7,480,479,476.5,475.5,483.5,482.5,7.0,7.0,7.0,6-8,pinned_oblique,center,none,none,bg_001.jpg,315.0,2,0.2879987955093384,0.0,False,True,False,0.758893337937034,1.0564268966045747,True,2,0.06721701472997665,0.6612631968228124,1,1,0,0.5,5,
114,images/s1_size_6_8_33.jpg,fixed_core_test,SYNTHETIC_3D,ok,outputs/shuttle_capability/controlled_capability/images/s1_size_6_8_33.jpg,7,7,480,479,476.5,475.5,483.5,482.5,7.0,7.0,7.0,6-8,pinned_oblique,center,none,none,bg_001.jpg,315.0,2,0.09230337291955948,0.7728125466580714,True,True,False,0.8991655622209821,0.738370980916591,True,1,0.09230337291955948,0.7728125466580714,1,1,0,0.5,5,
115,images/s1_size_6_8_34.jpg,fixed_core_test,SYNTHETIC_3D,ok,outputs/shuttle_capability/controlled_capability/images/s1_size_6_8_34.jpg,6,6,480,478,477.0,475.0,483.0,481.0,6.0,6.0,6.0,6-8,pinned_oblique,center,none,none,bg_001.jpg,315.0,6,0.2697815001010895,0.0,False,False,False,0.5221546464599669,,False,,,0.38171248655339773,0,6,1,0.5,5,
116,images/s1_size_6_8_35.jpg,fixed_core_test,SYNTHETIC_3D,ok,outputs/shuttle_capability/controlled_capability/images/s1_size_6_8_35.jpg,7,7,480,479,476.5,475.5,483.5,482.5,7.0,7.0,7.0,6-8,pinned_oblique,center,none,none,bg_001.jpg,315.0,0,,,False,False,False,0.0,,False,,,0.0,0,0,1,0.5,5,
117,images/s1_size_6_8_36.jpg,fixed_core_test,SYNTHETIC_3D,ok,outputs/shuttle_capability/controlled_capability/images/s1_size_6_8_36.jpg,7,7,480,479,476.5,475.5,483.5,482.5,7.0,7.0,7.0,6-8,pinned_oblique,center,none,none,bg_001.jpg,315.0,2,0.05967508628964424,0.0,False,False,False,0.0,,False,,,0.0,0,2,1,0.5,5,
118,images/s1_size_6_8_37.jpg,fixed_core_test,SYNTHETIC_3D,ok,outputs/shuttle_capability/controlled_capability/images/s1_size_6_8_37.jpg,6,6,480,478,477.0,475.0,483.0,481.0,6.0,6.0,6.0,6-8,pinned_oblique,center,none,none,bg_001.jpg,315.0,0,,,False,False,False,0.0,,False,,,0.0,0,0,1,0.5,5,
119,images/s1_size_6_8_38.jpg,fixed_core_test,SYNTHETIC_3D,ok,outputs/shuttle_capability/controlled_capability/images/s1_size_6_8_38.jpg,7,7,480,479,476.5,475.5,483.5,482.5,7.0,7.0,7.0,6-8,pinned_oblique,center,none,none,bg_001.jpg,315.0,1,0.06307662278413773,0.0,False,False,False,0.0,,False,,,0.0,0,1,1,0.5,5,
120,images/s1_size_6_8_39.jpg,fixed_core_test,SYNTHETIC_3D,ok,outputs/shuttle_capability/controlled_capability/images/s1_size_6_8_39.jpg,7,7,480,479,476.5,475.5,483.5,482.5,7.0,7.0,7.0,6-8,pinned_oblique,center,none,none,bg_001.jpg,315.0,1,0.06145086884498596,0.0,False,False,False,0.0,,False,,,0.0,0,1,1,0.5,5,
121,images/s1_size_8_12_0.jpg,fixed_core_test,SYNTHETIC_3D,ok,outputs/shuttle_capability/controlled_capability/images/s1_size_8_12_0.jpg,10,10,480,478,475.0,473.0,485.0,483.0,10.0,10.0,10.0,8-12,pinned_oblique,center,none,none,bg_001.jpg,315.0,1,0.24535956978797913,0.0,False,False,False,0.0,,False,,,0.0,0,1,1,0.5,5,
122,images/s1_size_8_12_1.jpg,fixed_core_test,SYNTHETIC_3D,ok,outputs/shuttle_capability/controlled_capability/images/s1_size_8_12_1.jpg,8,9,480,478,476.0,473.5,484.0,482.5,8.0,9.0,8.485,8-12,pinned_oblique,center,none,none,bg_001.jpg,315.0,0,,,False,False,False,0.0,,False,,,0.0,0,0,1,0.5,5,
123,images/s1_size_8_12_2.jpg,fixed_core_test,SYNTHETIC_3D,ok,outputs/shuttle_capability/controlled_capability/images/s1_size_8_12_2.jpg,11,11,481,478,475.5,472.5,486.5,483.5,11.0,11.0,11.0,8-12,pinned_oblique,center,none,none,bg_001.jpg,315.0,2,0.14705422520637512,0.0,False,False,False,0.0,,False,,,0.0,0,2,1,0.5,5,
124,images/s1_size_8_12_3.jpg,fixed_core_test,SYNTHETIC_3D,ok,outputs/shuttle_capability/controlled_capability/images/s1_size_8_12_3.jpg,10,10,480,478,475.0,473.0,485.0,483.0,10.0,10.0,10.0,8-12,pinned_oblique,center,none,none,bg_001.jpg,315.0,2,0.8898802995681763,0.0,False,True,False,0.6396571688354016,1.3178811902390515,True,2,0.209723100066185,0.6280551272431949,1,1,0,0.5,5,
125,images/s1_size_8_12_4.jpg,fixed_core_test,SYNTHETIC_3D,ok,outputs/shuttle_capability/controlled_capability/images/s1_size_8_12_4.jpg,8,9,480,478,476.0,473.5,484.0,482.5,8.0,9.0,8.485,8-12,pinned_oblique,center,none,none,bg_001.jpg,315.0,4,0.2157793790102005,0.0,False,False,False,0.0,,False,,,0.0,0,4,1,0.5,5,
126,images/s1_size_8_12_5.jpg,fixed_core_test,SYNTHETIC_3D,ok,outputs/shuttle_capability/controlled_capability/images/s1_size_8_12_5.jpg,11,11,481,478,475.5,472.5,486.5,483.5,11.0,11.0,11.0,8-12,pinned_oblique,center,none,none,bg_001.jpg,315.0,6,0.8106553554534912,0.0,False,False,False,0.0,,False,,,0.0,0,6,1,0.5,5,
127,images/s1_size_8_12_6.jpg,fixed_core_test,SYNTHETIC_3D,ok,outputs/shuttle_capability/controlled_capability/images/s1_size_8_12_6.jpg,10,10,480,478,475.0,473.0,485.0,483.0,10.0,10.0,10.0,8-12,pinned_oblique,center,none,none,bg_001.jpg,315.0,3,0.21939320862293243,0.0,False,False,False,0.0,,False,,,0.0,0,3,1,0.5,5,
128,images/s1_size_8_12_7.jpg,fixed_core_test,SYNTHETIC_3D,ok,outputs/shuttle_capability/controlled_capability/images/s1_size_8_12_7.jpg,8,9,480,478,476.0,473.5,484.0,482.5,8.0,9.0,8.485,8-12,pinned_oblique,center,none,none,bg_001.jpg,315.0,0,,,False,False,False,0.0,,False,,,0.0,0,0,1,0.5,5,
129,images/s1_size_8_12_8.jpg,fixed_core_test,SYNTHETIC_3D,ok,outputs/shuttle_capability/controlled_capability/images/s1_size_8_12_8.jpg,11,11,481,478,475.5,472.5,486.5,483.5,11.0,11.0,11.0,8-12,pinned_oblique,center,none,none,bg_001.jpg,315.0,3,0.6008229851722717,0.7301256981958586,True,True,False,0.8047700580363432,1.24284663833857,True,1,0.6008229851722717,0.7301256981958586,1,2,0,0.5,5,
130,images/s1_size_8_12_9.jpg,fixed_core_test,SYNTHETIC_3D,ok,outputs/shuttle_capability/controlled_capability/images/s1_size_8_12_9.jpg,10,10,480,478,475.0,473.0,485.0,483.0,10.0,10.0,10.0,8-12,pinned_oblique,center,none,none,bg_001.jpg,315.0,0,,,False,False,False,0.0,,False,,,0.0,0,0,1,0.5,5,
131,images/s1_size_8_12_10.jpg,fixed_core_test,SYNTHETIC_3D,ok,outputs/shuttle_capability/controlled_capability/images/s1_size_8_12_10.jpg,8,9,480,478,476.0,473.5,484.0,482.5,8.0,9.0,8.485,8-12,pinned_oblique,center,none,none,bg_001.jpg,315.0,2,0.7249125242233276,0.0,False,False,False,0.0,,False,,,0.0,0,2,1,0.5,5,
132,images/s1_size_8_12_11.jpg,fixed_core_test,SYNTHETIC_3D,ok,outputs/shuttle_capability/controlled_capability/images/s1_size_8_12_11.jpg,11,11,481,478,475.5,472.5,486.5,483.5,11.0,11.0,11.0,8-12,pinned_oblique,center,none,none,bg_001.jpg,315.0,3,0.19054877758026123,0.7010244650655666,True,True,False,0.7066635466373163,1.2737669854931475,True,1,0.19054877758026123,0.7010244650655666,1,2,0,0.5,5,
133,images/s1_size_8_12_12.jpg,fixed_core_test,SYNTHETIC_3D,ok,outputs/shuttle_capability/controlled_capability/images/s1_size_8_12_12.jpg,10,10,480,478,475.0,473.0,485.0,483.0,10.0,10.0,10.0,8-12,pinned_oblique,center,none,none,bg_001.jpg,315.0,2,0.1592615842819214,0.0,False,False,False,0.0,,False,,,0.0,0,2,1,0.5,5,
134,images/s1_size_8_12_13.jpg,fixed_core_test,SYNTHETIC_3D,ok,outputs/shuttle_capability/controlled_capability/images/s1_size_8_12_13.jpg,8,9,480,478,476.0,473.5,484.0,482.5,8.0,9.0,8.485,8-12,pinned_oblique,center,none,none,bg_001.jpg,315.0,1,0.09129151701927185,0.0,False,False,False,0.0,,False,,,0.0,0,1,1,0.5,5,
135,images/s1_size_8_12_14.jpg,fixed_core_test,SYNTHETIC_3D,ok,outputs/shuttle_capability/controlled_capability/images/s1_size_8_12_14.jpg,11,11,481,478,475.5,472.5,486.5,483.5,11.0,11.0,11.0,8-12,pinned_oblique,center,none,none,bg_001.jpg,315.0,2,0.8292836546897888,0.0,False,False,False,0.0,,False,,,0.0,0,2,1,0.5,5,
136,images/s1_size_8_12_15.jpg,fixed_core_test,SYNTHETIC_3D,ok,outputs/shuttle_capability/controlled_capability/images/s1_size_8_12_15.jpg,10,10,480,478,475.0,473.0,485.0,483.0,10.0,10.0,10.0,8-12,pinned_oblique,center,none,none,bg_001.jpg,315.0,0,,,False,False,False,0.0,,False,,,0.0,0,0,1,0.5,5,
137,images/s1_size_8_12_16.jpg,fixed_core_test,SYNTHETIC_3D,ok,outputs/shuttle_capability/controlled_capability/images/s1_size_8_12_16.jpg,8,9,480,478,476.0,473.5,484.0,482.5,8.0,9.0,8.485,8-12,pinned_oblique,center,none,none,bg_001.jpg,315.0,1,0.14578865468502045,0.0,False,False,False,0.0,,False,,,0.0,0,1,1,0.5,5,
138,images/s1_size_8_12_17.jpg,fixed_core_test,SYNTHETIC_3D,ok,outputs/shuttle_capability/controlled_capability/images/s1_size_8_12_17.jpg,11,11,481,478,475.5,472.5,486.5,483.5,11.0,11.0,11.0,8-12,pinned_oblique,center,none,none,bg_001.jpg,315.0,4,0.4697931706905365,0.0,False,True,False,0.8228408005858255,1.1484614166215223,True,4,0.052252624183893204,0.749879486095017,1,3,0,0.5,5,
139,images/s1_size_8_12_18.jpg,fixed_core_test,SYNTHETIC_3D,ok,outputs/shuttle_capability/controlled_capability/images/s1_size_8_12_18.jpg,10,10,480,478,475.0,473.0,485.0,483.0,10.0,10.0,10.0,8-12,pinned_oblique,center,none,none,bg_001.jpg,315.0,2,0.08384935557842255,0.0,False,False,False,0.0,,False,,,0.0,0,2,1,0.5,5,
140,images/s1_size_8_12_19.jpg,fixed_core_test,SYNTHETIC_3D,ok,outputs/shuttle_capability/controlled_capability/images/s1_size_8_12_19.jpg,8,9,480,478,476.0,473.5,484.0,482.5,8.0,9.0,8.485,8-12,pinned_oblique,center,none,none,bg_001.jpg,315.0,1,0.5177727937698364,0.5172519871010635,True,True,False,0.5614367286519458,1.5801837901136482,True,1,0.5177727937698364,0.5172519871010635,1,0,0,0.5,5,
141,images/s1_size_8_12_20.jpg,fixed_core_test,SYNTHETIC_3D,ok,outputs/shuttle_capability/controlled_capability/images/s1_size_8_12_20.jpg,11,11,481,478,475.5,472.5,486.5,483.5,11.0,11.0,11.0,8-12,pinned_oblique,center,none,none,bg_001.jpg,315.0,0,,,False,False,False,0.0,,False,,,0.0,0,0,1,0.5,5,
142,images/s1_size_8_12_21.jpg,fixed_core_test,SYNTHETIC_3D,ok,outputs/shuttle_capability/controlled_capability/images/s1_size_8_12_21.jpg,10,10,480,478,475.0,473.0,485.0,483.0,10.0,10.0,10.0,8-12,pinned_oblique,center,none,none,bg_001.jpg,315.0,0,,,False,False,False,0.0,,False,,,0.0,0,0,1,0.5,5,
143,images/s1_size_8_12_22.jpg,fixed_core_test,SYNTHETIC_3D,ok,outputs/shuttle_capability/controlled_capability/images/s1_size_8_12_22.jpg,8,9,480,478,476.0,473.5,484.0,482.5,8.0,9.0,8.485,8-12,pinned_oblique,center,none,none,bg_001.jpg,315.0,2,0.6463304162025452,0.0,False,False,False,0.0,,False,,,0.0,0,2,1,0.5,5,
144,images/s1_size_8_12_23.jpg,fixed_core_test,SYNTHETIC_3D,ok,outputs/shuttle_capability/controlled_capability/images/s1_size_8_12_23.jpg,11,11,481,478,475.5,472.5,486.5,483.5,11.0,11.0,11.0,8-12,pinned_oblique,center,none,none,bg_001.jpg,315.0,1,0.13287800550460815,0.0,False,False,False,0.0,,False,,,0.0,0,1,1,0.5,5,
145,images/s1_size_8_12_24.jpg,fixed_core_test,SYNTHETIC_3D,ok,outputs/shuttle_capability/controlled_capability/images/s1_size_8_12_24.jpg,10,10,480,478,475.0,473.0,485.0,483.0,10.0,10.0,10.0,8-12,pinned_oblique,center,none,none,bg_001.jpg,315.0,0,,,False,False,False,0.0,,False,,,0.0,0,0,1,0.5,5,
146,images/s1_size_8_12_25.jpg,fixed_core_test,SYNTHETIC_3D,ok,outputs/shuttle_capability/controlled_capability/images/s1_size_8_12_25.jpg,8,9,480,478,476.0,473.5,484.0,482.5,8.0,9.0,8.485,8-12,pinned_oblique,center,none,none,bg_001.jpg,315.0,1,0.08265796303749084,0.0,False,False,False,0.0,,False,,,0.0,0,1,1,0.5,5,
147,images/s1_size_8_12_26.jpg,fixed_core_test,SYNTHETIC_3D,ok,outputs/shuttle_capability/controlled_capability/images/s1_size_8_12_26.jpg,11,11,481,478,475.5,472.5,486.5,483.5,11.0,11.0,11.0,8-12,pinned_oblique,center,none,none,bg_001.jpg,315.0,1,0.06527472287416458,0.0,False,False,False,0.0,,False,,,0.0,0,1,1,0.5,5,
148,images/s1_size_8_12_27.jpg,fixed_core_test,SYNTHETIC_3D,ok,outputs/shuttle_capability/controlled_capability/images/s1_size_8_12_27.jpg,10,10,480,478,475.0,473.0,485.0,483.0,10.0,10.0,10.0,8-12,pinned_oblique,center,none,none,bg_001.jpg,315.0,1,0.10939133167266846,0.5505536742974919,True,True,False,0.5780847061425447,1.9291889399913873,True,1,0.10939133167266846,0.5505536742974919,1,0,0,0.5,5,
149,images/s1_size_8_12_28.jpg,fixed_core_test,SYNTHETIC_3D,ok,outputs/shuttle_capability/controlled_capability/images/s1_size_8_12_28.jpg,8,9,480,478,476.0,473.5,484.0,482.5,8.0,9.0,8.485,8-12,pinned_oblique,center,none,none,bg_001.jpg,315.0,3,0.4359118342399597,0.5462697134066455,True,True,False,0.6319455445174955,1.3597606585969997,True,1,0.4359118342399597,0.5462697134066455,1,2,0,0.5,5,
150,images/s1_size_8_12_29.jpg,fixed_core_test,SYNTHETIC_3D,ok,outputs/shuttle_capability/controlled_capability/images/s1_size_8_12_29.jpg,11,11,481,478,475.5,472.5,486.5,483.5,11.0,11.0,11.0,8-12,pinned_oblique,center,none,none,bg_001.jpg,315.0,1,0.1258525550365448,0.0,False,False,False,0.0,,False,,,0.0,0,1,1,0.5,5,
151,images/s1_size_8_12_30.jpg,fixed_core_test,SYNTHETIC_3D,ok,outputs/shuttle_capability/controlled_capability/images/s1_size_8_12_30.jpg,10,10,480,478,475.0,473.0,485.0,483.0,10.0,10.0,10.0,8-12,pinned_oblique,center,none,none,bg_001.jpg,315.0,5,0.10442335903644562,0.5581264837292288,True,True,False,0.6159260265529156,1.9985936252649166,True,1,0.10442335903644562,0.5581264837292288,1,4,0,0.5,5,
152,images/s1_size_8_12_31.jpg,fixed_core_test,SYNTHETIC_3D,ok,outputs/shuttle_capability/controlled_capability/images/s1_size_8_12_31.jpg,8,9,480,478,476.0,473.5,484.0,482.5,8.0,9.0,8.485,8-12,pinned_oblique,center,none,none,bg_001.jpg,315.0,2,0.14038647711277008,0.6038257700169839,True,True,False,0.767764673464828,1.6349212522273568,True,1,0.14038647711277008,0.6038257700169839,1,1,0,0.5,5,
153,images/s1_size_8_12_32.jpg,fixed_core_test,SYNTHETIC_3D,ok,outputs/shuttle_capability/controlled_capability/images/s1_size_8_12_32.jpg,11,11,481,478,475.5,472.5,486.5,483.5,11.0,11.0,11.0,8-12,pinned_oblique,center,none,none,bg_001.jpg,315.0,2,0.520063579082489,0.5280646428722248,True,True,False,0.538204348469076,1.2536027773566907,True,1,0.520063579082489,0.5280646428722248,1,1,0,0.5,5,
154,images/s1_size_8_12_33.jpg,fixed_core_test,SYNTHETIC_3D,ok,outputs/shuttle_capability/controlled_capability/images/s1_size_8_12_33.jpg,10,10,480,478,475.0,473.0,485.0,483.0,10.0,10.0,10.0,8-12,pinned_oblique,center,none,none,bg_001.jpg,315.0,1,0.35538744926452637,0.685732291220397,True,True,False,0.7853005320578813,1.5337771751822875,True,1,0.35538744926452637,0.685732291220397,1,0,0,0.5,5,
155,images/s1_size_8_12_34.jpg,fixed_core_test,SYNTHETIC_3D,ok,outputs/shuttle_capability/controlled_capability/images/s1_size_8_12_34.jpg,8,9,480,478,476.0,473.5,484.0,482.5,8.0,9.0,8.485,8-12,pinned_oblique,center,none,none,bg_001.jpg,315.0,5,0.49038922786712646,0.5006903429771081,True,True,False,0.602040153203739,2.0742462577540377,True,1,0.49038922786712646,0.5006903429771081,1,4,0,0.5,5,
156,images/s1_size_8_12_35.jpg,fixed_core_test,SYNTHETIC_3D,ok,outputs/shuttle_capability/controlled_capability/images/s1_size_8_12_35.jpg,11,11,481,478,475.5,472.5,486.5,483.5,11.0,11.0,11.0,8-12,pinned_oblique,center,none,none,bg_001.jpg,315.0,1,0.07281697541475296,0.0,False,False,False,0.0,,False,,,0.0,0,1,1,0.5,5,
157,images/s1_size_8_12_36.jpg,fixed_core_test,SYNTHETIC_3D,ok,outputs/shuttle_capability/controlled_capability/images/s1_size_8_12_36.jpg,10,10,480,478,475.0,473.0,485.0,483.0,10.0,10.0,10.0,8-12,pinned_oblique,center,none,none,bg_001.jpg,315.0,0,,,False,False,False,0.0,,False,,,0.0,0,0,1,0.5,5,
158,images/s1_size_8_12_37.jpg,fixed_core_test,SYNTHETIC_3D,ok,outputs/shuttle_capability/controlled_capability/images/s1_size_8_12_37.jpg,8,9,480,478,476.0,473.5,484.0,482.5,8.0,9.0,8.485,8-12,pinned_oblique,center,none,none,bg_001.jpg,315.0,1,0.0795755684375763,0.0,False,False,False,0.0,,False,,,0.0,0,1,1,0.5,5,
159,images/s1_size_8_12_38.jpg,fixed_core_test,SYNTHETIC_3D,ok,outputs/shuttle_capability/controlled_capability/images/s1_size_8_12_38.jpg,11,11,481,478,475.5,472.5,486.5,483.5,11.0,11.0,11.0,8-12,pinned_oblique,center,none,none,bg_001.jpg,315.0,1,0.05267590656876564,0.0,False,False,False,0.0,,False,,,0.0,0,1,1,0.5,5,
160,images/s1_size_8_12_39.jpg,fixed_core_test,SYNTHETIC_3D,ok,outputs/shuttle_capability/controlled_capability/images/s1_size_8_12_39.jpg,10,10,480,478,475.0,473.0,485.0,483.0,10.0,10.0,10.0,8-12,pinned_oblique,center,none,none,bg_001.jpg,315.0,2,0.10249558091163635,0.0,False,False,False,0.0,,False,,,0.0,0,2,1,0.5,5,
161,images/s1_size_12_16_0.jpg,fixed_core_test,SYNTHETIC_3D,ok,outputs/shuttle_capability/controlled_capability/images/s1_size_12_16_0.jpg,14,14,481,477,474.0,470.0,488.0,484.0,14.0,14.0,14.0,12-16,pinned_oblique,center,none,none,bg_001.jpg,315.0,2,0.1716413050889969,0.0,False,False,False,0.4268413101303942,,False,,,0.4268413101303942,0,2,1,0.5,5,
162,images/s1_size_12_16_1.jpg,fixed_core_test,SYNTHETIC_3D,ok,outputs/shuttle_capability/controlled_capability/images/s1_size_12_16_1.jpg,13,13,481,478,474.5,471.5,487.5,484.5,13.0,13.0,13.0,12-16,pinned_oblique,center,none,none,bg_001.jpg,315.0,1,0.16733744740486145,0.0,False,False,False,0.0,,False,,,0.0,0,1,1,0.5,5,
163,images/s1_size_12_16_2.jpg,fixed_core_test,SYNTHETIC_3D,ok,outputs/shuttle_capability/controlled_capability/images/s1_size_12_16_2.jpg,15,15,481,478,473.5,470.5,488.5,485.5,15.0,15.0,15.0,12-16,pinned_oblique,center,none,none,bg_001.jpg,315.0,1,0.16721175611019135,0.0,False,False,False,0.0,,False,,,0.0,0,1,1,0.5,5,
164,images/s1_size_12_16_3.jpg,fixed_core_test,SYNTHETIC_3D,ok,outputs/shuttle_capability/controlled_capability/images/s1_size_12_16_3.jpg,14,14,481,477,474.0,470.0,488.0,484.0,14.0,14.0,14.0,12-16,pinned_oblique,center,none,none,bg_001.jpg,315.0,1,0.9077584743499756,0.0,False,False,False,0.0,,False,,,0.0,0,1,1,0.5,5,
165,images/s1_size_12_16_4.jpg,fixed_core_test,SYNTHETIC_3D,ok,outputs/shuttle_capability/controlled_capability/images/s1_size_12_16_4.jpg,13,13,481,478,474.5,471.5,487.5,484.5,13.0,13.0,13.0,12-16,pinned_oblique,center,none,none,bg_001.jpg,315.0,4,0.137605220079422,0.0,False,False,False,0.0,,False,,,0.0,0,4,1,0.5,5,
166,images/s1_size_12_16_5.jpg,fixed_core_test,SYNTHETIC_3D,ok,outputs/shuttle_capability/controlled_capability/images/s1_size_12_16_5.jpg,15,15,481,478,473.5,470.5,488.5,485.5,15.0,15.0,15.0,12-16,pinned_oblique,center,none,none,bg_001.jpg,315.0,5,0.7947601079940796,0.0,False,False,False,0.0,,False,,,0.0,0,5,1,0.5,5,
167,images/s1_size_12_16_6.jpg,fixed_core_test,SYNTHETIC_3D,ok,outputs/shuttle_capability/controlled_capability/images/s1_size_12_16_6.jpg,14,14,481,477,474.0,470.0,488.0,484.0,14.0,14.0,14.0,12-16,pinned_oblique,center,none,none,bg_001.jpg,315.0,4,0.24496771395206451,0.0,False,False,False,0.0,,False,,,0.0,0,4,1,0.5,5,
168,images/s1_size_12_16_7.jpg,fixed_core_test,SYNTHETIC_3D,ok,outputs/shuttle_capability/controlled_capability/images/s1_size_12_16_7.jpg,13,13,481,478,474.5,471.5,487.5,484.5,13.0,13.0,13.0,12-16,pinned_oblique,center,none,none,bg_001.jpg,315.0,0,,,False,False,False,0.0,,False,,,0.0,0,0,1,0.5,5,
169,images/s1_size_12_16_8.jpg,fixed_core_test,SYNTHETIC_3D,ok,outputs/shuttle_capability/controlled_capability/images/s1_size_12_16_8.jpg,15,15,481,478,473.5,470.5,488.5,485.5,15.0,15.0,15.0,12-16,pinned_oblique,center,none,none,bg_001.jpg,315.0,4,0.7263581156730652,0.7057215962320409,True,True,False,0.7616774749466114,1.8508686999593733,True,1,0.7263581156730652,0.7057215962320409,1,3,0,0.5,5,
170,images/s1_size_12_16_9.jpg,fixed_core_test,SYNTHETIC_3D,ok,outputs/shuttle_capability/controlled_capability/images/s1_size_12_16_9.jpg,14,14,481,477,474.0,470.0,488.0,484.0,14.0,14.0,14.0,12-16,pinned_oblique,center,none,none,bg_001.jpg,315.0,2,0.08658341318368912,0.0,False,False,False,0.0,,False,,,0.0,0,2,1,0.5,5,
171,images/s1_size_12_16_10.jpg,fixed_core_test,SYNTHETIC_3D,ok,outputs/shuttle_capability/controlled_capability/images/s1_size_12_16_10.jpg,13,13,481,478,474.5,471.5,487.5,484.5,13.0,13.0,13.0,12-16,pinned_oblique,center,none,none,bg_001.jpg,315.0,3,0.6594591736793518,0.0,False,False,False,0.0,,False,,,0.0,0,3,1,0.5,5,
172,images/s1_size_12_16_11.jpg,fixed_core_test,SYNTHETIC_3D,ok,outputs/shuttle_capability/controlled_capability/images/s1_size_12_16_11.jpg,15,15,481,478,473.5,470.5,488.5,485.5,15.0,15.0,15.0,12-16,pinned_oblique,center,none,none,bg_001.jpg,315.0,2,0.11192728579044342,0.5923861898848444,True,True,False,0.6824809829394023,2.779544287182504,True,1,0.11192728579044342,0.5923861898848444,1,1,0,0.5,5,
173,images/s1_size_12_16_12.jpg,fixed_core_test,SYNTHETIC_3D,ok,outputs/shuttle_capability/controlled_capability/images/s1_size_12_16_12.jpg,14,14,481,477,474.0,470.0,488.0,484.0,14.0,14.0,14.0,12-16,pinned_oblique,center,none,none,bg_001.jpg,315.0,3,0.14342865347862244,0.0,False,False,False,0.0,,False,,,0.0,0,3,1,0.5,5,
174,images/s1_size_12_16_13.jpg,fixed_core_test,SYNTHETIC_3D,ok,outputs/shuttle_capability/controlled_capability/images/s1_size_12_16_13.jpg,13,13,481,478,474.5,471.5,487.5,484.5,13.0,13.0,13.0,12-16,pinned_oblique,center,none,none,bg_001.jpg,315.0,1,0.09062770754098892,0.0,False,False,False,0.0,,False,,,0.0,0,1,1,0.5,5,
175,images/s1_size_12_16_14.jpg,fixed_core_test,SYNTHETIC_3D,ok,outputs/shuttle_capability/controlled_capability/images/s1_size_12_16_14.jpg,15,15,481,478,473.5,470.5,488.5,485.5,15.0,15.0,15.0,12-16,pinned_oblique,center,none,none,bg_001.jpg,315.0,3,0.8502398729324341,0.0,False,False,False,0.0,,False,,,0.0,0,3,1,0.5,5,
176,images/s1_size_12_16_15.jpg,fixed_core_test,SYNTHETIC_3D,ok,outputs/shuttle_capability/controlled_capability/images/s1_size_12_16_15.jpg,14,14,481,477,474.0,470.0,488.0,484.0,14.0,14.0,14.0,12-16,pinned_oblique,center,none,none,bg_001.jpg,315.0,1,0.0529242604970932,0.0,False,False,False,0.0,,False,,,0.0,0,1,1,0.5,5,
177,images/s1_size_12_16_16.jpg,fixed_core_test,SYNTHETIC_3D,ok,outputs/shuttle_capability/controlled_capability/images/s1_size_12_16_16.jpg,13,13,481,478,474.5,471.5,487.5,484.5,13.0,13.0,13.0,12-16,pinned_oblique,center,none,none,bg_001.jpg,315.0,1,0.22677277028560638,0.0,False,False,False,0.0,,False,,,0.0,0,1,1,0.5,5,
178,images/s1_size_12_16_17.jpg,fixed_core_test,SYNTHETIC_3D,ok,outputs/shuttle_capability/controlled_capability/images/s1_size_12_16_17.jpg,15,15,481,478,473.5,470.5,488.5,485.5,15.0,15.0,15.0,12-16,pinned_oblique,center,none,none,bg_001.jpg,315.0,3,0.5174940824508667,0.0,False,False,False,0.0,,False,,,0.0,0,3,1,0.5,5,
179,images/s1_size_12_16_18.jpg,fixed_core_test,SYNTHETIC_3D,ok,outputs/shuttle_capability/controlled_capability/images/s1_size_12_16_18.jpg,14,14,481,477,474.0,470.0,488.0,484.0,14.0,14.0,14.0,12-16,pinned_oblique,center,none,none,bg_001.jpg,315.0,1,0.05195077136158943,0.0,False,False,False,0.0,,False,,,0.0,0,1,1,0.5,5,
180,images/s1_size_12_16_19.jpg,fixed_core_test,SYNTHETIC_3D,ok,outputs/shuttle_capability/controlled_capability/images/s1_size_12_16_19.jpg,13,13,481,478,474.5,471.5,487.5,484.5,13.0,13.0,13.0,12-16,pinned_oblique,center,none,none,bg_001.jpg,315.0,2,0.6565305590629578,0.5829330079654265,True,True,False,0.5829330079654265,1.3544305967534616,True,1,0.6565305590629578,0.5829330079654265,1,1,0,0.5,5,
181,images/s1_size_12_16_20.jpg,fixed_core_test,SYNTHETIC_3D,ok,outputs/shuttle_capability/controlled_capability/images/s1_size_12_16_20.jpg,15,15,481,478,473.5,470.5,488.5,485.5,15.0,15.0,15.0,12-16,pinned_oblique,center,none,none,bg_001.jpg,315.0,0,,,False,False,False,0.0,,False,,,0.0,0,0,1,0.5,5,
182,images/s1_size_12_16_21.jpg,fixed_core_test,SYNTHETIC_3D,ok,outputs/shuttle_capability/controlled_capability/images/s1_size_12_16_21.jpg,14,14,481,477,474.0,470.0,488.0,484.0,14.0,14.0,14.0,12-16,pinned_oblique,center,none,none,bg_001.jpg,315.0,1,0.05097810924053192,0.0,False,False,False,0.0,,False,,,0.0,0,1,1,0.5,5,
183,images/s1_size_12_16_22.jpg,fixed_core_test,SYNTHETIC_3D,ok,outputs/shuttle_capability/controlled_capability/images/s1_size_12_16_22.jpg,13,13,481,478,474.5,471.5,487.5,484.5,13.0,13.0,13.0,12-16,pinned_oblique,center,none,none,bg_001.jpg,315.0,2,0.5980240702629089,0.0,False,False,False,0.0,,False,,,0.0,0,2,1,0.5,5,
184,images/s1_size_12_16_23.jpg,fixed_core_test,SYNTHETIC_3D,ok,outputs/shuttle_capability/controlled_capability/images/s1_size_12_16_23.jpg,15,15,481,478,473.5,470.5,488.5,485.5,15.0,15.0,15.0,12-16,pinned_oblique,center,none,none,bg_001.jpg,315.0,0,,,False,False,False,0.0,,False,,,0.0,0,0,1,0.5,5,
185,images/s1_size_12_16_24.jpg,fixed_core_test,SYNTHETIC_3D,ok,outputs/shuttle_capability/controlled_capability/images/s1_size_12_16_24.jpg,14,14,481,477,474.0,470.0,488.0,484.0,14.0,14.0,14.0,12-16,pinned_oblique,center,none,none,bg_001.jpg,315.0,0,,,False,False,False,0.0,,False,,,0.0,0,0,1,0.5,5,
186,images/s1_size_12_16_25.jpg,fixed_core_test,SYNTHETIC_3D,ok,outputs/shuttle_capability/controlled_capability/images/s1_size_12_16_25.jpg,13,13,481,478,474.5,471.5,487.5,484.5,13.0,13.0,13.0,12-16,pinned_oblique,center,none,none,bg_001.jpg,315.0,1,0.1731630265712738,0.0,False,False,False,0.0,,False,,,0.0,0,1,1,0.5,5,
187,images/s1_size_12_16_26.jpg,fixed_core_test,SYNTHETIC_3D,ok,outputs/shuttle_capability/controlled_capability/images/s1_size_12_16_26.jpg,15,15,481,478,473.5,470.5,488.5,485.5,15.0,15.0,15.0,12-16,pinned_oblique,center,none,none,bg_001.jpg,315.0,1,0.0986369326710701,0.0,False,False,False,0.0,,False,,,0.0,0,1,1,0.5,5,
188,images/s1_size_12_16_27.jpg,fixed_core_test,SYNTHETIC_3D,ok,outputs/shuttle_capability/controlled_capability/images/s1_size_12_16_27.jpg,14,14,481,477,474.0,470.0,488.0,484.0,14.0,14.0,14.0,12-16,pinned_oblique,center,none,none,bg_001.jpg,315.0,4,0.19180132448673248,0.0,False,True,False,0.7023657963288074,1.9442505381848942,True,2,0.06916607916355133,0.6513423592160565,1,3,0,0.5,5,
189,images/s1_size_12_16_28.jpg,fixed_core_test,SYNTHETIC_3D,ok,outputs/shuttle_capability/controlled_capability/images/s1_size_12_16_28.jpg,13,13,481,478,474.5,471.5,487.5,484.5,13.0,13.0,13.0,12-16,pinned_oblique,center,none,none,bg_001.jpg,315.0,3,0.5343244671821594,0.7160114085621382,True,True,False,0.7160114085621382,1.082910982710091,True,1,0.5343244671821594,0.7160114085621382,1,2,0,0.5,5,
190,images/s1_size_12_16_29.jpg,fixed_core_test,SYNTHETIC_3D,ok,outputs/shuttle_capability/controlled_capability/images/s1_size_12_16_29.jpg,15,15,481,478,473.5,470.5,488.5,485.5,15.0,15.0,15.0,12-16,pinned_oblique,center,none,none,bg_001.jpg,315.0,1,0.09799507260322571,0.0,False,False,False,0.0,,False,,,0.0,0,1,1,0.5,5,
191,images/s1_size_12_16_30.jpg,fixed_core_test,SYNTHETIC_3D,ok,outputs/shuttle_capability/controlled_capability/images/s1_size_12_16_30.jpg,14,14,481,477,474.0,470.0,488.0,484.0,14.0,14.0,14.0,12-16,pinned_oblique,center,none,none,bg_001.jpg,315.0,3,0.3889903426170349,0.6153280713526869,True,True,False,0.6940322560163177,2.5966791183080833,True,1,0.3889903426170349,0.6153280713526869,1,2,0,0.5,5,
192,images/s1_size_12_16_31.jpg,fixed_core_test,SYNTHETIC_3D,ok,outputs/shuttle_capability/controlled_capability/images/s1_size_12_16_31.jpg,13,13,481,478,474.5,471.5,487.5,484.5,13.0,13.0,13.0,12-16,pinned_oblique,center,none,none,bg_001.jpg,315.0,1,0.28111910820007324,0.8856089181272235,True,True,False,0.8856089181272235,0.33595797287856866,True,1,0.28111910820007324,0.8856089181272235,1,0,0,0.5,5,
193,images/s1_size_12_16_32.jpg,fixed_core_test,SYNTHETIC_3D,ok,outputs/shuttle_capability/controlled_capability/images/s1_size_12_16_32.jpg,15,15,481,478,473.5,470.5,488.5,485.5,15.0,15.0,15.0,12-16,pinned_oblique,center,none,none,bg_001.jpg,315.0,2,0.6821240186691284,0.7964355329673037,True,True,False,0.826203604804145,1.3067596507671726,True,1,0.6821240186691284,0.7964355329673037,1,1,0,0.5,5,
194,images/s1_size_12_16_33.jpg,fixed_core_test,SYNTHETIC_3D,ok,outputs/shuttle_capability/controlled_capability/images/s1_size_12_16_33.jpg,14,14,481,477,474.0,470.0,488.0,484.0,14.0,14.0,14.0,12-16,pinned_oblique,center,none,none,bg_001.jpg,315.0,2,0.43572330474853516,0.7221108410437782,True,True,False,0.8816344117251586,1.8426278185153107,True,1,0.43572330474853516,0.7221108410437782,1,1,0,0.5,5,
195,images/s1_size_12_16_34.jpg,fixed_core_test,SYNTHETIC_3D,ok,outputs/shuttle_capability/controlled_capability/images/s1_size_12_16_34.jpg,13,13,481,478,474.5,471.5,487.5,484.5,13.0,13.0,13.0,12-16,pinned_oblique,center,none,none,bg_001.jpg,315.0,6,0.6314067840576172,0.7466165919815336,True,True,False,0.7770897074652141,1.421634236128169,True,1,0.6314067840576172,0.7466165919815336,1,5,0,0.5,5,
196,images/s1_size_12_16_35.jpg,fixed_core_test,SYNTHETIC_3D,ok,outputs/shuttle_capability/controlled_capability/images/s1_size_12_16_35.jpg,15,15,481,478,473.5,470.5,488.5,485.5,15.0,15.0,15.0,12-16,pinned_oblique,center,none,none,bg_001.jpg,315.0,1,0.06776759028434753,0.0,False,False,False,0.0,,False,,,0.0,0,1,1,0.5,5,
197,images/s1_size_12_16_36.jpg,fixed_core_test,SYNTHETIC_3D,ok,outputs/shuttle_capability/controlled_capability/images/s1_size_12_16_36.jpg,14,14,481,477,474.0,470.0,488.0,484.0,14.0,14.0,14.0,12-16,pinned_oblique,center,none,none,bg_001.jpg,315.0,2,0.1695244014263153,0.56224244830072,True,True,False,0.7068529240787029,3.211184817265955,True,1,0.1695244014263153,0.56224244830072,1,1,0,0.5,5,
198,images/s1_size_12_16_37.jpg,fixed_core_test,SYNTHETIC_3D,ok,outputs/shuttle_capability/controlled_capability/images/s1_size_12_16_37.jpg,13,13,481,478,474.5,471.5,487.5,484.5,13.0,13.0,13.0,12-16,pinned_oblique,center,none,none,bg_001.jpg,315.0,1,0.1966390162706375,0.0,False,False,False,0.0,,False,,,0.0,0,1,1,0.5,5,
199,images/s1_size_12_16_38.jpg,fixed_core_test,SYNTHETIC_3D,ok,outputs/shuttle_capability/controlled_capability/images/s1_size_12_16_38.jpg,15,15,481,478,473.5,470.5,488.5,485.5,15.0,15.0,15.0,12-16,pinned_oblique,center,none,none,bg_001.jpg,315.0,0,,,False,False,False,0.0,,False,,,0.0,0,0,1,0.5,5,
200,images/s1_size_12_16_39.jpg,fixed_core_test,SYNTHETIC_3D,ok,outputs/shuttle_capability/controlled_capability/images/s1_size_12_16_39.jpg,14,14,481,477,474.0,470.0,488.0,484.0,14.0,14.0,14.0,12-16,pinned_oblique,center,none,none,bg_001.jpg,315.0,0,,,False,False,False,0.0,,False,,,0.0,0,0,1,0.5,5,
201,images/s1_size_16_24_0.jpg,fixed_core_test,SYNTHETIC_3D,ok,outputs/shuttle_capability/controlled_capability/images/s1_size_16_24_0.jpg,19,19,482,477,472.5,467.5,491.5,486.5,19.0,19.0,19.0,16-24,pinned_oblique,center,none,none,bg_001.jpg,315.0,1,0.16226670145988464,0.0,False,False,False,0.0,,False,,,0.0,0,1,1,0.5,5,
202,images/s1_size_16_24_1.jpg,fixed_core_test,SYNTHETIC_3D,ok,outputs/shuttle_capability/controlled_capability/images/s1_size_16_24_1.jpg,18,18,481,477,472.0,468.0,490.0,486.0,18.0,18.0,18.0,16-24,pinned_oblique,center,none,none,bg_001.jpg,315.0,1,0.06788365542888641,0.0,False,False,False,0.0,,False,,,0.0,0,1,1,0.5,5,
203,images/s1_size_16_24_2.jpg,fixed_core_test,SYNTHETIC_3D,ok,outputs/shuttle_capability/controlled_capability/images/s1_size_16_24_2.jpg,21,21,482,477,471.5,466.5,492.5,487.5,21.0,21.0,21.0,16-24,pinned_oblique,center,none,none,bg_001.jpg,315.0,2,0.4495644271373749,0.0,False,False,False,0.0,,False,,,0.0,0,2,1,0.5,5,
204,images/s1_size_16_24_3.jpg,fixed_core_test,SYNTHETIC_3D,ok,outputs/shuttle_capability/controlled_capability/images/s1_size_16_24_3.jpg,19,19,482,477,472.5,467.5,491.5,486.5,19.0,19.0,19.0,16-24,pinned_oblique,center,none,none,bg_001.jpg,315.0,2,0.9057425260543823,0.0,False,False,False,0.4604744263860162,,False,,,0.4523277772465101,0,2,1,0.5,5,
205,images/s1_size_16_24_4.jpg,fixed_core_test,SYNTHETIC_3D,ok,outputs/shuttle_capability/controlled_capability/images/s1_size_16_24_4.jpg,18,18,481,477,472.0,468.0,490.0,486.0,18.0,18.0,18.0,16-24,pinned_oblique,center,none,none,bg_001.jpg,315.0,4,0.13498139381408691,0.0,False,False,False,0.0,,False,,,0.0,0,4,1,0.5,5,
206,images/s1_size_16_24_5.jpg,fixed_core_test,SYNTHETIC_3D,ok,outputs/shuttle_capability/controlled_capability/images/s1_size_16_24_5.jpg,21,21,482,477,471.5,466.5,492.5,487.5,21.0,21.0,21.0,16-24,pinned_oblique,center,none,none,bg_001.jpg,315.0,4,0.7757455110549927,0.0,False,False,False,0.0,,False,,,0.0,0,4,1,0.5,5,
207,images/s1_size_16_24_6.jpg,fixed_core_test,SYNTHETIC_3D,ok,outputs/shuttle_capability/controlled_capability/images/s1_size_16_24_6.jpg,19,19,482,477,472.5,467.5,491.5,486.5,19.0,19.0,19.0,16-24,pinned_oblique,center,none,none,bg_001.jpg,315.0,4,0.3406030237674713,0.0,False,False,False,0.0,,False,,,0.0,0,4,1,0.5,5,
208,images/s1_size_16_24_7.jpg,fixed_core_test,SYNTHETIC_3D,ok,outputs/shuttle_capability/controlled_capability/images/s1_size_16_24_7.jpg,18,18,481,477,472.0,468.0,490.0,486.0,18.0,18.0,18.0,16-24,pinned_oblique,center,none,none,bg_001.jpg,315.0,1,0.07767212390899658,0.0,False,False,False,0.0,,False,,,0.0,0,1,1,0.5,5,
209,images/s1_size_16_24_8.jpg,fixed_core_test,SYNTHETIC_3D,ok,outputs/shuttle_capability/controlled_capability/images/s1_size_16_24_8.jpg,21,21,482,477,471.5,466.5,492.5,487.5,21.0,21.0,21.0,16-24,pinned_oblique,center,none,none,bg_001.jpg,315.0,4,0.8139171004295349,0.8674636738640922,True,True,False,0.8674636738640922,0.3836664350932219,True,1,0.8139171004295349,0.8674636738640922,1,3,0,0.5,5,
210,images/s1_size_16_24_9.jpg,fixed_core_test,SYNTHETIC_3D,ok,outputs/shuttle_capability/controlled_capability/images/s1_size_16_24_9.jpg,19,19,482,477,472.5,467.5,491.5,486.5,19.0,19.0,19.0,16-24,pinned_oblique,center,none,none,bg_001.jpg,315.0,0,,,False,False,False,0.0,,False,,,0.0,0,0,1,0.5,5,
211,images/s1_size_16_24_10.jpg,fixed_core_test,SYNTHETIC_3D,ok,outputs/shuttle_capability/controlled_capability/images/s1_size_16_24_10.jpg,18,18,481,477,472.0,468.0,490.0,486.0,18.0,18.0,18.0,16-24,pinned_oblique,center,none,none,bg_001.jpg,315.0,2,0.6899153590202332,0.0,False,False,False,0.0,,False,,,0.0,0,2,1,0.5,5,
212,images/s1_size_16_24_11.jpg,fixed_core_test,SYNTHETIC_3D,ok,outputs/shuttle_capability/controlled_capability/images/s1_size_16_24_11.jpg,21,21,482,477,471.5,466.5,492.5,487.5,21.0,21.0,21.0,16-24,pinned_oblique,center,none,none,bg_001.jpg,315.0,0,,,False,False,False,0.0,,False,,,0.0,0,0,1,0.5,5,
213,images/s1_size_16_24_12.jpg,fixed_core_test,SYNTHETIC_3D,ok,outputs/shuttle_capability/controlled_capability/images/s1_size_16_24_12.jpg,19,19,482,477,472.5,467.5,491.5,486.5,19.0,19.0,19.0,16-24,pinned_oblique,center,none,none,bg_001.jpg,315.0,3,0.08218123018741608,0.0,False,False,False,0.0,,False,,,0.0,0,3,1,0.5,5,
214,images/s1_size_16_24_13.jpg,fixed_core_test,SYNTHETIC_3D,ok,outputs/shuttle_capability/controlled_capability/images/s1_size_16_24_13.jpg,18,18,481,477,472.0,468.0,490.0,486.0,18.0,18.0,18.0,16-24,pinned_oblique,center,none,none,bg_001.jpg,315.0,1,0.1081952154636383,0.0,False,False,False,0.0,,False,,,0.0,0,1,1,0.5,5,
215,images/s1_size_16_24_14.jpg,fixed_core_test,SYNTHETIC_3D,ok,outputs/shuttle_capability/controlled_capability/images/s1_size_16_24_14.jpg,21,21,482,477,471.5,466.5,492.5,487.5,21.0,21.0,21.0,16-24,pinned_oblique,center,none,none,bg_001.jpg,315.0,2,0.8068968653678894,0.0,False,False,False,0.0,,False,,,0.0,0,2,1,0.5,5,
216,images/s1_size_16_24_15.jpg,fixed_core_test,SYNTHETIC_3D,ok,outputs/shuttle_capability/controlled_capability/images/s1_size_16_24_15.jpg,19,19,482,477,472.5,467.5,491.5,486.5,19.0,19.0,19.0,16-24,pinned_oblique,center,none,none,bg_001.jpg,315.0,0,,,False,False,False,0.0,,False,,,0.0,0,0,1,0.5,5,
217,images/s1_size_16_24_16.jpg,fixed_core_test,SYNTHETIC_3D,ok,outputs/shuttle_capability/controlled_capability/images/s1_size_16_24_16.jpg,18,18,481,477,472.0,468.0,490.0,486.0,18.0,18.0,18.0,16-24,pinned_oblique,center,none,none,bg_001.jpg,315.0,1,0.20060807466506958,0.0,False,False,False,0.0,,False,,,0.0,0,1,1,0.5,5,
218,images/s1_size_16_24_17.jpg,fixed_core_test,SYNTHETIC_3D,ok,outputs/shuttle_capability/controlled_capability/images/s1_size_16_24_17.jpg,21,21,482,477,471.5,466.5,492.5,487.5,21.0,21.0,21.0,16-24,pinned_oblique,center,none,none,bg_001.jpg,315.0,3,0.4301438331604004,0.0,False,False,False,0.0,,False,,,0.0,0,3,1,0.5,5,
219,images/s1_size_16_24_18.jpg,fixed_core_test,SYNTHETIC_3D,ok,outputs/shuttle_capability/controlled_capability/images/s1_size_16_24_18.jpg,19,19,482,477,472.5,467.5,491.5,486.5,19.0,19.0,19.0,16-24,pinned_oblique,center,none,none,bg_001.jpg,315.0,1,0.11703431606292725,0.0,False,False,False,0.0,,False,,,0.0,0,1,1,0.5,5,
220,images/s1_size_16_24_19.jpg,fixed_core_test,SYNTHETIC_3D,ok,outputs/shuttle_capability/controlled_capability/images/s1_size_16_24_19.jpg,18,18,481,477,472.0,468.0,490.0,486.0,18.0,18.0,18.0,16-24,pinned_oblique,center,none,none,bg_001.jpg,315.0,2,0.7542625665664673,0.7625234099842375,True,True,False,0.7647667393364288,1.3622763224010708,True,1,0.7542625665664673,0.7625234099842375,1,1,0,0.5,5,
221,images/s1_size_16_24_20.jpg,fixed_core_test,SYNTHETIC_3D,ok,outputs/shuttle_capability/controlled_capability/images/s1_size_16_24_20.jpg,21,21,482,477,471.5,466.5,492.5,487.5,21.0,21.0,21.0,16-24,pinned_oblique,center,none,none,bg_001.jpg,315.0,0,,,False,False,False,0.0,,False,,,0.0,0,0,1,0.5,5,
222,images/s1_size_16_24_21.jpg,fixed_core_test,SYNTHETIC_3D,ok,outputs/shuttle_capability/controlled_capability/images/s1_size_16_24_21.jpg,19,19,482,477,472.5,467.5,491.5,486.5,19.0,19.0,19.0,16-24,pinned_oblique,center,none,none,bg_001.jpg,315.0,0,,,False,False,False,0.0,,False,,,0.0,0,0,1,0.5,5,
223,images/s1_size_16_24_22.jpg,fixed_core_test,SYNTHETIC_3D,ok,outputs/shuttle_capability/controlled_capability/images/s1_size_16_24_22.jpg,18,18,481,477,472.0,468.0,490.0,486.0,18.0,18.0,18.0,16-24,pinned_oblique,center,none,none,bg_001.jpg,315.0,1,0.6101436614990234,0.0,False,False,False,0.0,,False,,,0.0,0,1,1,0.5,5,
224,images/s1_size_16_24_23.jpg,fixed_core_test,SYNTHETIC_3D,ok,outputs/shuttle_capability/controlled_capability/images/s1_size_16_24_23.jpg,21,21,482,477,471.5,466.5,492.5,487.5,21.0,21.0,21.0,16-24,pinned_oblique,center,none,none,bg_001.jpg,315.0,0,,,False,False,False,0.0,,False,,,0.0,0,0,1,0.5,5,
225,images/s1_size_16_24_24.jpg,fixed_core_test,SYNTHETIC_3D,ok,outputs/shuttle_capability/controlled_capability/images/s1_size_16_24_24.jpg,19,19,482,477,472.5,467.5,491.5,486.5,19.0,19.0,19.0,16-24,pinned_oblique,center,none,none,bg_001.jpg,315.0,0,,,False,False,False,0.0,,False,,,0.0,0,0,1,0.5,5,
226,images/s1_size_16_24_25.jpg,fixed_core_test,SYNTHETIC_3D,ok,outputs/shuttle_capability/controlled_capability/images/s1_size_16_24_25.jpg,18,18,481,477,472.0,468.0,490.0,486.0,18.0,18.0,18.0,16-24,pinned_oblique,center,none,none,bg_001.jpg,315.0,2,0.06717056781053543,0.0,False,False,False,0.0,,False,,,0.0,0,2,1,0.5,5,
227,images/s1_size_16_24_26.jpg,fixed_core_test,SYNTHETIC_3D,ok,outputs/shuttle_capability/controlled_capability/images/s1_size_16_24_26.jpg,21,21,482,477,471.5,466.5,492.5,487.5,21.0,21.0,21.0,16-24,pinned_oblique,center,none,none,bg_001.jpg,315.0,1,0.05444915592670441,0.0,False,False,False,0.0,,False,,,0.0,0,1,1,0.5,5,
228,images/s1_size_16_24_27.jpg,fixed_core_test,SYNTHETIC_3D,ok,outputs/shuttle_capability/controlled_capability/images/s1_size_16_24_27.jpg,19,19,482,477,472.5,467.5,491.5,486.5,19.0,19.0,19.0,16-24,pinned_oblique,center,none,none,bg_001.jpg,315.0,3,0.08344518393278122,0.0,False,True,False,0.7082359533024296,2.0467082554138214,True,2,0.07749433815479279,0.6959648733421367,1,2,0,0.5,5,
229,images/s1_size_16_24_28.jpg,fixed_core_test,SYNTHETIC_3D,ok,outputs/shuttle_capability/controlled_capability/images/s1_size_16_24_28.jpg,18,18,481,477,472.0,468.0,490.0,486.0,18.0,18.0,18.0,16-24,pinned_oblique,center,none,none,bg_001.jpg,315.0,2,0.4102412760257721,0.7018518815753522,True,True,False,0.763827440455372,2.4701253164460306,True,1,0.4102412760257721,0.7018518815753522,1,1,0,0.5,5,
230,images/s1_size_16_24_29.jpg,fixed_core_test,SYNTHETIC_3D,ok,outputs/shuttle_capability/controlled_capability/images/s1_size_16_24_29.jpg,21,21,482,477,471.5,466.5,492.5,487.5,21.0,21.0,21.0,16-24,pinned_oblique,center,none,none,bg_001.jpg,315.0,1,0.23909533023834229,0.0,False,False,False,0.0,,False,,,0.0,0,1,1,0.5,5,
231,images/s1_size_16_24_30.jpg,fixed_core_test,SYNTHETIC_3D,ok,outputs/shuttle_capability/controlled_capability/images/s1_size_16_24_30.jpg,19,19,482,477,472.5,467.5,491.5,486.5,19.0,19.0,19.0,16-24,pinned_oblique,center,none,none,bg_001.jpg,315.0,4,0.7664391398429871,0.7593433215134104,True,True,True,0.9279382960494206,2.256022586945851,True,1,0.7664391398429871,0.7593433215134104,1,3,0,0.5,5,
232,images/s1_size_16_24_31.jpg,fixed_core_test,SYNTHETIC_3D,ok,outputs/shuttle_capability/controlled_capability/images/s1_size_16_24_31.jpg,18,18,481,477,472.0,468.0,490.0,486.0,18.0,18.0,18.0,16-24,pinned_oblique,center,none,none,bg_001.jpg,315.0,3,0.12563103437423706,0.6994940106079488,True,True,False,0.7136358843633422,1.512007616719136,True,1,0.12563103437423706,0.6994940106079488,1,2,0,0.5,5,
233,images/s1_size_16_24_32.jpg,fixed_core_test,SYNTHETIC_3D,ok,outputs/shuttle_capability/controlled_capability/images/s1_size_16_24_32.jpg,21,21,482,477,471.5,466.5,492.5,487.5,21.0,21.0,21.0,16-24,pinned_oblique,center,none,none,bg_001.jpg,315.0,2,0.8129613399505615,0.8431307346160922,True,True,False,0.8431307346160922,0.7007343202431923,True,1,0.8129613399505615,0.8431307346160922,1,1,0,0.5,5,
234,images/s1_size_16_24_33.jpg,fixed_core_test,SYNTHETIC_3D,ok,outputs/shuttle_capability/controlled_capability/images/s1_size_16_24_33.jpg,19,19,482,477,472.5,467.5,491.5,486.5,19.0,19.0,19.0,16-24,pinned_oblique,center,none,none,bg_001.jpg,315.0,1,0.752463161945343,0.7768315956671215,True,True,False,0.7883253649155767,1.5320744587885502,True,1,0.752463161945343,0.7768315956671215,1,0,0,0.5,5,
235,images/s1_size_16_24_34.jpg,fixed_core_test,SYNTHETIC_3D,ok,outputs/shuttle_capability/controlled_capability/images/s1_size_16_24_34.jpg,18,18,481,477,472.0,468.0,490.0,486.0,18.0,18.0,18.0,16-24,pinned_oblique,center,none,none,bg_001.jpg,315.0,4,0.7132163047790527,0.7132266048648561,True,True,False,0.7138111181902113,1.5021439708231137,True,1,0.7132163047790527,0.7132266048648561,1,3,0,0.5,5,
236,images/s1_size_16_24_35.jpg,fixed_core_test,SYNTHETIC_3D,ok,outputs/shuttle_capability/controlled_capability/images/s1_size_16_24_35.jpg,21,21,482,477,471.5,466.5,492.5,487.5,21.0,21.0,21.0,16-24,pinned_oblique,center,none,none,bg_001.jpg,315.0,1,0.07236184924840927,0.0,False,False,False,0.0,,False,,,0.0,0,1,1,0.5,5,
237,images/s1_size_16_24_36.jpg,fixed_core_test,SYNTHETIC_3D,ok,outputs/shuttle_capability/controlled_capability/images/s1_size_16_24_36.jpg,19,19,482,477,472.5,467.5,491.5,486.5,19.0,19.0,19.0,16-24,pinned_oblique,center,none,none,bg_001.jpg,315.0,4,0.17993520200252533,0.6469996471604161,True,True,False,0.7561647387613591,2.8403753692854696,True,1,0.17993520200252533,0.6469996471604161,1,3,0,0.5,5,
238,images/s1_size_16_24_37.jpg,fixed_core_test,SYNTHETIC_3D,ok,outputs/shuttle_capability/controlled_capability/images/s1_size_16_24_37.jpg,18,18,481,477,472.0,468.0,490.0,486.0,18.0,18.0,18.0,16-24,pinned_oblique,center,none,none,bg_001.jpg,315.0,1,0.09708718210458755,0.0,False,False,False,0.0,,False,,,0.0,0,1,1,0.5,5,
239,images/s1_size_16_24_38.jpg,fixed_core_test,SYNTHETIC_3D,ok,outputs/shuttle_capability/controlled_capability/images/s1_size_16_24_38.jpg,21,21,482,477,471.5,466.5,492.5,487.5,21.0,21.0,21.0,16-24,pinned_oblique,center,none,none,bg_001.jpg,315.0,2,0.40454789996147156,0.6436845017026882,True,True,False,0.6436845017026882,1.8652882985114634,True,1,0.40454789996147156,0.6436845017026882,1,1,0,0.5,5,
240,images/s1_size_16_24_39.jpg,fixed_core_test,SYNTHETIC_3D,ok,outputs/shuttle_capability/controlled_capability/images/s1_size_16_24_39.jpg,19,19,482,477,472.5,467.5,491.5,486.5,19.0,19.0,19.0,16-24,pinned_oblique,center,none,none,bg_001.jpg,315.0,0,,,False,False,False,0.0,,False,,,0.0,0,0,1,0.5,5,
241,images/s1_size_24_32_0.jpg,fixed_core_test,SYNTHETIC_3D,ok,outputs/shuttle_capability/controlled_capability/images/s1_size_24_32_0.jpg,27,27,483,476,469.5,462.5,496.5,489.5,27.0,27.0,27.0,24-32,pinned_oblique,center,none,none,bg_001.jpg,315.0,1,0.10589518398046494,0.0,False,False,False,0.0,,False,,,0.0,0,1,1,0.5,5,
242,images/s1_size_24_32_1.jpg,fixed_core_test,SYNTHETIC_3D,ok,outputs/shuttle_capability/controlled_capability/images/s1_size_24_32_1.jpg,26,26,482,476,469.0,463.0,495.0,489.0,26.0,26.0,26.0,24-32,pinned_oblique,center,none,none,bg_001.jpg,315.0,1,0.24172261357307434,0.0,False,False,False,0.0,,False,,,0.0,0,1,1,0.5,5,
243,images/s1_size_24_32_2.jpg,fixed_core_test,SYNTHETIC_3D,ok,outputs/shuttle_capability/controlled_capability/images/s1_size_24_32_2.jpg,30,30,483,475,468.0,460.0,498.0,490.0,30.0,30.0,30.0,24-32,pinned_oblique,center,none,none,bg_001.jpg,315.0,1,0.2815057039260864,0.0,False,False,False,0.0,,False,,,0.0,0,1,1,0.5,5,
244,images/s1_size_24_32_3.jpg,fixed_core_test,SYNTHETIC_3D,ok,outputs/shuttle_capability/controlled_capability/images/s1_size_24_32_3.jpg,27,27,483,476,469.5,462.5,496.5,489.5,27.0,27.0,27.0,24-32,pinned_oblique,center,none,none,bg_001.jpg,315.0,1,0.9178478717803955,0.0,False,False,False,0.0,,False,,,0.0,0,1,1,0.5,5,
245,images/s1_size_24_32_4.jpg,fixed_core_test,SYNTHETIC_3D,ok,outputs/shuttle_capability/controlled_capability/images/s1_size_24_32_4.jpg,26,26,482,476,469.0,463.0,495.0,489.0,26.0,26.0,26.0,24-32,pinned_oblique,center,none,none,bg_001.jpg,315.0,4,0.11245299875736237,0.0,False,False,False,0.0,,False,,,0.0,0,4,1,0.5,5,
246,images/s1_size_24_32_5.jpg,fixed_core_test,SYNTHETIC_3D,ok,outputs/shuttle_capability/controlled_capability/images/s1_size_24_32_5.jpg,30,30,483,475,468.0,460.0,498.0,490.0,30.0,30.0,30.0,24-32,pinned_oblique,center,none,none,bg_001.jpg,315.0,7,0.8108751177787781,0.0,False,False,False,0.0,,False,,,0.0,0,7,1,0.5,5,
247,images/s1_size_24_32_6.jpg,fixed_core_test,SYNTHETIC_3D,ok,outputs/shuttle_capability/controlled_capability/images/s1_size_24_32_6.jpg,27,27,483,476,469.5,462.5,496.5,489.5,27.0,27.0,27.0,24-32,pinned_oblique,center,none,none,bg_001.jpg,315.0,3,0.15334655344486237,0.0,False,False,False,0.0,,False,,,0.0,0,3,1,0.5,5,
248,images/s1_size_24_32_7.jpg,fixed_core_test,SYNTHETIC_3D,ok,outputs/shuttle_capability/controlled_capability/images/s1_size_24_32_7.jpg,26,26,482,476,469.0,463.0,495.0,489.0,26.0,26.0,26.0,24-32,pinned_oblique,center,none,none,bg_001.jpg,315.0,0,,,False,False,False,0.0,,False,,,0.0,0,0,1,0.5,5,
249,images/s1_size_24_32_8.jpg,fixed_core_test,SYNTHETIC_3D,ok,outputs/shuttle_capability/controlled_capability/images/s1_size_24_32_8.jpg,30,30,483,475,468.0,460.0,498.0,490.0,30.0,30.0,30.0,24-32,pinned_oblique,center,none,none,bg_001.jpg,315.0,7,0.19697505235671997,0.2232866045691491,False,True,False,0.7794288970498989,4.055618205960574,True,4,0.12803250551223755,0.7167638683124156,1,6,0,0.5,5,
250,images/s1_size_24_32_9.jpg,fixed_core_test,SYNTHETIC_3D,ok,outputs/shuttle_capability/controlled_capability/images/s1_size_24_32_9.jpg,27,27,483,476,469.5,462.5,496.5,489.5,27.0,27.0,27.0,24-32,pinned_oblique,center,none,none,bg_001.jpg,315.0,0,,,False,False,False,0.0,,False,,,0.0,0,0,1,0.5,5,
251,images/s1_size_24_32_10.jpg,fixed_core_test,SYNTHETIC_3D,ok,outputs/shuttle_capability/controlled_capability/images/s1_size_24_32_10.jpg,26,26,482,476,469.0,463.0,495.0,489.0,26.0,26.0,26.0,24-32,pinned_oblique,center,none,none,bg_001.jpg,315.0,2,0.6416594386100769,0.0,False,False,False,0.0,,False,,,0.0,0,2,1,0.5,5,
252,images/s1_size_24_32_11.jpg,fixed_core_test,SYNTHETIC_3D,ok,outputs/shuttle_capability/controlled_capability/images/s1_size_24_32_11.jpg,30,30,483,475,468.0,460.0,498.0,490.0,30.0,30.0,30.0,24-32,pinned_oblique,center,none,none,bg_001.jpg,315.0,1,0.10699519515037537,0.1323076285351165,False,False,False,0.13532898804793755,,False,,,0.1323076285351165,0,1,1,0.5,5,
253,images/s1_size_24_32_12.jpg,fixed_core_test,SYNTHETIC_3D,ok,outputs/shuttle_capability/controlled_capability/images/s1_size_24_32_12.jpg,27,27,483,476,469.5,462.5,496.5,489.5,27.0,27.0,27.0,24-32,pinned_oblique,center,none,none,bg_001.jpg,315.0,3,0.13406725227832794,0.0,False,False,False,0.0,,False,,,0.0,0,3,1,0.5,5,
254,images/s1_size_24_32_13.jpg,fixed_core_test,SYNTHETIC_3D,ok,outputs/shuttle_capability/controlled_capability/images/s1_size_24_32_13.jpg,26,26,482,476,469.0,463.0,495.0,489.0,26.0,26.0,26.0,24-32,pinned_oblique,center,none,none,bg_001.jpg,315.0,1,0.09497882425785065,0.0,False,False,False,0.0,,False,,,0.0,0,1,1,0.5,5,
255,images/s1_size_24_32_14.jpg,fixed_core_test,SYNTHETIC_3D,ok,outputs/shuttle_capability/controlled_capability/images/s1_size_24_32_14.jpg,30,30,483,475,468.0,460.0,498.0,490.0,30.0,30.0,30.0,24-32,pinned_oblique,center,none,none,bg_001.jpg,315.0,1,0.8408719301223755,0.0,False,False,False,0.0,,False,,,0.0,0,1,1,0.5,5,
256,images/s1_size_24_32_15.jpg,fixed_core_test,SYNTHETIC_3D,ok,outputs/shuttle_capability/controlled_capability/images/s1_size_24_32_15.jpg,27,27,483,476,469.5,462.5,496.5,489.5,27.0,27.0,27.0,24-32,pinned_oblique,center,none,none,bg_001.jpg,315.0,0,,,False,False,False,0.0,,False,,,0.0,0,0,1,0.5,5,
257,images/s1_size_24_32_16.jpg,fixed_core_test,SYNTHETIC_3D,ok,outputs/shuttle_capability/controlled_capability/images/s1_size_24_32_16.jpg,26,26,482,476,469.0,463.0,495.0,489.0,26.0,26.0,26.0,24-32,pinned_oblique,center,none,none,bg_001.jpg,315.0,2,0.10357436537742615,0.0,False,False,False,0.15589846087586598,,False,,,0.15343557329644633,0,2,1,0.5,5,
258,images/s1_size_24_32_17.jpg,fixed_core_test,SYNTHETIC_3D,ok,outputs/shuttle_capability/controlled_capability/images/s1_size_24_32_17.jpg,30,30,483,475,468.0,460.0,498.0,490.0,30.0,30.0,30.0,24-32,pinned_oblique,center,none,none,bg_001.jpg,315.0,3,0.6134147644042969,0.0,False,False,False,0.0,,False,,,0.0,0,3,1,0.5,5,
259,images/s1_size_24_32_18.jpg,fixed_core_test,SYNTHETIC_3D,ok,outputs/shuttle_capability/controlled_capability/images/s1_size_24_32_18.jpg,27,27,483,476,469.5,462.5,496.5,489.5,27.0,27.0,27.0,24-32,pinned_oblique,center,none,none,bg_001.jpg,315.0,1,0.47265878319740295,0.0,False,False,False,0.0,,False,,,0.0,0,1,1,0.5,5,
260,images/s1_size_24_32_19.jpg,fixed_core_test,SYNTHETIC_3D,ok,outputs/shuttle_capability/controlled_capability/images/s1_size_24_32_19.jpg,26,26,482,476,469.0,463.0,495.0,489.0,26.0,26.0,26.0,24-32,pinned_oblique,center,none,none,bg_001.jpg,315.0,1,0.09336055815219879,0.61914698590012,True,True,False,0.61914698590012,2.401526150128955,True,1,0.09336055815219879,0.61914698590012,1,0,0,0.5,5,
261,images/s1_size_24_32_20.jpg,fixed_core_test,SYNTHETIC_3D,ok,outputs/shuttle_capability/controlled_capability/images/s1_size_24_32_20.jpg,30,30,483,475,468.0,460.0,498.0,490.0,30.0,30.0,30.0,24-32,pinned_oblique,center,none,none,bg_001.jpg,315.0,0,,,False,False,False,0.0,,False,,,0.0,0,0,1,0.5,5,
262,images/s1_size_24_32_21.jpg,fixed_core_test,SYNTHETIC_3D,ok,outputs/shuttle_capability/controlled_capability/images/s1_size_24_32_21.jpg,27,27,483,476,469.5,462.5,496.5,489.5,27.0,27.0,27.0,24-32,pinned_oblique,center,none,none,bg_001.jpg,315.0,0,,,False,False,False,0.0,,False,,,0.0,0,0,1,0.5,5,
263,images/s1_size_24_32_22.jpg,fixed_core_test,SYNTHETIC_3D,ok,outputs/shuttle_capability/controlled_capability/images/s1_size_24_32_22.jpg,26,26,482,476,469.0,463.0,495.0,489.0,26.0,26.0,26.0,24-32,pinned_oblique,center,none,none,bg_001.jpg,315.0,1,0.5386807918548584,0.0,False,False,False,0.0,,False,,,0.0,0,1,1,0.5,5,
264,images/s1_size_24_32_23.jpg,fixed_core_test,SYNTHETIC_3D,ok,outputs/shuttle_capability/controlled_capability/images/s1_size_24_32_23.jpg,30,30,483,475,468.0,460.0,498.0,490.0,30.0,30.0,30.0,24-32,pinned_oblique,center,none,none,bg_001.jpg,315.0,0,,,False,False,False,0.0,,False,,,0.0,0,0,1,0.5,5,
265,images/s1_size_24_32_24.jpg,fixed_core_test,SYNTHETIC_3D,ok,outputs/shuttle_capability/controlled_capability/images/s1_size_24_32_24.jpg,27,27,483,476,469.5,462.5,496.5,489.5,27.0,27.0,27.0,24-32,pinned_oblique,center,none,none,bg_001.jpg,315.0,0,,,False,False,False,0.0,,False,,,0.0,0,0,1,0.5,5,
266,images/s1_size_24_32_25.jpg,fixed_core_test,SYNTHETIC_3D,ok,outputs/shuttle_capability/controlled_capability/images/s1_size_24_32_25.jpg,26,26,482,476,469.0,463.0,495.0,489.0,26.0,26.0,26.0,24-32,pinned_oblique,center,none,none,bg_001.jpg,315.0,2,0.15419016778469086,0.0,False,True,False,0.5558803982029741,4.876130925223322,True,2,0.05759638175368309,0.52239291025786,1,1,0,0.5,5,
267,images/s1_size_24_32_26.jpg,fixed_core_test,SYNTHETIC_3D,ok,outputs/shuttle_capability/controlled_capability/images/s1_size_24_32_26.jpg,30,30,483,475,468.0,460.0,498.0,490.0,30.0,30.0,30.0,24-32,pinned_oblique,center,none,none,bg_001.jpg,315.0,0,,,False,False,False,0.0,,False,,,0.0,0,0,1,0.5,5,
268,images/s1_size_24_32_27.jpg,fixed_core_test,SYNTHETIC_3D,ok,outputs/shuttle_capability/controlled_capability/images/s1_size_24_32_27.jpg,27,27,483,476,469.5,462.5,496.5,489.5,27.0,27.0,27.0,24-32,pinned_oblique,center,none,none,bg_001.jpg,315.0,1,0.06465141475200653,0.0,False,False,False,0.0,,False,,,0.0,0,1,1,0.5,5,
269,images/s1_size_24_32_28.jpg,fixed_core_test,SYNTHETIC_3D,ok,outputs/shuttle_capability/controlled_capability/images/s1_size_24_32_28.jpg,26,26,482,476,469.0,463.0,495.0,489.0,26.0,26.0,26.0,24-32,pinned_oblique,center,none,none,bg_001.jpg,315.0,4,0.48371607065200806,0.7967028594693254,True,True,False,0.8397625118229516,1.5093640469465641,True,1,0.48371607065200806,0.7967028594693254,1,3,0,0.5,5,
270,images/s1_size_24_32_29.jpg,fixed_core_test,SYNTHETIC_3D,ok,outputs/shuttle_capability/controlled_capability/images/s1_size_24_32_29.jpg,30,30,483,475,468.0,460.0,498.0,490.0,30.0,30.0,30.0,24-32,pinned_oblique,center,none,none,bg_001.jpg,315.0,3,0.17047178745269775,0.0,False,False,False,0.0,,False,,,0.0,0,3,1,0.5,5,
271,images/s1_size_24_32_30.jpg,fixed_core_test,SYNTHETIC_3D,ok,outputs/shuttle_capability/controlled_capability/images/s1_size_24_32_30.jpg,27,27,483,476,469.5,462.5,496.5,489.5,27.0,27.0,27.0,24-32,pinned_oblique,center,none,none,bg_001.jpg,315.0,3,0.807731568813324,0.8235721634363555,True,True,True,0.9365418135023718,2.055464538090438,True,1,0.807731568813324,0.8235721634363555,1,2,0,0.5,5,
272,images/s1_size_24_32_31.jpg,fixed_core_test,SYNTHETIC_3D,ok,outputs/shuttle_capability/controlled_capability/images/s1_size_24_32_31.jpg,26,26,482,476,469.0,463.0,495.0,489.0,26.0,26.0,26.0,24-32,pinned_oblique,center,none,none,bg_001.jpg,315.0,4,0.5234060883522034,0.7163062989469708,True,True,False,0.7487126085631681,2.036389664474345,True,1,0.5234060883522034,0.7163062989469708,1,3,0,0.5,5,
273,images/s1_size_24_32_32.jpg,fixed_core_test,SYNTHETIC_3D,ok,outputs/shuttle_capability/controlled_capability/images/s1_size_24_32_32.jpg,30,30,483,475,468.0,460.0,498.0,490.0,30.0,30.0,30.0,24-32,pinned_oblique,center,none,none,bg_001.jpg,315.0,4,0.22645287215709686,0.0,False,True,True,0.9426443492186566,1.827907110132478,True,2,0.1916016787290573,0.8512804833758087,1,3,0,0.5,5,
274,images/s1_size_24_32_33.jpg,fixed_core_test,SYNTHETIC_3D,ok,outputs/shuttle_capability/controlled_capability/images/s1_size_24_32_33.jpg,27,27,483,476,469.5,462.5,496.5,489.5,27.0,27.0,27.0,24-32,pinned_oblique,center,none,none,bg_001.jpg,315.0,2,0.06218718737363815,0.7667845040359873,True,True,False,0.814601816351951,2.7109973909271847,True,1,0.06218718737363815,0.7667845040359873,1,1,0,0.5,5,
275,images/s1_size_24_32_34.jpg,fixed_core_test,SYNTHETIC_3D,ok,outputs/shuttle_capability/controlled_capability/images/s1_size_24_32_34.jpg,26,26,482,476,469.0,463.0,495.0,489.0,26.0,26.0,26.0,24-32,pinned_oblique,center,none,none,bg_001.jpg,315.0,7,0.7695301175117493,0.7975285611426427,True,True,False,0.8461317844501526,2.154187056343991,True,1,0.7695301175117493,0.7975285611426427,1,6,0,0.5,5,
276,images/s1_size_24_32_35.jpg,fixed_core_test,SYNTHETIC_3D,ok,outputs/shuttle_capability/controlled_capability/images/s1_size_24_32_35.jpg,30,30,483,475,468.0,460.0,498.0,490.0,30.0,30.0,30.0,24-32,pinned_oblique,center,none,none,bg_001.jpg,315.0,1,0.07843846082687378,0.0,False,False,False,0.0,,False,,,0.0,0,1,1,0.5,5,
277,images/s1_size_24_32_36.jpg,fixed_core_test,SYNTHETIC_3D,ok,outputs/shuttle_capability/controlled_capability/images/s1_size_24_32_36.jpg,27,27,483,476,469.5,462.5,496.5,489.5,27.0,27.0,27.0,24-32,pinned_oblique,center,none,none,bg_001.jpg,315.0,5,0.1518489122390747,0.17229425987256874,False,False,False,0.263219901847312,,False,,,0.24294011487982498,0,5,1,0.5,5,
278,images/s1_size_24_32_37.jpg,fixed_core_test,SYNTHETIC_3D,ok,outputs/shuttle_capability/controlled_capability/images/s1_size_24_32_37.jpg,26,26,482,476,469.0,463.0,495.0,489.0,26.0,26.0,26.0,24-32,pinned_oblique,center,none,none,bg_001.jpg,315.0,0,,,False,False,False,0.0,,False,,,0.0,0,0,1,0.5,5,
279,images/s1_size_24_32_38.jpg,fixed_core_test,SYNTHETIC_3D,ok,outputs/shuttle_capability/controlled_capability/images/s1_size_24_32_38.jpg,30,30,483,475,468.0,460.0,498.0,490.0,30.0,30.0,30.0,24-32,pinned_oblique,center,none,none,bg_001.jpg,315.0,2,0.10010772943496704,0.5938269929711697,True,True,False,0.5971792186424136,3.930345575094025,True,1,0.10010772943496704,0.5938269929711697,1,1,0,0.5,5,
280,images/s1_size_24_32_39.jpg,fixed_core_test,SYNTHETIC_3D,ok,outputs/shuttle_capability/controlled_capability/images/s1_size_24_32_39.jpg,27,27,483,476,469.5,462.5,496.5,489.5,27.0,27.0,27.0,24-32,pinned_oblique,center,none,none,bg_001.jpg,315.0,1,0.16594399511814117,0.0,False,False,False,0.0,,False,,,0.0,0,1,1,0.5,5,
281,images/s1_size_gt32_0.jpg,fixed_core_test,SYNTHETIC_3D,ok,outputs/shuttle_capability/controlled_capability/images/s1_size_gt32_0.jpg,40,40,484,474,464.0,454.0,504.0,494.0,40.0,40.0,40.0,>32,pinned_oblique,center,none,none,bg_001.jpg,315.0,1,0.15650632977485657,0.0,False,False,False,0.0,,False,,,0.0,0,1,1,0.5,5,
282,images/s1_size_gt32_1.jpg,fixed_core_test,SYNTHETIC_3D,ok,outputs/shuttle_capability/controlled_capability/images/s1_size_gt32_1.jpg,35,35,484,475,466.5,457.5,501.5,492.5,35.0,35.0,35.0,>32,pinned_oblique,center,none,none,bg_001.jpg,315.0,2,0.10292753577232361,0.0,False,False,False,0.08967665995870318,,False,,,0.08814964014744019,0,2,1,0.5,5,
283,images/s1_size_gt32_2.jpg,fixed_core_test,SYNTHETIC_3D,ok,outputs/shuttle_capability/controlled_capability/images/s1_size_gt32_2.jpg,44,44,485,473,463.0,451.0,507.0,495.0,44.0,44.0,44.0,>32,pinned_oblique,center,none,none,bg_001.jpg,315.0,2,0.2989037036895752,0.0,False,False,False,0.0,,False,,,0.0,0,2,1,0.5,5,
284,images/s1_size_gt32_3.jpg,fixed_core_test,SYNTHETIC_3D,ok,outputs/shuttle_capability/controlled_capability/images/s1_size_gt32_3.jpg,40,40,484,474,464.0,454.0,504.0,494.0,40.0,40.0,40.0,>32,pinned_oblique,center,none,none,bg_001.jpg,315.0,1,0.9097162485122681,0.0,False,False,False,0.0,,False,,,0.0,0,1,1,0.5,5,
285,images/s1_size_gt32_4.jpg,fixed_core_test,SYNTHETIC_3D,ok,outputs/shuttle_capability/controlled_capability/images/s1_size_gt32_4.jpg,35,35,484,475,466.5,457.5,501.5,492.5,35.0,35.0,35.0,>32,pinned_oblique,center,none,none,bg_001.jpg,315.0,7,0.2378464639186859,0.16472626314719782,False,False,False,0.2701953614731224,,False,,,0.2560280761337289,0,7,1,0.5,5,
286,images/s1_size_gt32_5.jpg,fixed_core_test,SYNTHETIC_3D,ok,outputs/shuttle_capability/controlled_capability/images/s1_size_gt32_5.jpg,44,44,485,473,463.0,451.0,507.0,495.0,44.0,44.0,44.0,>32,pinned_oblique,center,none,none,bg_001.jpg,315.0,5,0.764122724533081,0.0,False,False,False,0.0,,False,,,0.0,0,5,1,0.5,5,
287,images/s1_size_gt32_6.jpg,fixed_core_test,SYNTHETIC_3D,ok,outputs/shuttle_capability/controlled_capability/images/s1_size_gt32_6.jpg,40,40,484,474,464.0,454.0,504.0,494.0,40.0,40.0,40.0,>32,pinned_oblique,center,none,none,bg_001.jpg,315.0,3,0.3350565433502197,0.0,False,False,False,0.0,,False,,,0.0,0,3,1,0.5,5,
288,images/s1_size_gt32_7.jpg,fixed_core_test,SYNTHETIC_3D,ok,outputs/shuttle_capability/controlled_capability/images/s1_size_gt32_7.jpg,35,35,484,475,466.5,457.5,501.5,492.5,35.0,35.0,35.0,>32,pinned_oblique,center,none,none,bg_001.jpg,315.0,0,,,False,False,False,0.0,,False,,,0.0,0,0,1,0.5,5,
289,images/s1_size_gt32_8.jpg,fixed_core_test,SYNTHETIC_3D,ok,outputs/shuttle_capability/controlled_capability/images/s1_size_gt32_8.jpg,44,44,485,473,463.0,451.0,507.0,495.0,44.0,44.0,44.0,>32,pinned_oblique,center,none,none,bg_001.jpg,315.0,5,0.4429083466529846,0.17595117102603544,False,False,False,0.17817015736363828,,False,,,0.17595117102603544,0,5,1,0.5,5,
290,images/s1_size_gt32_9.jpg,fixed_core_test,SYNTHETIC_3D,ok,outputs/shuttle_capability/controlled_capability/images/s1_size_gt32_9.jpg,40,40,484,474,464.0,454.0,504.0,494.0,40.0,40.0,40.0,>32,pinned_oblique,center,none,none,bg_001.jpg,315.0,0,,,False,False,False,0.0,,False,,,0.0,0,0,1,0.5,5,
291,images/s1_size_gt32_10.jpg,fixed_core_test,SYNTHETIC_3D,ok,outputs/shuttle_capability/controlled_capability/images/s1_size_gt32_10.jpg,35,35,484,475,466.5,457.5,501.5,492.5,35.0,35.0,35.0,>32,pinned_oblique,center,none,none,bg_001.jpg,315.0,4,0.6201723217964172,0.0,False,False,False,0.0,,False,,,0.0,0,4,1,0.5,5,
292,images/s1_size_gt32_11.jpg,fixed_core_test,SYNTHETIC_3D,ok,outputs/shuttle_capability/controlled_capability/images/s1_size_gt32_11.jpg,44,44,485,473,463.0,451.0,507.0,495.0,44.0,44.0,44.0,>32,pinned_oblique,center,none,none,bg_001.jpg,315.0,0,,,False,False,False,0.0,,False,,,0.0,0,0,1,0.5,5,
293,images/s1_size_gt32_12.jpg,fixed_core_test,SYNTHETIC_3D,ok,outputs/shuttle_capability/controlled_capability/images/s1_size_gt32_12.jpg,40,40,484,474,464.0,454.0,504.0,494.0,40.0,40.0,40.0,>32,pinned_oblique,center,none,none,bg_001.jpg,315.0,3,0.09218191355466843,0.0,False,False,False,0.0,,False,,,0.0,0,3,1,0.5,5,
294,images/s1_size_gt32_13.jpg,fixed_core_test,SYNTHETIC_3D,ok,outputs/shuttle_capability/controlled_capability/images/s1_size_gt32_13.jpg,35,35,484,475,466.5,457.5,501.5,492.5,35.0,35.0,35.0,>32,pinned_oblique,center,none,none,bg_001.jpg,315.0,0,,,False,False,False,0.0,,False,,,0.0,0,0,1,0.5,5,
295,images/s1_size_gt32_14.jpg,fixed_core_test,SYNTHETIC_3D,ok,outputs/shuttle_capability/controlled_capability/images/s1_size_gt32_14.jpg,44,44,485,473,463.0,451.0,507.0,495.0,44.0,44.0,44.0,>32,pinned_oblique,center,none,none,bg_001.jpg,315.0,3,0.8713284134864807,0.0,False,False,False,0.0,,False,,,0.0,0,3,1,0.5,5,
296,images/s1_size_gt32_15.jpg,fixed_core_test,SYNTHETIC_3D,ok,outputs/shuttle_capability/controlled_capability/images/s1_size_gt32_15.jpg,40,40,484,474,464.0,454.0,504.0,494.0,40.0,40.0,40.0,>32,pinned_oblique,center,none,none,bg_001.jpg,315.0,0,,,False,False,False,0.0,,False,,,0.0,0,0,1,0.5,5,
297,images/s1_size_gt32_16.jpg,fixed_core_test,SYNTHETIC_3D,ok,outputs/shuttle_capability/controlled_capability/images/s1_size_gt32_16.jpg,35,35,484,475,466.5,457.5,501.5,492.5,35.0,35.0,35.0,>32,pinned_oblique,center,none,none,bg_001.jpg,315.0,1,0.24888673424720764,0.0,False,False,False,0.0,,False,,,0.0,0,1,1,0.5,5,
298,images/s1_size_gt32_17.jpg,fixed_core_test,SYNTHETIC_3D,ok,outputs/shuttle_capability/controlled_capability/images/s1_size_gt32_17.jpg,44,44,485,473,463.0,451.0,507.0,495.0,44.0,44.0,44.0,>32,pinned_oblique,center,none,none,bg_001.jpg,315.0,3,0.4273834824562073,0.0,False,False,False,0.0,,False,,,0.0,0,3,1,0.5,5,
299,images/s1_size_gt32_18.jpg,fixed_core_test,SYNTHETIC_3D,ok,outputs/shuttle_capability/controlled_capability/images/s1_size_gt32_18.jpg,40,40,484,474,464.0,454.0,504.0,494.0,40.0,40.0,40.0,>32,pinned_oblique,center,none,none,bg_001.jpg,315.0,1,0.2766974866390228,0.0,False,False,False,0.0,,False,,,0.0,0,1,1,0.5,5,
300,images/s1_size_gt32_19.jpg,fixed_core_test,SYNTHETIC_3D,ok,outputs/shuttle_capability/controlled_capability/images/s1_size_gt32_19.jpg,35,35,484,475,466.5,457.5,501.5,492.5,35.0,35.0,35.0,>32,pinned_oblique,center,none,none,bg_001.jpg,315.0,1,0.06527012586593628,0.0,False,False,False,0.0,,False,,,0.0,0,1,1,0.5,5,
301,images/s1_size_gt32_20.jpg,fixed_core_test,SYNTHETIC_3D,ok,outputs/shuttle_capability/controlled_capability/images/s1_size_gt32_20.jpg,44,44,485,473,463.0,451.0,507.0,495.0,44.0,44.0,44.0,>32,pinned_oblique,center,none,none,bg_001.jpg,315.0,0,,,False,False,False,0.0,,False,,,0.0,0,0,1,0.5,5,
302,images/s1_size_gt32_21.jpg,fixed_core_test,SYNTHETIC_3D,ok,outputs/shuttle_capability/controlled_capability/images/s1_size_gt32_21.jpg,40,40,484,474,464.0,454.0,504.0,494.0,40.0,40.0,40.0,>32,pinned_oblique,center,none,none,bg_001.jpg,315.0,0,,,False,False,False,0.0,,False,,,0.0,0,0,1,0.5,5,
303,images/s1_size_gt32_22.jpg,fixed_core_test,SYNTHETIC_3D,ok,outputs/shuttle_capability/controlled_capability/images/s1_size_gt32_22.jpg,35,35,484,475,466.5,457.5,501.5,492.5,35.0,35.0,35.0,>32,pinned_oblique,center,none,none,bg_001.jpg,315.0,2,0.6009194850921631,0.0,False,False,False,0.0,,False,,,0.0,0,2,1,0.5,5,
304,images/s1_size_gt32_23.jpg,fixed_core_test,SYNTHETIC_3D,ok,outputs/shuttle_capability/controlled_capability/images/s1_size_gt32_23.jpg,44,44,485,473,463.0,451.0,507.0,495.0,44.0,44.0,44.0,>32,pinned_oblique,center,none,none,bg_001.jpg,315.0,2,0.08304878324270248,0.0,False,False,False,0.0,,False,,,0.0,0,2,1,0.5,5,
305,images/s1_size_gt32_24.jpg,fixed_core_test,SYNTHETIC_3D,ok,outputs/shuttle_capability/controlled_capability/images/s1_size_gt32_24.jpg,40,40,484,474,464.0,454.0,504.0,494.0,40.0,40.0,40.0,>32,pinned_oblique,center,none,none,bg_001.jpg,315.0,0,,,False,False,False,0.0,,False,,,0.0,0,0,1,0.5,5,
306,images/s1_size_gt32_25.jpg,fixed_core_test,SYNTHETIC_3D,ok,outputs/shuttle_capability/controlled_capability/images/s1_size_gt32_25.jpg,35,35,484,475,466.5,457.5,501.5,492.5,35.0,35.0,35.0,>32,pinned_oblique,center,none,none,bg_001.jpg,315.0,3,0.09775252640247345,0.0,False,False,False,0.2956904006019539,,False,,,0.28066968604314085,0,3,1,0.5,5,
307,images/s1_size_gt32_26.jpg,fixed_core_test,SYNTHETIC_3D,ok,outputs/shuttle_capability/controlled_capability/images/s1_size_gt32_26.jpg,44,44,485,473,463.0,451.0,507.0,495.0,44.0,44.0,44.0,>32,pinned_oblique,center,none,none,bg_001.jpg,315.0,1,0.05234867334365845,0.0,False,False,False,0.0,,False,,,0.0,0,1,1,0.5,5,
308,images/s1_size_gt32_27.jpg,fixed_core_test,SYNTHETIC_3D,ok,outputs/shuttle_capability/controlled_capability/images/s1_size_gt32_27.jpg,40,40,484,474,464.0,454.0,504.0,494.0,40.0,40.0,40.0,>32,pinned_oblique,center,none,none,bg_001.jpg,315.0,2,0.09144226461648941,0.0,False,False,False,0.0,,False,,,0.0,0,2,1,0.5,5,
309,images/s1_size_gt32_28.jpg,fixed_core_test,SYNTHETIC_3D,ok,outputs/shuttle_capability/controlled_capability/images/s1_size_gt32_28.jpg,35,35,484,475,466.5,457.5,501.5,492.5,35.0,35.0,35.0,>32,pinned_oblique,center,none,none,bg_001.jpg,315.0,3,0.09987740963697433,0.0,False,False,False,0.29933506633554186,,False,,,0.2961752698941997,0,3,1,0.5,5,
310,images/s1_size_gt32_29.jpg,fixed_core_test,SYNTHETIC_3D,ok,outputs/shuttle_capability/controlled_capability/images/s1_size_gt32_29.jpg,44,44,485,473,463.0,451.0,507.0,495.0,44.0,44.0,44.0,>32,pinned_oblique,center,none,none,bg_001.jpg,315.0,1,0.2927459478378296,0.0,False,False,False,0.0,,False,,,0.0,0,1,1,0.5,5,
311,images/s1_size_gt32_30.jpg,fixed_core_test,SYNTHETIC_3D,ok,outputs/shuttle_capability/controlled_capability/images/s1_size_gt32_30.jpg,40,40,484,474,464.0,454.0,504.0,494.0,40.0,40.0,40.0,>32,pinned_oblique,center,none,none,bg_001.jpg,315.0,4,0.5067227482795715,0.17655983239361064,False,True,False,0.6191368367651012,4.973142418020564,True,2,0.12658259272575378,0.525443159333663,1,3,0,0.5,5,
312,images/s1_size_gt32_31.jpg,fixed_core_test,SYNTHETIC_3D,ok,outputs/shuttle_capability/controlled_capability/images/s1_size_gt32_31.jpg,35,35,484,475,466.5,457.5,501.5,492.5,35.0,35.0,35.0,>32,pinned_oblique,center,none,none,bg_001.jpg,315.0,3,0.06977970153093338,0.7480881039906211,True,True,False,0.7585867751633026,3.3326542018745657,True,1,0.06977970153093338,0.7480881039906211,1,2,0,0.5,5,
313,images/s1_size_gt32_32.jpg,fixed_core_test,SYNTHETIC_3D,ok,outputs/shuttle_capability/controlled_capability/images/s1_size_gt32_32.jpg,44,44,485,473,463.0,451.0,507.0,495.0,44.0,44.0,44.0,>32,pinned_oblique,center,none,none,bg_001.jpg,315.0,1,0.27755558490753174,0.0,False,False,False,0.0,,False,,,0.0,0,1,1,0.5,5,
314,images/s1_size_gt32_33.jpg,fixed_core_test,SYNTHETIC_3D,ok,outputs/shuttle_capability/controlled_capability/images/s1_size_gt32_33.jpg,40,40,484,474,464.0,454.0,504.0,494.0,40.0,40.0,40.0,>32,pinned_oblique,center,none,none,bg_001.jpg,315.0,1,0.08298034965991974,0.0,False,False,False,0.0,,False,,,0.0,0,1,1,0.5,5,
315,images/s1_size_gt32_34.jpg,fixed_core_test,SYNTHETIC_3D,ok,outputs/shuttle_capability/controlled_capability/images/s1_size_gt32_34.jpg,35,35,484,475,466.5,457.5,501.5,492.5,35.0,35.0,35.0,>32,pinned_oblique,center,none,none,bg_001.jpg,315.0,9,0.23308132588863373,0.0,False,False,False,0.7216829850539869,4.136992155772434,True,7,0.11348827183246613,0.6318709673717314,1,8,0,0.5,5,
316,images/s1_size_gt32_35.jpg,fixed_core_test,SYNTHETIC_3D,ok,outputs/shuttle_capability/controlled_capability/images/s1_size_gt32_35.jpg,44,44,485,473,463.0,451.0,507.0,495.0,44.0,44.0,44.0,>32,pinned_oblique,center,none,none,bg_001.jpg,315.0,0,,,False,False,False,0.0,,False,,,0.0,0,0,1,0.5,5,
317,images/s1_size_gt32_36.jpg,fixed_core_test,SYNTHETIC_3D,ok,outputs/shuttle_capability/controlled_capability/images/s1_size_gt32_36.jpg,40,40,484,474,464.0,454.0,504.0,494.0,40.0,40.0,40.0,>32,pinned_oblique,center,none,none,bg_001.jpg,315.0,4,0.7481370568275452,0.14500125347780998,False,False,False,0.2071595607168274,,False,,,0.1915355482387209,0,4,1,0.5,5,
318,images/s1_size_gt32_37.jpg,fixed_core_test,SYNTHETIC_3D,ok,outputs/shuttle_capability/controlled_capability/images/s1_size_gt32_37.jpg,35,35,484,475,466.5,457.5,501.5,492.5,35.0,35.0,35.0,>32,pinned_oblique,center,none,none,bg_001.jpg,315.0,1,0.08657442778348923,0.0,False,False,False,0.0,,False,,,0.0,0,1,1,0.5,5,
319,images/s1_size_gt32_38.jpg,fixed_core_test,SYNTHETIC_3D,ok,outputs/shuttle_capability/controlled_capability/images/s1_size_gt32_38.jpg,44,44,485,473,463.0,451.0,507.0,495.0,44.0,44.0,44.0,>32,pinned_oblique,center,none,none,bg_001.jpg,315.0,1,0.0715324655175209,0.0,False,False,False,0.0,,False,,,0.0,0,1,1,0.5,5,
320,images/s1_size_gt32_39.jpg,fixed_core_test,SYNTHETIC_3D,ok,outputs/shuttle_capability/controlled_capability/images/s1_size_gt32_39.jpg,40,40,484,474,464.0,454.0,504.0,494.0,40.0,40.0,40.0,>32,pinned_oblique,center,none,none,bg_001.jpg,315.0,0,,,False,False,False,0.0,,False,,,0.0,0,0,1,0.5,5,
321,images/s2_pose_cork_end_on_0.jpg,fixed_core_test,SYNTHETIC_3D,ok,outputs/shuttle_capability/controlled_capability/images/s2_pose_cork_end_on_0.jpg,18,18,479,479,470.0,470.0,488.0,488.0,18.0,18.0,18.0,16-24,cork_end_on,center,none,none,bg_001.jpg,315.0,3,0.17566992342472076,0.0,False,False,False,0.0,,False,,,0.0,0,3,1,0.5,5,
322,images/s2_pose_cork_end_on_1.jpg,fixed_core_test,SYNTHETIC_3D,ok,outputs/shuttle_capability/controlled_capability/images/s2_pose_cork_end_on_1.jpg,18,18,481,479,472.0,470.0,490.0,488.0,18.0,18.0,18.0,16-24,cork_end_on,center,none,none,bg_001.jpg,315.0,3,0.6661023497581482,0.0,False,False,False,0.0,,False,,,0.0,0,3,1,0.5,5,
323,images/s2_pose_cork_end_on_2.jpg,fixed_core_test,SYNTHETIC_3D,ok,outputs/shuttle_capability/controlled_capability/images/s2_pose_cork_end_on_2.jpg,18,18,477,479,468.0,470.0,486.0,488.0,18.0,18.0,18.0,16-24,cork_end_on,center,none,none,bg_001.jpg,315.0,1,0.05094531178474426,0.0,False,False,False,0.0,,False,,,0.0,0,1,1,0.5,5,
324,images/s2_pose_cork_end_on_3.jpg,fixed_core_test,SYNTHETIC_3D,ok,outputs/shuttle_capability/controlled_capability/images/s2_pose_cork_end_on_3.jpg,18,18,479,477,470.0,468.0,488.0,486.0,18.0,18.0,18.0,16-24,cork_end_on,center,none,none,bg_001.jpg,315.0,2,0.23793677985668182,0.0,False,True,False,0.6335896232889758,2.026875356357448,True,2,0.07801805436611176,0.6304836319181727,1,1,0,0.5,5,
325,images/s2_pose_cork_end_on_4.jpg,fixed_core_test,SYNTHETIC_3D,ok,outputs/shuttle_capability/controlled_capability/images/s2_pose_cork_end_on_4.jpg,18,18,479,481,470.0,472.0,488.0,490.0,18.0,18.0,18.0,16-24,cork_end_on,center,none,none,bg_001.jpg,315.0,1,0.06997981667518616,0.4104962551759349,False,False,False,0.4104962551759349,,False,,,0.4104962551759349,0,1,1,0.5,5,
326,images/s2_pose_cork_end_on_5.jpg,fixed_core_test,SYNTHETIC_3D,ok,outputs/shuttle_capability/controlled_capability/images/s2_pose_cork_end_on_5.jpg,19,19,481,478,471.5,468.5,490.5,487.5,19.0,19.0,19.0,16-24,cork_end_on,center,none,none,bg_001.jpg,315.0,0,,,False,False,False,0.0,,False,,,0.0,0,0,1,0.5,5,
327,images/s2_pose_cork_end_on_6.jpg,fixed_core_test,SYNTHETIC_3D,ok,outputs/shuttle_capability/controlled_capability/images/s2_pose_cork_end_on_6.jpg,19,19,478,481,468.5,471.5,487.5,490.5,19.0,19.0,19.0,16-24,cork_end_on,center,none,none,bg_001.jpg,315.0,3,0.5798735022544861,0.0,False,False,False,0.0,,False,,,0.0,0,3,1,0.5,5,
328,images/s2_pose_cork_end_on_7.jpg,fixed_core_test,SYNTHETIC_3D,ok,outputs/shuttle_capability/controlled_capability/images/s2_pose_cork_end_on_7.jpg,18,18,480,480,471.0,471.0,489.0,489.0,18.0,18.0,18.0,16-24,cork_end_on,center,none,none,bg_001.jpg,315.0,1,0.6771231293678284,0.0,False,False,False,0.0,,False,,,0.0,0,1,1,0.5,5,
329,images/s2_pose_cork_end_on_8.jpg,fixed_core_test,SYNTHETIC_3D,ok,outputs/shuttle_capability/controlled_capability/images/s2_pose_cork_end_on_8.jpg,18,18,479,479,470.0,470.0,488.0,488.0,18.0,18.0,18.0,16-24,cork_end_on,center,none,none,bg_001.jpg,315.0,4,0.14944200217723846,0.0,False,True,True,0.9431184379119472,0.6155625709234834,True,3,0.11480053514242172,0.9092804425303053,1,3,0,0.5,5,
330,images/s2_pose_cork_end_on_9.jpg,fixed_core_test,SYNTHETIC_3D,ok,outputs/shuttle_capability/controlled_capability/images/s2_pose_cork_end_on_9.jpg,18,18,481,479,472.0,470.0,490.0,488.0,18.0,18.0,18.0,16-24,cork_end_on,center,none,none,bg_001.jpg,315.0,3,0.17391276359558105,0.0,False,False,False,0.0,,False,,,0.0,0,3,1,0.5,5,
331,images/s2_pose_cork_end_on_10.jpg,fixed_core_test,SYNTHETIC_3D,ok,outputs/shuttle_capability/controlled_capability/images/s2_pose_cork_end_on_10.jpg,18,18,477,479,468.0,470.0,486.0,488.0,18.0,18.0,18.0,16-24,cork_end_on,center,none,none,bg_001.jpg,315.0,4,0.541034460067749,0.0,False,False,False,0.0,,False,,,0.0,0,4,1,0.5,5,
332,images/s2_pose_cork_end_on_11.jpg,fixed_core_test,SYNTHETIC_3D,ok,outputs/shuttle_capability/controlled_capability/images/s2_pose_cork_end_on_11.jpg,18,18,479,477,470.0,468.0,488.0,486.0,18.0,18.0,18.0,16-24,cork_end_on,center,none,none,bg_001.jpg,315.0,2,0.06399967521429062,0.0,False,False,False,0.0,,False,,,0.0,0,2,1,0.5,5,
333,images/s2_pose_cork_end_on_12.jpg,fixed_core_test,SYNTHETIC_3D,ok,outputs/shuttle_capability/controlled_capability/images/s2_pose_cork_end_on_12.jpg,18,18,479,481,470.0,472.0,488.0,490.0,18.0,18.0,18.0,16-24,cork_end_on,center,none,none,bg_001.jpg,315.0,2,0.06462685018777847,0.0,False,False,False,0.0,,False,,,0.0,0,2,1,0.5,5,
334,images/s2_pose_cork_end_on_13.jpg,fixed_core_test,SYNTHETIC_3D,ok,outputs/shuttle_capability/controlled_capability/images/s2_pose_cork_end_on_13.jpg,19,19,481,478,471.5,468.5,490.5,487.5,19.0,19.0,19.0,16-24,cork_end_on,center,none,none,bg_001.jpg,315.0,1,0.05629128962755203,0.0,False,False,False,0.0,,False,,,0.0,0,1,1,0.5,5,
335,images/s2_pose_cork_end_on_14.jpg,fixed_core_test,SYNTHETIC_3D,ok,outputs/shuttle_capability/controlled_capability/images/s2_pose_cork_end_on_14.jpg,19,19,478,481,468.5,471.5,487.5,490.5,19.0,19.0,19.0,16-24,cork_end_on,center,none,none,bg_001.jpg,315.0,3,0.11820539832115173,0.7607992718775352,True,True,False,0.7607992718775352,1.4728083355718737,True,1,0.11820539832115173,0.7607992718775352,1,2,0,0.5,5,
336,images/s2_pose_cork_end_on_15.jpg,fixed_core_test,SYNTHETIC_3D,ok,outputs/shuttle_capability/controlled_capability/images/s2_pose_cork_end_on_15.jpg,18,18,480,480,471.0,471.0,489.0,489.0,18.0,18.0,18.0,16-24,cork_end_on,center,none,none,bg_001.jpg,315.0,3,0.876129150390625,0.0,False,False,False,0.416311290115118,,False,,,0.416311290115118,0,3,1,0.5,5,
337,images/s2_pose_cork_end_on_16.jpg,fixed_core_test,SYNTHETIC_3D,ok,outputs/shuttle_capability/controlled_capability/images/s2_pose_cork_end_on_16.jpg,18,18,479,479,470.0,470.0,488.0,488.0,18.0,18.0,18.0,16-24,cork_end_on,center,none,none,bg_001.jpg,315.0,1,0.05577460676431656,0.0,False,False,False,0.0,,False,,,0.0,0,1,1,0.5,5,
338,images/s2_pose_cork_end_on_17.jpg,fixed_core_test,SYNTHETIC_3D,ok,outputs/shuttle_capability/controlled_capability/images/s2_pose_cork_end_on_17.jpg,18,18,481,479,472.0,470.0,490.0,488.0,18.0,18.0,18.0,16-24,cork_end_on,center,none,none,bg_001.jpg,315.0,1,0.09739534556865692,0.0,False,False,False,0.0,,False,,,0.0,0,1,1,0.5,5,
339,images/s2_pose_cork_end_on_18.jpg,fixed_core_test,SYNTHETIC_3D,ok,outputs/shuttle_capability/controlled_capability/images/s2_pose_cork_end_on_18.jpg,18,18,477,479,468.0,470.0,486.0,488.0,18.0,18.0,18.0,16-24,cork_end_on,center,none,none,bg_001.jpg,315.0,0,,,False,False,False,0.0,,False,,,0.0,0,0,1,0.5,5,
340,images/s2_pose_cork_end_on_19.jpg,fixed_core_test,SYNTHETIC_3D,ok,outputs/shuttle_capability/controlled_capability/images/s2_pose_cork_end_on_19.jpg,18,18,479,477,470.0,468.0,488.0,486.0,18.0,18.0,18.0,16-24,cork_end_on,center,none,none,bg_001.jpg,315.0,0,,,False,False,False,0.0,,False,,,0.0,0,0,1,0.5,5,
341,images/s2_pose_cork_end_on_20.jpg,fixed_core_test,SYNTHETIC_3D,ok,outputs/shuttle_capability/controlled_capability/images/s2_pose_cork_end_on_20.jpg,18,18,479,481,470.0,472.0,488.0,490.0,18.0,18.0,18.0,16-24,cork_end_on,center,none,none,bg_001.jpg,315.0,1,0.29271769523620605,0.0,False,False,False,0.0,,False,,,0.0,0,1,1,0.5,5,
342,images/s2_pose_cork_end_on_21.jpg,fixed_core_test,SYNTHETIC_3D,ok,outputs/shuttle_capability/controlled_capability/images/s2_pose_cork_end_on_21.jpg,19,19,481,478,471.5,468.5,490.5,487.5,19.0,19.0,19.0,16-24,cork_end_on,center,none,none,bg_001.jpg,315.0,3,0.8673539161682129,0.0,False,False,False,0.0,,False,,,0.0,0,3,1,0.5,5,
343,images/s2_pose_cork_end_on_22.jpg,fixed_core_test,SYNTHETIC_3D,ok,outputs/shuttle_capability/controlled_capability/images/s2_pose_cork_end_on_22.jpg,19,19,478,481,468.5,471.5,487.5,490.5,19.0,19.0,19.0,16-24,cork_end_on,center,none,none,bg_001.jpg,315.0,0,,,False,False,False,0.0,,False,,,0.0,0,0,1,0.5,5,
344,images/s2_pose_cork_end_on_23.jpg,fixed_core_test,SYNTHETIC_3D,ok,outputs/shuttle_capability/controlled_capability/images/s2_pose_cork_end_on_23.jpg,18,18,480,480,471.0,471.0,489.0,489.0,18.0,18.0,18.0,16-24,cork_end_on,center,none,none,bg_001.jpg,315.0,3,0.7377870678901672,0.6774891120278173,True,True,False,0.6774891120278173,1.5818677393868348,True,1,0.7377870678901672,0.6774891120278173,1,2,0,0.5,5,
345,images/s2_pose_cork_end_on_24.jpg,fixed_core_test,SYNTHETIC_3D,ok,outputs/shuttle_capability/controlled_capability/images/s2_pose_cork_end_on_24.jpg,18,18,479,479,470.0,470.0,488.0,488.0,18.0,18.0,18.0,16-24,cork_end_on,center,none,none,bg_001.jpg,315.0,1,0.25536325573921204,0.0,False,False,False,0.0,,False,,,0.0,0,1,1,0.5,5,
346,images/s2_pose_cork_end_on_25.jpg,fixed_core_test,SYNTHETIC_3D,ok,outputs/shuttle_capability/controlled_capability/images/s2_pose_cork_end_on_25.jpg,18,18,481,479,472.0,470.0,490.0,488.0,18.0,18.0,18.0,16-24,cork_end_on,center,none,none,bg_001.jpg,315.0,1,0.050371214747428894,0.0,False,False,False,0.0,,False,,,0.0,0,1,1,0.5,5,
347,images/s2_pose_cork_end_on_26.jpg,fixed_core_test,SYNTHETIC_3D,ok,outputs/shuttle_capability/controlled_capability/images/s2_pose_cork_end_on_26.jpg,18,18,477,479,468.0,470.0,486.0,488.0,18.0,18.0,18.0,16-24,cork_end_on,center,none,none,bg_001.jpg,315.0,2,0.10560716688632965,0.0,False,False,False,0.0,,False,,,0.0,0,2,1,0.5,5,
348,images/s2_pose_cork_end_on_27.jpg,fixed_core_test,SYNTHETIC_3D,ok,outputs/shuttle_capability/controlled_capability/images/s2_pose_cork_end_on_27.jpg,18,18,479,477,470.0,468.0,488.0,486.0,18.0,18.0,18.0,16-24,cork_end_on,center,none,none,bg_001.jpg,315.0,2,0.08300695568323135,0.0,False,False,False,0.28523626188851064,,False,,,0.28523626188851064,0,2,1,0.5,5,
349,images/s2_pose_cork_end_on_28.jpg,fixed_core_test,SYNTHETIC_3D,ok,outputs/shuttle_capability/controlled_capability/images/s2_pose_cork_end_on_28.jpg,18,18,479,481,470.0,472.0,488.0,490.0,18.0,18.0,18.0,16-24,cork_end_on,center,none,none,bg_001.jpg,315.0,1,0.06136287376284599,0.0,False,False,False,0.0,,False,,,0.0,0,1,1,0.5,5,
350,images/s2_pose_cork_end_on_29.jpg,fixed_core_test,SYNTHETIC_3D,ok,outputs/shuttle_capability/controlled_capability/images/s2_pose_cork_end_on_29.jpg,19,19,481,478,471.5,468.5,490.5,487.5,19.0,19.0,19.0,16-24,cork_end_on,center,none,none,bg_001.jpg,315.0,1,0.5243206024169922,0.7435102650584876,True,True,False,0.7695530423858407,1.5140130105464529,True,1,0.5243206024169922,0.7435102650584876,1,0,0,0.5,5,
351,images/s2_pose_cork_end_on_30.jpg,fixed_core_test,SYNTHETIC_3D,ok,outputs/shuttle_capability/controlled_capability/images/s2_pose_cork_end_on_30.jpg,19,19,478,481,468.5,471.5,487.5,490.5,19.0,19.0,19.0,16-24,cork_end_on,center,none,none,bg_001.jpg,315.0,3,0.6785215735435486,0.8646216162756457,True,True,False,0.8646216162756457,0.7076808307573259,True,1,0.6785215735435486,0.8646216162756457,1,2,0,0.5,5,
352,images/s2_pose_cork_end_on_31.jpg,fixed_core_test,SYNTHETIC_3D,ok,outputs/shuttle_capability/controlled_capability/images/s2_pose_cork_end_on_31.jpg,18,18,480,480,471.0,471.0,489.0,489.0,18.0,18.0,18.0,16-24,cork_end_on,center,none,none,bg_001.jpg,315.0,3,0.29458335041999817,0.0,False,True,False,0.7087301783677604,2.4663709505834692,True,2,0.2490437626838684,0.6691708830472863,1,2,0,0.5,5,
353,images/s2_pose_cork_end_on_32.jpg,fixed_core_test,SYNTHETIC_3D,ok,outputs/shuttle_capability/controlled_capability/images/s2_pose_cork_end_on_32.jpg,18,18,479,479,470.0,470.0,488.0,488.0,18.0,18.0,18.0,16-24,cork_end_on,center,none,none,bg_001.jpg,315.0,1,0.16910281777381897,0.0,False,False,False,0.0,,False,,,0.0,0,1,1,0.5,5,
354,images/s2_pose_cork_end_on_33.jpg,fixed_core_test,SYNTHETIC_3D,ok,outputs/shuttle_capability/controlled_capability/images/s2_pose_cork_end_on_33.jpg,18,18,481,479,472.0,470.0,490.0,488.0,18.0,18.0,18.0,16-24,cork_end_on,center,none,none,bg_001.jpg,315.0,1,0.09540015459060669,0.0,False,False,False,0.0,,False,,,0.0,0,1,1,0.5,5,
355,images/s2_pose_cork_end_on_34.jpg,fixed_core_test,SYNTHETIC_3D,ok,outputs/shuttle_capability/controlled_capability/images/s2_pose_cork_end_on_34.jpg,18,18,477,479,468.0,470.0,486.0,488.0,18.0,18.0,18.0,16-24,cork_end_on,center,none,none,bg_001.jpg,315.0,2,0.08137784898281097,0.0,False,False,False,0.0,,False,,,0.0,0,2,1,0.5,5,
356,images/s2_pose_cork_end_on_35.jpg,fixed_core_test,SYNTHETIC_3D,ok,outputs/shuttle_capability/controlled_capability/images/s2_pose_cork_end_on_35.jpg,18,18,479,477,470.0,468.0,488.0,486.0,18.0,18.0,18.0,16-24,cork_end_on,center,none,none,bg_001.jpg,315.0,1,0.313983678817749,0.6567816835035055,True,True,False,0.6866828008140955,2.4117821670331017,True,1,0.313983678817749,0.6567816835035055,1,0,0,0.5,5,
357,images/s2_pose_cork_end_on_36.jpg,fixed_core_test,SYNTHETIC_3D,ok,outputs/shuttle_capability/controlled_capability/images/s2_pose_cork_end_on_36.jpg,18,18,479,481,470.0,472.0,488.0,490.0,18.0,18.0,18.0,16-24,cork_end_on,center,none,none,bg_001.jpg,315.0,3,0.10473667830228806,0.0,False,False,False,0.0,,False,,,0.0,0,3,1,0.5,5,
358,images/s2_pose_cork_end_on_37.jpg,fixed_core_test,SYNTHETIC_3D,ok,outputs/shuttle_capability/controlled_capability/images/s2_pose_cork_end_on_37.jpg,19,19,481,478,471.5,468.5,490.5,487.5,19.0,19.0,19.0,16-24,cork_end_on,center,none,none,bg_001.jpg,315.0,3,0.4671472907066345,0.0,False,False,False,0.0,,False,,,0.0,0,3,1,0.5,5,
359,images/s2_pose_cork_end_on_38.jpg,fixed_core_test,SYNTHETIC_3D,ok,outputs/shuttle_capability/controlled_capability/images/s2_pose_cork_end_on_38.jpg,19,19,478,481,468.5,471.5,487.5,490.5,19.0,19.0,19.0,16-24,cork_end_on,center,none,none,bg_001.jpg,315.0,2,0.7490366101264954,0.0,False,False,False,0.0,,False,,,0.0,0,2,1,0.5,5,
360,images/s2_pose_cork_end_on_39.jpg,fixed_core_test,SYNTHETIC_3D,ok,outputs/shuttle_capability/controlled_capability/images/s2_pose_cork_end_on_39.jpg,18,18,480,480,471.0,471.0,489.0,489.0,18.0,18.0,18.0,16-24,cork_end_on,center,none,none,bg_001.jpg,315.0,0,,,False,False,False,0.0,,False,,,0.0,0,0,1,0.5,5,
361,images/s2_pose_feather_end_on_0.jpg,fixed_core_test,SYNTHETIC_3D,ok,outputs/shuttle_capability/controlled_capability/images/s2_pose_feather_end_on_0.jpg,18,18,479,479,470.0,470.0,488.0,488.0,18.0,18.0,18.0,16-24,feather_end_on,center,none,none,bg_001.jpg,315.0,3,0.16013111174106598,0.0,False,False,False,0.0,,False,,,0.0,0,3,1,0.5,5,
362,images/s2_pose_feather_end_on_1.jpg,fixed_core_test,SYNTHETIC_3D,ok,outputs/shuttle_capability/controlled_capability/images/s2_pose_feather_end_on_1.jpg,18,18,477,479,468.0,470.0,486.0,488.0,18.0,18.0,18.0,16-24,feather_end_on,center,none,none,bg_001.jpg,315.0,3,0.5976738929748535,0.0,False,False,False,0.0,,False,,,0.0,0,3,1,0.5,5,
363,images/s2_pose_feather_end_on_2.jpg,fixed_core_test,SYNTHETIC_3D,ok,outputs/shuttle_capability/controlled_capability/images/s2_pose_feather_end_on_2.jpg,18,18,481,479,472.0,470.0,490.0,488.0,18.0,18.0,18.0,16-24,feather_end_on,center,none,none,bg_001.jpg,315.0,1,0.09888096898794174,0.0,False,False,False,0.0,,False,,,0.0,0,1,1,0.5,5,
364,images/s2_pose_feather_end_on_3.jpg,fixed_core_test,SYNTHETIC_3D,ok,outputs/shuttle_capability/controlled_capability/images/s2_pose_feather_end_on_3.jpg,18,18,479,481,470.0,472.0,488.0,490.0,18.0,18.0,18.0,16-24,feather_end_on,center,none,none,bg_001.jpg,315.0,1,0.21686111390590668,0.0,False,False,False,0.0,,False,,,0.0,0,1,1,0.5,5,
365,images/s2_pose_feather_end_on_4.jpg,fixed_core_test,SYNTHETIC_3D,ok,outputs/shuttle_capability/controlled_capability/images/s2_pose_feather_end_on_4.jpg,18,18,479,477,470.0,468.0,488.0,486.0,18.0,18.0,18.0,16-24,feather_end_on,center,none,none,bg_001.jpg,315.0,0,,,False,False,False,0.0,,False,,,0.0,0,0,1,0.5,5,
366,images/s2_pose_feather_end_on_5.jpg,fixed_core_test,SYNTHETIC_3D,ok,outputs/shuttle_capability/controlled_capability/images/s2_pose_feather_end_on_5.jpg,18,18,478,480,469.0,471.0,487.0,489.0,18.0,18.0,18.0,16-24,feather_end_on,center,none,none,bg_001.jpg,315.0,1,0.08052952587604523,0.0,False,False,False,0.0,,False,,,0.0,0,1,1,0.5,5,
367,images/s2_pose_feather_end_on_6.jpg,fixed_core_test,SYNTHETIC_3D,ok,outputs/shuttle_capability/controlled_capability/images/s2_pose_feather_end_on_6.jpg,18,18,480,478,471.0,469.0,489.0,487.0,18.0,18.0,18.0,16-24,feather_end_on,center,none,none,bg_001.jpg,315.0,2,0.6052090525627136,0.0,False,False,False,0.0,,False,,,0.0,0,2,1,0.5,5,
368,images/s2_pose_feather_end_on_7.jpg,fixed_core_test,SYNTHETIC_3D,ok,outputs/shuttle_capability/controlled_capability/images/s2_pose_feather_end_on_7.jpg,18,18,478,478,469.0,469.0,487.0,487.0,18.0,18.0,18.0,16-24,feather_end_on,center,none,none,bg_001.jpg,315.0,2,0.7870323657989502,0.0,False,False,False,0.0,,False,,,0.0,0,2,1,0.5,5,
369,images/s2_pose_feather_end_on_8.jpg,fixed_core_test,SYNTHETIC_3D,ok,outputs/shuttle_capability/controlled_capability/images/s2_pose_feather_end_on_8.jpg,18,18,479,479,470.0,470.0,488.0,488.0,18.0,18.0,18.0,16-24,feather_end_on,center,none,none,bg_001.jpg,315.0,3,0.11361563950777054,0.0,False,False,False,0.0,,False,,,0.0,0,3,1,0.5,5,
370,images/s2_pose_feather_end_on_9.jpg,fixed_core_test,SYNTHETIC_3D,ok,outputs/shuttle_capability/controlled_capability/images/s2_pose_feather_end_on_9.jpg,18,18,477,479,468.0,470.0,486.0,488.0,18.0,18.0,18.0,16-24,feather_end_on,center,none,none,bg_001.jpg,315.0,3,0.2119889110326767,0.0,False,False,False,0.0,,False,,,0.0,0,3,1,0.5,5,
371,images/s2_pose_feather_end_on_10.jpg,fixed_core_test,SYNTHETIC_3D,ok,outputs/shuttle_capability/controlled_capability/images/s2_pose_feather_end_on_10.jpg,18,18,481,479,472.0,470.0,490.0,488.0,18.0,18.0,18.0,16-24,feather_end_on,center,none,none,bg_001.jpg,315.0,3,0.5272668600082397,0.0,False,False,False,0.0,,False,,,0.0,0,3,1,0.5,5,
372,images/s2_pose_feather_end_on_11.jpg,fixed_core_test,SYNTHETIC_3D,ok,outputs/shuttle_capability/controlled_capability/images/s2_pose_feather_end_on_11.jpg,18,18,479,481,470.0,472.0,488.0,490.0,18.0,18.0,18.0,16-24,feather_end_on,center,none,none,bg_001.jpg,315.0,3,0.24847106635570526,0.0,False,False,False,0.0,,False,,,0.0,0,3,1,0.5,5,
373,images/s2_pose_feather_end_on_12.jpg,fixed_core_test,SYNTHETIC_3D,ok,outputs/shuttle_capability/controlled_capability/images/s2_pose_feather_end_on_12.jpg,18,18,479,477,470.0,468.0,488.0,486.0,18.0,18.0,18.0,16-24,feather_end_on,center,none,none,bg_001.jpg,315.0,1,0.05797267332673073,0.0,False,False,False,0.0,,False,,,0.0,0,1,1,0.5,5,
374,images/s2_pose_feather_end_on_13.jpg,fixed_core_test,SYNTHETIC_3D,ok,outputs/shuttle_capability/controlled_capability/images/s2_pose_feather_end_on_13.jpg,18,18,478,480,469.0,471.0,487.0,489.0,18.0,18.0,18.0,16-24,feather_end_on,center,none,none,bg_001.jpg,315.0,1,0.06501441448926926,0.0,False,False,False,0.0,,False,,,0.0,0,1,1,0.5,5,
375,images/s2_pose_feather_end_on_14.jpg,fixed_core_test,SYNTHETIC_3D,ok,outputs/shuttle_capability/controlled_capability/images/s2_pose_feather_end_on_14.jpg,18,18,480,478,471.0,469.0,489.0,487.0,18.0,18.0,18.0,16-24,feather_end_on,center,none,none,bg_001.jpg,315.0,1,0.6102291941642761,0.856724947544261,True,True,False,0.8868646557891259,1.0496282939426773,True,1,0.6102291941642761,0.856724947544261,1,0,0,0.5,5,
376,images/s2_pose_feather_end_on_15.jpg,fixed_core_test,SYNTHETIC_3D,ok,outputs/shuttle_capability/controlled_capability/images/s2_pose_feather_end_on_15.jpg,18,18,478,478,469.0,469.0,487.0,487.0,18.0,18.0,18.0,16-24,feather_end_on,center,none,none,bg_001.jpg,315.0,5,0.8842156529426575,0.0,False,False,False,0.0,,False,,,0.0,0,5,1,0.5,5,
377,images/s2_pose_feather_end_on_16.jpg,fixed_core_test,SYNTHETIC_3D,ok,outputs/shuttle_capability/controlled_capability/images/s2_pose_feather_end_on_16.jpg,18,18,479,479,470.0,470.0,488.0,488.0,18.0,18.0,18.0,16-24,feather_end_on,center,none,none,bg_001.jpg,315.0,2,0.11951106786727905,0.0,False,False,False,0.0,,False,,,0.0,0,2,1,0.5,5,
378,images/s2_pose_feather_end_on_17.jpg,fixed_core_test,SYNTHETIC_3D,ok,outputs/shuttle_capability/controlled_capability/images/s2_pose_feather_end_on_17.jpg,18,18,477,479,468.0,470.0,486.0,488.0,18.0,18.0,18.0,16-24,feather_end_on,center,none,none,bg_001.jpg,315.0,1,0.09740489721298218,0.0,False,False,False,0.0,,False,,,0.0,0,1,1,0.5,5,
379,images/s2_pose_feather_end_on_18.jpg,fixed_core_test,SYNTHETIC_3D,ok,outputs/shuttle_capability/controlled_capability/images/s2_pose_feather_end_on_18.jpg,18,18,481,479,472.0,470.0,490.0,488.0,18.0,18.0,18.0,16-24,feather_end_on,center,none,none,bg_001.jpg,315.0,1,0.07506869733333588,0.0,False,False,False,0.0,,False,,,0.0,0,1,1,0.5,5,
380,images/s2_pose_feather_end_on_19.jpg,fixed_core_test,SYNTHETIC_3D,ok,outputs/shuttle_capability/controlled_capability/images/s2_pose_feather_end_on_19.jpg,18,18,479,481,470.0,472.0,488.0,490.0,18.0,18.0,18.0,16-24,feather_end_on,center,none,none,bg_001.jpg,315.0,2,0.1397816240787506,0.0,False,False,False,0.0,,False,,,0.0,0,2,1,0.5,5,
381,images/s2_pose_feather_end_on_20.jpg,fixed_core_test,SYNTHETIC_3D,ok,outputs/shuttle_capability/controlled_capability/images/s2_pose_feather_end_on_20.jpg,18,18,479,477,470.0,468.0,488.0,486.0,18.0,18.0,18.0,16-24,feather_end_on,center,none,none,bg_001.jpg,315.0,0,,,False,False,False,0.0,,False,,,0.0,0,0,1,0.5,5,
382,images/s2_pose_feather_end_on_21.jpg,fixed_core_test,SYNTHETIC_3D,ok,outputs/shuttle_capability/controlled_capability/images/s2_pose_feather_end_on_21.jpg,18,18,478,480,469.0,471.0,487.0,489.0,18.0,18.0,18.0,16-24,feather_end_on,center,none,none,bg_001.jpg,315.0,3,0.8662671446800232,0.0,False,False,False,0.0,,False,,,0.0,0,3,1,0.5,5,
383,images/s2_pose_feather_end_on_22.jpg,fixed_core_test,SYNTHETIC_3D,ok,outputs/shuttle_capability/controlled_capability/images/s2_pose_feather_end_on_22.jpg,18,18,480,478,471.0,469.0,489.0,487.0,18.0,18.0,18.0,16-24,feather_end_on,center,none,none,bg_001.jpg,315.0,1,0.07734315097332001,0.0,False,False,False,0.0,,False,,,0.0,0,1,1,0.5,5,
384,images/s2_pose_feather_end_on_23.jpg,fixed_core_test,SYNTHETIC_3D,ok,outputs/shuttle_capability/controlled_capability/images/s2_pose_feather_end_on_23.jpg,18,18,478,478,469.0,469.0,487.0,487.0,18.0,18.0,18.0,16-24,feather_end_on,center,none,none,bg_001.jpg,315.0,3,0.7708649635314941,0.7039090428087447,True,True,False,0.7039090428087447,1.4810172111843618,True,1,0.7708649635314941,0.7039090428087447,1,2,0,0.5,5,
385,images/s2_pose_feather_end_on_24.jpg,fixed_core_test,SYNTHETIC_3D,ok,outputs/shuttle_capability/controlled_capability/images/s2_pose_feather_end_on_24.jpg,18,18,479,479,470.0,470.0,488.0,488.0,18.0,18.0,18.0,16-24,feather_end_on,center,none,none,bg_001.jpg,315.0,2,0.5229963660240173,0.0,False,False,False,0.0,,False,,,0.0,0,2,1,0.5,5,
386,images/s2_pose_feather_end_on_25.jpg,fixed_core_test,SYNTHETIC_3D,ok,outputs/shuttle_capability/controlled_capability/images/s2_pose_feather_end_on_25.jpg,18,18,477,479,468.0,470.0,486.0,488.0,18.0,18.0,18.0,16-24,feather_end_on,center,none,none,bg_001.jpg,315.0,0,,,False,False,False,0.0,,False,,,0.0,0,0,1,0.5,5,
387,images/s2_pose_feather_end_on_26.jpg,fixed_core_test,SYNTHETIC_3D,ok,outputs/shuttle_capability/controlled_capability/images/s2_pose_feather_end_on_26.jpg,18,18,481,479,472.0,470.0,490.0,488.0,18.0,18.0,18.0,16-24,feather_end_on,center,none,none,bg_001.jpg,315.0,2,0.10133036226034164,0.0,False,False,False,0.0,,False,,,0.0,0,2,1,0.5,5,
388,images/s2_pose_feather_end_on_27.jpg,fixed_core_test,SYNTHETIC_3D,ok,outputs/shuttle_capability/controlled_capability/images/s2_pose_feather_end_on_27.jpg,18,18,479,481,470.0,472.0,488.0,490.0,18.0,18.0,18.0,16-24,feather_end_on,center,none,none,bg_001.jpg,315.0,1,0.08609163761138916,0.0,False,False,False,0.0,,False,,,0.0,0,1,1,0.5,5,
389,images/s2_pose_feather_end_on_28.jpg,fixed_core_test,SYNTHETIC_3D,ok,outputs/shuttle_capability/controlled_capability/images/s2_pose_feather_end_on_28.jpg,18,18,479,477,470.0,468.0,488.0,486.0,18.0,18.0,18.0,16-24,feather_end_on,center,none,none,bg_001.jpg,315.0,0,,,False,False,False,0.0,,False,,,0.0,0,0,1,0.5,5,
390,images/s2_pose_feather_end_on_29.jpg,fixed_core_test,SYNTHETIC_3D,ok,outputs/shuttle_capability/controlled_capability/images/s2_pose_feather_end_on_29.jpg,18,18,478,480,469.0,471.0,487.0,489.0,18.0,18.0,18.0,16-24,feather_end_on,center,none,none,bg_001.jpg,315.0,2,0.3029859662055969,0.7993819536986174,True,True,False,0.7993819536986174,0.8593059913064279,True,1,0.3029859662055969,0.7993819536986174,1,1,0,0.5,5,
391,images/s2_pose_feather_end_on_30.jpg,fixed_core_test,SYNTHETIC_3D,ok,outputs/shuttle_capability/controlled_capability/images/s2_pose_feather_end_on_30.jpg,18,18,480,478,471.0,469.0,489.0,487.0,18.0,18.0,18.0,16-24,feather_end_on,center,none,none,bg_001.jpg,315.0,3,0.1333465874195099,0.0,False,True,False,0.7277865034562571,1.6475860367873105,True,3,0.0650443285703659,0.7054904526817183,1,2,0,0.5,5,
392,images/s2_pose_feather_end_on_31.jpg,fixed_core_test,SYNTHETIC_3D,ok,outputs/shuttle_capability/controlled_capability/images/s2_pose_feather_end_on_31.jpg,18,18,478,478,469.0,469.0,487.0,487.0,18.0,18.0,18.0,16-24,feather_end_on,center,none,none,bg_001.jpg,315.0,1,0.08682234585285187,0.0,False,False,False,0.0,,False,,,0.0,0,1,1,0.5,5,
393,images/s2_pose_feather_end_on_32.jpg,fixed_core_test,SYNTHETIC_3D,ok,outputs/shuttle_capability/controlled_capability/images/s2_pose_feather_end_on_32.jpg,18,18,479,479,470.0,470.0,488.0,488.0,18.0,18.0,18.0,16-24,feather_end_on,center,none,none,bg_001.jpg,315.0,1,0.1179385706782341,0.0,False,False,False,0.0,,False,,,0.0,0,1,1,0.5,5,
394,images/s2_pose_feather_end_on_33.jpg,fixed_core_test,SYNTHETIC_3D,ok,outputs/shuttle_capability/controlled_capability/images/s2_pose_feather_end_on_33.jpg,18,18,477,479,468.0,470.0,486.0,488.0,18.0,18.0,18.0,16-24,feather_end_on,center,none,none,bg_001.jpg,315.0,1,0.051732178777456284,0.0,False,False,False,0.0,,False,,,0.0,0,1,1,0.5,5,
395,images/s2_pose_feather_end_on_34.jpg,fixed_core_test,SYNTHETIC_3D,ok,outputs/shuttle_capability/controlled_capability/images/s2_pose_feather_end_on_34.jpg,18,18,481,479,472.0,470.0,490.0,488.0,18.0,18.0,18.0,16-24,feather_end_on,center,none,none,bg_001.jpg,315.0,2,0.15158066153526306,0.0,False,False,False,0.0,,False,,,0.0,0,2,1,0.5,5,
396,images/s2_pose_feather_end_on_35.jpg,fixed_core_test,SYNTHETIC_3D,ok,outputs/shuttle_capability/controlled_capability/images/s2_pose_feather_end_on_35.jpg,18,18,479,481,470.0,472.0,488.0,490.0,18.0,18.0,18.0,16-24,feather_end_on,center,none,none,bg_001.jpg,315.0,1,0.7435187697410583,0.8076279258562459,True,True,False,0.8076279258562459,0.8812944100270416,True,1,0.7435187697410583,0.8076279258562459,1,0,0,0.5,5,
397,images/s2_pose_feather_end_on_36.jpg,fixed_core_test,SYNTHETIC_3D,ok,outputs/shuttle_capability/controlled_capability/images/s2_pose_feather_end_on_36.jpg,18,18,479,477,470.0,468.0,488.0,486.0,18.0,18.0,18.0,16-24,feather_end_on,center,none,none,bg_001.jpg,315.0,2,0.11179487407207489,0.0,False,False,False,0.0,,False,,,0.0,0,2,1,0.5,5,
398,images/s2_pose_feather_end_on_37.jpg,fixed_core_test,SYNTHETIC_3D,ok,outputs/shuttle_capability/controlled_capability/images/s2_pose_feather_end_on_37.jpg,18,18,478,480,469.0,471.0,487.0,489.0,18.0,18.0,18.0,16-24,feather_end_on,center,none,none,bg_001.jpg,315.0,2,0.37738725543022156,0.0,False,False,False,0.0,,False,,,0.0,0,2,1,0.5,5,
399,images/s2_pose_feather_end_on_38.jpg,fixed_core_test,SYNTHETIC_3D,ok,outputs/shuttle_capability/controlled_capability/images/s2_pose_feather_end_on_38.jpg,18,18,480,478,471.0,469.0,489.0,487.0,18.0,18.0,18.0,16-24,feather_end_on,center,none,none,bg_001.jpg,315.0,1,0.7622412443161011,0.0,False,False,False,0.0,,False,,,0.0,0,1,1,0.5,5,
400,images/s2_pose_feather_end_on_39.jpg,fixed_core_test,SYNTHETIC_3D,ok,outputs/shuttle_capability/controlled_capability/images/s2_pose_feather_end_on_39.jpg,18,18,478,478,469.0,469.0,487.0,487.0,18.0,18.0,18.0,16-24,feather_end_on,center,none,none,bg_001.jpg,315.0,2,0.27438628673553467,0.0,False,False,False,0.0,,False,,,0.0,0,2,1,0.5,5,
401,images/s2_pose_side_0.jpg,fixed_core_test,SYNTHETIC_3D,ok,outputs/shuttle_capability/controlled_capability/images/s2_pose_side_0.jpg,16,20,479,479,471.0,469.0,487.0,489.0,16.0,20.0,17.889,16-24,side,center,none,none,bg_001.jpg,315.0,3,0.24962083995342255,0.0,False,False,False,0.0,,False,,,0.0,0,3,1,0.5,5,
402,images/s2_pose_side_1.jpg,fixed_core_test,SYNTHETIC_3D,ok,outputs/shuttle_capability/controlled_capability/images/s2_pose_side_1.jpg,16,20,479,479,471.0,469.0,487.0,489.0,16.0,20.0,17.889,16-24,side,center,none,none,bg_001.jpg,315.0,2,0.546946108341217,0.0,False,False,False,0.0,,False,,,0.0,0,2,1,0.5,5,
403,images/s2_pose_side_2.jpg,fixed_core_test,SYNTHETIC_3D,ok,outputs/shuttle_capability/controlled_capability/images/s2_pose_side_2.jpg,16,20,479,479,471.0,469.0,487.0,489.0,16.0,20.0,17.889,16-24,side,center,none,none,bg_001.jpg,315.0,1,0.08307808637619019,0.0,False,False,False,0.0,,False,,,0.0,0,1,1,0.5,5,
404,images/s2_pose_side_3.jpg,fixed_core_test,SYNTHETIC_3D,ok,outputs/shuttle_capability/controlled_capability/images/s2_pose_side_3.jpg,16,21,479,479,471.0,468.5,487.0,489.5,16.0,21.0,18.33,16-24,side,center,none,none,bg_001.jpg,315.0,1,0.1886976808309555,0.0,False,False,False,0.0,,False,,,0.0,0,1,1,0.5,5,
405,images/s2_pose_side_4.jpg,fixed_core_test,SYNTHETIC_3D,ok,outputs/shuttle_capability/controlled_capability/images/s2_pose_side_4.jpg,20,16,479,479,469.0,471.0,489.0,487.0,20.0,16.0,17.889,16-24,side,center,none,none,bg_001.jpg,315.0,0,,,False,False,False,0.0,,False,,,0.0,0,0,1,0.5,5,
406,images/s2_pose_side_5.jpg,fixed_core_test,SYNTHETIC_3D,ok,outputs/shuttle_capability/controlled_capability/images/s2_pose_side_5.jpg,21,16,480,479,469.5,471.0,490.5,487.0,21.0,16.0,18.33,16-24,side,center,none,none,bg_001.jpg,315.0,1,0.11096068471670151,0.0,False,False,False,0.0,,False,,,0.0,0,1,1,0.5,5,
407,images/s2_pose_side_6.jpg,fixed_core_test,SYNTHETIC_3D,ok,outputs/shuttle_capability/controlled_capability/images/s2_pose_side_6.jpg,21,16,480,479,469.5,471.0,490.5,487.0,21.0,16.0,18.33,16-24,side,center,none,none,bg_001.jpg,315.0,3,0.5838061571121216,0.0,False,False,False,0.0,,False,,,0.0,0,3,1,0.5,5,
408,images/s2_pose_side_7.jpg,fixed_core_test,SYNTHETIC_3D,ok,outputs/shuttle_capability/controlled_capability/images/s2_pose_side_7.jpg,21,16,480,477,469.5,469.0,490.5,485.0,21.0,16.0,18.33,16-24,side,center,none,none,bg_001.jpg,315.0,3,0.7930749654769897,0.0,False,False,False,0.0,,False,,,0.0,0,3,1,0.5,5,
409,images/s2_pose_side_8.jpg,fixed_core_test,SYNTHETIC_3D,ok,outputs/shuttle_capability/controlled_capability/images/s2_pose_side_8.jpg,16,20,479,479,471.0,469.0,487.0,489.0,16.0,20.0,17.889,16-24,side,center,none,none,bg_001.jpg,315.0,3,0.19080860912799835,0.0,False,False,False,0.1676982716890052,,False,,,0.16152375863906904,0,3,1,0.5,5,
410,images/s2_pose_side_9.jpg,fixed_core_test,SYNTHETIC_3D,ok,outputs/shuttle_capability/controlled_capability/images/s2_pose_side_9.jpg,16,20,479,479,471.0,469.0,487.0,489.0,16.0,20.0,17.889,16-24,side,center,none,none,bg_001.jpg,315.0,3,0.2641942501068115,0.0,False,False,False,0.0,,False,,,0.0,0,3,1,0.5,5,
411,images/s2_pose_side_10.jpg,fixed_core_test,SYNTHETIC_3D,ok,outputs/shuttle_capability/controlled_capability/images/s2_pose_side_10.jpg,16,20,479,479,471.0,469.0,487.0,489.0,16.0,20.0,17.889,16-24,side,center,none,none,bg_001.jpg,315.0,3,0.48554256558418274,0.0,False,False,False,0.0,,False,,,0.0,0,3,1,0.5,5,
412,images/s2_pose_side_11.jpg,fixed_core_test,SYNTHETIC_3D,ok,outputs/shuttle_capability/controlled_capability/images/s2_pose_side_11.jpg,16,21,479,479,471.0,468.5,487.0,489.5,16.0,21.0,18.33,16-24,side,center,none,none,bg_001.jpg,315.0,3,0.19990791380405426,0.0,False,False,False,0.0,,False,,,0.0,0,3,1,0.5,5,
413,images/s2_pose_side_12.jpg,fixed_core_test,SYNTHETIC_3D,ok,outputs/shuttle_capability/controlled_capability/images/s2_pose_side_12.jpg,20,16,479,479,469.0,471.0,489.0,487.0,20.0,16.0,17.889,16-24,side,center,none,none,bg_001.jpg,315.0,1,0.10962578654289246,0.0,False,False,False,0.0,,False,,,0.0,0,1,1,0.5,5,
414,images/s2_pose_side_13.jpg,fixed_core_test,SYNTHETIC_3D,ok,outputs/shuttle_capability/controlled_capability/images/s2_pose_side_13.jpg,21,16,480,479,469.5,471.0,490.5,487.0,21.0,16.0,18.33,16-24,side,center,none,none,bg_001.jpg,315.0,0,,,False,False,False,0.0,,False,,,0.0,0,0,1,0.5,5,
415,images/s2_pose_side_14.jpg,fixed_core_test,SYNTHETIC_3D,ok,outputs/shuttle_capability/controlled_capability/images/s2_pose_side_14.jpg,21,16,480,479,469.5,471.0,490.5,487.0,21.0,16.0,18.33,16-24,side,center,none,none,bg_001.jpg,315.0,0,,,False,False,False,0.0,,False,,,0.0,0,0,1,0.5,5,
416,images/s2_pose_side_15.jpg,fixed_core_test,SYNTHETIC_3D,ok,outputs/shuttle_capability/controlled_capability/images/s2_pose_side_15.jpg,21,16,480,477,469.5,469.0,490.5,485.0,21.0,16.0,18.33,16-24,side,center,none,none,bg_001.jpg,315.0,5,0.8848109841346741,0.0,False,False,False,0.0,,False,,,0.0,0,5,1,0.5,5,
417,images/s2_pose_side_16.jpg,fixed_core_test,SYNTHETIC_3D,ok,outputs/shuttle_capability/controlled_capability/images/s2_pose_side_16.jpg,16,20,479,479,471.0,469.0,487.0,489.0,16.0,20.0,17.889,16-24,side,center,none,none,bg_001.jpg,315.0,2,0.12028311938047409,0.0,False,False,False,0.0,,False,,,0.0,0,2,1,0.5,5,
418,images/s2_pose_side_17.jpg,fixed_core_test,SYNTHETIC_3D,ok,outputs/shuttle_capability/controlled_capability/images/s2_pose_side_17.jpg,16,20,479,479,471.0,469.0,487.0,489.0,16.0,20.0,17.889,16-24,side,center,none,none,bg_001.jpg,315.0,1,0.0841020718216896,0.0,False,False,False,0.0,,False,,,0.0,0,1,1,0.5,5,
419,images/s2_pose_side_18.jpg,fixed_core_test,SYNTHETIC_3D,ok,outputs/shuttle_capability/controlled_capability/images/s2_pose_side_18.jpg,16,20,479,479,471.0,469.0,487.0,489.0,16.0,20.0,17.889,16-24,side,center,none,none,bg_001.jpg,315.0,2,0.12504586577415466,0.0,False,False,False,0.0,,False,,,0.0,0,2,1,0.5,5,
420,images/s2_pose_side_19.jpg,fixed_core_test,SYNTHETIC_3D,ok,outputs/shuttle_capability/controlled_capability/images/s2_pose_side_19.jpg,16,21,479,479,471.0,468.5,487.0,489.5,16.0,21.0,18.33,16-24,side,center,none,none,bg_001.jpg,315.0,2,0.09958021342754364,0.0,False,False,False,0.0,,False,,,0.0,0,2,1,0.5,5,
421,images/s2_pose_side_20.jpg,fixed_core_test,SYNTHETIC_3D,ok,outputs/shuttle_capability/controlled_capability/images/s2_pose_side_20.jpg,20,16,479,479,469.0,471.0,489.0,487.0,20.0,16.0,17.889,16-24,side,center,none,none,bg_001.jpg,315.0,0,,,False,False,False,0.0,,False,,,0.0,0,0,1,0.5,5,
422,images/s2_pose_side_21.jpg,fixed_core_test,SYNTHETIC_3D,ok,outputs/shuttle_capability/controlled_capability/images/s2_pose_side_21.jpg,21,16,480,479,469.5,471.0,490.5,487.0,21.0,16.0,18.33,16-24,side,center,none,none,bg_001.jpg,315.0,3,0.8698638081550598,0.0,False,False,False,0.0,,False,,,0.0,0,3,1,0.5,5,
423,images/s2_pose_side_22.jpg,fixed_core_test,SYNTHETIC_3D,ok,outputs/shuttle_capability/controlled_capability/images/s2_pose_side_22.jpg,21,16,480,479,469.5,471.0,490.5,487.0,21.0,16.0,18.33,16-24,side,center,none,none,bg_001.jpg,315.0,0,,,False,False,False,0.0,,False,,,0.0,0,0,1,0.5,5,
424,images/s2_pose_side_23.jpg,fixed_core_test,SYNTHETIC_3D,ok,outputs/shuttle_capability/controlled_capability/images/s2_pose_side_23.jpg,21,16,480,477,469.5,469.0,490.5,485.0,21.0,16.0,18.33,16-24,side,center,none,none,bg_001.jpg,315.0,6,0.12178736180067062,0.5298081458812314,True,True,False,0.6462545673545849,2.1930364152745114,True,6,0.060990117490291595,0.5306778894737363,1,5,0,0.5,5,
425,images/s2_pose_side_24.jpg,fixed_core_test,SYNTHETIC_3D,ok,outputs/shuttle_capability/controlled_capability/images/s2_pose_side_24.jpg,16,20,479,479,471.0,469.0,487.0,489.0,16.0,20.0,17.889,16-24,side,center,none,none,bg_001.jpg,315.0,3,0.262626051902771,0.0,False,False,False,0.0,,False,,,0.0,0,3,1,0.5,5,
426,images/s2_pose_side_25.jpg,fixed_core_test,SYNTHETIC_3D,ok,outputs/shuttle_capability/controlled_capability/images/s2_pose_side_25.jpg,16,20,479,479,471.0,469.0,487.0,489.0,16.0,20.0,17.889,16-24,side,center,none,none,bg_001.jpg,315.0,0,,,False,False,False,0.0,,False,,,0.0,0,0,1,0.5,5,
427,images/s2_pose_side_26.jpg,fixed_core_test,SYNTHETIC_3D,ok,outputs/shuttle_capability/controlled_capability/images/s2_pose_side_26.jpg,16,20,479,479,471.0,469.0,487.0,489.0,16.0,20.0,17.889,16-24,side,center,none,none,bg_001.jpg,315.0,0,,,False,False,False,0.0,,False,,,0.0,0,0,1,0.5,5,
428,images/s2_pose_side_27.jpg,fixed_core_test,SYNTHETIC_3D,ok,outputs/shuttle_capability/controlled_capability/images/s2_pose_side_27.jpg,16,21,479,479,471.0,468.5,487.0,489.5,16.0,21.0,18.33,16-24,side,center,none,none,bg_001.jpg,315.0,2,0.05807867646217346,0.0,False,False,False,0.0,,False,,,0.0,0,2,1,0.5,5,
429,images/s2_pose_side_28.jpg,fixed_core_test,SYNTHETIC_3D,ok,outputs/shuttle_capability/controlled_capability/images/s2_pose_side_28.jpg,20,16,479,479,469.0,471.0,489.0,487.0,20.0,16.0,17.889,16-24,side,center,none,none,bg_001.jpg,315.0,1,0.07447652518749237,0.0,False,False,False,0.0,,False,,,0.0,0,1,1,0.5,5,
430,images/s2_pose_side_29.jpg,fixed_core_test,SYNTHETIC_3D,ok,outputs/shuttle_capability/controlled_capability/images/s2_pose_side_29.jpg,21,16,480,479,469.5,471.0,490.5,487.0,21.0,16.0,18.33,16-24,side,center,none,none,bg_001.jpg,315.0,1,0.06977957487106323,0.0,False,False,False,0.0,,False,,,0.0,0,1,1,0.5,5,
431,images/s2_pose_side_30.jpg,fixed_core_test,SYNTHETIC_3D,ok,outputs/shuttle_capability/controlled_capability/images/s2_pose_side_30.jpg,21,16,480,479,469.5,471.0,490.5,487.0,21.0,16.0,18.33,16-24,side,center,none,none,bg_001.jpg,315.0,3,0.10875207930803299,0.0,False,False,False,0.0,,False,,,0.0,0,3,1,0.5,5,
432,images/s2_pose_side_31.jpg,fixed_core_test,SYNTHETIC_3D,ok,outputs/shuttle_capability/controlled_capability/images/s2_pose_side_31.jpg,21,16,480,477,469.5,469.0,490.5,485.0,21.0,16.0,18.33,16-24,side,center,none,none,bg_001.jpg,315.0,2,0.6939608454704285,0.5505717525301841,True,True,False,0.5601380753380779,3.8740098909497482,True,1,0.6939608454704285,0.5505717525301841,1,1,0,0.5,5,
433,images/s2_pose_side_32.jpg,fixed_core_test,SYNTHETIC_3D,ok,outputs/shuttle_capability/controlled_capability/images/s2_pose_side_32.jpg,16,20,479,479,471.0,469.0,487.0,489.0,16.0,20.0,17.889,16-24,side,center,none,none,bg_001.jpg,315.0,1,0.11875327676534653,0.0,False,False,False,0.0,,False,,,0.0,0,1,1,0.5,5,
434,images/s2_pose_side_33.jpg,fixed_core_test,SYNTHETIC_3D,ok,outputs/shuttle_capability/controlled_capability/images/s2_pose_side_33.jpg,16,20,479,479,471.0,469.0,487.0,489.0,16.0,20.0,17.889,16-24,side,center,none,none,bg_001.jpg,315.0,1,0.22301487624645233,0.0,False,False,False,0.0,,False,,,0.0,0,1,1,0.5,5,
435,images/s2_pose_side_34.jpg,fixed_core_test,SYNTHETIC_3D,ok,outputs/shuttle_capability/controlled_capability/images/s2_pose_side_34.jpg,16,20,479,479,471.0,469.0,487.0,489.0,16.0,20.0,17.889,16-24,side,center,none,none,bg_001.jpg,315.0,1,0.07156353443861008,0.0,False,False,False,0.0,,False,,,0.0,0,1,1,0.5,5,
436,images/s2_pose_side_35.jpg,fixed_core_test,SYNTHETIC_3D,ok,outputs/shuttle_capability/controlled_capability/images/s2_pose_side_35.jpg,16,21,479,479,471.0,468.5,487.0,489.5,16.0,21.0,18.33,16-24,side,center,none,none,bg_001.jpg,315.0,1,0.8544391989707947,0.7277076704677957,True,True,False,0.7561280995806945,1.2343438376947675,True,1,0.8544391989707947,0.7277076704677957,1,0,0,0.5,5,
437,images/s2_pose_side_36.jpg,fixed_core_test,SYNTHETIC_3D,ok,outputs/shuttle_capability/controlled_capability/images/s2_pose_side_36.jpg,20,16,479,479,469.0,471.0,489.0,487.0,20.0,16.0,17.889,16-24,side,center,none,none,bg_001.jpg,315.0,2,0.11210553348064423,0.0,False,False,False,0.0,,False,,,0.0,0,2,1,0.5,5,
438,images/s2_pose_side_37.jpg,fixed_core_test,SYNTHETIC_3D,ok,outputs/shuttle_capability/controlled_capability/images/s2_pose_side_37.jpg,21,16,480,479,469.5,471.0,490.5,487.0,21.0,16.0,18.33,16-24,side,center,none,none,bg_001.jpg,315.0,3,0.35982248187065125,0.0,False,False,False,0.0,,False,,,0.0,0,3,1,0.5,5,
439,images/s2_pose_side_38.jpg,fixed_core_test,SYNTHETIC_3D,ok,outputs/shuttle_capability/controlled_capability/images/s2_pose_side_38.jpg,21,16,480,479,469.5,471.0,490.5,487.0,21.0,16.0,18.33,16-24,side,center,none,none,bg_001.jpg,315.0,3,0.7986745238304138,0.0,False,False,False,0.0,,False,,,0.0,0,3,1,0.5,5,
440,images/s2_pose_side_39.jpg,fixed_core_test,SYNTHETIC_3D,ok,outputs/shuttle_capability/controlled_capability/images/s2_pose_side_39.jpg,21,16,480,477,469.5,469.0,490.5,485.0,21.0,16.0,18.33,16-24,side,center,none,none,bg_001.jpg,315.0,2,0.2942289412021637,0.0,False,False,False,0.0,,False,,,0.0,0,2,1,0.5,5,
441,images/s2_pose_oblique_0.jpg,fixed_core_test,SYNTHETIC_3D,ok,outputs/shuttle_capability/controlled_capability/images/s2_pose_oblique_0.jpg,18,18,481,477,472.0,468.0,490.0,486.0,18.0,18.0,18.0,16-24,oblique,center,none,none,bg_001.jpg,315.0,2,0.26322951912879944,0.0,False,False,False,0.0,,False,,,0.0,0,2,1,0.5,5,
442,images/s2_pose_oblique_1.jpg,fixed_core_test,SYNTHETIC_3D,ok,outputs/shuttle_capability/controlled_capability/images/s2_pose_oblique_1.jpg,18,18,477,477,468.0,468.0,486.0,486.0,18.0,18.0,18.0,16-24,oblique,center,none,none,bg_001.jpg,315.0,3,0.7018663883209229,0.0,False,False,False,0.0,,False,,,0.0,0,3,1,0.5,5,
443,images/s2_pose_oblique_2.jpg,fixed_core_test,SYNTHETIC_3D,ok,outputs/shuttle_capability/controlled_capability/images/s2_pose_oblique_2.jpg,18,18,481,481,472.0,472.0,490.0,490.0,18.0,18.0,18.0,16-24,oblique,center,none,none,bg_001.jpg,315.0,1,0.09957490861415863,0.0,False,False,False,0.0,,False,,,0.0,0,1,1,0.5,5,
444,images/s2_pose_oblique_3.jpg,fixed_core_test,SYNTHETIC_3D,ok,outputs/shuttle_capability/controlled_capability/images/s2_pose_oblique_3.jpg,18,18,477,481,468.0,472.0,486.0,490.0,18.0,18.0,18.0,16-24,oblique,center,none,none,bg_001.jpg,315.0,1,0.16152414679527283,0.0,False,False,False,0.0,,False,,,0.0,0,1,1,0.5,5,
445,images/s2_pose_oblique_4.jpg,fixed_core_test,SYNTHETIC_3D,ok,outputs/shuttle_capability/controlled_capability/images/s2_pose_oblique_4.jpg,18,18,481,477,472.0,468.0,490.0,486.0,18.0,18.0,18.0,16-24,oblique,center,none,none,bg_001.jpg,315.0,0,,,False,False,False,0.0,,False,,,0.0,0,0,1,0.5,5,
446,images/s2_pose_oblique_5.jpg,fixed_core_test,SYNTHETIC_3D,ok,outputs/shuttle_capability/controlled_capability/images/s2_pose_oblique_5.jpg,18,18,477,477,468.0,468.0,486.0,486.0,18.0,18.0,18.0,16-24,oblique,center,none,none,bg_001.jpg,315.0,1,0.10020656138658524,0.0,False,False,False,0.0,,False,,,0.0,0,1,1,0.5,5,
447,images/s2_pose_oblique_6.jpg,fixed_core_test,SYNTHETIC_3D,ok,outputs/shuttle_capability/controlled_capability/images/s2_pose_oblique_6.jpg,15,20,482,477,474.5,467.0,489.5,487.0,15.0,20.0,17.321,16-24,oblique,center,none,none,bg_001.jpg,315.0,2,0.6061752438545227,0.0,False,False,False,0.0,,False,,,0.0,0,2,1,0.5,5,
448,images/s2_pose_oblique_7.jpg,fixed_core_test,SYNTHETIC_3D,ok,outputs/shuttle_capability/controlled_capability/images/s2_pose_oblique_7.jpg,15,20,477,481,469.5,471.0,484.5,491.0,15.0,20.0,17.321,16-24,oblique,center,none,none,bg_001.jpg,315.0,2,0.7712684273719788,0.0,False,False,False,0.0,,False,,,0.0,0,2,1,0.5,5,
449,images/s2_pose_oblique_8.jpg,fixed_core_test,SYNTHETIC_3D,ok,outputs/shuttle_capability/controlled_capability/images/s2_pose_oblique_8.jpg,18,18,481,477,472.0,468.0,490.0,486.0,18.0,18.0,18.0,16-24,oblique,center,none,none,bg_001.jpg,315.0,2,0.08793909847736359,0.6981037094661862,True,True,False,0.806896456344812,2.364809939099359,True,1,0.08793909847736359,0.6981037094661862,1,1,0,0.5,5,
450,images/s2_pose_oblique_9.jpg,fixed_core_test,SYNTHETIC_3D,ok,outputs/shuttle_capability/controlled_capability/images/s2_pose_oblique_9.jpg,18,18,477,477,468.0,468.0,486.0,486.0,18.0,18.0,18.0,16-24,oblique,center,none,none,bg_001.jpg,315.0,3,0.41787582635879517,0.0,False,False,False,0.0,,False,,,0.0,0,3,1,0.5,5,
451,images/s2_pose_oblique_10.jpg,fixed_core_test,SYNTHETIC_3D,ok,outputs/shuttle_capability/controlled_capability/images/s2_pose_oblique_10.jpg,18,18,481,481,472.0,472.0,490.0,490.0,18.0,18.0,18.0,16-24,oblique,center,none,none,bg_001.jpg,315.0,4,0.5103463530540466,0.0,False,False,False,0.0,,False,,,0.0,0,4,1,0.5,5,
452,images/s2_pose_oblique_11.jpg,fixed_core_test,SYNTHETIC_3D,ok,outputs/shuttle_capability/controlled_capability/images/s2_pose_oblique_11.jpg,18,18,477,481,468.0,472.0,486.0,490.0,18.0,18.0,18.0,16-24,oblique,center,none,none,bg_001.jpg,315.0,2,0.38817015290260315,0.0,False,False,False,0.0,,False,,,0.0,0,2,1,0.5,5,
453,images/s2_pose_oblique_12.jpg,fixed_core_test,SYNTHETIC_3D,ok,outputs/shuttle_capability/controlled_capability/images/s2_pose_oblique_12.jpg,18,18,481,477,472.0,468.0,490.0,486.0,18.0,18.0,18.0,16-24,oblique,center,none,none,bg_001.jpg,315.0,1,0.07789397984743118,0.0,False,False,False,0.0,,False,,,0.0,0,1,1,0.5,5,
454,images/s2_pose_oblique_13.jpg,fixed_core_test,SYNTHETIC_3D,ok,outputs/shuttle_capability/controlled_capability/images/s2_pose_oblique_13.jpg,18,18,477,477,468.0,468.0,486.0,486.0,18.0,18.0,18.0,16-24,oblique,center,none,none,bg_001.jpg,315.0,1,0.10063296556472778,0.0,False,False,False,0.0,,False,,,0.0,0,1,1,0.5,5,
455,images/s2_pose_oblique_14.jpg,fixed_core_test,SYNTHETIC_3D,ok,outputs/shuttle_capability/controlled_capability/images/s2_pose_oblique_14.jpg,15,20,482,477,474.5,467.0,489.5,487.0,15.0,20.0,17.321,16-24,oblique,center,none,none,bg_001.jpg,315.0,0,,,False,False,False,0.0,,False,,,0.0,0,0,1,0.5,5,
456,images/s2_pose_oblique_15.jpg,fixed_core_test,SYNTHETIC_3D,ok,outputs/shuttle_capability/controlled_capability/images/s2_pose_oblique_15.jpg,15,20,477,481,469.5,471.0,484.5,491.0,15.0,20.0,17.321,16-24,oblique,center,none,none,bg_001.jpg,315.0,2,0.8850480914115906,0.0,False,False,False,0.0,,False,,,0.0,0,2,1,0.5,5,
457,images/s2_pose_oblique_16.jpg,fixed_core_test,SYNTHETIC_3D,ok,outputs/shuttle_capability/controlled_capability/images/s2_pose_oblique_16.jpg,18,18,481,477,472.0,468.0,490.0,486.0,18.0,18.0,18.0,16-24,oblique,center,none,none,bg_001.jpg,315.0,0,,,False,False,False,0.0,,False,,,0.0,0,0,1,0.5,5,
458,images/s2_pose_oblique_17.jpg,fixed_core_test,SYNTHETIC_3D,ok,outputs/shuttle_capability/controlled_capability/images/s2_pose_oblique_17.jpg,18,18,477,477,468.0,468.0,486.0,486.0,18.0,18.0,18.0,16-24,oblique,center,none,none,bg_001.jpg,315.0,0,,,False,False,False,0.0,,False,,,0.0,0,0,1,0.5,5,
459,images/s2_pose_oblique_18.jpg,fixed_core_test,SYNTHETIC_3D,ok,outputs/shuttle_capability/controlled_capability/images/s2_pose_oblique_18.jpg,18,18,481,481,472.0,472.0,490.0,490.0,18.0,18.0,18.0,16-24,oblique,center,none,none,bg_001.jpg,315.0,0,,,False,False,False,0.0,,False,,,0.0,0,0,1,0.5,5,
460,images/s2_pose_oblique_19.jpg,fixed_core_test,SYNTHETIC_3D,ok,outputs/shuttle_capability/controlled_capability/images/s2_pose_oblique_19.jpg,18,18,477,481,468.0,472.0,486.0,490.0,18.0,18.0,18.0,16-24,oblique,center,none,none,bg_001.jpg,315.0,2,0.08948300033807755,0.0,False,False,False,0.0,,False,,,0.0,0,2,1,0.5,5,
461,images/s2_pose_oblique_20.jpg,fixed_core_test,SYNTHETIC_3D,ok,outputs/shuttle_capability/controlled_capability/images/s2_pose_oblique_20.jpg,18,18,481,477,472.0,468.0,490.0,486.0,18.0,18.0,18.0,16-24,oblique,center,none,none,bg_001.jpg,315.0,0,,,False,False,False,0.0,,False,,,0.0,0,0,1,0.5,5,
462,images/s2_pose_oblique_21.jpg,fixed_core_test,SYNTHETIC_3D,ok,outputs/shuttle_capability/controlled_capability/images/s2_pose_oblique_21.jpg,18,18,477,477,468.0,468.0,486.0,486.0,18.0,18.0,18.0,16-24,oblique,center,none,none,bg_001.jpg,315.0,3,0.8737238645553589,0.0,False,False,False,0.0,,False,,,0.0,0,3,1,0.5,5,
463,images/s2_pose_oblique_22.jpg,fixed_core_test,SYNTHETIC_3D,ok,outputs/shuttle_capability/controlled_capability/images/s2_pose_oblique_22.jpg,15,20,482,477,474.5,467.0,489.5,487.0,15.0,20.0,17.321,16-24,oblique,center,none,none,bg_001.jpg,315.0,0,,,False,False,False,0.0,,False,,,0.0,0,0,1,0.5,5,
464,images/s2_pose_oblique_23.jpg,fixed_core_test,SYNTHETIC_3D,ok,outputs/shuttle_capability/controlled_capability/images/s2_pose_oblique_23.jpg,15,20,477,481,469.5,471.0,484.5,491.0,15.0,20.0,17.321,16-24,oblique,center,none,none,bg_001.jpg,315.0,1,0.11975648999214172,0.0,False,False,False,0.0,,False,,,0.0,0,1,1,0.5,5,
465,images/s2_pose_oblique_24.jpg,fixed_core_test,SYNTHETIC_3D,ok,outputs/shuttle_capability/controlled_capability/images/s2_pose_oblique_24.jpg,18,18,481,477,472.0,468.0,490.0,486.0,18.0,18.0,18.0,16-24,oblique,center,none,none,bg_001.jpg,315.0,1,0.32704564929008484,0.0,False,False,False,0.0,,False,,,0.0,0,1,1,0.5,5,
466,images/s2_pose_oblique_25.jpg,fixed_core_test,SYNTHETIC_3D,ok,outputs/shuttle_capability/controlled_capability/images/s2_pose_oblique_25.jpg,18,18,477,477,468.0,468.0,486.0,486.0,18.0,18.0,18.0,16-24,oblique,center,none,none,bg_001.jpg,315.0,1,0.08305269479751587,0.0,False,False,False,0.0,,False,,,0.0,0,1,1,0.5,5,
467,images/s2_pose_oblique_26.jpg,fixed_core_test,SYNTHETIC_3D,ok,outputs/shuttle_capability/controlled_capability/images/s2_pose_oblique_26.jpg,18,18,481,481,472.0,472.0,490.0,490.0,18.0,18.0,18.0,16-24,oblique,center,none,none,bg_001.jpg,315.0,1,0.05672864243388176,0.0,False,False,False,0.0,,False,,,0.0,0,1,1,0.5,5,
468,images/s2_pose_oblique_27.jpg,fixed_core_test,SYNTHETIC_3D,ok,outputs/shuttle_capability/controlled_capability/images/s2_pose_oblique_27.jpg,18,18,477,481,468.0,472.0,486.0,490.0,18.0,18.0,18.0,16-24,oblique,center,none,none,bg_001.jpg,315.0,1,0.12994706630706787,0.0,False,False,False,0.0,,False,,,0.0,0,1,1,0.5,5,
469,images/s2_pose_oblique_28.jpg,fixed_core_test,SYNTHETIC_3D,ok,outputs/shuttle_capability/controlled_capability/images/s2_pose_oblique_28.jpg,18,18,481,477,472.0,468.0,490.0,486.0,18.0,18.0,18.0,16-24,oblique,center,none,none,bg_001.jpg,315.0,0,,,False,False,False,0.0,,False,,,0.0,0,0,1,0.5,5,
470,images/s2_pose_oblique_29.jpg,fixed_core_test,SYNTHETIC_3D,ok,outputs/shuttle_capability/controlled_capability/images/s2_pose_oblique_29.jpg,18,18,477,477,468.0,468.0,486.0,486.0,18.0,18.0,18.0,16-24,oblique,center,none,none,bg_001.jpg,315.0,2,0.4120749533176422,0.7549148311631547,True,True,False,0.7549148311631547,0.7054162423341607,True,1,0.4120749533176422,0.7549148311631547,1,1,0,0.5,5,
471,images/s2_pose_oblique_30.jpg,fixed_core_test,SYNTHETIC_3D,ok,outputs/shuttle_capability/controlled_capability/images/s2_pose_oblique_30.jpg,15,20,482,477,474.5,467.0,489.5,487.0,15.0,20.0,17.321,16-24,oblique,center,none,none,bg_001.jpg,315.0,5,0.5987884998321533,0.5773035748566849,True,True,False,0.7486223964393139,3.6753811539003305,True,1,0.5987884998321533,0.5773035748566849,1,4,0,0.5,5,
472,images/s2_pose_oblique_31.jpg,fixed_core_test,SYNTHETIC_3D,ok,outputs/shuttle_capability/controlled_capability/images/s2_pose_oblique_31.jpg,15,20,477,481,469.5,471.0,484.5,491.0,15.0,20.0,17.321,16-24,oblique,center,none,none,bg_001.jpg,315.0,1,0.09896694868803024,0.0,False,False,False,0.0,,False,,,0.0,0,1,1,0.5,5,
473,images/s2_pose_oblique_32.jpg,fixed_core_test,SYNTHETIC_3D,ok,outputs/shuttle_capability/controlled_capability/images/s2_pose_oblique_32.jpg,18,18,481,477,472.0,468.0,490.0,486.0,18.0,18.0,18.0,16-24,oblique,center,none,none,bg_001.jpg,315.0,1,0.12077123671770096,0.0,False,False,False,0.0,,False,,,0.0,0,1,1,0.5,5,
474,images/s2_pose_oblique_33.jpg,fixed_core_test,SYNTHETIC_3D,ok,outputs/shuttle_capability/controlled_capability/images/s2_pose_oblique_33.jpg,18,18,477,477,468.0,468.0,486.0,486.0,18.0,18.0,18.0,16-24,oblique,center,none,none,bg_001.jpg,315.0,1,0.06551702320575714,0.0,False,False,False,0.0,,False,,,0.0,0,1,1,0.5,5,
475,images/s2_pose_oblique_34.jpg,fixed_core_test,SYNTHETIC_3D,ok,outputs/shuttle_capability/controlled_capability/images/s2_pose_oblique_34.jpg,18,18,481,481,472.0,472.0,490.0,490.0,18.0,18.0,18.0,16-24,oblique,center,none,none,bg_001.jpg,315.0,1,0.06080117076635361,0.0,False,False,False,0.0,,False,,,0.0,0,1,1,0.5,5,
476,images/s2_pose_oblique_35.jpg,fixed_core_test,SYNTHETIC_3D,ok,outputs/shuttle_capability/controlled_capability/images/s2_pose_oblique_35.jpg,18,18,477,481,468.0,472.0,486.0,490.0,18.0,18.0,18.0,16-24,oblique,center,none,none,bg_001.jpg,315.0,3,0.734941840171814,0.7809706021192305,True,True,False,0.8036372167127276,1.4019352570644272,True,1,0.734941840171814,0.7809706021192305,1,2,0,0.5,5,
477,images/s2_pose_oblique_36.jpg,fixed_core_test,SYNTHETIC_3D,ok,outputs/shuttle_capability/controlled_capability/images/s2_pose_oblique_36.jpg,18,18,481,477,472.0,468.0,490.0,486.0,18.0,18.0,18.0,16-24,oblique,center,none,none,bg_001.jpg,315.0,0,,,False,False,False,0.0,,False,,,0.0,0,0,1,0.5,5,
478,images/s2_pose_oblique_37.jpg,fixed_core_test,SYNTHETIC_3D,ok,outputs/shuttle_capability/controlled_capability/images/s2_pose_oblique_37.jpg,18,18,477,477,468.0,468.0,486.0,486.0,18.0,18.0,18.0,16-24,oblique,center,none,none,bg_001.jpg,315.0,3,0.3834959864616394,0.0,False,False,False,0.0,,False,,,0.0,0,3,1,0.5,5,
479,images/s2_pose_oblique_38.jpg,fixed_core_test,SYNTHETIC_3D,ok,outputs/shuttle_capability/controlled_capability/images/s2_pose_oblique_38.jpg,15,20,482,477,474.5,467.0,489.5,487.0,15.0,20.0,17.321,16-24,oblique,center,none,none,bg_001.jpg,315.0,1,0.7933235764503479,0.0,False,False,False,0.0,,False,,,0.0,0,1,1,0.5,5,
480,images/s2_pose_oblique_39.jpg,fixed_core_test,SYNTHETIC_3D,ok,outputs/shuttle_capability/controlled_capability/images/s2_pose_oblique_39.jpg,15,20,477,481,469.5,471.0,484.5,491.0,15.0,20.0,17.321,16-24,oblique,center,none,none,bg_001.jpg,315.0,4,0.2565770745277405,0.0,False,False,False,0.0,,False,,,0.0,0,4,1,0.5,5,
481,images/s2_pose_yaw_only_0.jpg,fixed_core_test,SYNTHETIC_3D,ok,outputs/shuttle_capability/controlled_capability/images/s2_pose_yaw_only_0.jpg,19,16,482,479,472.5,471.0,491.5,487.0,19.0,16.0,17.436,16-24,yaw_only,center,none,none,bg_001.jpg,315.0,4,0.41132307052612305,0.0,False,False,False,0.0,,False,,,0.0,0,4,1,0.5,5,
482,images/s2_pose_yaw_only_1.jpg,fixed_core_test,SYNTHETIC_3D,ok,outputs/shuttle_capability/controlled_capability/images/s2_pose_yaw_only_1.jpg,21,16,481,479,470.5,471.0,491.5,487.0,21.0,16.0,18.33,16-24,yaw_only,center,none,none,bg_001.jpg,315.0,3,0.5733363032341003,0.0,False,False,False,0.0,,False,,,0.0,0,3,1,0.5,5,
483,images/s2_pose_yaw_only_2.jpg,fixed_core_test,SYNTHETIC_3D,ok,outputs/shuttle_capability/controlled_capability/images/s2_pose_yaw_only_2.jpg,20,16,479,479,469.0,471.0,489.0,487.0,20.0,16.0,17.889,16-24,yaw_only,center,none,none,bg_001.jpg,315.0,0,,,False,False,False,0.0,,False,,,0.0,0,0,1,0.5,5,
484,images/s2_pose_yaw_only_3.jpg,fixed_core_test,SYNTHETIC_3D,ok,outputs/shuttle_capability/controlled_capability/images/s2_pose_yaw_only_3.jpg,21,16,481,479,470.5,471.0,491.5,487.0,21.0,16.0,18.33,16-24,yaw_only,center,none,none,bg_001.jpg,315.0,1,0.37265411019325256,0.0,False,False,False,0.0,,False,,,0.0,0,1,1,0.5,5,
485,images/s2_pose_yaw_only_4.jpg,fixed_core_test,SYNTHETIC_3D,ok,outputs/shuttle_capability/controlled_capability/images/s2_pose_yaw_only_4.jpg,19,18,482,479,472.5,470.0,491.5,488.0,19.0,18.0,18.493,16-24,yaw_only,center,none,none,bg_001.jpg,315.0,0,,,False,False,False,0.0,,False,,,0.0,0,0,1,0.5,5,
486,images/s2_pose_yaw_only_5.jpg,fixed_core_test,SYNTHETIC_3D,ok,outputs/shuttle_capability/controlled_capability/images/s2_pose_yaw_only_5.jpg,19,16,477,479,467.5,471.0,486.5,487.0,19.0,16.0,17.436,16-24,yaw_only,center,none,none,bg_001.jpg,315.0,3,0.06239254027605057,0.0,False,False,False,0.0,,False,,,0.0,0,3,1,0.5,5,
487,images/s2_pose_yaw_only_6.jpg,fixed_core_test,SYNTHETIC_3D,ok,outputs/shuttle_capability/controlled_capability/images/s2_pose_yaw_only_6.jpg,21,16,478,479,467.5,471.0,488.5,487.0,21.0,16.0,18.33,16-24,yaw_only,center,none,none,bg_001.jpg,315.0,3,0.5669731497764587,0.0,False,False,False,0.0,,False,,,0.0,0,3,1,0.5,5,
488,images/s2_pose_yaw_only_7.jpg,fixed_core_test,SYNTHETIC_3D,ok,outputs/shuttle_capability/controlled_capability/images/s2_pose_yaw_only_7.jpg,20,16,479,479,469.0,471.0,489.0,487.0,20.0,16.0,17.889,16-24,yaw_only,center,none,none,bg_001.jpg,315.0,1,0.7928953766822815,0.0,False,False,False,0.0,,False,,,0.0,0,1,1,0.5,5,
489,images/s2_pose_yaw_only_8.jpg,fixed_core_test,SYNTHETIC_3D,ok,outputs/shuttle_capability/controlled_capability/images/s2_pose_yaw_only_8.jpg,19,16,482,479,472.5,471.0,491.5,487.0,19.0,16.0,17.436,16-24,yaw_only,center,none,none,bg_001.jpg,315.0,1,0.07301708310842514,0.0,False,False,False,0.0,,False,,,0.0,0,1,1,0.5,5,
490,images/s2_pose_yaw_only_9.jpg,fixed_core_test,SYNTHETIC_3D,ok,outputs/shuttle_capability/controlled_capability/images/s2_pose_yaw_only_9.jpg,21,16,481,479,470.5,471.0,491.5,487.0,21.0,16.0,18.33,16-24,yaw_only,center,none,none,bg_001.jpg,315.0,3,0.16958275437355042,0.0,False,False,False,0.0,,False,,,0.0,0,3,1,0.5,5,
491,images/s2_pose_yaw_only_10.jpg,fixed_core_test,SYNTHETIC_3D,ok,outputs/shuttle_capability/controlled_capability/images/s2_pose_yaw_only_10.jpg,20,16,479,479,469.0,471.0,489.0,487.0,20.0,16.0,17.889,16-24,yaw_only,center,none,none,bg_001.jpg,315.0,3,0.5484668612480164,0.0,False,False,False,0.0,,False,,,0.0,0,3,1,0.5,5,
492,images/s2_pose_yaw_only_11.jpg,fixed_core_test,SYNTHETIC_3D,ok,outputs/shuttle_capability/controlled_capability/images/s2_pose_yaw_only_11.jpg,21,16,481,479,470.5,471.0,491.5,487.0,21.0,16.0,18.33,16-24,yaw_only,center,none,none,bg_001.jpg,315.0,2,0.21176260709762573,0.0,False,False,False,0.0,,False,,,0.0,0,2,1,0.5,5,
493,images/s2_pose_yaw_only_12.jpg,fixed_core_test,SYNTHETIC_3D,ok,outputs/shuttle_capability/controlled_capability/images/s2_pose_yaw_only_12.jpg,19,18,482,479,472.5,470.0,491.5,488.0,19.0,18.0,18.493,16-24,yaw_only,center,none,none,bg_001.jpg,315.0,0,,,False,False,False,0.0,,False,,,0.0,0,0,1,0.5,5,
494,images/s2_pose_yaw_only_13.jpg,fixed_core_test,SYNTHETIC_3D,ok,outputs/shuttle_capability/controlled_capability/images/s2_pose_yaw_only_13.jpg,19,16,477,479,467.5,471.0,486.5,487.0,19.0,16.0,17.436,16-24,yaw_only,center,none,none,bg_001.jpg,315.0,0,,,False,False,False,0.0,,False,,,0.0,0,0,1,0.5,5,
495,images/s2_pose_yaw_only_14.jpg,fixed_core_test,SYNTHETIC_3D,ok,outputs/shuttle_capability/controlled_capability/images/s2_pose_yaw_only_14.jpg,21,16,478,479,467.5,471.0,488.5,487.0,21.0,16.0,18.33,16-24,yaw_only,center,none,none,bg_001.jpg,315.0,0,,,False,False,False,0.0,,False,,,0.0,0,0,1,0.5,5,
496,images/s2_pose_yaw_only_15.jpg,fixed_core_test,SYNTHETIC_3D,ok,outputs/shuttle_capability/controlled_capability/images/s2_pose_yaw_only_15.jpg,20,16,479,479,469.0,471.0,489.0,487.0,20.0,16.0,17.889,16-24,yaw_only,center,none,none,bg_001.jpg,315.0,2,0.8851835131645203,0.0,False,False,False,0.0,,False,,,0.0,0,2,1,0.5,5,
497,images/s2_pose_yaw_only_16.jpg,fixed_core_test,SYNTHETIC_3D,ok,outputs/shuttle_capability/controlled_capability/images/s2_pose_yaw_only_16.jpg,19,16,482,479,472.5,471.0,491.5,487.0,19.0,16.0,17.436,16-24,yaw_only,center,none,none,bg_001.jpg,315.0,2,0.2871425449848175,0.0,False,False,False,0.0,,False,,,0.0,0,2,1,0.5,5,
498,images/s2_pose_yaw_only_17.jpg,fixed_core_test,SYNTHETIC_3D,ok,outputs/shuttle_capability/controlled_capability/images/s2_pose_yaw_only_17.jpg,21,16,481,479,470.5,471.0,491.5,487.0,21.0,16.0,18.33,16-24,yaw_only,center,none,none,bg_001.jpg,315.0,1,0.08134979009628296,0.0,False,False,False,0.0,,False,,,0.0,0,1,1,0.5,5,
499,images/s2_pose_yaw_only_18.jpg,fixed_core_test,SYNTHETIC_3D,ok,outputs/shuttle_capability/controlled_capability/images/s2_pose_yaw_only_18.jpg,20,16,479,479,469.0,471.0,489.0,487.0,20.0,16.0,17.889,16-24,yaw_only,center,none,none,bg_001.jpg,315.0,0,,,False,False,False,0.0,,False,,,0.0,0,0,1,0.5,5,
500,images/s2_pose_yaw_only_19.jpg,fixed_core_test,SYNTHETIC_3D,ok,outputs/shuttle_capability/controlled_capability/images/s2_pose_yaw_only_19.jpg,21,16,481,479,470.5,471.0,491.5,487.0,21.0,16.0,18.33,16-24,yaw_only,center,none,none,bg_001.jpg,315.0,2,0.12560845911502838,0.0,False,False,False,0.0,,False,,,0.0,0,2,1,0.5,5,
501,images/s2_pose_yaw_only_20.jpg,fixed_core_test,SYNTHETIC_3D,ok,outputs/shuttle_capability/controlled_capability/images/s2_pose_yaw_only_20.jpg,19,18,482,479,472.5,470.0,491.5,488.0,19.0,18.0,18.493,16-24,yaw_only,center,none,none,bg_001.jpg,315.0,1,0.1403762847185135,0.0,False,False,False,0.0,,False,,,0.0,0,1,1,0.5,5,
502,images/s2_pose_yaw_only_21.jpg,fixed_core_test,SYNTHETIC_3D,ok,outputs/shuttle_capability/controlled_capability/images/s2_pose_yaw_only_21.jpg,19,16,477,479,467.5,471.0,486.5,487.0,19.0,16.0,17.436,16-24,yaw_only,center,none,none,bg_001.jpg,315.0,4,0.8749858140945435,0.0,False,False,False,0.0,,False,,,0.0,0,4,1,0.5,5,
503,images/s2_pose_yaw_only_22.jpg,fixed_core_test,SYNTHETIC_3D,ok,outputs/shuttle_capability/controlled_capability/images/s2_pose_yaw_only_22.jpg,21,16,478,479,467.5,471.0,488.5,487.0,21.0,16.0,18.33,16-24,yaw_only,center,none,none,bg_001.jpg,315.0,1,0.17090214788913727,0.0,False,False,False,0.0,,False,,,0.0,0,1,1,0.5,5,
504,images/s2_pose_yaw_only_23.jpg,fixed_core_test,SYNTHETIC_3D,ok,outputs/shuttle_capability/controlled_capability/images/s2_pose_yaw_only_23.jpg,20,16,479,479,469.0,471.0,489.0,487.0,20.0,16.0,17.889,16-24,yaw_only,center,none,none,bg_001.jpg,315.0,2,0.09251060336828232,0.23723941132024734,False,False,False,0.24620211129658856,,False,,,0.23723941132024734,0,2,1,0.5,5,
505,images/s2_pose_yaw_only_24.jpg,fixed_core_test,SYNTHETIC_3D,ok,outputs/shuttle_capability/controlled_capability/images/s2_pose_yaw_only_24.jpg,19,16,482,479,472.5,471.0,491.5,487.0,19.0,16.0,17.436,16-24,yaw_only,center,none,none,bg_001.jpg,315.0,3,0.33139491081237793,0.0,False,False,False,0.0,,False,,,0.0,0,3,1,0.5,5,
506,images/s2_pose_yaw_only_25.jpg,fixed_core_test,SYNTHETIC_3D,ok,outputs/shuttle_capability/controlled_capability/images/s2_pose_yaw_only_25.jpg,21,16,481,479,470.5,471.0,491.5,487.0,21.0,16.0,18.33,16-24,yaw_only,center,none,none,bg_001.jpg,315.0,1,0.05824553221464157,0.0,False,False,False,0.0,,False,,,0.0,0,1,1,0.5,5,
507,images/s2_pose_yaw_only_26.jpg,fixed_core_test,SYNTHETIC_3D,ok,outputs/shuttle_capability/controlled_capability/images/s2_pose_yaw_only_26.jpg,20,16,479,479,469.0,471.0,489.0,487.0,20.0,16.0,17.889,16-24,yaw_only,center,none,none,bg_001.jpg,315.0,1,0.2789229452610016,0.0,False,False,False,0.0,,False,,,0.0,0,1,1,0.5,5,
508,images/s2_pose_yaw_only_27.jpg,fixed_core_test,SYNTHETIC_3D,ok,outputs/shuttle_capability/controlled_capability/images/s2_pose_yaw_only_27.jpg,21,16,481,479,470.5,471.0,491.5,487.0,21.0,16.0,18.33,16-24,yaw_only,center,none,none,bg_001.jpg,315.0,0,,,False,False,False,0.0,,False,,,0.0,0,0,1,0.5,5,
509,images/s2_pose_yaw_only_28.jpg,fixed_core_test,SYNTHETIC_3D,ok,outputs/shuttle_capability/controlled_capability/images/s2_pose_yaw_only_28.jpg,19,18,482,479,472.5,470.0,491.5,488.0,19.0,18.0,18.493,16-24,yaw_only,center,none,none,bg_001.jpg,315.0,0,,,False,False,False,0.0,,False,,,0.0,0,0,1,0.5,5,
510,images/s2_pose_yaw_only_29.jpg,fixed_core_test,SYNTHETIC_3D,ok,outputs/shuttle_capability/controlled_capability/images/s2_pose_yaw_only_29.jpg,19,16,477,479,467.5,471.0,486.5,487.0,19.0,16.0,17.436,16-24,yaw_only,center,none,none,bg_001.jpg,315.0,2,0.11011311411857605,0.7288606499014983,True,True,False,0.7737084278150609,1.4906522338756547,True,1,0.11011311411857605,0.7288606499014983,1,1,0,0.5,5,
511,images/s2_pose_yaw_only_30.jpg,fixed_core_test,SYNTHETIC_3D,ok,outputs/shuttle_capability/controlled_capability/images/s2_pose_yaw_only_30.jpg,21,16,478,479,467.5,471.0,488.5,487.0,21.0,16.0,18.33,16-24,yaw_only,center,none,none,bg_001.jpg,315.0,4,0.10582351684570312,0.44472168211043506,False,False,False,0.5088885851104611,,False,,,0.44472168211043506,0,4,1,0.5,5,
512,images/s2_pose_yaw_only_31.jpg,fixed_core_test,SYNTHETIC_3D,ok,outputs/shuttle_capability/controlled_capability/images/s2_pose_yaw_only_31.jpg,20,16,479,479,469.0,471.0,489.0,487.0,20.0,16.0,17.889,16-24,yaw_only,center,none,none,bg_001.jpg,315.0,3,0.2111048549413681,0.08800415282367621,False,False,False,0.09087238678475842,,False,,,0.08800415282367621,0,3,1,0.5,5,
513,images/s2_pose_yaw_only_32.jpg,fixed_core_test,SYNTHETIC_3D,ok,outputs/shuttle_capability/controlled_capability/images/s2_pose_yaw_only_32.jpg,19,16,482,479,472.5,471.0,491.5,487.0,19.0,16.0,17.436,16-24,yaw_only,center,none,none,bg_001.jpg,315.0,2,0.39254578948020935,0.0,False,False,False,0.0,,False,,,0.0,0,2,1,0.5,5,
514,images/s2_pose_yaw_only_33.jpg,fixed_core_test,SYNTHETIC_3D,ok,outputs/shuttle_capability/controlled_capability/images/s2_pose_yaw_only_33.jpg,21,16,481,479,470.5,471.0,491.5,487.0,21.0,16.0,18.33,16-24,yaw_only,center,none,none,bg_001.jpg,315.0,1,0.06308434903621674,0.0,False,False,False,0.0,,False,,,0.0,0,1,1,0.5,5,
515,images/s2_pose_yaw_only_34.jpg,fixed_core_test,SYNTHETIC_3D,ok,outputs/shuttle_capability/controlled_capability/images/s2_pose_yaw_only_34.jpg,20,16,479,479,469.0,471.0,489.0,487.0,20.0,16.0,17.889,16-24,yaw_only,center,none,none,bg_001.jpg,315.0,2,0.07368279248476028,0.0,False,False,False,0.0,,False,,,0.0,0,2,1,0.5,5,
516,images/s2_pose_yaw_only_35.jpg,fixed_core_test,SYNTHETIC_3D,ok,outputs/shuttle_capability/controlled_capability/images/s2_pose_yaw_only_35.jpg,21,16,481,479,470.5,471.0,491.5,487.0,21.0,16.0,18.33,16-24,yaw_only,center,none,none,bg_001.jpg,315.0,0,,,False,False,False,0.0,,False,,,0.0,0,0,1,0.5,5,
517,images/s2_pose_yaw_only_36.jpg,fixed_core_test,SYNTHETIC_3D,ok,outputs/shuttle_capability/controlled_capability/images/s2_pose_yaw_only_36.jpg,19,18,482,479,472.5,470.0,491.5,488.0,19.0,18.0,18.493,16-24,yaw_only,center,none,none,bg_001.jpg,315.0,1,0.050631146878004074,0.0,False,False,False,0.0,,False,,,0.0,0,1,1,0.5,5,
518,images/s2_pose_yaw_only_37.jpg,fixed_core_test,SYNTHETIC_3D,ok,outputs/shuttle_capability/controlled_capability/images/s2_pose_yaw_only_37.jpg,19,16,477,479,467.5,471.0,486.5,487.0,19.0,16.0,17.436,16-24,yaw_only,center,none,none,bg_001.jpg,315.0,2,0.29429545998573303,0.0,False,False,False,0.0,,False,,,0.0,0,2,1,0.5,5,
519,images/s2_pose_yaw_only_38.jpg,fixed_core_test,SYNTHETIC_3D,ok,outputs/shuttle_capability/controlled_capability/images/s2_pose_yaw_only_38.jpg,21,16,478,479,467.5,471.0,488.5,487.0,21.0,16.0,18.33,16-24,yaw_only,center,none,none,bg_001.jpg,315.0,2,0.6717057228088379,0.0,False,False,False,0.0,,False,,,0.0,0,2,1,0.5,5,
520,images/s2_pose_yaw_only_39.jpg,fixed_core_test,SYNTHETIC_3D,ok,outputs/shuttle_capability/controlled_capability/images/s2_pose_yaw_only_39.jpg,20,16,479,479,469.0,471.0,489.0,487.0,20.0,16.0,17.889,16-24,yaw_only,center,none,none,bg_001.jpg,315.0,3,0.16578024625778198,0.0,False,False,False,0.0,,False,,,0.0,0,3,1,0.5,5,
521,images/s2_pose_pitch_only_0.jpg,fixed_core_test,SYNTHETIC_3D,ok,outputs/shuttle_capability/controlled_capability/images/s2_pose_pitch_only_0.jpg,16,19,479,477,471.0,467.5,487.0,486.5,16.0,19.0,17.436,16-24,pitch_only,center,none,none,bg_001.jpg,315.0,4,0.2873055636882782,0.0,False,False,False,0.0,,False,,,0.0,0,4,1,0.5,5,
522,images/s2_pose_pitch_only_1.jpg,fixed_core_test,SYNTHETIC_3D,ok,outputs/shuttle_capability/controlled_capability/images/s2_pose_pitch_only_1.jpg,16,21,479,478,471.0,467.5,487.0,488.5,16.0,21.0,18.33,16-24,pitch_only,center,none,none,bg_001.jpg,315.0,3,0.6037119030952454,0.0,False,False,False,0.0,,False,,,0.0,0,3,1,0.5,5,
523,images/s2_pose_pitch_only_2.jpg,fixed_core_test,SYNTHETIC_3D,ok,outputs/shuttle_capability/controlled_capability/images/s2_pose_pitch_only_2.jpg,16,20,479,479,471.0,469.0,487.0,489.0,16.0,20.0,17.889,16-24,pitch_only,center,none,none,bg_001.jpg,315.0,1,0.06057523563504219,0.0,False,False,False,0.0,,False,,,0.0,0,1,1,0.5,5,
524,images/s2_pose_pitch_only_3.jpg,fixed_core_test,SYNTHETIC_3D,ok,outputs/shuttle_capability/controlled_capability/images/s2_pose_pitch_only_3.jpg,16,21,479,478,471.0,467.5,487.0,488.5,16.0,21.0,18.33,16-24,pitch_only,center,none,none,bg_001.jpg,315.0,2,0.21176517009735107,0.0,False,True,False,0.6670590317142862,0.2652587750185152,True,2,0.08467115461826324,0.6670590317142862,1,1,0,0.5,5,
525,images/s2_pose_pitch_only_4.jpg,fixed_core_test,SYNTHETIC_3D,ok,outputs/shuttle_capability/controlled_capability/images/s2_pose_pitch_only_4.jpg,18,19,479,477,470.0,467.5,488.0,486.5,18.0,19.0,18.493,16-24,pitch_only,center,none,none,bg_001.jpg,315.0,1,0.10667186230421066,0.5850497652825556,True,True,False,0.5850497652825556,2.495934259292091,True,1,0.10667186230421066,0.5850497652825556,1,0,0,0.5,5,
526,images/s2_pose_pitch_only_5.jpg,fixed_core_test,SYNTHETIC_3D,ok,outputs/shuttle_capability/controlled_capability/images/s2_pose_pitch_only_5.jpg,16,19,479,482,471.0,472.5,487.0,491.5,16.0,19.0,17.436,16-24,pitch_only,center,none,none,bg_001.jpg,315.0,1,0.07591857016086578,0.0,False,False,False,0.0,,False,,,0.0,0,1,1,0.5,5,
527,images/s2_pose_pitch_only_6.jpg,fixed_core_test,SYNTHETIC_3D,ok,outputs/shuttle_capability/controlled_capability/images/s2_pose_pitch_only_6.jpg,16,21,479,481,471.0,470.5,487.0,491.5,16.0,21.0,18.33,16-24,pitch_only,center,none,none,bg_001.jpg,315.0,3,0.5226411819458008,0.0,False,False,False,0.0,,False,,,0.0,0,3,1,0.5,5,
528,images/s2_pose_pitch_only_7.jpg,fixed_core_test,SYNTHETIC_3D,ok,outputs/shuttle_capability/controlled_capability/images/s2_pose_pitch_only_7.jpg,16,20,479,479,471.0,469.0,487.0,489.0,16.0,20.0,17.889,16-24,pitch_only,center,none,none,bg_001.jpg,315.0,1,0.7621171474456787,0.0,False,False,False,0.0,,False,,,0.0,0,1,1,0.5,5,
529,images/s2_pose_pitch_only_8.jpg,fixed_core_test,SYNTHETIC_3D,ok,outputs/shuttle_capability/controlled_capability/images/s2_pose_pitch_only_8.jpg,16,19,479,477,471.0,467.5,487.0,486.5,16.0,19.0,17.436,16-24,pitch_only,center,none,none,bg_001.jpg,315.0,2,0.3594238758087158,0.8488440809410978,True,True,False,0.8969147270177736,0.6734905980113858,True,1,0.3594238758087158,0.8488440809410978,1,1,0,0.5,5,
530,images/s2_pose_pitch_only_9.jpg,fixed_core_test,SYNTHETIC_3D,ok,outputs/shuttle_capability/controlled_capability/images/s2_pose_pitch_only_9.jpg,16,21,479,478,471.0,467.5,487.0,488.5,16.0,21.0,18.33,16-24,pitch_only,center,none,none,bg_001.jpg,315.0,3,0.20622321963310242,0.0,False,False,False,0.0,,False,,,0.0,0,3,1,0.5,5,
531,images/s2_pose_pitch_only_10.jpg,fixed_core_test,SYNTHETIC_3D,ok,outputs/shuttle_capability/controlled_capability/images/s2_pose_pitch_only_10.jpg,16,20,479,479,471.0,469.0,487.0,489.0,16.0,20.0,17.889,16-24,pitch_only,center,none,none,bg_001.jpg,315.0,3,0.4539376497268677,0.0,False,False,False,0.0,,False,,,0.0,0,3,1,0.5,5,
532,images/s2_pose_pitch_only_11.jpg,fixed_core_test,SYNTHETIC_3D,ok,outputs/shuttle_capability/controlled_capability/images/s2_pose_pitch_only_11.jpg,16,21,479,478,471.0,467.5,487.0,488.5,16.0,21.0,18.33,16-24,pitch_only,center,none,none,bg_001.jpg,315.0,1,0.13542692363262177,0.0,False,False,False,0.0,,False,,,0.0,0,1,1,0.5,5,
533,images/s2_pose_pitch_only_12.jpg,fixed_core_test,SYNTHETIC_3D,ok,outputs/shuttle_capability/controlled_capability/images/s2_pose_pitch_only_12.jpg,18,19,479,477,470.0,467.5,488.0,486.5,18.0,19.0,18.493,16-24,pitch_only,center,none,none,bg_001.jpg,315.0,2,0.13424570858478546,0.6221450068742821,True,True,False,0.6221450068742821,1.8515612091314468,True,1,0.13424570858478546,0.6221450068742821,1,1,0,0.5,5,
534,images/s2_pose_pitch_only_13.jpg,fixed_core_test,SYNTHETIC_3D,ok,outputs/shuttle_capability/controlled_capability/images/s2_pose_pitch_only_13.jpg,16,19,479,482,471.0,472.5,487.0,491.5,16.0,19.0,17.436,16-24,pitch_only,center,none,none,bg_001.jpg,315.0,0,,,False,False,False,0.0,,False,,,0.0,0,0,1,0.5,5,
535,images/s2_pose_pitch_only_14.jpg,fixed_core_test,SYNTHETIC_3D,ok,outputs/shuttle_capability/controlled_capability/images/s2_pose_pitch_only_14.jpg,16,21,479,481,471.0,470.5,487.0,491.5,16.0,21.0,18.33,16-24,pitch_only,center,none,none,bg_001.jpg,315.0,3,0.06182687357068062,0.0,False,True,False,0.6994082128318647,2.309985759228324,True,3,0.0558348074555397,0.6478432234835656,1,2,0,0.5,5,
536,images/s2_pose_pitch_only_15.jpg,fixed_core_test,SYNTHETIC_3D,ok,outputs/shuttle_capability/controlled_capability/images/s2_pose_pitch_only_15.jpg,16,20,479,479,471.0,469.0,487.0,489.0,16.0,20.0,17.889,16-24,pitch_only,center,none,none,bg_001.jpg,315.0,3,0.871797502040863,0.0,False,False,False,0.0,,False,,,0.0,0,3,1,0.5,5,
537,images/s2_pose_pitch_only_16.jpg,fixed_core_test,SYNTHETIC_3D,ok,outputs/shuttle_capability/controlled_capability/images/s2_pose_pitch_only_16.jpg,16,19,479,477,471.0,467.5,487.0,486.5,16.0,19.0,17.436,16-24,pitch_only,center,none,none,bg_001.jpg,315.0,0,,,False,False,False,0.0,,False,,,0.0,0,0,1,0.5,5,
538,images/s2_pose_pitch_only_17.jpg,fixed_core_test,SYNTHETIC_3D,ok,outputs/shuttle_capability/controlled_capability/images/s2_pose_pitch_only_17.jpg,16,21,479,478,471.0,467.5,487.0,488.5,16.0,21.0,18.33,16-24,pitch_only,center,none,none,bg_001.jpg,315.0,1,0.05369221046566963,0.0,False,False,False,0.0,,False,,,0.0,0,1,1,0.5,5,
539,images/s2_pose_pitch_only_18.jpg,fixed_core_test,SYNTHETIC_3D,ok,outputs/shuttle_capability/controlled_capability/images/s2_pose_pitch_only_18.jpg,16,20,479,479,471.0,469.0,487.0,489.0,16.0,20.0,17.889,16-24,pitch_only,center,none,none,bg_001.jpg,315.0,1,0.06951311230659485,0.0,False,False,False,0.0,,False,,,0.0,0,1,1,0.5,5,
540,images/s2_pose_pitch_only_19.jpg,fixed_core_test,SYNTHETIC_3D,ok,outputs/shuttle_capability/controlled_capability/images/s2_pose_pitch_only_19.jpg,16,21,479,478,471.0,467.5,487.0,488.5,16.0,21.0,18.33,16-24,pitch_only,center,none,none,bg_001.jpg,315.0,2,0.12378734350204468,0.0,False,False,False,0.0,,False,,,0.0,0,2,1,0.5,5,
541,images/s2_pose_pitch_only_20.jpg,fixed_core_test,SYNTHETIC_3D,ok,outputs/shuttle_capability/controlled_capability/images/s2_pose_pitch_only_20.jpg,18,19,479,477,470.0,467.5,488.0,486.5,18.0,19.0,18.493,16-24,pitch_only,center,none,none,bg_001.jpg,315.0,2,0.09583451598882675,0.0,False,True,False,0.5921111007531484,2.016951535685999,True,2,0.060426753014326096,0.5921111007531484,1,1,0,0.5,5,
542,images/s2_pose_pitch_only_21.jpg,fixed_core_test,SYNTHETIC_3D,ok,outputs/shuttle_capability/controlled_capability/images/s2_pose_pitch_only_21.jpg,16,19,479,482,471.0,472.5,487.0,491.5,16.0,19.0,17.436,16-24,pitch_only,center,none,none,bg_001.jpg,315.0,4,0.8617432713508606,0.0,False,False,False,0.1840189264989213,,False,,,0.1840189264989213,0,4,1,0.5,5,
543,images/s2_pose_pitch_only_22.jpg,fixed_core_test,SYNTHETIC_3D,ok,outputs/shuttle_capability/controlled_capability/images/s2_pose_pitch_only_22.jpg,16,21,479,481,471.0,470.5,487.0,491.5,16.0,21.0,18.33,16-24,pitch_only,center,none,none,bg_001.jpg,315.0,1,0.06321577727794647,0.0,False,False,False,0.0,,False,,,0.0,0,1,1,0.5,5,
544,images/s2_pose_pitch_only_23.jpg,fixed_core_test,SYNTHETIC_3D,ok,outputs/shuttle_capability/controlled_capability/images/s2_pose_pitch_only_23.jpg,16,20,479,479,471.0,469.0,487.0,489.0,16.0,20.0,17.889,16-24,pitch_only,center,none,none,bg_001.jpg,315.0,3,0.14376220107078552,0.0,False,True,False,0.5634014117647894,1.3367579858763687,True,2,0.08004429936408997,0.5634014117647894,1,2,0,0.5,5,
545,images/s2_pose_pitch_only_24.jpg,fixed_core_test,SYNTHETIC_3D,ok,outputs/shuttle_capability/controlled_capability/images/s2_pose_pitch_only_24.jpg,16,19,479,477,471.0,467.5,487.0,486.5,16.0,19.0,17.436,16-24,pitch_only,center,none,none,bg_001.jpg,315.0,1,0.3837003707885742,0.0,False,False,False,0.0,,False,,,0.0,0,1,1,0.5,5,
546,images/s2_pose_pitch_only_25.jpg,fixed_core_test,SYNTHETIC_3D,ok,outputs/shuttle_capability/controlled_capability/images/s2_pose_pitch_only_25.jpg,16,21,479,478,471.0,467.5,487.0,488.5,16.0,21.0,18.33,16-24,pitch_only,center,none,none,bg_001.jpg,315.0,0,,,False,False,False,0.0,,False,,,0.0,0,0,1,0.5,5,
547,images/s2_pose_pitch_only_26.jpg,fixed_core_test,SYNTHETIC_3D,ok,outputs/shuttle_capability/controlled_capability/images/s2_pose_pitch_only_26.jpg,16,20,479,479,471.0,469.0,487.0,489.0,16.0,20.0,17.889,16-24,pitch_only,center,none,none,bg_001.jpg,315.0,1,0.05434481427073479,0.0,False,False,False,0.0,,False,,,0.0,0,1,1,0.5,5,
548,images/s2_pose_pitch_only_27.jpg,fixed_core_test,SYNTHETIC_3D,ok,outputs/shuttle_capability/controlled_capability/images/s2_pose_pitch_only_27.jpg,16,21,479,478,471.0,467.5,487.0,488.5,16.0,21.0,18.33,16-24,pitch_only,center,none,none,bg_001.jpg,315.0,1,0.09376168251037598,0.6370277287704604,True,True,False,0.6370277287704604,1.597130953745565,True,1,0.09376168251037598,0.6370277287704604,1,0,0,0.5,5,
549,images/s2_pose_pitch_only_28.jpg,fixed_core_test,SYNTHETIC_3D,ok,outputs/shuttle_capability/controlled_capability/images/s2_pose_pitch_only_28.jpg,18,19,479,477,470.0,467.5,488.0,486.5,18.0,19.0,18.493,16-24,pitch_only,center,none,none,bg_001.jpg,315.0,0,,,False,False,False,0.0,,False,,,0.0,0,0,1,0.5,5,
550,images/s2_pose_pitch_only_29.jpg,fixed_core_test,SYNTHETIC_3D,ok,outputs/shuttle_capability/controlled_capability/images/s2_pose_pitch_only_29.jpg,16,19,479,482,471.0,472.5,487.0,491.5,16.0,19.0,17.436,16-24,pitch_only,center,none,none,bg_001.jpg,315.0,2,0.7675986886024475,0.8044877736933147,True,True,False,0.8771132667990107,1.393655792356625,True,1,0.7675986886024475,0.8044877736933147,1,1,0,0.5,5,
551,images/s2_pose_pitch_only_30.jpg,fixed_core_test,SYNTHETIC_3D,ok,outputs/shuttle_capability/controlled_capability/images/s2_pose_pitch_only_30.jpg,16,21,479,481,471.0,470.5,487.0,491.5,16.0,21.0,18.33,16-24,pitch_only,center,none,none,bg_001.jpg,315.0,3,0.3241787552833557,0.7410616878353592,True,True,False,0.7410616878353592,0.4932811531961568,True,1,0.3241787552833557,0.7410616878353592,1,2,0,0.5,5,
552,images/s2_pose_pitch_only_31.jpg,fixed_core_test,SYNTHETIC_3D,ok,outputs/shuttle_capability/controlled_capability/images/s2_pose_pitch_only_31.jpg,16,20,479,479,471.0,469.0,487.0,489.0,16.0,20.0,17.889,16-24,pitch_only,center,none,none,bg_001.jpg,315.0,0,,,False,False,False,0.0,,False,,,0.0,0,0,1,0.5,5,
553,images/s2_pose_pitch_only_32.jpg,fixed_core_test,SYNTHETIC_3D,ok,outputs/shuttle_capability/controlled_capability/images/s2_pose_pitch_only_32.jpg,16,19,479,477,471.0,467.5,487.0,486.5,16.0,19.0,17.436,16-24,pitch_only,center,none,none,bg_001.jpg,315.0,2,0.32713696360588074,0.0,False,False,False,0.0,,False,,,0.0,0,2,1,0.5,5,
554,images/s2_pose_pitch_only_33.jpg,fixed_core_test,SYNTHETIC_3D,ok,outputs/shuttle_capability/controlled_capability/images/s2_pose_pitch_only_33.jpg,16,21,479,478,471.0,467.5,487.0,488.5,16.0,21.0,18.33,16-24,pitch_only,center,none,none,bg_001.jpg,315.0,1,0.13528238236904144,0.0,False,False,False,0.0,,False,,,0.0,0,1,1,0.5,5,
555,images/s2_pose_pitch_only_34.jpg,fixed_core_test,SYNTHETIC_3D,ok,outputs/shuttle_capability/controlled_capability/images/s2_pose_pitch_only_34.jpg,16,20,479,479,471.0,469.0,487.0,489.0,16.0,20.0,17.889,16-24,pitch_only,center,none,none,bg_001.jpg,315.0,1,0.09044855833053589,0.0,False,False,False,0.0,,False,,,0.0,0,1,1,0.5,5,
556,images/s2_pose_pitch_only_35.jpg,fixed_core_test,SYNTHETIC_3D,ok,outputs/shuttle_capability/controlled_capability/images/s2_pose_pitch_only_35.jpg,16,21,479,478,471.0,467.5,487.0,488.5,16.0,21.0,18.33,16-24,pitch_only,center,none,none,bg_001.jpg,315.0,1,0.8637844324111938,0.7514093986783754,True,True,False,0.7810674791024732,1.1272283050554903,True,1,0.8637844324111938,0.7514093986783754,1,0,0,0.5,5,
557,images/s2_pose_pitch_only_36.jpg,fixed_core_test,SYNTHETIC_3D,ok,outputs/shuttle_capability/controlled_capability/images/s2_pose_pitch_only_36.jpg,18,19,479,477,470.0,467.5,488.0,486.5,18.0,19.0,18.493,16-24,pitch_only,center,none,none,bg_001.jpg,315.0,1,0.0941777229309082,0.0,False,False,False,0.0,,False,,,0.0,0,1,1,0.5,5,
558,images/s2_pose_pitch_only_37.jpg,fixed_core_test,SYNTHETIC_3D,ok,outputs/shuttle_capability/controlled_capability/images/s2_pose_pitch_only_37.jpg,16,19,479,482,471.0,472.5,487.0,491.5,16.0,19.0,17.436,16-24,pitch_only,center,none,none,bg_001.jpg,315.0,3,0.3913823068141937,0.0,False,False,False,0.0,,False,,,0.0,0,3,1,0.5,5,
559,images/s2_pose_pitch_only_38.jpg,fixed_core_test,SYNTHETIC_3D,ok,outputs/shuttle_capability/controlled_capability/images/s2_pose_pitch_only_38.jpg,16,21,479,481,471.0,470.5,487.0,491.5,16.0,21.0,18.33,16-24,pitch_only,center,none,none,bg_001.jpg,315.0,3,0.7280558943748474,0.0,False,False,False,0.0,,False,,,0.0,0,3,1,0.5,5,
560,images/s2_pose_pitch_only_39.jpg,fixed_core_test,SYNTHETIC_3D,ok,outputs/shuttle_capability/controlled_capability/images/s2_pose_pitch_only_39.jpg,16,20,479,479,471.0,469.0,487.0,489.0,16.0,20.0,17.889,16-24,pitch_only,center,none,none,bg_001.jpg,315.0,2,0.08527258038520813,0.0,False,False,False,0.0,,False,,,0.0,0,2,1,0.5,5,
561,images/s2_pose_roll_only_0.jpg,fixed_core_test,SYNTHETIC_3D,ok,outputs/shuttle_capability/controlled_capability/images/s2_pose_roll_only_0.jpg,16,20,479,479,471.0,469.0,487.0,489.0,16.0,20.0,17.889,16-24,roll_only,center,none,none,bg_001.jpg,315.0,3,0.2603754997253418,0.0,False,False,False,0.0,,False,,,0.0,0,3,1,0.5,5,
562,images/s2_pose_roll_only_1.jpg,fixed_core_test,SYNTHETIC_3D,ok,outputs/shuttle_capability/controlled_capability/images/s2_pose_roll_only_1.jpg,16,20,479,479,471.0,469.0,487.0,489.0,16.0,20.0,17.889,16-24,roll_only,center,none,none,bg_001.jpg,315.0,3,0.5395994186401367,0.0,False,False,False,0.0,,False,,,0.0,0,3,1,0.5,5,
563,images/s2_pose_roll_only_2.jpg,fixed_core_test,SYNTHETIC_3D,ok,outputs/shuttle_capability/controlled_capability/images/s2_pose_roll_only_2.jpg,16,20,479,479,471.0,469.0,487.0,489.0,16.0,20.0,17.889,16-24,roll_only,center,none,none,bg_001.jpg,315.0,1,0.11686462163925171,0.0,False,False,False,0.0,,False,,,0.0,0,1,1,0.5,5,
564,images/s2_pose_roll_only_3.jpg,fixed_core_test,SYNTHETIC_3D,ok,outputs/shuttle_capability/controlled_capability/images/s2_pose_roll_only_3.jpg,16,20,479,479,471.0,469.0,487.0,489.0,16.0,20.0,17.889,16-24,roll_only,center,none,none,bg_001.jpg,315.0,2,0.23970092833042145,0.0,False,False,False,0.0,,False,,,0.0,0,2,1,0.5,5,
565,images/s2_pose_roll_only_4.jpg,fixed_core_test,SYNTHETIC_3D,ok,outputs/shuttle_capability/controlled_capability/images/s2_pose_roll_only_4.jpg,16,20,479,479,471.0,469.0,487.0,489.0,16.0,20.0,17.889,16-24,roll_only,center,none,none,bg_001.jpg,315.0,0,,,False,False,False,0.0,,False,,,0.0,0,0,1,0.5,5,
566,images/s2_pose_roll_only_5.jpg,fixed_core_test,SYNTHETIC_3D,ok,outputs/shuttle_capability/controlled_capability/images/s2_pose_roll_only_5.jpg,16,20,479,479,471.0,469.0,487.0,489.0,16.0,20.0,17.889,16-24,roll_only,center,none,none,bg_001.jpg,315.0,2,0.1069246381521225,0.0,False,False,False,0.0,,False,,,0.0,0,2,1,0.5,5,
567,images/s2_pose_roll_only_6.jpg,fixed_core_test,SYNTHETIC_3D,ok,outputs/shuttle_capability/controlled_capability/images/s2_pose_roll_only_6.jpg,16,20,479,479,471.0,469.0,487.0,489.0,16.0,20.0,17.889,16-24,roll_only,center,none,none,bg_001.jpg,315.0,3,0.5878722071647644,0.0,False,False,False,0.0,,False,,,0.0,0,3,1,0.5,5,
568,images/s2_pose_roll_only_7.jpg,fixed_core_test,SYNTHETIC_3D,ok,outputs/shuttle_capability/controlled_capability/images/s2_pose_roll_only_7.jpg,16,20,479,479,471.0,469.0,487.0,489.0,16.0,20.0,17.889,16-24,roll_only,center,none,none,bg_001.jpg,315.0,1,0.7460455894470215,0.0,False,False,False,0.0,,False,,,0.0,0,1,1,0.5,5,
569,images/s2_pose_roll_only_8.jpg,fixed_core_test,SYNTHETIC_3D,ok,outputs/shuttle_capability/controlled_capability/images/s2_pose_roll_only_8.jpg,16,20,479,479,471.0,469.0,487.0,489.0,16.0,20.0,17.889,16-24,roll_only,center,none,none,bg_001.jpg,315.0,1,0.07099072635173798,0.18205941640812437,False,False,False,0.18984184121363795,,False,,,0.18205941640812437,0,1,1,0.5,5,
570,images/s2_pose_roll_only_9.jpg,fixed_core_test,SYNTHETIC_3D,ok,outputs/shuttle_capability/controlled_capability/images/s2_pose_roll_only_9.jpg,16,20,479,479,471.0,469.0,487.0,489.0,16.0,20.0,17.889,16-24,roll_only,center,none,none,bg_001.jpg,315.0,3,0.31268760561943054,0.0,False,False,False,0.0,,False,,,0.0,0,3,1,0.5,5,
571,images/s2_pose_roll_only_10.jpg,fixed_core_test,SYNTHETIC_3D,ok,outputs/shuttle_capability/controlled_capability/images/s2_pose_roll_only_10.jpg,16,20,479,479,471.0,469.0,487.0,489.0,16.0,20.0,17.889,16-24,roll_only,center,none,none,bg_001.jpg,315.0,4,0.5047222375869751,0.0,False,False,False,0.0,,False,,,0.0,0,4,1,0.5,5,
572,images/s2_pose_roll_only_11.jpg,fixed_core_test,SYNTHETIC_3D,ok,outputs/shuttle_capability/controlled_capability/images/s2_pose_roll_only_11.jpg,16,20,479,479,471.0,469.0,487.0,489.0,16.0,20.0,17.889,16-24,roll_only,center,none,none,bg_001.jpg,315.0,2,0.12968452274799347,0.0,False,False,False,0.0,,False,,,0.0,0,2,1,0.5,5,
573,images/s2_pose_roll_only_12.jpg,fixed_core_test,SYNTHETIC_3D,ok,outputs/shuttle_capability/controlled_capability/images/s2_pose_roll_only_12.jpg,16,20,479,479,471.0,469.0,487.0,489.0,16.0,20.0,17.889,16-24,roll_only,center,none,none,bg_001.jpg,315.0,1,0.24685128033161163,0.0,False,False,False,0.0,,False,,,0.0,0,1,1,0.5,5,
574,images/s2_pose_roll_only_13.jpg,fixed_core_test,SYNTHETIC_3D,ok,outputs/shuttle_capability/controlled_capability/images/s2_pose_roll_only_13.jpg,16,20,479,479,471.0,469.0,487.0,489.0,16.0,20.0,17.889,16-24,roll_only,center,none,none,bg_001.jpg,315.0,0,,,False,False,False,0.0,,False,,,0.0,0,0,1,0.5,5,
575,images/s2_pose_roll_only_14.jpg,fixed_core_test,SYNTHETIC_3D,ok,outputs/shuttle_capability/controlled_capability/images/s2_pose_roll_only_14.jpg,16,20,479,479,471.0,469.0,487.0,489.0,16.0,20.0,17.889,16-24,roll_only,center,none,none,bg_001.jpg,315.0,1,0.1652102768421173,0.7220186610995774,True,True,False,0.8950290679931641,1.8533949790114472,True,1,0.1652102768421173,0.7220186610995774,1,0,0,0.5,5,
576,images/s2_pose_roll_only_15.jpg,fixed_core_test,SYNTHETIC_3D,ok,outputs/shuttle_capability/controlled_capability/images/s2_pose_roll_only_15.jpg,16,20,479,479,471.0,469.0,487.0,489.0,16.0,20.0,17.889,16-24,roll_only,center,none,none,bg_001.jpg,315.0,6,0.8785088062286377,0.0,False,True,False,0.508402057166677,1.0783758463358506,True,5,0.07399395108222961,0.508402057166677,1,5,0,0.5,5,
577,images/s2_pose_roll_only_16.jpg,fixed_core_test,SYNTHETIC_3D,ok,outputs/shuttle_capability/controlled_capability/images/s2_pose_roll_only_16.jpg,16,20,479,479,471.0,469.0,487.0,489.0,16.0,20.0,17.889,16-24,roll_only,center,none,none,bg_001.jpg,315.0,3,0.21826206147670746,0.0,False,False,False,0.0,,False,,,0.0,0,3,1,0.5,5,
578,images/s2_pose_roll_only_17.jpg,fixed_core_test,SYNTHETIC_3D,ok,outputs/shuttle_capability/controlled_capability/images/s2_pose_roll_only_17.jpg,16,20,479,479,471.0,469.0,487.0,489.0,16.0,20.0,17.889,16-24,roll_only,center,none,none,bg_001.jpg,315.0,0,,,False,False,False,0.0,,False,,,0.0,0,0,1,0.5,5,
579,images/s2_pose_roll_only_18.jpg,fixed_core_test,SYNTHETIC_3D,ok,outputs/shuttle_capability/controlled_capability/images/s2_pose_roll_only_18.jpg,16,20,479,479,471.0,469.0,487.0,489.0,16.0,20.0,17.889,16-24,roll_only,center,none,none,bg_001.jpg,315.0,0,,,False,False,False,0.0,,False,,,0.0,0,0,1,0.5,5,
580,images/s2_pose_roll_only_19.jpg,fixed_core_test,SYNTHETIC_3D,ok,outputs/shuttle_capability/controlled_capability/images/s2_pose_roll_only_19.jpg,16,20,479,479,471.0,469.0,487.0,489.0,16.0,20.0,17.889,16-24,roll_only,center,none,none,bg_001.jpg,315.0,1,0.13867734372615814,0.0,False,False,False,0.0,,False,,,0.0,0,1,1,0.5,5,
581,images/s2_pose_roll_only_20.jpg,fixed_core_test,SYNTHETIC_3D,ok,outputs/shuttle_capability/controlled_capability/images/s2_pose_roll_only_20.jpg,16,20,479,479,471.0,469.0,487.0,489.0,16.0,20.0,17.889,16-24,roll_only,center,none,none,bg_001.jpg,315.0,0,,,False,False,False,0.0,,False,,,0.0,0,0,1,0.5,5,
582,images/s2_pose_roll_only_21.jpg,fixed_core_test,SYNTHETIC_3D,ok,outputs/shuttle_capability/controlled_capability/images/s2_pose_roll_only_21.jpg,16,20,479,479,471.0,469.0,487.0,489.0,16.0,20.0,17.889,16-24,roll_only,center,none,none,bg_001.jpg,315.0,4,0.8712024688720703,0.0,False,False,False,0.0,,False,,,0.0,0,4,1,0.5,5,
583,images/s2_pose_roll_only_22.jpg,fixed_core_test,SYNTHETIC_3D,ok,outputs/shuttle_capability/controlled_capability/images/s2_pose_roll_only_22.jpg,16,20,479,479,471.0,469.0,487.0,489.0,16.0,20.0,17.889,16-24,roll_only,center,none,none,bg_001.jpg,315.0,0,,,False,False,False,0.0,,False,,,0.0,0,0,1,0.5,5,
584,images/s2_pose_roll_only_23.jpg,fixed_core_test,SYNTHETIC_3D,ok,outputs/shuttle_capability/controlled_capability/images/s2_pose_roll_only_23.jpg,16,20,479,479,471.0,469.0,487.0,489.0,16.0,20.0,17.889,16-24,roll_only,center,none,none,bg_001.jpg,315.0,3,0.3743184208869934,0.8619746781885624,True,True,False,0.8619746781885624,0.4699214414069759,True,1,0.3743184208869934,0.8619746781885624,1,2,0,0.5,5,
585,images/s2_pose_roll_only_24.jpg,fixed_core_test,SYNTHETIC_3D,ok,outputs/shuttle_capability/controlled_capability/images/s2_pose_roll_only_24.jpg,16,20,479,479,471.0,469.0,487.0,489.0,16.0,20.0,17.889,16-24,roll_only,center,none,none,bg_001.jpg,315.0,2,0.366654634475708,0.0,False,False,False,0.0,,False,,,0.0,0,2,1,0.5,5,
586,images/s2_pose_roll_only_25.jpg,fixed_core_test,SYNTHETIC_3D,ok,outputs/shuttle_capability/controlled_capability/images/s2_pose_roll_only_25.jpg,16,20,479,479,471.0,469.0,487.0,489.0,16.0,20.0,17.889,16-24,roll_only,center,none,none,bg_001.jpg,315.0,0,,,False,False,False,0.0,,False,,,0.0,0,0,1,0.5,5,
587,images/s2_pose_roll_only_26.jpg,fixed_core_test,SYNTHETIC_3D,ok,outputs/shuttle_capability/controlled_capability/images/s2_pose_roll_only_26.jpg,16,20,479,479,471.0,469.0,487.0,489.0,16.0,20.0,17.889,16-24,roll_only,center,none,none,bg_001.jpg,315.0,1,0.10879765450954437,0.0,False,False,False,0.0,,False,,,0.0,0,1,1,0.5,5,
588,images/s2_pose_roll_only_27.jpg,fixed_core_test,SYNTHETIC_3D,ok,outputs/shuttle_capability/controlled_capability/images/s2_pose_roll_only_27.jpg,16,20,479,479,471.0,469.0,487.0,489.0,16.0,20.0,17.889,16-24,roll_only,center,none,none,bg_001.jpg,315.0,1,0.09139049798250198,0.0,False,False,False,0.0,,False,,,0.0,0,1,1,0.5,5,
589,images/s2_pose_roll_only_28.jpg,fixed_core_test,SYNTHETIC_3D,ok,outputs/shuttle_capability/controlled_capability/images/s2_pose_roll_only_28.jpg,16,20,479,479,471.0,469.0,487.0,489.0,16.0,20.0,17.889,16-24,roll_only,center,none,none,bg_001.jpg,315.0,0,,,False,False,False,0.0,,False,,,0.0,0,0,1,0.5,5,
590,images/s2_pose_roll_only_29.jpg,fixed_core_test,SYNTHETIC_3D,ok,outputs/shuttle_capability/controlled_capability/images/s2_pose_roll_only_29.jpg,16,20,479,479,471.0,469.0,487.0,489.0,16.0,20.0,17.889,16-24,roll_only,center,none,none,bg_001.jpg,315.0,1,0.7580269575119019,0.8079159484521605,True,True,False,0.8557215525535866,1.4640429087827278,True,1,0.7580269575119019,0.8079159484521605,1,0,0,0.5,5,
591,images/s2_pose_roll_only_30.jpg,fixed_core_test,SYNTHETIC_3D,ok,outputs/shuttle_capability/controlled_capability/images/s2_pose_roll_only_30.jpg,16,20,479,479,471.0,469.0,487.0,489.0,16.0,20.0,17.889,16-24,roll_only,center,none,none,bg_001.jpg,315.0,1,0.1259736865758896,0.0,False,False,False,0.0,,False,,,0.0,0,1,1,0.5,5,
592,images/s2_pose_roll_only_31.jpg,fixed_core_test,SYNTHETIC_3D,ok,outputs/shuttle_capability/controlled_capability/images/s2_pose_roll_only_31.jpg,16,20,479,479,471.0,469.0,487.0,489.0,16.0,20.0,17.889,16-24,roll_only,center,none,none,bg_001.jpg,315.0,1,0.050763487815856934,0.0,False,False,False,0.0,,False,,,0.0,0,1,1,0.5,5,
593,images/s2_pose_roll_only_32.jpg,fixed_core_test,SYNTHETIC_3D,ok,outputs/shuttle_capability/controlled_capability/images/s2_pose_roll_only_32.jpg,16,20,479,479,471.0,469.0,487.0,489.0,16.0,20.0,17.889,16-24,roll_only,center,none,none,bg_001.jpg,315.0,1,0.19774869084358215,0.0,False,False,False,0.0,,False,,,0.0,0,1,1,0.5,5,
594,images/s2_pose_roll_only_33.jpg,fixed_core_test,SYNTHETIC_3D,ok,outputs/shuttle_capability/controlled_capability/images/s2_pose_roll_only_33.jpg,16,20,479,479,471.0,469.0,487.0,489.0,16.0,20.0,17.889,16-24,roll_only,center,none,none,bg_001.jpg,315.0,2,0.22308628261089325,0.0,False,False,False,0.0,,False,,,0.0,0,2,1,0.5,5,
595,images/s2_pose_roll_only_34.jpg,fixed_core_test,SYNTHETIC_3D,ok,outputs/shuttle_capability/controlled_capability/images/s2_pose_roll_only_34.jpg,16,20,479,479,471.0,469.0,487.0,489.0,16.0,20.0,17.889,16-24,roll_only,center,none,none,bg_001.jpg,315.0,2,0.08689835667610168,0.0,False,False,False,0.0,,False,,,0.0,0,2,1,0.5,5,
596,images/s2_pose_roll_only_35.jpg,fixed_core_test,SYNTHETIC_3D,ok,outputs/shuttle_capability/controlled_capability/images/s2_pose_roll_only_35.jpg,16,20,479,479,471.0,469.0,487.0,489.0,16.0,20.0,17.889,16-24,roll_only,center,none,none,bg_001.jpg,315.0,1,0.6560196280479431,0.7908630302029028,True,True,False,0.7913156081805937,1.1558383370117649,True,1,0.6560196280479431,0.7908630302029028,1,0,0,0.5,5,
597,images/s2_pose_roll_only_36.jpg,fixed_core_test,SYNTHETIC_3D,ok,outputs/shuttle_capability/controlled_capability/images/s2_pose_roll_only_36.jpg,16,20,479,479,471.0,469.0,487.0,489.0,16.0,20.0,17.889,16-24,roll_only,center,none,none,bg_001.jpg,315.0,3,0.07472848892211914,0.0,False,False,False,0.0,,False,,,0.0,0,3,1,0.5,5,
598,images/s2_pose_roll_only_37.jpg,fixed_core_test,SYNTHETIC_3D,ok,outputs/shuttle_capability/controlled_capability/images/s2_pose_roll_only_37.jpg,16,20,479,479,471.0,469.0,487.0,489.0,16.0,20.0,17.889,16-24,roll_only,center,none,none,bg_001.jpg,315.0,2,0.36590418219566345,0.0,False,False,False,0.0,,False,,,0.0,0,2,1,0.5,5,
599,images/s2_pose_roll_only_38.jpg,fixed_core_test,SYNTHETIC_3D,ok,outputs/shuttle_capability/controlled_capability/images/s2_pose_roll_only_38.jpg,16,20,479,479,471.0,469.0,487.0,489.0,16.0,20.0,17.889,16-24,roll_only,center,none,none,bg_001.jpg,315.0,1,0.624979555606842,0.0,False,False,False,0.0,,False,,,0.0,0,1,1,0.5,5,
600,images/s2_pose_roll_only_39.jpg,fixed_core_test,SYNTHETIC_3D,ok,outputs/shuttle_capability/controlled_capability/images/s2_pose_roll_only_39.jpg,16,20,479,479,471.0,469.0,487.0,489.0,16.0,20.0,17.889,16-24,roll_only,center,none,none,bg_001.jpg,315.0,2,0.2216559201478958,0.0,False,False,False,0.0,,False,,,0.0,0,2,1,0.5,5,
601,images/s2_pose_flight_rotation_0.jpg,fixed_core_test,SYNTHETIC_3D,ok,outputs/shuttle_capability/controlled_capability/images/s2_pose_flight_rotation_0.jpg,18,18,482,476,473.0,467.0,491.0,485.0,18.0,18.0,18.0,16-24,flight_rotation,center,none,none,bg_001.jpg,315.0,2,0.29765352606773376,0.0,False,False,False,0.0,,False,,,0.0,0,2,1,0.5,5,
602,images/s2_pose_flight_rotation_1.jpg,fixed_core_test,SYNTHETIC_3D,ok,outputs/shuttle_capability/controlled_capability/images/s2_pose_flight_rotation_1.jpg,18,19,482,477,473.0,467.5,491.0,486.5,18.0,19.0,18.493,16-24,flight_rotation,center,none,none,bg_001.jpg,315.0,3,0.716136634349823,0.0,False,False,False,0.0,,False,,,0.0,0,3,1,0.5,5,
603,images/s2_pose_flight_rotation_2.jpg,fixed_core_test,SYNTHETIC_3D,ok,outputs/shuttle_capability/controlled_capability/images/s2_pose_flight_rotation_2.jpg,18,19,482,477,473.0,467.5,491.0,486.5,18.0,19.0,18.493,16-24,flight_rotation,center,none,none,bg_001.jpg,315.0,0,,,False,False,False,0.0,,False,,,0.0,0,0,1,0.5,5,
604,images/s2_pose_flight_rotation_3.jpg,fixed_core_test,SYNTHETIC_3D,ok,outputs/shuttle_capability/controlled_capability/images/s2_pose_flight_rotation_3.jpg,17,18,482,476,473.5,467.0,490.5,485.0,17.0,18.0,17.493,16-24,flight_rotation,center,none,none,bg_001.jpg,315.0,1,0.12332803010940552,0.0,False,False,False,0.0,,False,,,0.0,0,1,1,0.5,5,
605,images/s2_pose_flight_rotation_4.jpg,fixed_core_test,SYNTHETIC_3D,ok,outputs/shuttle_capability/controlled_capability/images/s2_pose_flight_rotation_4.jpg,17,18,482,476,473.5,467.0,490.5,485.0,17.0,18.0,17.493,16-24,flight_rotation,center,none,none,bg_001.jpg,315.0,0,,,False,False,False,0.0,,False,,,0.0,0,0,1,0.5,5,
606,images/s2_pose_flight_rotation_5.jpg,fixed_core_test,SYNTHETIC_3D,ok,outputs/shuttle_capability/controlled_capability/images/s2_pose_flight_rotation_5.jpg,18,19,482,477,473.0,467.5,491.0,486.5,18.0,19.0,18.493,16-24,flight_rotation,center,none,none,bg_001.jpg,315.0,1,0.06063995137810707,0.0,False,False,False,0.0,,False,,,0.0,0,1,1,0.5,5,
607,images/s2_pose_flight_rotation_6.jpg,fixed_core_test,SYNTHETIC_3D,ok,outputs/shuttle_capability/controlled_capability/images/s2_pose_flight_rotation_6.jpg,18,18,482,476,473.0,467.0,491.0,485.0,18.0,18.0,18.0,16-24,flight_rotation,center,none,none,bg_001.jpg,315.0,2,0.6183107495307922,0.0,False,False,False,0.0,,False,,,0.0,0,2,1,0.5,5,
608,images/s2_pose_flight_rotation_7.jpg,fixed_core_test,SYNTHETIC_3D,ok,outputs/shuttle_capability/controlled_capability/images/s2_pose_flight_rotation_7.jpg,17,18,482,476,473.5,467.0,490.5,485.0,17.0,18.0,17.493,16-24,flight_rotation,center,none,none,bg_001.jpg,315.0,1,0.7981148958206177,0.0,False,False,False,0.0,,False,,,0.0,0,1,1,0.5,5,
609,images/s2_pose_flight_rotation_8.jpg,fixed_core_test,SYNTHETIC_3D,ok,outputs/shuttle_capability/controlled_capability/images/s2_pose_flight_rotation_8.jpg,18,18,482,476,473.0,467.0,491.0,485.0,18.0,18.0,18.0,16-24,flight_rotation,center,none,none,bg_001.jpg,315.0,1,0.07232610881328583,0.0,False,False,False,0.0,,False,,,0.0,0,1,1,0.5,5,
610,images/s2_pose_flight_rotation_9.jpg,fixed_core_test,SYNTHETIC_3D,ok,outputs/shuttle_capability/controlled_capability/images/s2_pose_flight_rotation_9.jpg,18,19,482,477,473.0,467.5,491.0,486.5,18.0,19.0,18.493,16-24,flight_rotation,center,none,none,bg_001.jpg,315.0,4,0.1967199146747589,0.0,False,False,False,0.0,,False,,,0.0,0,4,1,0.5,5,
611,images/s2_pose_flight_rotation_10.jpg,fixed_core_test,SYNTHETIC_3D,ok,outputs/shuttle_capability/controlled_capability/images/s2_pose_flight_rotation_10.jpg,18,19,482,477,473.0,467.5,491.0,486.5,18.0,19.0,18.493,16-24,flight_rotation,center,none,none,bg_001.jpg,315.0,5,0.43176889419555664,0.0,False,False,False,0.0,,False,,,0.0,0,5,1,0.5,5,
612,images/s2_pose_flight_rotation_11.jpg,fixed_core_test,SYNTHETIC_3D,ok,outputs/shuttle_capability/controlled_capability/images/s2_pose_flight_rotation_11.jpg,17,18,482,476,473.5,467.0,490.5,485.0,17.0,18.0,17.493,16-24,flight_rotation,center,none,none,bg_001.jpg,315.0,2,0.29087600111961365,0.0,False,False,False,0.0,,False,,,0.0,0,2,1,0.5,5,
613,images/s2_pose_flight_rotation_12.jpg,fixed_core_test,SYNTHETIC_3D,ok,outputs/shuttle_capability/controlled_capability/images/s2_pose_flight_rotation_12.jpg,17,18,482,476,473.5,467.0,490.5,485.0,17.0,18.0,17.493,16-24,flight_rotation,center,none,none,bg_001.jpg,315.0,1,0.13759389519691467,0.0,False,False,False,0.0,,False,,,0.0,0,1,1,0.5,5,
614,images/s2_pose_flight_rotation_13.jpg,fixed_core_test,SYNTHETIC_3D,ok,outputs/shuttle_capability/controlled_capability/images/s2_pose_flight_rotation_13.jpg,18,19,482,477,473.0,467.5,491.0,486.5,18.0,19.0,18.493,16-24,flight_rotation,center,none,none,bg_001.jpg,315.0,2,0.12402322888374329,0.7375655930434987,True,True,False,0.7707863022186603,2.3561225307227676,True,1,0.12402322888374329,0.7375655930434987,1,1,0,0.5,5,
615,images/s2_pose_flight_rotation_14.jpg,fixed_core_test,SYNTHETIC_3D,ok,outputs/shuttle_capability/controlled_capability/images/s2_pose_flight_rotation_14.jpg,18,18,482,476,473.0,467.0,491.0,485.0,18.0,18.0,18.0,16-24,flight_rotation,center,none,none,bg_001.jpg,315.0,1,0.5319083333015442,0.846358961440204,True,True,True,0.9124247233072916,0.2741642575175642,True,1,0.5319083333015442,0.846358961440204,1,0,0,0.5,5,
616,images/s2_pose_flight_rotation_15.jpg,fixed_core_test,SYNTHETIC_3D,ok,outputs/shuttle_capability/controlled_capability/images/s2_pose_flight_rotation_15.jpg,17,18,482,476,473.5,467.0,490.5,485.0,17.0,18.0,17.493,16-24,flight_rotation,center,none,none,bg_001.jpg,315.0,4,0.8759545683860779,0.0,False,False,False,0.0,,False,,,0.0,0,4,1,0.5,5,
617,images/s2_pose_flight_rotation_16.jpg,fixed_core_test,SYNTHETIC_3D,ok,outputs/shuttle_capability/controlled_capability/images/s2_pose_flight_rotation_16.jpg,18,18,482,476,473.0,467.0,491.0,485.0,18.0,18.0,18.0,16-24,flight_rotation,center,none,none,bg_001.jpg,315.0,2,0.13208048045635223,0.0,False,False,False,0.0,,False,,,0.0,0,2,1,0.5,5,
618,images/s2_pose_flight_rotation_17.jpg,fixed_core_test,SYNTHETIC_3D,ok,outputs/shuttle_capability/controlled_capability/images/s2_pose_flight_rotation_17.jpg,18,19,482,477,473.0,467.5,491.0,486.5,18.0,19.0,18.493,16-24,flight_rotation,center,none,none,bg_001.jpg,315.0,1,0.061387818306684494,0.0,False,False,False,0.0,,False,,,0.0,0,1,1,0.5,5,
619,images/s2_pose_flight_rotation_18.jpg,fixed_core_test,SYNTHETIC_3D,ok,outputs/shuttle_capability/controlled_capability/images/s2_pose_flight_rotation_18.jpg,18,19,482,477,473.0,467.5,491.0,486.5,18.0,19.0,18.493,16-24,flight_rotation,center,none,none,bg_001.jpg,315.0,1,0.06055513024330139,0.0,False,False,False,0.0,,False,,,0.0,0,1,1,0.5,5,
620,images/s2_pose_flight_rotation_19.jpg,fixed_core_test,SYNTHETIC_3D,ok,outputs/shuttle_capability/controlled_capability/images/s2_pose_flight_rotation_19.jpg,17,18,482,476,473.5,467.0,490.5,485.0,17.0,18.0,17.493,16-24,flight_rotation,center,none,none,bg_001.jpg,315.0,2,0.20916853845119476,0.0,False,False,False,0.0,,False,,,0.0,0,2,1,0.5,5,
621,images/s2_pose_flight_rotation_20.jpg,fixed_core_test,SYNTHETIC_3D,ok,outputs/shuttle_capability/controlled_capability/images/s2_pose_flight_rotation_20.jpg,17,18,482,476,473.5,467.0,490.5,485.0,17.0,18.0,17.493,16-24,flight_rotation,center,none,none,bg_001.jpg,315.0,0,,,False,False,False,0.0,,False,,,0.0,0,0,1,0.5,5,
622,images/s2_pose_flight_rotation_21.jpg,fixed_core_test,SYNTHETIC_3D,ok,outputs/shuttle_capability/controlled_capability/images/s2_pose_flight_rotation_21.jpg,18,19,482,477,473.0,467.5,491.0,486.5,18.0,19.0,18.493,16-24,flight_rotation,center,none,none,bg_001.jpg,315.0,5,0.8664612174034119,0.0,False,True,False,0.6189229626437289,3.1278871769849403,True,5,0.054450929164886475,0.6048125427997226,1,4,0,0.5,5,
623,images/s2_pose_flight_rotation_22.jpg,fixed_core_test,SYNTHETIC_3D,ok,outputs/shuttle_capability/controlled_capability/images/s2_pose_flight_rotation_22.jpg,18,18,482,476,473.0,467.0,491.0,485.0,18.0,18.0,18.0,16-24,flight_rotation,center,none,none,bg_001.jpg,315.0,0,,,False,False,False,0.0,,False,,,0.0,0,0,1,0.5,5,
624,images/s2_pose_flight_rotation_23.jpg,fixed_core_test,SYNTHETIC_3D,ok,outputs/shuttle_capability/controlled_capability/images/s2_pose_flight_rotation_23.jpg,17,18,482,476,473.5,467.0,490.5,485.0,17.0,18.0,17.493,16-24,flight_rotation,center,none,none,bg_001.jpg,315.0,4,0.7313876748085022,0.8064972076662793,True,True,False,0.8314263590556734,1.2567340688021986,True,1,0.7313876748085022,0.8064972076662793,1,3,0,0.5,5,
625,images/s2_pose_flight_rotation_24.jpg,fixed_core_test,SYNTHETIC_3D,ok,outputs/shuttle_capability/controlled_capability/images/s2_pose_flight_rotation_24.jpg,18,18,482,476,473.0,467.0,491.0,485.0,18.0,18.0,18.0,16-24,flight_rotation,center,none,none,bg_001.jpg,315.0,2,0.25654667615890503,0.0,False,False,False,0.0,,False,,,0.0,0,2,1,0.5,5,
626,images/s2_pose_flight_rotation_25.jpg,fixed_core_test,SYNTHETIC_3D,ok,outputs/shuttle_capability/controlled_capability/images/s2_pose_flight_rotation_25.jpg,18,19,482,477,473.0,467.5,491.0,486.5,18.0,19.0,18.493,16-24,flight_rotation,center,none,none,bg_001.jpg,315.0,0,,,False,False,False,0.0,,False,,,0.0,0,0,1,0.5,5,
627,images/s2_pose_flight_rotation_26.jpg,fixed_core_test,SYNTHETIC_3D,ok,outputs/shuttle_capability/controlled_capability/images/s2_pose_flight_rotation_26.jpg,18,19,482,477,473.0,467.5,491.0,486.5,18.0,19.0,18.493,16-24,flight_rotation,center,none,none,bg_001.jpg,315.0,1,0.0631566196680069,0.0,False,False,False,0.0,,False,,,0.0,0,1,1,0.5,5,
628,images/s2_pose_flight_rotation_27.jpg,fixed_core_test,SYNTHETIC_3D,ok,outputs/shuttle_capability/controlled_capability/images/s2_pose_flight_rotation_27.jpg,17,18,482,476,473.5,467.0,490.5,485.0,17.0,18.0,17.493,16-24,flight_rotation,center,none,none,bg_001.jpg,315.0,1,0.0732489675283432,0.0,False,False,False,0.0,,False,,,0.0,0,1,1,0.5,5,
629,images/s2_pose_flight_rotation_28.jpg,fixed_core_test,SYNTHETIC_3D,ok,outputs/shuttle_capability/controlled_capability/images/s2_pose_flight_rotation_28.jpg,17,18,482,476,473.5,467.0,490.5,485.0,17.0,18.0,17.493,16-24,flight_rotation,center,none,none,bg_001.jpg,315.0,1,0.07080791145563126,0.0,False,False,False,0.0,,False,,,0.0,0,1,1,0.5,5,
630,images/s2_pose_flight_rotation_29.jpg,fixed_core_test,SYNTHETIC_3D,ok,outputs/shuttle_capability/controlled_capability/images/s2_pose_flight_rotation_29.jpg,18,19,482,477,473.0,467.5,491.0,486.5,18.0,19.0,18.493,16-24,flight_rotation,center,none,none,bg_001.jpg,315.0,1,0.4301237463951111,0.7835350487577287,True,True,False,0.7835350487577287,1.49480058798775,True,1,0.4301237463951111,0.7835350487577287,1,0,0,0.5,5,
631,images/s2_pose_flight_rotation_30.jpg,fixed_core_test,SYNTHETIC_3D,ok,outputs/shuttle_capability/controlled_capability/images/s2_pose_flight_rotation_30.jpg,18,18,482,476,473.0,467.0,491.0,485.0,18.0,18.0,18.0,16-24,flight_rotation,center,none,none,bg_001.jpg,315.0,2,0.37261131405830383,0.5487793099796714,True,True,False,0.7107785373673211,4.235669679329381,True,1,0.37261131405830383,0.5487793099796714,1,1,0,0.5,5,
632,images/s2_pose_flight_rotation_31.jpg,fixed_core_test,SYNTHETIC_3D,ok,outputs/shuttle_capability/controlled_capability/images/s2_pose_flight_rotation_31.jpg,17,18,482,476,473.5,467.0,490.5,485.0,17.0,18.0,17.493,16-24,flight_rotation,center,none,none,bg_001.jpg,315.0,1,0.4967874586582184,0.8748203005422565,True,True,False,0.8748203005422565,0.6778740477856858,True,1,0.4967874586582184,0.8748203005422565,1,0,0,0.5,5,
633,images/s2_pose_flight_rotation_32.jpg,fixed_core_test,SYNTHETIC_3D,ok,outputs/shuttle_capability/controlled_capability/images/s2_pose_flight_rotation_32.jpg,18,18,482,476,473.0,467.0,491.0,485.0,18.0,18.0,18.0,16-24,flight_rotation,center,none,none,bg_001.jpg,315.0,0,,,False,False,False,0.0,,False,,,0.0,0,0,1,0.5,5,
634,images/s2_pose_flight_rotation_33.jpg,fixed_core_test,SYNTHETIC_3D,ok,outputs/shuttle_capability/controlled_capability/images/s2_pose_flight_rotation_33.jpg,18,19,482,477,473.0,467.5,491.0,486.5,18.0,19.0,18.493,16-24,flight_rotation,center,none,none,bg_001.jpg,315.0,1,0.23078598082065582,0.0,False,False,False,0.0,,False,,,0.0,0,1,1,0.5,5,
635,images/s2_pose_flight_rotation_34.jpg,fixed_core_test,SYNTHETIC_3D,ok,outputs/shuttle_capability/controlled_capability/images/s2_pose_flight_rotation_34.jpg,18,19,482,477,473.0,467.5,491.0,486.5,18.0,19.0,18.493,16-24,flight_rotation,center,none,none,bg_001.jpg,315.0,1,0.05068643391132355,0.0,False,False,False,0.0,,False,,,0.0,0,1,1,0.5,5,
636,images/s2_pose_flight_rotation_35.jpg,fixed_core_test,SYNTHETIC_3D,ok,outputs/shuttle_capability/controlled_capability/images/s2_pose_flight_rotation_35.jpg,17,18,482,476,473.5,467.0,490.5,485.0,17.0,18.0,17.493,16-24,flight_rotation,center,none,none,bg_001.jpg,315.0,2,0.5872173309326172,0.7788372273443718,True,True,False,0.8457695724430427,1.851614603283299,True,1,0.5872173309326172,0.7788372273443718,1,1,0,0.5,5,
637,images/s2_pose_flight_rotation_36.jpg,fixed_core_test,SYNTHETIC_3D,ok,outputs/shuttle_capability/controlled_capability/images/s2_pose_flight_rotation_36.jpg,17,18,482,476,473.5,467.0,490.5,485.0,17.0,18.0,17.493,16-24,flight_rotation,center,none,none,bg_001.jpg,315.0,2,0.13066518306732178,0.0,False,False,False,0.0,,False,,,0.0,0,2,1,0.5,5,
638,images/s2_pose_flight_rotation_37.jpg,fixed_core_test,SYNTHETIC_3D,ok,outputs/shuttle_capability/controlled_capability/images/s2_pose_flight_rotation_37.jpg,18,19,482,477,473.0,467.5,491.0,486.5,18.0,19.0,18.493,16-24,flight_rotation,center,none,none,bg_001.jpg,315.0,3,0.28270208835601807,0.0,False,False,False,0.0,,False,,,0.0,0,3,1,0.5,5,
639,images/s2_pose_flight_rotation_38.jpg,fixed_core_test,SYNTHETIC_3D,ok,outputs/shuttle_capability/controlled_capability/images/s2_pose_flight_rotation_38.jpg,18,18,482,476,473.0,467.0,491.0,485.0,18.0,18.0,18.0,16-24,flight_rotation,center,none,none,bg_001.jpg,315.0,1,0.790505051612854,0.0,False,False,False,0.0,,False,,,0.0,0,1,1,0.5,5,
640,images/s2_pose_flight_rotation_39.jpg,fixed_core_test,SYNTHETIC_3D,ok,outputs/shuttle_capability/controlled_capability/images/s2_pose_flight_rotation_39.jpg,17,18,482,476,473.5,467.0,490.5,485.0,17.0,18.0,17.493,16-24,flight_rotation,center,none,none,bg_001.jpg,315.0,4,0.19506338238716125,0.0,False,False,False,0.0,,False,,,0.0,0,4,1,0.5,5,
641,images/s3_position_center_0.jpg,fixed_core_test,SYNTHETIC_3D,ok,outputs/shuttle_capability/controlled_capability/images/s3_position_center_0.jpg,18,18,481,477,472.0,468.0,490.0,486.0,18.0,18.0,18.0,16-24,pinned_oblique,center,none,none,bg_001.jpg,315.0,3,0.4252685606479645,0.0,False,False,False,0.0,,False,,,0.0,0,3,1,0.5,5,
642,images/s3_position_center_1.jpg,fixed_core_test,SYNTHETIC_3D,ok,outputs/shuttle_capability/controlled_capability/images/s3_position_center_1.jpg,18,18,481,477,472.0,468.0,490.0,486.0,18.0,18.0,18.0,16-24,pinned_oblique,center,none,none,bg_001.jpg,315.0,4,0.8386127948760986,0.6949316959495261,True,True,False,0.7762074452008546,2.356305204764226,True,1,0.8386127948760986,0.6949316959495261,1,3,0,0.5,5,
643,images/s3_position_center_2.jpg,fixed_core_test,SYNTHETIC_3D,ok,outputs/shuttle_capability/controlled_capability/images/s3_position_center_2.jpg,18,18,481,477,472.0,468.0,490.0,486.0,18.0,18.0,18.0,16-24,pinned_oblique,center,none,none,bg_001.jpg,315.0,1,0.10754735767841339,0.0,False,False,False,0.0,,False,,,0.0,0,1,1,0.5,5,
644,images/s3_position_center_3.jpg,fixed_core_test,SYNTHETIC_3D,ok,outputs/shuttle_capability/controlled_capability/images/s3_position_center_3.jpg,18,18,481,477,472.0,468.0,490.0,486.0,18.0,18.0,18.0,16-24,pinned_oblique,center,none,none,bg_001.jpg,315.0,1,0.8149080276489258,0.6838690054660221,True,True,False,0.751636701601523,2.3996911967888397,True,1,0.8149080276489258,0.6838690054660221,1,0,0,0.5,5,
645,images/s3_position_center_4.jpg,fixed_core_test,SYNTHETIC_3D,ok,outputs/shuttle_capability/controlled_capability/images/s3_position_center_4.jpg,18,18,481,477,472.0,468.0,490.0,486.0,18.0,18.0,18.0,16-24,pinned_oblique,center,none,none,bg_001.jpg,315.0,1,0.05243056267499924,0.0,False,False,False,0.0,,False,,,0.0,0,1,1,0.5,5,
646,images/s3_position_center_5.jpg,fixed_core_test,SYNTHETIC_3D,ok,outputs/shuttle_capability/controlled_capability/images/s3_position_center_5.jpg,18,18,481,477,472.0,468.0,490.0,486.0,18.0,18.0,18.0,16-24,pinned_oblique,center,none,none,bg_001.jpg,315.0,2,0.8534545302391052,0.6745100393374323,True,True,False,0.7668781491013726,2.6662373017453804,True,1,0.8534545302391052,0.6745100393374323,1,1,0,0.5,5,
647,images/s3_position_center_6.jpg,fixed_core_test,SYNTHETIC_3D,ok,outputs/shuttle_capability/controlled_capability/images/s3_position_center_6.jpg,18,18,481,477,472.0,468.0,490.0,486.0,18.0,18.0,18.0,16-24,pinned_oblique,center,none,none,bg_001.jpg,315.0,2,0.55632483959198,0.795966444537398,True,True,False,0.8116070942746269,1.3998878060455209,True,1,0.55632483959198,0.795966444537398,1,1,0,0.5,5,
648,images/s3_position_center_7.jpg,fixed_core_test,SYNTHETIC_3D,ok,outputs/shuttle_capability/controlled_capability/images/s3_position_center_7.jpg,18,18,481,477,472.0,468.0,490.0,486.0,18.0,18.0,18.0,16-24,pinned_oblique,center,none,none,bg_001.jpg,315.0,3,0.7166597843170166,0.0,False,False,False,0.45744364708662033,,False,,,0.45034796352984535,0,3,1,0.5,5,
649,images/s3_position_center_8.jpg,fixed_core_test,SYNTHETIC_3D,ok,outputs/shuttle_capability/controlled_capability/images/s3_position_center_8.jpg,18,18,481,477,472.0,468.0,490.0,486.0,18.0,18.0,18.0,16-24,pinned_oblique,center,none,none,bg_001.jpg,315.0,0,,,False,False,False,0.0,,False,,,0.0,0,0,1,0.5,5,
650,images/s3_position_center_9.jpg,fixed_core_test,SYNTHETIC_3D,ok,outputs/shuttle_capability/controlled_capability/images/s3_position_center_9.jpg,18,18,481,477,472.0,468.0,490.0,486.0,18.0,18.0,18.0,16-24,pinned_oblique,center,none,none,bg_001.jpg,315.0,0,,,False,False,False,0.0,,False,,,0.0,0,0,1,0.5,5,
651,images/s3_position_center_10.jpg,fixed_core_test,SYNTHETIC_3D,ok,outputs/shuttle_capability/controlled_capability/images/s3_position_center_10.jpg,18,18,481,477,472.0,468.0,490.0,486.0,18.0,18.0,18.0,16-24,pinned_oblique,center,none,none,bg_001.jpg,315.0,1,0.18977420032024384,0.0,False,False,False,0.0,,False,,,0.0,0,1,1,0.5,5,
652,images/s3_position_center_11.jpg,fixed_core_test,SYNTHETIC_3D,ok,outputs/shuttle_capability/controlled_capability/images/s3_position_center_11.jpg,18,18,481,477,472.0,468.0,490.0,486.0,18.0,18.0,18.0,16-24,pinned_oblique,center,none,none,bg_001.jpg,315.0,2,0.11544979363679886,0.0,False,False,False,0.0,,False,,,0.0,0,2,1,0.5,5,
653,images/s3_position_center_12.jpg,fixed_core_test,SYNTHETIC_3D,ok,outputs/shuttle_capability/controlled_capability/images/s3_position_center_12.jpg,18,18,481,477,472.0,468.0,490.0,486.0,18.0,18.0,18.0,16-24,pinned_oblique,center,none,none,bg_001.jpg,315.0,1,0.33890995383262634,0.5328635665119839,True,True,False,0.5628673266619444,3.1901506841116056,True,1,0.33890995383262634,0.5328635665119839,1,0,0,0.5,5,
654,images/s3_position_center_13.jpg,fixed_core_test,SYNTHETIC_3D,ok,outputs/shuttle_capability/controlled_capability/images/s3_position_center_13.jpg,18,18,481,477,472.0,468.0,490.0,486.0,18.0,18.0,18.0,16-24,pinned_oblique,center,none,none,bg_001.jpg,315.0,0,,,False,False,False,0.0,,False,,,0.0,0,0,1,0.5,5,
655,images/s3_position_center_14.jpg,fixed_core_test,SYNTHETIC_3D,ok,outputs/shuttle_capability/controlled_capability/images/s3_position_center_14.jpg,18,18,481,477,472.0,468.0,490.0,486.0,18.0,18.0,18.0,16-24,pinned_oblique,center,none,none,bg_001.jpg,315.0,0,,,False,False,False,0.0,,False,,,0.0,0,0,1,0.5,5,
656,images/s3_position_center_15.jpg,fixed_core_test,SYNTHETIC_3D,ok,outputs/shuttle_capability/controlled_capability/images/s3_position_center_15.jpg,18,18,481,477,472.0,468.0,490.0,486.0,18.0,18.0,18.0,16-24,pinned_oblique,center,none,none,bg_001.jpg,315.0,3,0.0947859063744545,0.0,False,False,False,0.0,,False,,,0.0,0,3,1,0.5,5,
657,images/s3_position_center_16.jpg,fixed_core_test,SYNTHETIC_3D,ok,outputs/shuttle_capability/controlled_capability/images/s3_position_center_16.jpg,18,18,481,477,472.0,468.0,490.0,486.0,18.0,18.0,18.0,16-24,pinned_oblique,center,none,none,bg_001.jpg,315.0,1,0.23630137741565704,0.0,False,False,False,0.0,,False,,,0.0,0,1,1,0.5,5,
658,images/s3_position_center_17.jpg,fixed_core_test,SYNTHETIC_3D,ok,outputs/shuttle_capability/controlled_capability/images/s3_position_center_17.jpg,18,18,481,477,472.0,468.0,490.0,486.0,18.0,18.0,18.0,16-24,pinned_oblique,center,none,none,bg_001.jpg,315.0,0,,,False,False,False,0.0,,False,,,0.0,0,0,1,0.5,5,
659,images/s3_position_center_18.jpg,fixed_core_test,SYNTHETIC_3D,ok,outputs/shuttle_capability/controlled_capability/images/s3_position_center_18.jpg,18,18,481,477,472.0,468.0,490.0,486.0,18.0,18.0,18.0,16-24,pinned_oblique,center,none,none,bg_001.jpg,315.0,2,0.2273676097393036,0.0,False,False,False,0.0,,False,,,0.0,0,2,1,0.5,5,
660,images/s3_position_center_19.jpg,fixed_core_test,SYNTHETIC_3D,ok,outputs/shuttle_capability/controlled_capability/images/s3_position_center_19.jpg,18,18,481,477,472.0,468.0,490.0,486.0,18.0,18.0,18.0,16-24,pinned_oblique,center,none,none,bg_001.jpg,315.0,2,0.23015528917312622,0.0,False,False,False,0.0,,False,,,0.0,0,2,1,0.5,5,
661,images/s3_position_center_20.jpg,fixed_core_test,SYNTHETIC_3D,ok,outputs/shuttle_capability/controlled_capability/images/s3_position_center_20.jpg,18,18,481,477,472.0,468.0,490.0,486.0,18.0,18.0,18.0,16-24,pinned_oblique,center,none,none,bg_001.jpg,315.0,2,0.24528804421424866,0.0,False,False,False,0.0,,False,,,0.0,0,2,1,0.5,5,
662,images/s3_position_center_21.jpg,fixed_core_test,SYNTHETIC_3D,ok,outputs/shuttle_capability/controlled_capability/images/s3_position_center_21.jpg,18,18,481,477,472.0,468.0,490.0,486.0,18.0,18.0,18.0,16-24,pinned_oblique,center,none,none,bg_001.jpg,315.0,2,0.08181754499673843,0.0,False,False,False,0.0,,False,,,0.0,0,2,1,0.5,5,
663,images/s3_position_center_22.jpg,fixed_core_test,SYNTHETIC_3D,ok,outputs/shuttle_capability/controlled_capability/images/s3_position_center_22.jpg,18,18,481,477,472.0,468.0,490.0,486.0,18.0,18.0,18.0,16-24,pinned_oblique,center,none,none,bg_001.jpg,315.0,3,0.49441227316856384,0.0,False,True,False,0.8079665391533463,1.8391864077142241,True,2,0.44826915860176086,0.7524438890439468,1,2,0,0.5,5,
664,images/s3_position_center_23.jpg,fixed_core_test,SYNTHETIC_3D,ok,outputs/shuttle_capability/controlled_capability/images/s3_position_center_23.jpg,18,18,481,477,472.0,468.0,490.0,486.0,18.0,18.0,18.0,16-24,pinned_oblique,center,none,none,bg_001.jpg,315.0,0,,,False,False,False,0.0,,False,,,0.0,0,0,1,0.5,5,
665,images/s3_position_center_24.jpg,fixed_core_test,SYNTHETIC_3D,ok,outputs/shuttle_capability/controlled_capability/images/s3_position_center_24.jpg,18,18,481,477,472.0,468.0,490.0,486.0,18.0,18.0,18.0,16-24,pinned_oblique,center,none,none,bg_001.jpg,315.0,1,0.5983431935310364,0.0,False,False,False,0.0,,False,,,0.0,0,1,1,0.5,5,
666,images/s3_position_center_25.jpg,fixed_core_test,SYNTHETIC_3D,ok,outputs/shuttle_capability/controlled_capability/images/s3_position_center_25.jpg,18,18,481,477,472.0,468.0,490.0,486.0,18.0,18.0,18.0,16-24,pinned_oblique,center,none,none,bg_001.jpg,315.0,0,,,False,False,False,0.0,,False,,,0.0,0,0,1,0.5,5,
667,images/s3_position_center_26.jpg,fixed_core_test,SYNTHETIC_3D,ok,outputs/shuttle_capability/controlled_capability/images/s3_position_center_26.jpg,18,18,481,477,472.0,468.0,490.0,486.0,18.0,18.0,18.0,16-24,pinned_oblique,center,none,none,bg_001.jpg,315.0,4,0.1464754343032837,0.0,False,False,False,0.0,,False,,,0.0,0,4,1,0.5,5,
668,images/s3_position_center_27.jpg,fixed_core_test,SYNTHETIC_3D,ok,outputs/shuttle_capability/controlled_capability/images/s3_position_center_27.jpg,18,18,481,477,472.0,468.0,490.0,486.0,18.0,18.0,18.0,16-24,pinned_oblique,center,none,none,bg_001.jpg,315.0,1,0.8096630573272705,0.0,False,False,False,0.0,,False,,,0.0,0,1,1,0.5,5,
669,images/s3_position_center_28.jpg,fixed_core_test,SYNTHETIC_3D,ok,outputs/shuttle_capability/controlled_capability/images/s3_position_center_28.jpg,18,18,481,477,472.0,468.0,490.0,486.0,18.0,18.0,18.0,16-24,pinned_oblique,center,none,none,bg_001.jpg,315.0,0,,,False,False,False,0.0,,False,,,0.0,0,0,1,0.5,5,
670,images/s3_position_center_29.jpg,fixed_core_test,SYNTHETIC_3D,ok,outputs/shuttle_capability/controlled_capability/images/s3_position_center_29.jpg,18,18,481,477,472.0,468.0,490.0,486.0,18.0,18.0,18.0,16-24,pinned_oblique,center,none,none,bg_001.jpg,315.0,2,0.7911806702613831,0.7379899290081429,True,True,False,0.7520596933447652,1.6237289255714986,True,1,0.7911806702613831,0.7379899290081429,1,1,0,0.5,5,
671,images/s3_position_center_30.jpg,fixed_core_test,SYNTHETIC_3D,ok,outputs/shuttle_capability/controlled_capability/images/s3_position_center_30.jpg,18,18,481,477,472.0,468.0,490.0,486.0,18.0,18.0,18.0,16-24,pinned_oblique,center,none,none,bg_001.jpg,315.0,0,,,False,False,False,0.0,,False,,,0.0,0,0,1,0.5,5,
672,images/s3_position_center_31.jpg,fixed_core_test,SYNTHETIC_3D,ok,outputs/shuttle_capability/controlled_capability/images/s3_position_center_31.jpg,18,18,481,477,472.0,468.0,490.0,486.0,18.0,18.0,18.0,16-24,pinned_oblique,center,none,none,bg_001.jpg,315.0,3,0.1937917172908783,0.0,False,False,False,0.0,,False,,,0.0,0,3,1,0.5,5,
673,images/s3_position_center_32.jpg,fixed_core_test,SYNTHETIC_3D,ok,outputs/shuttle_capability/controlled_capability/images/s3_position_center_32.jpg,18,18,481,477,472.0,468.0,490.0,486.0,18.0,18.0,18.0,16-24,pinned_oblique,center,none,none,bg_001.jpg,315.0,0,,,False,False,False,0.0,,False,,,0.0,0,0,1,0.5,5,
674,images/s3_position_center_33.jpg,fixed_core_test,SYNTHETIC_3D,ok,outputs/shuttle_capability/controlled_capability/images/s3_position_center_33.jpg,18,18,481,477,472.0,468.0,490.0,486.0,18.0,18.0,18.0,16-24,pinned_oblique,center,none,none,bg_001.jpg,315.0,1,0.1495445817708969,0.0,False,False,False,0.0,,False,,,0.0,0,1,1,0.5,5,
675,images/s3_position_center_34.jpg,fixed_core_test,SYNTHETIC_3D,ok,outputs/shuttle_capability/controlled_capability/images/s3_position_center_34.jpg,18,18,481,477,472.0,468.0,490.0,486.0,18.0,18.0,18.0,16-24,pinned_oblique,center,none,none,bg_001.jpg,315.0,5,0.1389695554971695,0.0,False,False,False,0.0,,False,,,0.0,0,5,1,0.5,5,
676,images/s3_position_center_35.jpg,fixed_core_test,SYNTHETIC_3D,ok,outputs/shuttle_capability/controlled_capability/images/s3_position_center_35.jpg,18,18,481,477,472.0,468.0,490.0,486.0,18.0,18.0,18.0,16-24,pinned_oblique,center,none,none,bg_001.jpg,315.0,4,0.6471596956253052,0.6601820797985319,True,True,False,0.7719404881613122,2.969845044056539,True,1,0.6471596956253052,0.6601820797985319,1,3,0,0.5,5,
677,images/s3_position_center_36.jpg,fixed_core_test,SYNTHETIC_3D,ok,outputs/shuttle_capability/controlled_capability/images/s3_position_center_36.jpg,18,18,481,477,472.0,468.0,490.0,486.0,18.0,18.0,18.0,16-24,pinned_oblique,center,none,none,bg_001.jpg,315.0,0,,,False,False,False,0.0,,False,,,0.0,0,0,1,0.5,5,
678,images/s3_position_center_37.jpg,fixed_core_test,SYNTHETIC_3D,ok,outputs/shuttle_capability/controlled_capability/images/s3_position_center_37.jpg,18,18,481,477,472.0,468.0,490.0,486.0,18.0,18.0,18.0,16-24,pinned_oblique,center,none,none,bg_001.jpg,315.0,2,0.6938984990119934,0.713257048732427,True,True,False,0.7297990202075906,1.5528849466510737,True,1,0.6938984990119934,0.713257048732427,1,1,0,0.5,5,
679,images/s3_position_center_38.jpg,fixed_core_test,SYNTHETIC_3D,ok,outputs/shuttle_capability/controlled_capability/images/s3_position_center_38.jpg,18,18,481,477,472.0,468.0,490.0,486.0,18.0,18.0,18.0,16-24,pinned_oblique,center,none,none,bg_001.jpg,315.0,2,0.2037903219461441,0.0,False,False,False,0.0,,False,,,0.0,0,2,1,0.5,5,
680,images/s3_position_center_39.jpg,fixed_core_test,SYNTHETIC_3D,ok,outputs/shuttle_capability/controlled_capability/images/s3_position_center_39.jpg,18,18,481,477,472.0,468.0,490.0,486.0,18.0,18.0,18.0,16-24,pinned_oblique,center,none,none,bg_001.jpg,315.0,1,0.2850109338760376,0.0,False,False,False,0.0,,False,,,0.0,0,1,1,0.5,5,
681,images/s3_position_left_0.jpg,fixed_core_test,SYNTHETIC_3D,ok,outputs/shuttle_capability/controlled_capability/images/s3_position_left_0.jpg,20,17,212,477,202.0,468.5,222.0,485.5,20.0,17.0,18.439,16-24,pinned_oblique,left,none,none,bg_001.jpg,315.0,4,0.47821760177612305,0.0,False,False,False,0.0,,False,,,0.0,0,4,1,0.5,5,
682,images/s3_position_left_1.jpg,fixed_core_test,SYNTHETIC_3D,ok,outputs/shuttle_capability/controlled_capability/images/s3_position_left_1.jpg,20,17,212,477,202.0,468.5,222.0,485.5,20.0,17.0,18.439,16-24,pinned_oblique,left,none,none,bg_001.jpg,315.0,1,0.05963049456477165,0.0,False,False,False,0.0,,False,,,0.0,0,1,1,0.5,5,
683,images/s3_position_left_2.jpg,fixed_core_test,SYNTHETIC_3D,ok,outputs/shuttle_capability/controlled_capability/images/s3_position_left_2.jpg,20,17,212,477,202.0,468.5,222.0,485.5,20.0,17.0,18.439,16-24,pinned_oblique,left,none,none,bg_001.jpg,315.0,1,0.08937780559062958,0.0,False,False,False,0.0,,False,,,0.0,0,1,1,0.5,5,
684,images/s3_position_left_3.jpg,fixed_core_test,SYNTHETIC_3D,ok,outputs/shuttle_capability/controlled_capability/images/s3_position_left_3.jpg,20,17,212,477,202.0,468.5,222.0,485.5,20.0,17.0,18.439,16-24,pinned_oblique,left,none,none,bg_001.jpg,315.0,1,0.08971856534481049,0.0,False,False,False,0.0,,False,,,0.0,0,1,1,0.5,5,
685,images/s3_position_left_4.jpg,fixed_core_test,SYNTHETIC_3D,ok,outputs/shuttle_capability/controlled_capability/images/s3_position_left_4.jpg,20,17,212,477,202.0,468.5,222.0,485.5,20.0,17.0,18.439,16-24,pinned_oblique,left,none,none,bg_001.jpg,315.0,1,0.05127805471420288,0.0,False,False,False,0.0,,False,,,0.0,0,1,1,0.5,5,
686,images/s3_position_left_5.jpg,fixed_core_test,SYNTHETIC_3D,ok,outputs/shuttle_capability/controlled_capability/images/s3_position_left_5.jpg,20,17,212,477,202.0,468.5,222.0,485.5,20.0,17.0,18.439,16-24,pinned_oblique,left,none,none,bg_001.jpg,315.0,2,0.08300881087779999,0.0,False,False,False,0.0,,False,,,0.0,0,2,1,0.5,5,
687,images/s3_position_left_6.jpg,fixed_core_test,SYNTHETIC_3D,ok,outputs/shuttle_capability/controlled_capability/images/s3_position_left_6.jpg,20,17,212,477,202.0,468.5,222.0,485.5,20.0,17.0,18.439,16-24,pinned_oblique,left,none,none,bg_001.jpg,315.0,1,0.0650908574461937,0.0,False,False,False,0.0,,False,,,0.0,0,1,1,0.5,5,
688,images/s3_position_left_7.jpg,fixed_core_test,SYNTHETIC_3D,ok,outputs/shuttle_capability/controlled_capability/images/s3_position_left_7.jpg,20,17,212,477,202.0,468.5,222.0,485.5,20.0,17.0,18.439,16-24,pinned_oblique,left,none,none,bg_001.jpg,315.0,3,0.5983933210372925,0.0,False,False,False,0.23531170506030322,,False,,,0.22813489348081628,0,3,1,0.5,5,
689,images/s3_position_left_8.jpg,fixed_core_test,SYNTHETIC_3D,ok,outputs/shuttle_capability/controlled_capability/images/s3_position_left_8.jpg,20,17,212,477,202.0,468.5,222.0,485.5,20.0,17.0,18.439,16-24,pinned_oblique,left,none,none,bg_001.jpg,315.0,1,0.057875145226716995,0.0,False,False,False,0.0,,False,,,0.0,0,1,1,0.5,5,
690,images/s3_position_left_9.jpg,fixed_core_test,SYNTHETIC_3D,ok,outputs/shuttle_capability/controlled_capability/images/s3_position_left_9.jpg,20,17,212,477,202.0,468.5,222.0,485.5,20.0,17.0,18.439,16-24,pinned_oblique,left,none,none,bg_001.jpg,315.0,1,0.05478869006037712,0.0,False,False,False,0.0,,False,,,0.0,0,1,1,0.5,5,
691,images/s3_position_left_10.jpg,fixed_core_test,SYNTHETIC_3D,ok,outputs/shuttle_capability/controlled_capability/images/s3_position_left_10.jpg,20,17,212,477,202.0,468.5,222.0,485.5,20.0,17.0,18.439,16-24,pinned_oblique,left,none,none,bg_001.jpg,315.0,1,0.08011774718761444,0.0,False,False,False,0.0,,False,,,0.0,0,1,1,0.5,5,
692,images/s3_position_left_11.jpg,fixed_core_test,SYNTHETIC_3D,ok,outputs/shuttle_capability/controlled_capability/images/s3_position_left_11.jpg,20,17,212,477,202.0,468.5,222.0,485.5,20.0,17.0,18.439,16-24,pinned_oblique,left,none,none,bg_001.jpg,315.0,2,0.10721644759178162,0.0,False,False,False,0.0,,False,,,0.0,0,2,1,0.5,5,
693,images/s3_position_left_12.jpg,fixed_core_test,SYNTHETIC_3D,ok,outputs/shuttle_capability/controlled_capability/images/s3_position_left_12.jpg,20,17,212,477,202.0,468.5,222.0,485.5,20.0,17.0,18.439,16-24,pinned_oblique,left,none,none,bg_001.jpg,315.0,0,,,False,False,False,0.0,,False,,,0.0,0,0,1,0.5,5,
694,images/s3_position_left_13.jpg,fixed_core_test,SYNTHETIC_3D,ok,outputs/shuttle_capability/controlled_capability/images/s3_position_left_13.jpg,20,17,212,477,202.0,468.5,222.0,485.5,20.0,17.0,18.439,16-24,pinned_oblique,left,none,none,bg_001.jpg,315.0,1,0.061280447989702225,0.0,False,False,False,0.0,,False,,,0.0,0,1,1,0.5,5,
695,images/s3_position_left_14.jpg,fixed_core_test,SYNTHETIC_3D,ok,outputs/shuttle_capability/controlled_capability/images/s3_position_left_14.jpg,20,17,212,477,202.0,468.5,222.0,485.5,20.0,17.0,18.439,16-24,pinned_oblique,left,none,none,bg_001.jpg,315.0,0,,,False,False,False,0.0,,False,,,0.0,0,0,1,0.5,5,
696,images/s3_position_left_15.jpg,fixed_core_test,SYNTHETIC_3D,ok,outputs/shuttle_capability/controlled_capability/images/s3_position_left_15.jpg,20,17,212,477,202.0,468.5,222.0,485.5,20.0,17.0,18.439,16-24,pinned_oblique,left,none,none,bg_001.jpg,315.0,6,0.23740342259407043,0.0,False,False,False,0.0,,False,,,0.0,0,6,1,0.5,5,
697,images/s3_position_left_16.jpg,fixed_core_test,SYNTHETIC_3D,ok,outputs/shuttle_capability/controlled_capability/images/s3_position_left_16.jpg,20,17,212,477,202.0,468.5,222.0,485.5,20.0,17.0,18.439,16-24,pinned_oblique,left,none,none,bg_001.jpg,315.0,3,0.23798489570617676,0.0,False,False,False,0.0,,False,,,0.0,0,3,1,0.5,5,
698,images/s3_position_left_17.jpg,fixed_core_test,SYNTHETIC_3D,ok,outputs/shuttle_capability/controlled_capability/images/s3_position_left_17.jpg,20,17,212,477,202.0,468.5,222.0,485.5,20.0,17.0,18.439,16-24,pinned_oblique,left,none,none,bg_001.jpg,315.0,1,0.12141706794500351,0.0,False,False,False,0.0,,False,,,0.0,0,1,1,0.5,5,
699,images/s3_position_left_18.jpg,fixed_core_test,SYNTHETIC_3D,ok,outputs/shuttle_capability/controlled_capability/images/s3_position_left_18.jpg,20,17,212,477,202.0,468.5,222.0,485.5,20.0,17.0,18.439,16-24,pinned_oblique,left,none,none,bg_001.jpg,315.0,2,0.2987836003303528,0.0,False,False,False,0.0,,False,,,0.0,0,2,1,0.5,5,
700,images/s3_position_left_19.jpg,fixed_core_test,SYNTHETIC_3D,ok,outputs/shuttle_capability/controlled_capability/images/s3_position_left_19.jpg,20,17,212,477,202.0,468.5,222.0,485.5,20.0,17.0,18.439,16-24,pinned_oblique,left,none,none,bg_001.jpg,315.0,4,0.1456952691078186,0.0,False,False,False,0.0,,False,,,0.0,0,4,1,0.5,5,
701,images/s3_position_left_20.jpg,fixed_core_test,SYNTHETIC_3D,ok,outputs/shuttle_capability/controlled_capability/images/s3_position_left_20.jpg,20,17,212,477,202.0,468.5,222.0,485.5,20.0,17.0,18.439,16-24,pinned_oblique,left,none,none,bg_001.jpg,315.0,1,0.14854387938976288,0.0,False,False,False,0.0,,False,,,0.0,0,1,1,0.5,5,
702,images/s3_position_left_21.jpg,fixed_core_test,SYNTHETIC_3D,ok,outputs/shuttle_capability/controlled_capability/images/s3_position_left_21.jpg,20,17,212,477,202.0,468.5,222.0,485.5,20.0,17.0,18.439,16-24,pinned_oblique,left,none,none,bg_001.jpg,315.0,1,0.1093805655837059,0.0,False,False,False,0.0,,False,,,0.0,0,1,1,0.5,5,
703,images/s3_position_left_22.jpg,fixed_core_test,SYNTHETIC_3D,ok,outputs/shuttle_capability/controlled_capability/images/s3_position_left_22.jpg,20,17,212,477,202.0,468.5,222.0,485.5,20.0,17.0,18.439,16-24,pinned_oblique,left,none,none,bg_001.jpg,315.0,2,0.16382551193237305,0.0,False,False,False,0.0,,False,,,0.0,0,2,1,0.5,5,
704,images/s3_position_left_23.jpg,fixed_core_test,SYNTHETIC_3D,ok,outputs/shuttle_capability/controlled_capability/images/s3_position_left_23.jpg,20,17,212,477,202.0,468.5,222.0,485.5,20.0,17.0,18.439,16-24,pinned_oblique,left,none,none,bg_001.jpg,315.0,1,0.05722532421350479,0.0,False,False,False,0.0,,False,,,0.0,0,1,1,0.5,5,
705,images/s3_position_left_24.jpg,fixed_core_test,SYNTHETIC_3D,ok,outputs/shuttle_capability/controlled_capability/images/s3_position_left_24.jpg,20,17,212,477,202.0,468.5,222.0,485.5,20.0,17.0,18.439,16-24,pinned_oblique,left,none,none,bg_001.jpg,315.0,1,0.6089263558387756,0.0,False,False,False,0.0,,False,,,0.0,0,1,1,0.5,5,
706,images/s3_position_left_25.jpg,fixed_core_test,SYNTHETIC_3D,ok,outputs/shuttle_capability/controlled_capability/images/s3_position_left_25.jpg,20,17,212,477,202.0,468.5,222.0,485.5,20.0,17.0,18.439,16-24,pinned_oblique,left,none,none,bg_001.jpg,315.0,0,,,False,False,False,0.0,,False,,,0.0,0,0,1,0.5,5,
707,images/s3_position_left_26.jpg,fixed_core_test,SYNTHETIC_3D,ok,outputs/shuttle_capability/controlled_capability/images/s3_position_left_26.jpg,20,17,212,477,202.0,468.5,222.0,485.5,20.0,17.0,18.439,16-24,pinned_oblique,left,none,none,bg_001.jpg,315.0,2,0.2645409107208252,0.0,False,False,False,0.0,,False,,,0.0,0,2,1,0.5,5,
708,images/s3_position_left_27.jpg,fixed_core_test,SYNTHETIC_3D,ok,outputs/shuttle_capability/controlled_capability/images/s3_position_left_27.jpg,20,17,212,477,202.0,468.5,222.0,485.5,20.0,17.0,18.439,16-24,pinned_oblique,left,none,none,bg_001.jpg,315.0,1,0.8443838357925415,0.0,False,False,False,0.0,,False,,,0.0,0,1,1,0.5,5,
709,images/s3_position_left_28.jpg,fixed_core_test,SYNTHETIC_3D,ok,outputs/shuttle_capability/controlled_capability/images/s3_position_left_28.jpg,20,17,212,477,202.0,468.5,222.0,485.5,20.0,17.0,18.439,16-24,pinned_oblique,left,none,none,bg_001.jpg,315.0,0,,,False,False,False,0.0,,False,,,0.0,0,0,1,0.5,5,
710,images/s3_position_left_29.jpg,fixed_core_test,SYNTHETIC_3D,ok,outputs/shuttle_capability/controlled_capability/images/s3_position_left_29.jpg,20,17,212,477,202.0,468.5,222.0,485.5,20.0,17.0,18.439,16-24,pinned_oblique,left,none,none,bg_001.jpg,315.0,2,0.07496222108602524,0.0,False,False,False,0.0,,False,,,0.0,0,2,1,0.5,5,
711,images/s3_position_left_30.jpg,fixed_core_test,SYNTHETIC_3D,ok,outputs/shuttle_capability/controlled_capability/images/s3_position_left_30.jpg,20,17,212,477,202.0,468.5,222.0,485.5,20.0,17.0,18.439,16-24,pinned_oblique,left,none,none,bg_001.jpg,315.0,0,,,False,False,False,0.0,,False,,,0.0,0,0,1,0.5,5,
712,images/s3_position_left_31.jpg,fixed_core_test,SYNTHETIC_3D,ok,outputs/shuttle_capability/controlled_capability/images/s3_position_left_31.jpg,20,17,212,477,202.0,468.5,222.0,485.5,20.0,17.0,18.439,16-24,pinned_oblique,left,none,none,bg_001.jpg,315.0,1,0.1194104328751564,0.0,False,False,False,0.0,,False,,,0.0,0,1,1,0.5,5,
713,images/s3_position_left_32.jpg,fixed_core_test,SYNTHETIC_3D,ok,outputs/shuttle_capability/controlled_capability/images/s3_position_left_32.jpg,20,17,212,477,202.0,468.5,222.0,485.5,20.0,17.0,18.439,16-24,pinned_oblique,left,none,none,bg_001.jpg,315.0,0,,,False,False,False,0.0,,False,,,0.0,0,0,1,0.5,5,
714,images/s3_position_left_33.jpg,fixed_core_test,SYNTHETIC_3D,ok,outputs/shuttle_capability/controlled_capability/images/s3_position_left_33.jpg,20,17,212,477,202.0,468.5,222.0,485.5,20.0,17.0,18.439,16-24,pinned_oblique,left,none,none,bg_001.jpg,315.0,2,0.14976267516613007,0.0,False,False,False,0.0,,False,,,0.0,0,2,1,0.5,5,
715,images/s3_position_left_34.jpg,fixed_core_test,SYNTHETIC_3D,ok,outputs/shuttle_capability/controlled_capability/images/s3_position_left_34.jpg,20,17,212,477,202.0,468.5,222.0,485.5,20.0,17.0,18.439,16-24,pinned_oblique,left,none,none,bg_001.jpg,315.0,5,0.21395768225193024,0.0,False,True,False,0.6159179240930825,2.528249983197991,True,3,0.12026716768741608,0.5682277166536589,1,4,0,0.5,5,
716,images/s3_position_left_35.jpg,fixed_core_test,SYNTHETIC_3D,ok,outputs/shuttle_capability/controlled_capability/images/s3_position_left_35.jpg,20,17,212,477,202.0,468.5,222.0,485.5,20.0,17.0,18.439,16-24,pinned_oblique,left,none,none,bg_001.jpg,315.0,4,0.2041468471288681,0.0,False,False,False,0.0,,False,,,0.0,0,4,1,0.5,5,
717,images/s3_position_left_36.jpg,fixed_core_test,SYNTHETIC_3D,ok,outputs/shuttle_capability/controlled_capability/images/s3_position_left_36.jpg,20,17,212,477,202.0,468.5,222.0,485.5,20.0,17.0,18.439,16-24,pinned_oblique,left,none,none,bg_001.jpg,315.0,0,,,False,False,False,0.0,,False,,,0.0,0,0,1,0.5,5,
718,images/s3_position_left_37.jpg,fixed_core_test,SYNTHETIC_3D,ok,outputs/shuttle_capability/controlled_capability/images/s3_position_left_37.jpg,20,17,212,477,202.0,468.5,222.0,485.5,20.0,17.0,18.439,16-24,pinned_oblique,left,none,none,bg_001.jpg,315.0,1,0.13220176100730896,0.0,False,False,False,0.0,,False,,,0.0,0,1,1,0.5,5,
719,images/s3_position_left_38.jpg,fixed_core_test,SYNTHETIC_3D,ok,outputs/shuttle_capability/controlled_capability/images/s3_position_left_38.jpg,20,17,212,477,202.0,468.5,222.0,485.5,20.0,17.0,18.439,16-24,pinned_oblique,left,none,none,bg_001.jpg,315.0,3,0.22852610051631927,0.0,False,False,False,0.0,,False,,,0.0,0,3,1,0.5,5,
720,images/s3_position_left_39.jpg,fixed_core_test,SYNTHETIC_3D,ok,outputs/shuttle_capability/controlled_capability/images/s3_position_left_39.jpg,20,17,212,477,202.0,468.5,222.0,485.5,20.0,17.0,18.439,16-24,pinned_oblique,left,none,none,bg_001.jpg,315.0,2,0.24319441616535187,0.0,False,False,False,0.0,,False,,,0.0,0,2,1,0.5,5,
721,images/s3_position_right_0.jpg,fixed_core_test,SYNTHETIC_3D,ok,outputs/shuttle_capability/controlled_capability/images/s3_position_right_0.jpg,17,19,750,477,741.5,467.5,758.5,486.5,17.0,19.0,17.972,16-24,pinned_oblique,right,none,none,bg_001.jpg,315.0,6,0.5138916969299316,0.0,False,True,False,0.5292441390985306,1.8004905733463359,True,5,0.06267308443784714,0.5292441390985306,1,5,0,0.5,5,
722,images/s3_position_right_1.jpg,fixed_core_test,SYNTHETIC_3D,ok,outputs/shuttle_capability/controlled_capability/images/s3_position_right_1.jpg,17,19,750,477,741.5,467.5,758.5,486.5,17.0,19.0,17.972,16-24,pinned_oblique,right,none,none,bg_001.jpg,315.0,1,0.06834316998720169,0.0,False,False,False,0.0,,False,,,0.0,0,1,1,0.5,5,
723,images/s3_position_right_2.jpg,fixed_core_test,SYNTHETIC_3D,ok,outputs/shuttle_capability/controlled_capability/images/s3_position_right_2.jpg,17,19,750,477,741.5,467.5,758.5,486.5,17.0,19.0,17.972,16-24,pinned_oblique,right,none,none,bg_001.jpg,315.0,1,0.12246917933225632,0.0,False,False,False,0.0,,False,,,0.0,0,1,1,0.5,5,
724,images/s3_position_right_3.jpg,fixed_core_test,SYNTHETIC_3D,ok,outputs/shuttle_capability/controlled_capability/images/s3_position_right_3.jpg,17,19,750,477,741.5,467.5,758.5,486.5,17.0,19.0,17.972,16-24,pinned_oblique,right,none,none,bg_001.jpg,315.0,0,,,False,False,False,0.0,,False,,,0.0,0,0,1,0.5,5,
725,images/s3_position_right_4.jpg,fixed_core_test,SYNTHETIC_3D,ok,outputs/shuttle_capability/controlled_capability/images/s3_position_right_4.jpg,17,19,750,477,741.5,467.5,758.5,486.5,17.0,19.0,17.972,16-24,pinned_oblique,right,none,none,bg_001.jpg,315.0,2,0.11981351673603058,0.0,False,False,False,0.0,,False,,,0.0,0,2,1,0.5,5,
726,images/s3_position_right_5.jpg,fixed_core_test,SYNTHETIC_3D,ok,outputs/shuttle_capability/controlled_capability/images/s3_position_right_5.jpg,17,19,750,477,741.5,467.5,758.5,486.5,17.0,19.0,17.972,16-24,pinned_oblique,right,none,none,bg_001.jpg,315.0,1,0.050215043127536774,0.0,False,False,False,0.0,,False,,,0.0,0,1,1,0.5,5,
727,images/s3_position_right_6.jpg,fixed_core_test,SYNTHETIC_3D,ok,outputs/shuttle_capability/controlled_capability/images/s3_position_right_6.jpg,17,19,750,477,741.5,467.5,758.5,486.5,17.0,19.0,17.972,16-24,pinned_oblique,right,none,none,bg_001.jpg,315.0,2,0.06407950073480606,0.0,False,False,False,0.0,,False,,,0.0,0,2,1,0.5,5,
728,images/s3_position_right_7.jpg,fixed_core_test,SYNTHETIC_3D,ok,outputs/shuttle_capability/controlled_capability/images/s3_position_right_7.jpg,17,19,750,477,741.5,467.5,758.5,486.5,17.0,19.0,17.972,16-24,pinned_oblique,right,none,none,bg_001.jpg,315.0,2,0.6534210443496704,0.0,False,False,False,0.0,,False,,,0.0,0,2,1,0.5,5,
729,images/s3_position_right_8.jpg,fixed_core_test,SYNTHETIC_3D,ok,outputs/shuttle_capability/controlled_capability/images/s3_position_right_8.jpg,17,19,750,477,741.5,467.5,758.5,486.5,17.0,19.0,17.972,16-24,pinned_oblique,right,none,none,bg_001.jpg,315.0,0,,,False,False,False,0.0,,False,,,0.0,0,0,1,0.5,5,
730,images/s3_position_right_9.jpg,fixed_core_test,SYNTHETIC_3D,ok,outputs/shuttle_capability/controlled_capability/images/s3_position_right_9.jpg,17,19,750,477,741.5,467.5,758.5,486.5,17.0,19.0,17.972,16-24,pinned_oblique,right,none,none,bg_001.jpg,315.0,2,0.5999765992164612,0.827467041144326,True,True,False,0.8421564228117651,1.0782859585345106,True,1,0.5999765992164612,0.827467041144326,1,1,0,0.5,5,
731,images/s3_position_right_10.jpg,fixed_core_test,SYNTHETIC_3D,ok,outputs/shuttle_capability/controlled_capability/images/s3_position_right_10.jpg,17,19,750,477,741.5,467.5,758.5,486.5,17.0,19.0,17.972,16-24,pinned_oblique,right,none,none,bg_001.jpg,315.0,2,0.11943402141332626,0.0,False,True,False,0.7730791982113392,1.2109193742841409,True,2,0.08331959694623947,0.7637305293853033,1,1,0,0.5,5,
732,images/s3_position_right_11.jpg,fixed_core_test,SYNTHETIC_3D,ok,outputs/shuttle_capability/controlled_capability/images/s3_position_right_11.jpg,17,19,750,477,741.5,467.5,758.5,486.5,17.0,19.0,17.972,16-24,pinned_oblique,right,none,none,bg_001.jpg,315.0,1,0.06262732297182083,0.0,False,False,False,0.0,,False,,,0.0,0,1,1,0.5,5,
733,images/s3_position_right_12.jpg,fixed_core_test,SYNTHETIC_3D,ok,outputs/shuttle_capability/controlled_capability/images/s3_position_right_12.jpg,17,19,750,477,741.5,467.5,758.5,486.5,17.0,19.0,17.972,16-24,pinned_oblique,right,none,none,bg_001.jpg,315.0,0,,,False,False,False,0.0,,False,,,0.0,0,0,1,0.5,5,
734,images/s3_position_right_13.jpg,fixed_core_test,SYNTHETIC_3D,ok,outputs/shuttle_capability/controlled_capability/images/s3_position_right_13.jpg,17,19,750,477,741.5,467.5,758.5,486.5,17.0,19.0,17.972,16-24,pinned_oblique,right,none,none,bg_001.jpg,315.0,1,0.7899775505065918,0.8915607219508427,True,True,True,0.9483339877874121,0.7618609026777359,True,1,0.7899775505065918,0.8915607219508427,1,0,0,0.5,5,
735,images/s3_position_right_14.jpg,fixed_core_test,SYNTHETIC_3D,ok,outputs/shuttle_capability/controlled_capability/images/s3_position_right_14.jpg,17,19,750,477,741.5,467.5,758.5,486.5,17.0,19.0,17.972,16-24,pinned_oblique,right,none,none,bg_001.jpg,315.0,1,0.07479438930749893,0.0,False,False,False,0.0,,False,,,0.0,0,1,1,0.5,5,
736,images/s3_position_right_15.jpg,fixed_core_test,SYNTHETIC_3D,ok,outputs/shuttle_capability/controlled_capability/images/s3_position_right_15.jpg,17,19,750,477,741.5,467.5,758.5,486.5,17.0,19.0,17.972,16-24,pinned_oblique,right,none,none,bg_001.jpg,315.0,6,0.21500302851200104,0.0,False,False,False,0.0,,False,,,0.0,0,6,1,0.5,5,
737,images/s3_position_right_16.jpg,fixed_core_test,SYNTHETIC_3D,ok,outputs/shuttle_capability/controlled_capability/images/s3_position_right_16.jpg,17,19,750,477,741.5,467.5,758.5,486.5,17.0,19.0,17.972,16-24,pinned_oblique,right,none,none,bg_001.jpg,315.0,5,0.30361270904541016,0.0,False,True,False,0.5591088121658877,3.747732227695481,True,4,0.056042853742837906,0.5281950897651764,1,4,0,0.5,5,
738,images/s3_position_right_17.jpg,fixed_core_test,SYNTHETIC_3D,ok,outputs/shuttle_capability/controlled_capability/images/s3_position_right_17.jpg,17,19,750,477,741.5,467.5,758.5,486.5,17.0,19.0,17.972,16-24,pinned_oblique,right,none,none,bg_001.jpg,315.0,0,,,False,False,False,0.0,,False,,,0.0,0,0,1,0.5,5,
739,images/s3_position_right_18.jpg,fixed_core_test,SYNTHETIC_3D,ok,outputs/shuttle_capability/controlled_capability/images/s3_position_right_18.jpg,17,19,750,477,741.5,467.5,758.5,486.5,17.0,19.0,17.972,16-24,pinned_oblique,right,none,none,bg_001.jpg,315.0,4,0.6000586152076721,0.7429325971060401,True,True,False,0.7429325971060401,0.828918816142464,True,1,0.6000586152076721,0.7429325971060401,1,3,0,0.5,5,
740,images/s3_position_right_19.jpg,fixed_core_test,SYNTHETIC_3D,ok,outputs/shuttle_capability/controlled_capability/images/s3_position_right_19.jpg,17,19,750,477,741.5,467.5,758.5,486.5,17.0,19.0,17.972,16-24,pinned_oblique,right,none,none,bg_001.jpg,315.0,2,0.12889936566352844,0.0,False,False,False,0.0,,False,,,0.0,0,2,1,0.5,5,
741,images/s3_position_right_20.jpg,fixed_core_test,SYNTHETIC_3D,ok,outputs/shuttle_capability/controlled_capability/images/s3_position_right_20.jpg,17,19,750,477,741.5,467.5,758.5,486.5,17.0,19.0,17.972,16-24,pinned_oblique,right,none,none,bg_001.jpg,315.0,3,0.5618495941162109,0.8635080376562682,True,True,True,0.91632915511958,1.107863296603883,True,1,0.5618495941162109,0.8635080376562682,1,2,0,0.5,5,
742,images/s3_position_right_21.jpg,fixed_core_test,SYNTHETIC_3D,ok,outputs/shuttle_capability/controlled_capability/images/s3_position_right_21.jpg,17,19,750,477,741.5,467.5,758.5,486.5,17.0,19.0,17.972,16-24,pinned_oblique,right,none,none,bg_001.jpg,315.0,0,,,False,False,False,0.0,,False,,,0.0,0,0,1,0.5,5,
743,images/s3_position_right_22.jpg,fixed_core_test,SYNTHETIC_3D,ok,outputs/shuttle_capability/controlled_capability/images/s3_position_right_22.jpg,17,19,750,477,741.5,467.5,758.5,486.5,17.0,19.0,17.972,16-24,pinned_oblique,right,none,none,bg_001.jpg,315.0,2,0.12005417793989182,0.8413598214068607,True,True,False,0.8532733113357895,0.31476476432254663,True,1,0.12005417793989182,0.8413598214068607,1,1,0,0.5,5,
744,images/s3_position_right_23.jpg,fixed_core_test,SYNTHETIC_3D,ok,outputs/shuttle_capability/controlled_capability/images/s3_position_right_23.jpg,17,19,750,477,741.5,467.5,758.5,486.5,17.0,19.0,17.972,16-24,pinned_oblique,right,none,none,bg_001.jpg,315.0,0,,,False,False,False,0.0,,False,,,0.0,0,0,1,0.5,5,
745,images/s3_position_right_24.jpg,fixed_core_test,SYNTHETIC_3D,ok,outputs/shuttle_capability/controlled_capability/images/s3_position_right_24.jpg,17,19,750,477,741.5,467.5,758.5,486.5,17.0,19.0,17.972,16-24,pinned_oblique,right,none,none,bg_001.jpg,315.0,1,0.16530631482601166,0.0,False,False,False,0.0,,False,,,0.0,0,1,1,0.5,5,
746,images/s3_position_right_25.jpg,fixed_core_test,SYNTHETIC_3D,ok,outputs/shuttle_capability/controlled_capability/images/s3_position_right_25.jpg,17,19,750,477,741.5,467.5,758.5,486.5,17.0,19.0,17.972,16-24,pinned_oblique,right,none,none,bg_001.jpg,315.0,0,,,False,False,False,0.0,,False,,,0.0,0,0,1,0.5,5,
747,images/s3_position_right_26.jpg,fixed_core_test,SYNTHETIC_3D,ok,outputs/shuttle_capability/controlled_capability/images/s3_position_right_26.jpg,17,19,750,477,741.5,467.5,758.5,486.5,17.0,19.0,17.972,16-24,pinned_oblique,right,none,none,bg_001.jpg,315.0,3,0.30204546451568604,0.0,False,False,False,0.0,,False,,,0.0,0,3,1,0.5,5,
748,images/s3_position_right_27.jpg,fixed_core_test,SYNTHETIC_3D,ok,outputs/shuttle_capability/controlled_capability/images/s3_position_right_27.jpg,17,19,750,477,741.5,467.5,758.5,486.5,17.0,19.0,17.972,16-24,pinned_oblique,right,none,none,bg_001.jpg,315.0,1,0.8010318875312805,0.0,False,False,False,0.0,,False,,,0.0,0,1,1,0.5,5,
749,images/s3_position_right_28.jpg,fixed_core_test,SYNTHETIC_3D,ok,outputs/shuttle_capability/controlled_capability/images/s3_position_right_28.jpg,17,19,750,477,741.5,467.5,758.5,486.5,17.0,19.0,17.972,16-24,pinned_oblique,right,none,none,bg_001.jpg,315.0,1,0.7923194766044617,0.8581759295434959,True,True,False,0.8581759295434959,0.8062648619577603,True,1,0.7923194766044617,0.8581759295434959,1,0,0,0.5,5,
750,images/s3_position_right_29.jpg,fixed_core_test,SYNTHETIC_3D,ok,outputs/shuttle_capability/controlled_capability/images/s3_position_right_29.jpg,17,19,750,477,741.5,467.5,758.5,486.5,17.0,19.0,17.972,16-24,pinned_oblique,right,none,none,bg_001.jpg,315.0,1,0.08321775496006012,0.0,False,False,False,0.0,,False,,,0.0,0,1,1,0.5,5,
751,images/s3_position_right_30.jpg,fixed_core_test,SYNTHETIC_3D,ok,outputs/shuttle_capability/controlled_capability/images/s3_position_right_30.jpg,17,19,750,477,741.5,467.5,758.5,486.5,17.0,19.0,17.972,16-24,pinned_oblique,right,none,none,bg_001.jpg,315.0,0,,,False,False,False,0.0,,False,,,0.0,0,0,1,0.5,5,
752,images/s3_position_right_31.jpg,fixed_core_test,SYNTHETIC_3D,ok,outputs/shuttle_capability/controlled_capability/images/s3_position_right_31.jpg,17,19,750,477,741.5,467.5,758.5,486.5,17.0,19.0,17.972,16-24,pinned_oblique,right,none,none,bg_001.jpg,315.0,5,0.5537630319595337,0.3870052393634847,False,False,False,0.4105553575113831,,False,,,0.3870052393634847,0,5,1,0.5,5,
753,images/s3_position_right_32.jpg,fixed_core_test,SYNTHETIC_3D,ok,outputs/shuttle_capability/controlled_capability/images/s3_position_right_32.jpg,17,19,750,477,741.5,467.5,758.5,486.5,17.0,19.0,17.972,16-24,pinned_oblique,right,none,none,bg_001.jpg,315.0,1,0.7025577425956726,0.8529054572338659,True,True,False,0.8529054572338659,0.7502237131582097,True,1,0.7025577425956726,0.8529054572338659,1,0,0,0.5,5,
754,images/s3_position_right_33.jpg,fixed_core_test,SYNTHETIC_3D,ok,outputs/shuttle_capability/controlled_capability/images/s3_position_right_33.jpg,17,19,750,477,741.5,467.5,758.5,486.5,17.0,19.0,17.972,16-24,pinned_oblique,right,none,none,bg_001.jpg,315.0,2,0.13557511568069458,0.0,False,False,False,0.0,,False,,,0.0,0,2,1,0.5,5,
755,images/s3_position_right_34.jpg,fixed_core_test,SYNTHETIC_3D,ok,outputs/shuttle_capability/controlled_capability/images/s3_position_right_34.jpg,17,19,750,477,741.5,467.5,758.5,486.5,17.0,19.0,17.972,16-24,pinned_oblique,right,none,none,bg_001.jpg,315.0,5,0.12084734439849854,0.0,False,False,False,0.0,,False,,,0.0,0,5,1,0.5,5,
756,images/s3_position_right_35.jpg,fixed_core_test,SYNTHETIC_3D,ok,outputs/shuttle_capability/controlled_capability/images/s3_position_right_35.jpg,17,19,750,477,741.5,467.5,758.5,486.5,17.0,19.0,17.972,16-24,pinned_oblique,right,none,none,bg_001.jpg,315.0,2,0.13639986515045166,0.0,False,False,False,0.0,,False,,,0.0,0,2,1,0.5,5,
757,images/s3_position_right_36.jpg,fixed_core_test,SYNTHETIC_3D,ok,outputs/shuttle_capability/controlled_capability/images/s3_position_right_36.jpg,17,19,750,477,741.5,467.5,758.5,486.5,17.0,19.0,17.972,16-24,pinned_oblique,right,none,none,bg_001.jpg,315.0,1,0.06370299309492111,0.7554783449960936,True,True,False,0.7554783449960936,1.4529435357875964,True,1,0.06370299309492111,0.7554783449960936,1,0,0,0.5,5,
758,images/s3_position_right_37.jpg,fixed_core_test,SYNTHETIC_3D,ok,outputs/shuttle_capability/controlled_capability/images/s3_position_right_37.jpg,17,19,750,477,741.5,467.5,758.5,486.5,17.0,19.0,17.972,16-24,pinned_oblique,right,none,none,bg_001.jpg,315.0,1,0.12898226082324982,0.0,False,False,False,0.0,,False,,,0.0,0,1,1,0.5,5,
759,images/s3_position_right_38.jpg,fixed_core_test,SYNTHETIC_3D,ok,outputs/shuttle_capability/controlled_capability/images/s3_position_right_38.jpg,17,19,750,477,741.5,467.5,758.5,486.5,17.0,19.0,17.972,16-24,pinned_oblique,right,none,none,bg_001.jpg,315.0,2,0.11018367856740952,0.0,False,False,False,0.0,,False,,,0.0,0,2,1,0.5,5,
760,images/s3_position_right_39.jpg,fixed_core_test,SYNTHETIC_3D,ok,outputs/shuttle_capability/controlled_capability/images/s3_position_right_39.jpg,17,19,750,477,741.5,467.5,758.5,486.5,17.0,19.0,17.972,16-24,pinned_oblique,right,none,none,bg_001.jpg,315.0,2,0.7225744128227234,0.842991365341576,True,True,False,0.8790558720751444,1.1519768357060023,True,1,0.7225744128227234,0.842991365341576,1,1,0,0.5,5,
761,images/s3_position_top_0.jpg,fixed_core_test,SYNTHETIC_3D,ok,outputs/shuttle_capability/controlled_capability/images/s3_position_top_0.jpg,19,17,482,209,472.5,200.5,491.5,217.5,19.0,17.0,17.972,16-24,pinned_oblique,top,none,none,bg_001.jpg,315.0,4,0.37185797095298767,0.0,False,False,False,0.0,,False,,,0.0,0,4,1,0.5,5,
762,images/s3_position_top_1.jpg,fixed_core_test,SYNTHETIC_3D,ok,outputs/shuttle_capability/controlled_capability/images/s3_position_top_1.jpg,19,17,482,209,472.5,200.5,491.5,217.5,19.0,17.0,17.972,16-24,pinned_oblique,top,none,none,bg_001.jpg,315.0,2,0.17492328584194183,0.0,False,False,False,0.0,,False,,,0.0,0,2,1,0.5,5,
763,images/s3_position_top_2.jpg,fixed_core_test,SYNTHETIC_3D,ok,outputs/shuttle_capability/controlled_capability/images/s3_position_top_2.jpg,19,17,482,209,472.5,200.5,491.5,217.5,19.0,17.0,17.972,16-24,pinned_oblique,top,none,none,bg_001.jpg,315.0,1,0.10903756320476532,0.0,False,False,False,0.0,,False,,,0.0,0,1,1,0.5,5,
764,images/s3_position_top_3.jpg,fixed_core_test,SYNTHETIC_3D,ok,outputs/shuttle_capability/controlled_capability/images/s3_position_top_3.jpg,19,17,482,209,472.5,200.5,491.5,217.5,19.0,17.0,17.972,16-24,pinned_oblique,top,none,none,bg_001.jpg,315.0,1,0.08993972092866898,0.0,False,False,False,0.0,,False,,,0.0,0,1,1,0.5,5,
765,images/s3_position_top_4.jpg,fixed_core_test,SYNTHETIC_3D,ok,outputs/shuttle_capability/controlled_capability/images/s3_position_top_4.jpg,19,17,482,209,472.5,200.5,491.5,217.5,19.0,17.0,17.972,16-24,pinned_oblique,top,none,none,bg_001.jpg,315.0,3,0.06909369677305222,0.0,False,False,False,0.0,,False,,,0.0,0,3,1,0.5,5,
766,images/s3_position_top_5.jpg,fixed_core_test,SYNTHETIC_3D,ok,outputs/shuttle_capability/controlled_capability/images/s3_position_top_5.jpg,19,17,482,209,472.5,200.5,491.5,217.5,19.0,17.0,17.972,16-24,pinned_oblique,top,none,none,bg_001.jpg,315.0,2,0.07641707360744476,0.0,False,False,False,0.0,,False,,,0.0,0,2,1,0.5,5,
767,images/s3_position_top_6.jpg,fixed_core_test,SYNTHETIC_3D,ok,outputs/shuttle_capability/controlled_capability/images/s3_position_top_6.jpg,19,17,482,209,472.5,200.5,491.5,217.5,19.0,17.0,17.972,16-24,pinned_oblique,top,none,none,bg_001.jpg,315.0,2,0.0964360460639,0.0,False,False,False,0.0,,False,,,0.0,0,2,1,0.5,5,
768,images/s3_position_top_7.jpg,fixed_core_test,SYNTHETIC_3D,ok,outputs/shuttle_capability/controlled_capability/images/s3_position_top_7.jpg,19,17,482,209,472.5,200.5,491.5,217.5,19.0,17.0,17.972,16-24,pinned_oblique,top,none,none,bg_001.jpg,315.0,2,0.7056319117546082,0.0,False,False,False,0.0,,False,,,0.0,0,2,1,0.5,5,
769,images/s3_position_top_8.jpg,fixed_core_test,SYNTHETIC_3D,ok,outputs/shuttle_capability/controlled_capability/images/s3_position_top_8.jpg,19,17,482,209,472.5,200.5,491.5,217.5,19.0,17.0,17.972,16-24,pinned_oblique,top,none,none,bg_001.jpg,315.0,0,,,False,False,False,0.0,,False,,,0.0,0,0,1,0.5,5,
770,images/s3_position_top_9.jpg,fixed_core_test,SYNTHETIC_3D,ok,outputs/shuttle_capability/controlled_capability/images/s3_position_top_9.jpg,19,17,482,209,472.5,200.5,491.5,217.5,19.0,17.0,17.972,16-24,pinned_oblique,top,none,none,bg_001.jpg,315.0,0,,,False,False,False,0.0,,False,,,0.0,0,0,1,0.5,5,
771,images/s3_position_top_10.jpg,fixed_core_test,SYNTHETIC_3D,ok,outputs/shuttle_capability/controlled_capability/images/s3_position_top_10.jpg,19,17,482,209,472.5,200.5,491.5,217.5,19.0,17.0,17.972,16-24,pinned_oblique,top,none,none,bg_001.jpg,315.0,1,0.12464386969804764,0.0,False,False,False,0.0,,False,,,0.0,0,1,1,0.5,5,
772,images/s3_position_top_11.jpg,fixed_core_test,SYNTHETIC_3D,ok,outputs/shuttle_capability/controlled_capability/images/s3_position_top_11.jpg,19,17,482,209,472.5,200.5,491.5,217.5,19.0,17.0,17.972,16-24,pinned_oblique,top,none,none,bg_001.jpg,315.0,3,0.12241943925619125,0.0,False,False,False,0.0,,False,,,0.0,0,3,1,0.5,5,
773,images/s3_position_top_12.jpg,fixed_core_test,SYNTHETIC_3D,ok,outputs/shuttle_capability/controlled_capability/images/s3_position_top_12.jpg,19,17,482,209,472.5,200.5,491.5,217.5,19.0,17.0,17.972,16-24,pinned_oblique,top,none,none,bg_001.jpg,315.0,0,,,False,False,False,0.0,,False,,,0.0,0,0,1,0.5,5,
774,images/s3_position_top_13.jpg,fixed_core_test,SYNTHETIC_3D,ok,outputs/shuttle_capability/controlled_capability/images/s3_position_top_13.jpg,19,17,482,209,472.5,200.5,491.5,217.5,19.0,17.0,17.972,16-24,pinned_oblique,top,none,none,bg_001.jpg,315.0,0,,,False,False,False,0.0,,False,,,0.0,0,0,1,0.5,5,
775,images/s3_position_top_14.jpg,fixed_core_test,SYNTHETIC_3D,ok,outputs/shuttle_capability/controlled_capability/images/s3_position_top_14.jpg,19,17,482,209,472.5,200.5,491.5,217.5,19.0,17.0,17.972,16-24,pinned_oblique,top,none,none,bg_001.jpg,315.0,1,0.06645280867815018,0.0,False,False,False,0.0,,False,,,0.0,0,1,1,0.5,5,
776,images/s3_position_top_15.jpg,fixed_core_test,SYNTHETIC_3D,ok,outputs/shuttle_capability/controlled_capability/images/s3_position_top_15.jpg,19,17,482,209,472.5,200.5,491.5,217.5,19.0,17.0,17.972,16-24,pinned_oblique,top,none,none,bg_001.jpg,315.0,6,0.25719502568244934,0.0,False,False,False,0.5188811673774116,,False,,,0.4901920987776084,0,6,1,0.5,5,
777,images/s3_position_top_16.jpg,fixed_core_test,SYNTHETIC_3D,ok,outputs/shuttle_capability/controlled_capability/images/s3_position_top_16.jpg,19,17,482,209,472.5,200.5,491.5,217.5,19.0,17.0,17.972,16-24,pinned_oblique,top,none,none,bg_001.jpg,315.0,1,0.3424147367477417,0.0,False,False,False,0.0,,False,,,0.0,0,1,1,0.5,5,
778,images/s3_position_top_17.jpg,fixed_core_test,SYNTHETIC_3D,ok,outputs/shuttle_capability/controlled_capability/images/s3_position_top_17.jpg,19,17,482,209,472.5,200.5,491.5,217.5,19.0,17.0,17.972,16-24,pinned_oblique,top,none,none,bg_001.jpg,315.0,1,0.07143750786781311,0.8843043756328131,True,True,False,0.8843043756328131,0.6362966208858248,True,1,0.07143750786781311,0.8843043756328131,1,0,0,0.5,5,
779,images/s3_position_top_18.jpg,fixed_core_test,SYNTHETIC_3D,ok,outputs/shuttle_capability/controlled_capability/images/s3_position_top_18.jpg,19,17,482,209,472.5,200.5,491.5,217.5,19.0,17.0,17.972,16-24,pinned_oblique,top,none,none,bg_001.jpg,315.0,3,0.2524426281452179,0.0,False,False,False,0.0,,False,,,0.0,0,3,1,0.5,5,
780,images/s3_position_top_19.jpg,fixed_core_test,SYNTHETIC_3D,ok,outputs/shuttle_capability/controlled_capability/images/s3_position_top_19.jpg,19,17,482,209,472.5,200.5,491.5,217.5,19.0,17.0,17.972,16-24,pinned_oblique,top,none,none,bg_001.jpg,315.0,2,0.07480452209711075,0.0,False,False,False,0.0,,False,,,0.0,0,2,1,0.5,5,
781,images/s3_position_top_20.jpg,fixed_core_test,SYNTHETIC_3D,ok,outputs/shuttle_capability/controlled_capability/images/s3_position_top_20.jpg,19,17,482,209,472.5,200.5,491.5,217.5,19.0,17.0,17.972,16-24,pinned_oblique,top,none,none,bg_001.jpg,315.0,2,0.2850760221481323,0.0,False,False,False,0.0,,False,,,0.0,0,2,1,0.5,5,
782,images/s3_position_top_21.jpg,fixed_core_test,SYNTHETIC_3D,ok,outputs/shuttle_capability/controlled_capability/images/s3_position_top_21.jpg,19,17,482,209,472.5,200.5,491.5,217.5,19.0,17.0,17.972,16-24,pinned_oblique,top,none,none,bg_001.jpg,315.0,0,,,False,False,False,0.0,,False,,,0.0,0,0,1,0.5,5,
783,images/s3_position_top_22.jpg,fixed_core_test,SYNTHETIC_3D,ok,outputs/shuttle_capability/controlled_capability/images/s3_position_top_22.jpg,19,17,482,209,472.5,200.5,491.5,217.5,19.0,17.0,17.972,16-24,pinned_oblique,top,none,none,bg_001.jpg,315.0,2,0.15625382959842682,0.0,False,False,False,0.0,,False,,,0.0,0,2,1,0.5,5,
784,images/s3_position_top_23.jpg,fixed_core_test,SYNTHETIC_3D,ok,outputs/shuttle_capability/controlled_capability/images/s3_position_top_23.jpg,19,17,482,209,472.5,200.5,491.5,217.5,19.0,17.0,17.972,16-24,pinned_oblique,top,none,none,bg_001.jpg,315.0,0,,,False,False,False,0.0,,False,,,0.0,0,0,1,0.5,5,
785,images/s3_position_top_24.jpg,fixed_core_test,SYNTHETIC_3D,ok,outputs/shuttle_capability/controlled_capability/images/s3_position_top_24.jpg,19,17,482,209,472.5,200.5,491.5,217.5,19.0,17.0,17.972,16-24,pinned_oblique,top,none,none,bg_001.jpg,315.0,1,0.5263803601264954,0.0,False,False,False,0.0,,False,,,0.0,0,1,1,0.5,5,
786,images/s3_position_top_25.jpg,fixed_core_test,SYNTHETIC_3D,ok,outputs/shuttle_capability/controlled_capability/images/s3_position_top_25.jpg,19,17,482,209,472.5,200.5,491.5,217.5,19.0,17.0,17.972,16-24,pinned_oblique,top,none,none,bg_001.jpg,315.0,0,,,False,False,False,0.0,,False,,,0.0,0,0,1,0.5,5,
787,images/s3_position_top_26.jpg,fixed_core_test,SYNTHETIC_3D,ok,outputs/shuttle_capability/controlled_capability/images/s3_position_top_26.jpg,19,17,482,209,472.5,200.5,491.5,217.5,19.0,17.0,17.972,16-24,pinned_oblique,top,none,none,bg_001.jpg,315.0,1,0.26076266169548035,0.0,False,False,False,0.0,,False,,,0.0,0,1,1,0.5,5,
788,images/s3_position_top_27.jpg,fixed_core_test,SYNTHETIC_3D,ok,outputs/shuttle_capability/controlled_capability/images/s3_position_top_27.jpg,19,17,482,209,472.5,200.5,491.5,217.5,19.0,17.0,17.972,16-24,pinned_oblique,top,none,none,bg_001.jpg,315.0,3,0.8184784650802612,0.0,False,False,False,0.0,,False,,,0.0,0,3,1,0.5,5,
789,images/s3_position_top_28.jpg,fixed_core_test,SYNTHETIC_3D,ok,outputs/shuttle_capability/controlled_capability/images/s3_position_top_28.jpg,19,17,482,209,472.5,200.5,491.5,217.5,19.0,17.0,17.972,16-24,pinned_oblique,top,none,none,bg_001.jpg,315.0,0,,,False,False,False,0.0,,False,,,0.0,0,0,1,0.5,5,
790,images/s3_position_top_29.jpg,fixed_core_test,SYNTHETIC_3D,ok,outputs/shuttle_capability/controlled_capability/images/s3_position_top_29.jpg,19,17,482,209,472.5,200.5,491.5,217.5,19.0,17.0,17.972,16-24,pinned_oblique,top,none,none,bg_001.jpg,315.0,1,0.08613483607769012,0.0,False,False,False,0.0,,False,,,0.0,0,1,1,0.5,5,
791,images/s3_position_top_30.jpg,fixed_core_test,SYNTHETIC_3D,ok,outputs/shuttle_capability/controlled_capability/images/s3_position_top_30.jpg,19,17,482,209,472.5,200.5,491.5,217.5,19.0,17.0,17.972,16-24,pinned_oblique,top,none,none,bg_001.jpg,315.0,0,,,False,False,False,0.0,,False,,,0.0,0,0,1,0.5,5,
792,images/s3_position_top_31.jpg,fixed_core_test,SYNTHETIC_3D,ok,outputs/shuttle_capability/controlled_capability/images/s3_position_top_31.jpg,19,17,482,209,472.5,200.5,491.5,217.5,19.0,17.0,17.972,16-24,pinned_oblique,top,none,none,bg_001.jpg,315.0,3,0.23478534817695618,0.0,False,False,False,0.0,,False,,,0.0,0,3,1,0.5,5,
793,images/s3_position_top_32.jpg,fixed_core_test,SYNTHETIC_3D,ok,outputs/shuttle_capability/controlled_capability/images/s3_position_top_32.jpg,19,17,482,209,472.5,200.5,491.5,217.5,19.0,17.0,17.972,16-24,pinned_oblique,top,none,none,bg_001.jpg,315.0,0,,,False,False,False,0.0,,False,,,0.0,0,0,1,0.5,5,
794,images/s3_position_top_33.jpg,fixed_core_test,SYNTHETIC_3D,ok,outputs/shuttle_capability/controlled_capability/images/s3_position_top_33.jpg,19,17,482,209,472.5,200.5,491.5,217.5,19.0,17.0,17.972,16-24,pinned_oblique,top,none,none,bg_001.jpg,315.0,1,0.24759149551391602,0.0,False,False,False,0.0,,False,,,0.0,0,1,1,0.5,5,
795,images/s3_position_top_34.jpg,fixed_core_test,SYNTHETIC_3D,ok,outputs/shuttle_capability/controlled_capability/images/s3_position_top_34.jpg,19,17,482,209,472.5,200.5,491.5,217.5,19.0,17.0,17.972,16-24,pinned_oblique,top,none,none,bg_001.jpg,315.0,5,0.23820875585079193,0.0,False,False,False,0.0,,False,,,0.0,0,5,1,0.5,5,
796,images/s3_position_top_35.jpg,fixed_core_test,SYNTHETIC_3D,ok,outputs/shuttle_capability/controlled_capability/images/s3_position_top_35.jpg,19,17,482,209,472.5,200.5,491.5,217.5,19.0,17.0,17.972,16-24,pinned_oblique,top,none,none,bg_001.jpg,315.0,3,0.17001308500766754,0.0,False,False,False,0.0,,False,,,0.0,0,3,1,0.5,5,
797,images/s3_position_top_36.jpg,fixed_core_test,SYNTHETIC_3D,ok,outputs/shuttle_capability/controlled_capability/images/s3_position_top_36.jpg,19,17,482,209,472.5,200.5,491.5,217.5,19.0,17.0,17.972,16-24,pinned_oblique,top,none,none,bg_001.jpg,315.0,1,0.5197086334228516,0.7045255866504307,True,True,False,0.7120123458247712,2.1184811785748114,True,1,0.5197086334228516,0.7045255866504307,1,0,0,0.5,5,
798,images/s3_position_top_37.jpg,fixed_core_test,SYNTHETIC_3D,ok,outputs/shuttle_capability/controlled_capability/images/s3_position_top_37.jpg,19,17,482,209,472.5,200.5,491.5,217.5,19.0,17.0,17.972,16-24,pinned_oblique,top,none,none,bg_001.jpg,315.0,1,0.09358804672956467,0.0,False,False,False,0.0,,False,,,0.0,0,1,1,0.5,5,
799,images/s3_position_top_38.jpg,fixed_core_test,SYNTHETIC_3D,ok,outputs/shuttle_capability/controlled_capability/images/s3_position_top_38.jpg,19,17,482,209,472.5,200.5,491.5,217.5,19.0,17.0,17.972,16-24,pinned_oblique,top,none,none,bg_001.jpg,315.0,1,0.13324396312236786,0.0,False,False,False,0.0,,False,,,0.0,0,1,1,0.5,5,
800,images/s3_position_top_39.jpg,fixed_core_test,SYNTHETIC_3D,ok,outputs/shuttle_capability/controlled_capability/images/s3_position_top_39.jpg,19,17,482,209,472.5,200.5,491.5,217.5,19.0,17.0,17.972,16-24,pinned_oblique,top,none,none,bg_001.jpg,315.0,3,0.17136886715888977,0.0,False,False,False,0.0,,False,,,0.0,0,3,1,0.5,5,
801,images/s3_position_bottom_0.jpg,fixed_core_test,SYNTHETIC_3D,ok,outputs/shuttle_capability/controlled_capability/images/s3_position_bottom_0.jpg,16,20,481,746,473.0,736.0,489.0,756.0,16.0,20.0,17.889,16-24,pinned_oblique,bottom,none,none,bg_001.jpg,315.0,5,0.5735703706741333,0.8310675357100229,True,True,False,0.831181177200051,1.0697797633710313,True,1,0.5735703706741333,0.8310675357100229,1,4,0,0.5,5,
802,images/s3_position_bottom_1.jpg,fixed_core_test,SYNTHETIC_3D,ok,outputs/shuttle_capability/controlled_capability/images/s3_position_bottom_1.jpg,16,20,481,746,473.0,736.0,489.0,756.0,16.0,20.0,17.889,16-24,pinned_oblique,bottom,none,none,bg_001.jpg,315.0,3,0.24451342225074768,0.5790902000688799,True,True,True,0.911652949207928,1.295163139767919,True,3,0.05542691797018051,0.7364407996693156,1,2,0,0.5,5,
803,images/s3_position_bottom_2.jpg,fixed_core_test,SYNTHETIC_3D,ok,outputs/shuttle_capability/controlled_capability/images/s3_position_bottom_2.jpg,16,20,481,746,473.0,736.0,489.0,756.0,16.0,20.0,17.889,16-24,pinned_oblique,bottom,none,none,bg_001.jpg,315.0,3,0.25096675753593445,0.6911496337210499,True,True,False,0.8454895517323167,2.4982976729767397,True,1,0.25096675753593445,0.6911496337210499,1,2,0,0.5,5,
804,images/s3_position_bottom_3.jpg,fixed_core_test,SYNTHETIC_3D,ok,outputs/shuttle_capability/controlled_capability/images/s3_position_bottom_3.jpg,16,20,481,746,473.0,736.0,489.0,756.0,16.0,20.0,17.889,16-24,pinned_oblique,bottom,none,none,bg_001.jpg,315.0,1,0.05716800317168236,0.0,False,False,False,0.0,,False,,,0.0,0,1,1,0.5,5,
805,images/s3_position_bottom_4.jpg,fixed_core_test,SYNTHETIC_3D,ok,outputs/shuttle_capability/controlled_capability/images/s3_position_bottom_4.jpg,16,20,481,746,473.0,736.0,489.0,756.0,16.0,20.0,17.889,16-24,pinned_oblique,bottom,none,none,bg_001.jpg,315.0,1,0.25619667768478394,0.7775311215880528,True,True,False,0.8206346952589229,1.4537278131194555,True,1,0.25619667768478394,0.7775311215880528,1,0,0,0.5,5,
806,images/s3_position_bottom_5.jpg,fixed_core_test,SYNTHETIC_3D,ok,outputs/shuttle_capability/controlled_capability/images/s3_position_bottom_5.jpg,16,20,481,746,473.0,736.0,489.0,756.0,16.0,20.0,17.889,16-24,pinned_oblique,bottom,none,none,bg_001.jpg,315.0,3,0.559756875038147,0.787677209853124,True,True,False,0.8939342088997364,1.9362147487260628,True,1,0.559756875038147,0.787677209853124,1,2,0,0.5,5,
807,images/s3_position_bottom_6.jpg,fixed_core_test,SYNTHETIC_3D,ok,outputs/shuttle_capability/controlled_capability/images/s3_position_bottom_6.jpg,16,20,481,746,473.0,736.0,489.0,756.0,16.0,20.0,17.889,16-24,pinned_oblique,bottom,none,none,bg_001.jpg,315.0,2,0.587121307849884,0.6994612448102918,True,True,False,0.8407012939453125,2.961995449450982,True,1,0.587121307849884,0.6994612448102918,1,1,0,0.5,5,
808,images/s3_position_bottom_7.jpg,fixed_core_test,SYNTHETIC_3D,ok,outputs/shuttle_capability/controlled_capability/images/s3_position_bottom_7.jpg,16,20,481,746,473.0,736.0,489.0,756.0,16.0,20.0,17.889,16-24,pinned_oblique,bottom,none,none,bg_001.jpg,315.0,3,0.7520273327827454,0.0,False,False,False,0.0,,False,,,0.0,0,3,1,0.5,5,
809,images/s3_position_bottom_8.jpg,fixed_core_test,SYNTHETIC_3D,ok,outputs/shuttle_capability/controlled_capability/images/s3_position_bottom_8.jpg,16,20,481,746,473.0,736.0,489.0,756.0,16.0,20.0,17.889,16-24,pinned_oblique,bottom,none,none,bg_001.jpg,315.0,0,,,False,False,False,0.0,,False,,,0.0,0,0,1,0.5,5,
810,images/s3_position_bottom_9.jpg,fixed_core_test,SYNTHETIC_3D,ok,outputs/shuttle_capability/controlled_capability/images/s3_position_bottom_9.jpg,16,20,481,746,473.0,736.0,489.0,756.0,16.0,20.0,17.889,16-24,pinned_oblique,bottom,none,none,bg_001.jpg,315.0,0,,,False,False,False,0.0,,False,,,0.0,0,0,1,0.5,5,
811,images/s3_position_bottom_10.jpg,fixed_core_test,SYNTHETIC_3D,ok,outputs/shuttle_capability/controlled_capability/images/s3_position_bottom_10.jpg,16,20,481,746,473.0,736.0,489.0,756.0,16.0,20.0,17.889,16-24,pinned_oblique,bottom,none,none,bg_001.jpg,315.0,1,0.13858236372470856,0.0,False,False,False,0.0,,False,,,0.0,0,1,1,0.5,5,
812,images/s3_position_bottom_11.jpg,fixed_core_test,SYNTHETIC_3D,ok,outputs/shuttle_capability/controlled_capability/images/s3_position_bottom_11.jpg,16,20,481,746,473.0,736.0,489.0,756.0,16.0,20.0,17.889,16-24,pinned_oblique,bottom,none,none,bg_001.jpg,315.0,3,0.12273555248975754,0.0,False,True,False,0.7758720566751436,1.8952423226808714,True,3,0.05963415652513504,0.7548733562275985,1,2,0,0.5,5,
813,images/s3_position_bottom_12.jpg,fixed_core_test,SYNTHETIC_3D,ok,outputs/shuttle_capability/controlled_capability/images/s3_position_bottom_12.jpg,16,20,481,746,473.0,736.0,489.0,756.0,16.0,20.0,17.889,16-24,pinned_oblique,bottom,none,none,bg_001.jpg,315.0,1,0.5983068943023682,0.7965446473864797,True,True,False,0.8658914147643373,1.3865935070942879,True,1,0.5983068943023682,0.7965446473864797,1,0,0,0.5,5,
814,images/s3_position_bottom_13.jpg,fixed_core_test,SYNTHETIC_3D,ok,outputs/shuttle_capability/controlled_capability/images/s3_position_bottom_13.jpg,16,20,481,746,473.0,736.0,489.0,756.0,16.0,20.0,17.889,16-24,pinned_oblique,bottom,none,none,bg_001.jpg,315.0,1,0.8380380868911743,0.8248877787574787,True,True,False,0.8639721125364304,1.321645660731858,True,1,0.8380380868911743,0.8248877787574787,1,0,0,0.5,5,
815,images/s3_position_bottom_14.jpg,fixed_core_test,SYNTHETIC_3D,ok,outputs/shuttle_capability/controlled_capability/images/s3_position_bottom_14.jpg,16,20,481,746,473.0,736.0,489.0,756.0,16.0,20.0,17.889,16-24,pinned_oblique,bottom,none,none,bg_001.jpg,315.0,2,0.8278138637542725,0.8235028286483792,True,True,False,0.872019820252899,1.3945423430981987,True,1,0.8278138637542725,0.8235028286483792,1,1,0,0.5,5,
816,images/s3_position_bottom_15.jpg,fixed_core_test,SYNTHETIC_3D,ok,outputs/shuttle_capability/controlled_capability/images/s3_position_bottom_15.jpg,16,20,481,746,473.0,736.0,489.0,756.0,16.0,20.0,17.889,16-24,pinned_oblique,bottom,none,none,bg_001.jpg,315.0,4,0.8082607984542847,0.8168255634528923,True,True,True,0.901312255859375,1.5011018503450393,True,1,0.8082607984542847,0.8168255634528923,1,3,0,0.5,5,
817,images/s3_position_bottom_16.jpg,fixed_core_test,SYNTHETIC_3D,ok,outputs/shuttle_capability/controlled_capability/images/s3_position_bottom_16.jpg,16,20,481,746,473.0,736.0,489.0,756.0,16.0,20.0,17.889,16-24,pinned_oblique,bottom,none,none,bg_001.jpg,315.0,2,0.12227150797843933,0.0,False,False,False,0.0,,False,,,0.0,0,2,1,0.5,5,
818,images/s3_position_bottom_17.jpg,fixed_core_test,SYNTHETIC_3D,ok,outputs/shuttle_capability/controlled_capability/images/s3_position_bottom_17.jpg,16,20,481,746,473.0,736.0,489.0,756.0,16.0,20.0,17.889,16-24,pinned_oblique,bottom,none,none,bg_001.jpg,315.0,2,0.08624234795570374,0.0,False,True,False,0.7273844612936955,3.2529824585300298,True,2,0.08609846979379654,0.6549742135708223,1,1,0,0.5,5,
819,images/s3_position_bottom_18.jpg,fixed_core_test,SYNTHETIC_3D,ok,outputs/shuttle_capability/controlled_capability/images/s3_position_bottom_18.jpg,16,20,481,746,473.0,736.0,489.0,756.0,16.0,20.0,17.889,16-24,pinned_oblique,bottom,none,none,bg_001.jpg,315.0,2,0.21261806786060333,0.0,False,False,False,0.0,,False,,,0.0,0,2,1,0.5,5,
820,images/s3_position_bottom_19.jpg,fixed_core_test,SYNTHETIC_3D,ok,outputs/shuttle_capability/controlled_capability/images/s3_position_bottom_19.jpg,16,20,481,746,473.0,736.0,489.0,756.0,16.0,20.0,17.889,16-24,pinned_oblique,bottom,none,none,bg_001.jpg,315.0,2,0.2000914216041565,0.0,False,False,False,0.0,,False,,,0.0,0,2,1,0.5,5,
821,images/s3_position_bottom_20.jpg,fixed_core_test,SYNTHETIC_3D,ok,outputs/shuttle_capability/controlled_capability/images/s3_position_bottom_20.jpg,16,20,481,746,473.0,736.0,489.0,756.0,16.0,20.0,17.889,16-24,pinned_oblique,bottom,none,none,bg_001.jpg,315.0,4,0.837320864200592,0.7600213032612441,True,True,False,0.8022075416520238,1.737921164485026,True,1,0.837320864200592,0.7600213032612441,1,3,0,0.5,5,
822,images/s3_position_bottom_21.jpg,fixed_core_test,SYNTHETIC_3D,ok,outputs/shuttle_capability/controlled_capability/images/s3_position_bottom_21.jpg,16,20,481,746,473.0,736.0,489.0,756.0,16.0,20.0,17.889,16-24,pinned_oblique,bottom,none,none,bg_001.jpg,315.0,1,0.6767365336418152,0.7541717415540781,True,True,False,0.7954334503156133,1.3681556877026946,True,1,0.6767365336418152,0.7541717415540781,1,0,0,0.5,5,
823,images/s3_position_bottom_22.jpg,fixed_core_test,SYNTHETIC_3D,ok,outputs/shuttle_capability/controlled_capability/images/s3_position_bottom_22.jpg,16,20,481,746,473.0,736.0,489.0,756.0,16.0,20.0,17.889,16-24,pinned_oblique,bottom,none,none,bg_001.jpg,315.0,2,0.15580029785633087,0.6695582079176475,True,True,False,0.6966185163706541,2.5726976850053327,True,1,0.15580029785633087,0.6695582079176475,1,1,0,0.5,5,
824,images/s3_position_bottom_23.jpg,fixed_core_test,SYNTHETIC_3D,ok,outputs/shuttle_capability/controlled_capability/images/s3_position_bottom_23.jpg,16,20,481,746,473.0,736.0,489.0,756.0,16.0,20.0,17.889,16-24,pinned_oblique,bottom,none,none,bg_001.jpg,315.0,0,,,False,False,False,0.0,,False,,,0.0,0,0,1,0.5,5,
825,images/s3_position_bottom_24.jpg,fixed_core_test,SYNTHETIC_3D,ok,outputs/shuttle_capability/controlled_capability/images/s3_position_bottom_24.jpg,16,20,481,746,473.0,736.0,489.0,756.0,16.0,20.0,17.889,16-24,pinned_oblique,bottom,none,none,bg_001.jpg,315.0,1,0.5927854180335999,0.0,False,False,False,0.0,,False,,,0.0,0,1,1,0.5,5,
826,images/s3_position_bottom_25.jpg,fixed_core_test,SYNTHETIC_3D,ok,outputs/shuttle_capability/controlled_capability/images/s3_position_bottom_25.jpg,16,20,481,746,473.0,736.0,489.0,756.0,16.0,20.0,17.889,16-24,pinned_oblique,bottom,none,none,bg_001.jpg,315.0,1,0.27605998516082764,0.7404772767797112,True,True,False,0.7404772767797112,2.015084419884376,True,1,0.27605998516082764,0.7404772767797112,1,0,0,0.5,5,
827,images/s3_position_bottom_26.jpg,fixed_core_test,SYNTHETIC_3D,ok,outputs/shuttle_capability/controlled_capability/images/s3_position_bottom_26.jpg,16,20,481,746,473.0,736.0,489.0,756.0,16.0,20.0,17.889,16-24,pinned_oblique,bottom,none,none,bg_001.jpg,315.0,3,0.23200170695781708,0.6614289865480899,True,True,False,0.8749426899652463,1.6440207103449487,True,3,0.14542987942695618,0.77849284174818,1,2,0,0.5,5,
828,images/s3_position_bottom_27.jpg,fixed_core_test,SYNTHETIC_3D,ok,outputs/shuttle_capability/controlled_capability/images/s3_position_bottom_27.jpg,16,20,481,746,473.0,736.0,489.0,756.0,16.0,20.0,17.889,16-24,pinned_oblique,bottom,none,none,bg_001.jpg,315.0,2,0.8277370929718018,0.0,False,False,False,0.0,,False,,,0.0,0,2,1,0.5,5,
829,images/s3_position_bottom_28.jpg,fixed_core_test,SYNTHETIC_3D,ok,outputs/shuttle_capability/controlled_capability/images/s3_position_bottom_28.jpg,16,20,481,746,473.0,736.0,489.0,756.0,16.0,20.0,17.889,16-24,pinned_oblique,bottom,none,none,bg_001.jpg,315.0,0,,,False,False,False,0.0,,False,,,0.0,0,0,1,0.5,5,
830,images/s3_position_bottom_29.jpg,fixed_core_test,SYNTHETIC_3D,ok,outputs/shuttle_capability/controlled_capability/images/s3_position_bottom_29.jpg,16,20,481,746,473.0,736.0,489.0,756.0,16.0,20.0,17.889,16-24,pinned_oblique,bottom,none,none,bg_001.jpg,315.0,5,0.7712517976760864,0.7908315375103828,True,True,False,0.8530356732662767,1.6834378173046936,True,1,0.7712517976760864,0.7908315375103828,1,4,0,0.5,5,
831,images/s3_position_bottom_30.jpg,fixed_core_test,SYNTHETIC_3D,ok,outputs/shuttle_capability/controlled_capability/images/s3_position_bottom_30.jpg,16,20,481,746,473.0,736.0,489.0,756.0,16.0,20.0,17.889,16-24,pinned_oblique,bottom,none,none,bg_001.jpg,315.0,0,,,False,False,False,0.0,,False,,,0.0,0,0,1,0.5,5,
832,images/s3_position_bottom_31.jpg,fixed_core_test,SYNTHETIC_3D,ok,outputs/shuttle_capability/controlled_capability/images/s3_position_bottom_31.jpg,16,20,481,746,473.0,736.0,489.0,756.0,16.0,20.0,17.889,16-24,pinned_oblique,bottom,none,none,bg_001.jpg,315.0,2,0.8378806710243225,0.7817826541540714,True,True,False,0.8510523814009503,1.567823493066242,True,1,0.8378806710243225,0.7817826541540714,1,1,0,0.5,5,
833,images/s3_position_bottom_32.jpg,fixed_core_test,SYNTHETIC_3D,ok,outputs/shuttle_capability/controlled_capability/images/s3_position_bottom_32.jpg,16,20,481,746,473.0,736.0,489.0,756.0,16.0,20.0,17.889,16-24,pinned_oblique,bottom,none,none,bg_001.jpg,315.0,0,,,False,False,False,0.0,,False,,,0.0,0,0,1,0.5,5,
834,images/s3_position_bottom_33.jpg,fixed_core_test,SYNTHETIC_3D,ok,outputs/shuttle_capability/controlled_capability/images/s3_position_bottom_33.jpg,16,20,481,746,473.0,736.0,489.0,756.0,16.0,20.0,17.889,16-24,pinned_oblique,bottom,none,none,bg_001.jpg,315.0,2,0.31601831316947937,0.7622114567924525,True,True,False,0.7709465343737975,1.8221634760025944,True,1,0.31601831316947937,0.7622114567924525,1,1,0,0.5,5,
835,images/s3_position_bottom_34.jpg,fixed_core_test,SYNTHETIC_3D,ok,outputs/shuttle_capability/controlled_capability/images/s3_position_bottom_34.jpg,16,20,481,746,473.0,736.0,489.0,756.0,16.0,20.0,17.889,16-24,pinned_oblique,bottom,none,none,bg_001.jpg,315.0,6,0.5279181003570557,0.7320638771401718,True,True,False,0.7320638771401718,1.5101334483408104,True,1,0.5279181003570557,0.7320638771401718,1,5,0,0.5,5,
836,images/s3_position_bottom_35.jpg,fixed_core_test,SYNTHETIC_3D,ok,outputs/shuttle_capability/controlled_capability/images/s3_position_bottom_35.jpg,16,20,481,746,473.0,736.0,489.0,756.0,16.0,20.0,17.889,16-24,pinned_oblique,bottom,none,none,bg_001.jpg,315.0,4,0.3424207866191864,0.0,False,False,False,0.0,,False,,,0.0,0,4,1,0.5,5,
837,images/s3_position_bottom_36.jpg,fixed_core_test,SYNTHETIC_3D,ok,outputs/shuttle_capability/controlled_capability/images/s3_position_bottom_36.jpg,16,20,481,746,473.0,736.0,489.0,756.0,16.0,20.0,17.889,16-24,pinned_oblique,bottom,none,none,bg_001.jpg,315.0,0,,,False,False,False,0.0,,False,,,0.0,0,0,1,0.5,5,
838,images/s3_position_bottom_37.jpg,fixed_core_test,SYNTHETIC_3D,ok,outputs/shuttle_capability/controlled_capability/images/s3_position_bottom_37.jpg,16,20,481,746,473.0,736.0,489.0,756.0,16.0,20.0,17.889,16-24,pinned_oblique,bottom,none,none,bg_001.jpg,315.0,1,0.149232417345047,0.0,False,False,False,0.0,,False,,,0.0,0,1,1,0.5,5,
839,images/s3_position_bottom_38.jpg,fixed_core_test,SYNTHETIC_3D,ok,outputs/shuttle_capability/controlled_capability/images/s3_position_bottom_38.jpg,16,20,481,746,473.0,736.0,489.0,756.0,16.0,20.0,17.889,16-24,pinned_oblique,bottom,none,none,bg_001.jpg,315.0,4,0.8354775309562683,0.814951986658036,True,True,False,0.8947349065798335,1.3927282022446503,True,1,0.8354775309562683,0.814951986658036,1,3,0,0.5,5,
840,images/s3_position_bottom_39.jpg,fixed_core_test,SYNTHETIC_3D,ok,outputs/shuttle_capability/controlled_capability/images/s3_position_bottom_39.jpg,16,20,481,746,473.0,736.0,489.0,756.0,16.0,20.0,17.889,16-24,pinned_oblique,bottom,none,none,bg_001.jpg,315.0,1,0.24480970203876495,0.0,False,False,False,0.0,,False,,,0.0,0,1,1,0.5,5,
841,images/s3_position_top_left_0.jpg,fixed_core_test,SYNTHETIC_3D,ok,outputs/shuttle_capability/controlled_capability/images/s3_position_top_left_0.jpg,20,15,212,209,202.0,201.5,222.0,216.5,20.0,15.0,17.321,16-24,pinned_oblique,top_left,none,none,bg_001.jpg,315.0,4,0.48004841804504395,0.0,False,False,False,0.0,,False,,,0.0,0,4,1,0.5,5,
842,images/s3_position_top_left_1.jpg,fixed_core_test,SYNTHETIC_3D,ok,outputs/shuttle_capability/controlled_capability/images/s3_position_top_left_1.jpg,20,15,212,209,202.0,201.5,222.0,216.5,20.0,15.0,17.321,16-24,pinned_oblique,top_left,none,none,bg_001.jpg,315.0,3,0.08079451322555542,0.0,False,False,False,0.0,,False,,,0.0,0,3,1,0.5,5,
843,images/s3_position_top_left_2.jpg,fixed_core_test,SYNTHETIC_3D,ok,outputs/shuttle_capability/controlled_capability/images/s3_position_top_left_2.jpg,20,15,212,209,202.0,201.5,222.0,216.5,20.0,15.0,17.321,16-24,pinned_oblique,top_left,none,none,bg_001.jpg,315.0,1,0.1591506451368332,0.0,False,False,False,0.0,,False,,,0.0,0,1,1,0.5,5,
844,images/s3_position_top_left_3.jpg,fixed_core_test,SYNTHETIC_3D,ok,outputs/shuttle_capability/controlled_capability/images/s3_position_top_left_3.jpg,20,15,212,209,202.0,201.5,222.0,216.5,20.0,15.0,17.321,16-24,pinned_oblique,top_left,none,none,bg_001.jpg,315.0,0,,,False,False,False,0.0,,False,,,0.0,0,0,1,0.5,5,
845,images/s3_position_top_left_4.jpg,fixed_core_test,SYNTHETIC_3D,ok,outputs/shuttle_capability/controlled_capability/images/s3_position_top_left_4.jpg,20,15,212,209,202.0,201.5,222.0,216.5,20.0,15.0,17.321,16-24,pinned_oblique,top_left,none,none,bg_001.jpg,315.0,2,0.06961437314748764,0.0,False,False,False,0.0,,False,,,0.0,0,2,1,0.5,5,
846,images/s3_position_top_left_5.jpg,fixed_core_test,SYNTHETIC_3D,ok,outputs/shuttle_capability/controlled_capability/images/s3_position_top_left_5.jpg,20,15,212,209,202.0,201.5,222.0,216.5,20.0,15.0,17.321,16-24,pinned_oblique,top_left,none,none,bg_001.jpg,315.0,1,0.11002622544765472,0.0,False,False,False,0.0,,False,,,0.0,0,1,1,0.5,5,
847,images/s3_position_top_left_6.jpg,fixed_core_test,SYNTHETIC_3D,ok,outputs/shuttle_capability/controlled_capability/images/s3_position_top_left_6.jpg,20,15,212,209,202.0,201.5,222.0,216.5,20.0,15.0,17.321,16-24,pinned_oblique,top_left,none,none,bg_001.jpg,315.0,0,,,False,False,False,0.0,,False,,,0.0,0,0,1,0.5,5,
848,images/s3_position_top_left_7.jpg,fixed_core_test,SYNTHETIC_3D,ok,outputs/shuttle_capability/controlled_capability/images/s3_position_top_left_7.jpg,20,15,212,209,202.0,201.5,222.0,216.5,20.0,15.0,17.321,16-24,pinned_oblique,top_left,none,none,bg_001.jpg,315.0,3,0.7197088003158569,0.0,False,True,False,0.7914946987169484,1.0073359849790882,True,3,0.11185445636510849,0.7692366397376281,1,2,0,0.5,5,
849,images/s3_position_top_left_8.jpg,fixed_core_test,SYNTHETIC_3D,ok,outputs/shuttle_capability/controlled_capability/images/s3_position_top_left_8.jpg,20,15,212,209,202.0,201.5,222.0,216.5,20.0,15.0,17.321,16-24,pinned_oblique,top_left,none,none,bg_001.jpg,315.0,0,,,False,False,False,0.0,,False,,,0.0,0,0,1,0.5,5,
850,images/s3_position_top_left_9.jpg,fixed_core_test,SYNTHETIC_3D,ok,outputs/shuttle_capability/controlled_capability/images/s3_position_top_left_9.jpg,20,15,212,209,202.0,201.5,222.0,216.5,20.0,15.0,17.321,16-24,pinned_oblique,top_left,none,none,bg_001.jpg,315.0,0,,,False,False,False,0.0,,False,,,0.0,0,0,1,0.5,5,
851,images/s3_position_top_left_10.jpg,fixed_core_test,SYNTHETIC_3D,ok,outputs/shuttle_capability/controlled_capability/images/s3_position_top_left_10.jpg,20,15,212,209,202.0,201.5,222.0,216.5,20.0,15.0,17.321,16-24,pinned_oblique,top_left,none,none,bg_001.jpg,315.0,1,0.11059627681970596,0.0,False,False,False,0.0,,False,,,0.0,0,1,1,0.5,5,
852,images/s3_position_top_left_11.jpg,fixed_core_test,SYNTHETIC_3D,ok,outputs/shuttle_capability/controlled_capability/images/s3_position_top_left_11.jpg,20,15,212,209,202.0,201.5,222.0,216.5,20.0,15.0,17.321,16-24,pinned_oblique,top_left,none,none,bg_001.jpg,315.0,1,0.06075388565659523,0.0,False,False,False,0.0,,False,,,0.0,0,1,1,0.5,5,
853,images/s3_position_top_left_12.jpg,fixed_core_test,SYNTHETIC_3D,ok,outputs/shuttle_capability/controlled_capability/images/s3_position_top_left_12.jpg,20,15,212,209,202.0,201.5,222.0,216.5,20.0,15.0,17.321,16-24,pinned_oblique,top_left,none,none,bg_001.jpg,315.0,1,0.1672951877117157,0.6792735693397107,True,True,False,0.7307169643417001,1.4768065716495458,True,1,0.1672951877117157,0.6792735693397107,1,0,0,0.5,5,
854,images/s3_position_top_left_13.jpg,fixed_core_test,SYNTHETIC_3D,ok,outputs/shuttle_capability/controlled_capability/images/s3_position_top_left_13.jpg,20,15,212,209,202.0,201.5,222.0,216.5,20.0,15.0,17.321,16-24,pinned_oblique,top_left,none,none,bg_001.jpg,315.0,1,0.7151134014129639,0.7037159645991143,True,True,False,0.8410950453641514,2.124431403980038,True,1,0.7151134014129639,0.7037159645991143,1,0,0,0.5,5,
855,images/s3_position_top_left_14.jpg,fixed_core_test,SYNTHETIC_3D,ok,outputs/shuttle_capability/controlled_capability/images/s3_position_top_left_14.jpg,20,15,212,209,202.0,201.5,222.0,216.5,20.0,15.0,17.321,16-24,pinned_oblique,top_left,none,none,bg_001.jpg,315.0,0,,,False,False,False,0.0,,False,,,0.0,0,0,1,0.5,5,
856,images/s3_position_top_left_15.jpg,fixed_core_test,SYNTHETIC_3D,ok,outputs/shuttle_capability/controlled_capability/images/s3_position_top_left_15.jpg,20,15,212,209,202.0,201.5,222.0,216.5,20.0,15.0,17.321,16-24,pinned_oblique,top_left,none,none,bg_001.jpg,315.0,7,0.40473440289497375,0.0,False,True,False,0.7773846768820658,2.1616651369196,True,2,0.3866231143474579,0.7115683645425522,1,6,0,0.5,5,
857,images/s3_position_top_left_16.jpg,fixed_core_test,SYNTHETIC_3D,ok,outputs/shuttle_capability/controlled_capability/images/s3_position_top_left_16.jpg,20,15,212,209,202.0,201.5,222.0,216.5,20.0,15.0,17.321,16-24,pinned_oblique,top_left,none,none,bg_001.jpg,315.0,1,0.3559071719646454,0.0,False,False,False,0.0,,False,,,0.0,0,1,1,0.5,5,
858,images/s3_position_top_left_17.jpg,fixed_core_test,SYNTHETIC_3D,ok,outputs/shuttle_capability/controlled_capability/images/s3_position_top_left_17.jpg,20,15,212,209,202.0,201.5,222.0,216.5,20.0,15.0,17.321,16-24,pinned_oblique,top_left,none,none,bg_001.jpg,315.0,1,0.07563291490077972,0.0,False,False,False,0.0,,False,,,0.0,0,1,1,0.5,5,
859,images/s3_position_top_left_18.jpg,fixed_core_test,SYNTHETIC_3D,ok,outputs/shuttle_capability/controlled_capability/images/s3_position_top_left_18.jpg,20,15,212,209,202.0,201.5,222.0,216.5,20.0,15.0,17.321,16-24,pinned_oblique,top_left,none,none,bg_001.jpg,315.0,2,0.1534631848335266,0.0,False,False,False,0.0,,False,,,0.0,0,2,1,0.5,5,
860,images/s3_position_top_left_19.jpg,fixed_core_test,SYNTHETIC_3D,ok,outputs/shuttle_capability/controlled_capability/images/s3_position_top_left_19.jpg,20,15,212,209,202.0,201.5,222.0,216.5,20.0,15.0,17.321,16-24,pinned_oblique,top_left,none,none,bg_001.jpg,315.0,1,0.27984097599983215,0.0,False,False,False,0.0,,False,,,0.0,0,1,1,0.5,5,
861,images/s3_position_top_left_20.jpg,fixed_core_test,SYNTHETIC_3D,ok,outputs/shuttle_capability/controlled_capability/images/s3_position_top_left_20.jpg,20,15,212,209,202.0,201.5,222.0,216.5,20.0,15.0,17.321,16-24,pinned_oblique,top_left,none,none,bg_001.jpg,315.0,1,0.1708163022994995,0.0,False,False,False,0.0,,False,,,0.0,0,1,1,0.5,5,
862,images/s3_position_top_left_21.jpg,fixed_core_test,SYNTHETIC_3D,ok,outputs/shuttle_capability/controlled_capability/images/s3_position_top_left_21.jpg,20,15,212,209,202.0,201.5,222.0,216.5,20.0,15.0,17.321,16-24,pinned_oblique,top_left,none,none,bg_001.jpg,315.0,1,0.05255630612373352,0.0,False,False,False,0.0,,False,,,0.0,0,1,1,0.5,5,
863,images/s3_position_top_left_22.jpg,fixed_core_test,SYNTHETIC_3D,ok,outputs/shuttle_capability/controlled_capability/images/s3_position_top_left_22.jpg,20,15,212,209,202.0,201.5,222.0,216.5,20.0,15.0,17.321,16-24,pinned_oblique,top_left,none,none,bg_001.jpg,315.0,3,0.12576255202293396,0.0,False,False,False,0.0,,False,,,0.0,0,3,1,0.5,5,
864,images/s3_position_top_left_23.jpg,fixed_core_test,SYNTHETIC_3D,ok,outputs/shuttle_capability/controlled_capability/images/s3_position_top_left_23.jpg,20,15,212,209,202.0,201.5,222.0,216.5,20.0,15.0,17.321,16-24,pinned_oblique,top_left,none,none,bg_001.jpg,315.0,0,,,False,False,False,0.0,,False,,,0.0,0,0,1,0.5,5,
865,images/s3_position_top_left_24.jpg,fixed_core_test,SYNTHETIC_3D,ok,outputs/shuttle_capability/controlled_capability/images/s3_position_top_left_24.jpg,20,15,212,209,202.0,201.5,222.0,216.5,20.0,15.0,17.321,16-24,pinned_oblique,top_left,none,none,bg_001.jpg,315.0,1,0.6997628211975098,0.0,False,False,False,0.0,,False,,,0.0,0,1,1,0.5,5,
866,images/s3_position_top_left_25.jpg,fixed_core_test,SYNTHETIC_3D,ok,outputs/shuttle_capability/controlled_capability/images/s3_position_top_left_25.jpg,20,15,212,209,202.0,201.5,222.0,216.5,20.0,15.0,17.321,16-24,pinned_oblique,top_left,none,none,bg_001.jpg,315.0,0,,,False,False,False,0.0,,False,,,0.0,0,0,1,0.5,5,
867,images/s3_position_top_left_26.jpg,fixed_core_test,SYNTHETIC_3D,ok,outputs/shuttle_capability/controlled_capability/images/s3_position_top_left_26.jpg,20,15,212,209,202.0,201.5,222.0,216.5,20.0,15.0,17.321,16-24,pinned_oblique,top_left,none,none,bg_001.jpg,315.0,1,0.16014772653579712,0.0,False,False,False,0.0,,False,,,0.0,0,1,1,0.5,5,
868,images/s3_position_top_left_27.jpg,fixed_core_test,SYNTHETIC_3D,ok,outputs/shuttle_capability/controlled_capability/images/s3_position_top_left_27.jpg,20,15,212,209,202.0,201.5,222.0,216.5,20.0,15.0,17.321,16-24,pinned_oblique,top_left,none,none,bg_001.jpg,315.0,3,0.8284202218055725,0.0,False,False,False,0.0,,False,,,0.0,0,3,1,0.5,5,
869,images/s3_position_top_left_28.jpg,fixed_core_test,SYNTHETIC_3D,ok,outputs/shuttle_capability/controlled_capability/images/s3_position_top_left_28.jpg,20,15,212,209,202.0,201.5,222.0,216.5,20.0,15.0,17.321,16-24,pinned_oblique,top_left,none,none,bg_001.jpg,315.0,2,0.07103335857391357,0.0,False,False,False,0.0,,False,,,0.0,0,2,1,0.5,5,
870,images/s3_position_top_left_29.jpg,fixed_core_test,SYNTHETIC_3D,ok,outputs/shuttle_capability/controlled_capability/images/s3_position_top_left_29.jpg,20,15,212,209,202.0,201.5,222.0,216.5,20.0,15.0,17.321,16-24,pinned_oblique,top_left,none,none,bg_001.jpg,315.0,1,0.09272471070289612,0.0,False,False,False,0.0,,False,,,0.0,0,1,1,0.5,5,
871,images/s3_position_top_left_30.jpg,fixed_core_test,SYNTHETIC_3D,ok,outputs/shuttle_capability/controlled_capability/images/s3_position_top_left_30.jpg,20,15,212,209,202.0,201.5,222.0,216.5,20.0,15.0,17.321,16-24,pinned_oblique,top_left,none,none,bg_001.jpg,315.0,1,0.050813209265470505,0.7431126691106926,True,True,False,0.8750827188044786,1.9398377549493233,True,1,0.050813209265470505,0.7431126691106926,1,0,0,0.5,5,
872,images/s3_position_top_left_31.jpg,fixed_core_test,SYNTHETIC_3D,ok,outputs/shuttle_capability/controlled_capability/images/s3_position_top_left_31.jpg,20,15,212,209,202.0,201.5,222.0,216.5,20.0,15.0,17.321,16-24,pinned_oblique,top_left,none,none,bg_001.jpg,315.0,2,0.12919187545776367,0.0,False,False,False,0.0,,False,,,0.0,0,2,1,0.5,5,
873,images/s3_position_top_left_32.jpg,fixed_core_test,SYNTHETIC_3D,ok,outputs/shuttle_capability/controlled_capability/images/s3_position_top_left_32.jpg,20,15,212,209,202.0,201.5,222.0,216.5,20.0,15.0,17.321,16-24,pinned_oblique,top_left,none,none,bg_001.jpg,315.0,1,0.11610011011362076,0.0,False,False,False,0.0,,False,,,0.0,0,1,1,0.5,5,
874,images/s3_position_top_left_33.jpg,fixed_core_test,SYNTHETIC_3D,ok,outputs/shuttle_capability/controlled_capability/images/s3_position_top_left_33.jpg,20,15,212,209,202.0,201.5,222.0,216.5,20.0,15.0,17.321,16-24,pinned_oblique,top_left,none,none,bg_001.jpg,315.0,1,0.2661612629890442,0.0,False,False,False,0.0,,False,,,0.0,0,1,1,0.5,5,
875,images/s3_position_top_left_34.jpg,fixed_core_test,SYNTHETIC_3D,ok,outputs/shuttle_capability/controlled_capability/images/s3_position_top_left_34.jpg,20,15,212,209,202.0,201.5,222.0,216.5,20.0,15.0,17.321,16-24,pinned_oblique,top_left,none,none,bg_001.jpg,315.0,3,0.06810978800058365,0.0,False,False,False,0.0,,False,,,0.0,0,3,1,0.5,5,
876,images/s3_position_top_left_35.jpg,fixed_core_test,SYNTHETIC_3D,ok,outputs/shuttle_capability/controlled_capability/images/s3_position_top_left_35.jpg,20,15,212,209,202.0,201.5,222.0,216.5,20.0,15.0,17.321,16-24,pinned_oblique,top_left,none,none,bg_001.jpg,315.0,4,0.1415485441684723,0.0,False,False,False,0.0,,False,,,0.0,0,4,1,0.5,5,
877,images/s3_position_top_left_36.jpg,fixed_core_test,SYNTHETIC_3D,ok,outputs/shuttle_capability/controlled_capability/images/s3_position_top_left_36.jpg,20,15,212,209,202.0,201.5,222.0,216.5,20.0,15.0,17.321,16-24,pinned_oblique,top_left,none,none,bg_001.jpg,315.0,0,,,False,False,False,0.0,,False,,,0.0,0,0,1,0.5,5,
878,images/s3_position_top_left_37.jpg,fixed_core_test,SYNTHETIC_3D,ok,outputs/shuttle_capability/controlled_capability/images/s3_position_top_left_37.jpg,20,15,212,209,202.0,201.5,222.0,216.5,20.0,15.0,17.321,16-24,pinned_oblique,top_left,none,none,bg_001.jpg,315.0,2,0.09734559804201126,0.0,False,False,False,0.0,,False,,,0.0,0,2,1,0.5,5,
879,images/s3_position_top_left_38.jpg,fixed_core_test,SYNTHETIC_3D,ok,outputs/shuttle_capability/controlled_capability/images/s3_position_top_left_38.jpg,20,15,212,209,202.0,201.5,222.0,216.5,20.0,15.0,17.321,16-24,pinned_oblique,top_left,none,none,bg_001.jpg,315.0,2,0.06946708261966705,0.0,False,False,False,0.0,,False,,,0.0,0,2,1,0.5,5,
880,images/s3_position_top_left_39.jpg,fixed_core_test,SYNTHETIC_3D,ok,outputs/shuttle_capability/controlled_capability/images/s3_position_top_left_39.jpg,20,15,212,209,202.0,201.5,222.0,216.5,20.0,15.0,17.321,16-24,pinned_oblique,top_left,none,none,bg_001.jpg,315.0,2,0.07035398483276367,0.0,False,False,False,0.0,,False,,,0.0,0,2,1,0.5,5,
881,images/s3_position_top_right_0.jpg,fixed_core_test,SYNTHETIC_3D,ok,outputs/shuttle_capability/controlled_capability/images/s3_position_top_right_0.jpg,18,18,750,208,741.0,199.0,759.0,217.0,18.0,18.0,18.0,16-24,pinned_oblique,top_right,none,none,bg_001.jpg,315.0,3,0.4506695866584778,0.0,False,False,False,0.0,,False,,,0.0,0,3,1,0.5,5,
882,images/s3_position_top_right_1.jpg,fixed_core_test,SYNTHETIC_3D,ok,outputs/shuttle_capability/controlled_capability/images/s3_position_top_right_1.jpg,18,18,750,208,741.0,199.0,759.0,217.0,18.0,18.0,18.0,16-24,pinned_oblique,top_right,none,none,bg_001.jpg,315.0,2,0.1824914515018463,0.0,False,False,False,0.0,,False,,,0.0,0,2,1,0.5,5,
883,images/s3_position_top_right_2.jpg,fixed_core_test,SYNTHETIC_3D,ok,outputs/shuttle_capability/controlled_capability/images/s3_position_top_right_2.jpg,18,18,750,208,741.0,199.0,759.0,217.0,18.0,18.0,18.0,16-24,pinned_oblique,top_right,none,none,bg_001.jpg,315.0,1,0.10808815062046051,0.0,False,False,False,0.0,,False,,,0.0,0,1,1,0.5,5,
884,images/s3_position_top_right_3.jpg,fixed_core_test,SYNTHETIC_3D,ok,outputs/shuttle_capability/controlled_capability/images/s3_position_top_right_3.jpg,18,18,750,208,741.0,199.0,759.0,217.0,18.0,18.0,18.0,16-24,pinned_oblique,top_right,none,none,bg_001.jpg,315.0,1,0.09991192072629929,0.0,False,False,False,0.0,,False,,,0.0,0,1,1,0.5,5,
885,images/s3_position_top_right_4.jpg,fixed_core_test,SYNTHETIC_3D,ok,outputs/shuttle_capability/controlled_capability/images/s3_position_top_right_4.jpg,18,18,750,208,741.0,199.0,759.0,217.0,18.0,18.0,18.0,16-24,pinned_oblique,top_right,none,none,bg_001.jpg,315.0,2,0.28366801142692566,0.0,False,False,False,0.0,,False,,,0.0,0,2,1,0.5,5,
886,images/s3_position_top_right_5.jpg,fixed_core_test,SYNTHETIC_3D,ok,outputs/shuttle_capability/controlled_capability/images/s3_position_top_right_5.jpg,18,18,750,208,741.0,199.0,759.0,217.0,18.0,18.0,18.0,16-24,pinned_oblique,top_right,none,none,bg_001.jpg,315.0,0,,,False,False,False,0.0,,False,,,0.0,0,0,1,0.5,5,
887,images/s3_position_top_right_6.jpg,fixed_core_test,SYNTHETIC_3D,ok,outputs/shuttle_capability/controlled_capability/images/s3_position_top_right_6.jpg,18,18,750,208,741.0,199.0,759.0,217.0,18.0,18.0,18.0,16-24,pinned_oblique,top_right,none,none,bg_001.jpg,315.0,1,0.11479878425598145,0.0,False,False,False,0.0,,False,,,0.0,0,1,1,0.5,5,
888,images/s3_position_top_right_7.jpg,fixed_core_test,SYNTHETIC_3D,ok,outputs/shuttle_capability/controlled_capability/images/s3_position_top_right_7.jpg,18,18,750,208,741.0,199.0,759.0,217.0,18.0,18.0,18.0,16-24,pinned_oblique,top_right,none,none,bg_001.jpg,315.0,3,0.6948727369308472,0.0,False,False,False,0.0,,False,,,0.0,0,3,1,0.5,5,
889,images/s3_position_top_right_8.jpg,fixed_core_test,SYNTHETIC_3D,ok,outputs/shuttle_capability/controlled_capability/images/s3_position_top_right_8.jpg,18,18,750,208,741.0,199.0,759.0,217.0,18.0,18.0,18.0,16-24,pinned_oblique,top_right,none,none,bg_001.jpg,315.0,0,,,False,False,False,0.0,,False,,,0.0,0,0,1,0.5,5,
890,images/s3_position_top_right_9.jpg,fixed_core_test,SYNTHETIC_3D,ok,outputs/shuttle_capability/controlled_capability/images/s3_position_top_right_9.jpg,18,18,750,208,741.0,199.0,759.0,217.0,18.0,18.0,18.0,16-24,pinned_oblique,top_right,none,none,bg_001.jpg,315.0,0,,,False,False,False,0.0,,False,,,0.0,0,0,1,0.5,5,
891,images/s3_position_top_right_10.jpg,fixed_core_test,SYNTHETIC_3D,ok,outputs/shuttle_capability/controlled_capability/images/s3_position_top_right_10.jpg,18,18,750,208,741.0,199.0,759.0,217.0,18.0,18.0,18.0,16-24,pinned_oblique,top_right,none,none,bg_001.jpg,315.0,1,0.13759832084178925,0.0,False,False,False,0.0,,False,,,0.0,0,1,1,0.5,5,
892,images/s3_position_top_right_11.jpg,fixed_core_test,SYNTHETIC_3D,ok,outputs/shuttle_capability/controlled_capability/images/s3_position_top_right_11.jpg,18,18,750,208,741.0,199.0,759.0,217.0,18.0,18.0,18.0,16-24,pinned_oblique,top_right,none,none,bg_001.jpg,315.0,2,0.11966368556022644,0.0,False,False,False,0.0,,False,,,0.0,0,2,1,0.5,5,
893,images/s3_position_top_right_12.jpg,fixed_core_test,SYNTHETIC_3D,ok,outputs/shuttle_capability/controlled_capability/images/s3_position_top_right_12.jpg,18,18,750,208,741.0,199.0,759.0,217.0,18.0,18.0,18.0,16-24,pinned_oblique,top_right,none,none,bg_001.jpg,315.0,1,0.1101505309343338,0.0,False,False,False,0.0,,False,,,0.0,0,1,1,0.5,5,
894,images/s3_position_top_right_13.jpg,fixed_core_test,SYNTHETIC_3D,ok,outputs/shuttle_capability/controlled_capability/images/s3_position_top_right_13.jpg,18,18,750,208,741.0,199.0,759.0,217.0,18.0,18.0,18.0,16-24,pinned_oblique,top_right,none,none,bg_001.jpg,315.0,0,,,False,False,False,0.0,,False,,,0.0,0,0,1,0.5,5,
895,images/s3_position_top_right_14.jpg,fixed_core_test,SYNTHETIC_3D,ok,outputs/shuttle_capability/controlled_capability/images/s3_position_top_right_14.jpg,18,18,750,208,741.0,199.0,759.0,217.0,18.0,18.0,18.0,16-24,pinned_oblique,top_right,none,none,bg_001.jpg,315.0,1,0.05034111812710762,0.0,False,False,False,0.0,,False,,,0.0,0,1,1,0.5,5,
896,images/s3_position_top_right_15.jpg,fixed_core_test,SYNTHETIC_3D,ok,outputs/shuttle_capability/controlled_capability/images/s3_position_top_right_15.jpg,18,18,750,208,741.0,199.0,759.0,217.0,18.0,18.0,18.0,16-24,pinned_oblique,top_right,none,none,bg_001.jpg,315.0,2,0.28219684958457947,0.0,False,False,False,0.0,,False,,,0.0,0,2,1,0.5,5,
897,images/s3_position_top_right_16.jpg,fixed_core_test,SYNTHETIC_3D,ok,outputs/shuttle_capability/controlled_capability/images/s3_position_top_right_16.jpg,18,18,750,208,741.0,199.0,759.0,217.0,18.0,18.0,18.0,16-24,pinned_oblique,top_right,none,none,bg_001.jpg,315.0,2,0.2589149475097656,0.0,False,False,False,0.0,,False,,,0.0,0,2,1,0.5,5,
898,images/s3_position_top_right_17.jpg,fixed_core_test,SYNTHETIC_3D,ok,outputs/shuttle_capability/controlled_capability/images/s3_position_top_right_17.jpg,18,18,750,208,741.0,199.0,759.0,217.0,18.0,18.0,18.0,16-24,pinned_oblique,top_right,none,none,bg_001.jpg,315.0,2,0.7567850351333618,0.6963551798503912,True,True,False,0.7378850099027019,1.963384730049481,True,1,0.7567850351333618,0.6963551798503912,1,1,0,0.5,5,
899,images/s3_position_top_right_18.jpg,fixed_core_test,SYNTHETIC_3D,ok,outputs/shuttle_capability/controlled_capability/images/s3_position_top_right_18.jpg,18,18,750,208,741.0,199.0,759.0,217.0,18.0,18.0,18.0,16-24,pinned_oblique,top_right,none,none,bg_001.jpg,315.0,2,0.28674203157424927,0.0,False,False,False,0.0,,False,,,0.0,0,2,1,0.5,5,
900,images/s3_position_top_right_19.jpg,fixed_core_test,SYNTHETIC_3D,ok,outputs/shuttle_capability/controlled_capability/images/s3_position_top_right_19.jpg,18,18,750,208,741.0,199.0,759.0,217.0,18.0,18.0,18.0,16-24,pinned_oblique,top_right,none,none,bg_001.jpg,315.0,3,0.10760366916656494,0.0,False,False,False,0.0,,False,,,0.0,0,3,1,0.5,5,
901,images/s3_position_top_right_20.jpg,fixed_core_test,SYNTHETIC_3D,ok,outputs/shuttle_capability/controlled_capability/images/s3_position_top_right_20.jpg,18,18,750,208,741.0,199.0,759.0,217.0,18.0,18.0,18.0,16-24,pinned_oblique,top_right,none,none,bg_001.jpg,315.0,1,0.186940535902977,0.0,False,False,False,0.0,,False,,,0.0,0,1,1,0.5,5,
902,images/s3_position_top_right_21.jpg,fixed_core_test,SYNTHETIC_3D,ok,outputs/shuttle_capability/controlled_capability/images/s3_position_top_right_21.jpg,18,18,750,208,741.0,199.0,759.0,217.0,18.0,18.0,18.0,16-24,pinned_oblique,top_right,none,none,bg_001.jpg,315.0,0,,,False,False,False,0.0,,False,,,0.0,0,0,1,0.5,5,
903,images/s3_position_top_right_22.jpg,fixed_core_test,SYNTHETIC_3D,ok,outputs/shuttle_capability/controlled_capability/images/s3_position_top_right_22.jpg,18,18,750,208,741.0,199.0,759.0,217.0,18.0,18.0,18.0,16-24,pinned_oblique,top_right,none,none,bg_001.jpg,315.0,2,0.15783673524856567,0.0,False,False,False,0.0,,False,,,0.0,0,2,1,0.5,5,
904,images/s3_position_top_right_23.jpg,fixed_core_test,SYNTHETIC_3D,ok,outputs/shuttle_capability/controlled_capability/images/s3_position_top_right_23.jpg,18,18,750,208,741.0,199.0,759.0,217.0,18.0,18.0,18.0,16-24,pinned_oblique,top_right,none,none,bg_001.jpg,315.0,0,,,False,False,False,0.0,,False,,,0.0,0,0,1,0.5,5,
905,images/s3_position_top_right_24.jpg,fixed_core_test,SYNTHETIC_3D,ok,outputs/shuttle_capability/controlled_capability/images/s3_position_top_right_24.jpg,18,18,750,208,741.0,199.0,759.0,217.0,18.0,18.0,18.0,16-24,pinned_oblique,top_right,none,none,bg_001.jpg,315.0,2,0.6153815388679504,0.0,False,False,False,0.0,,False,,,0.0,0,2,1,0.5,5,
906,images/s3_position_top_right_25.jpg,fixed_core_test,SYNTHETIC_3D,ok,outputs/shuttle_capability/controlled_capability/images/s3_position_top_right_25.jpg,18,18,750,208,741.0,199.0,759.0,217.0,18.0,18.0,18.0,16-24,pinned_oblique,top_right,none,none,bg_001.jpg,315.0,0,,,False,False,False,0.0,,False,,,0.0,0,0,1,0.5,5,
907,images/s3_position_top_right_26.jpg,fixed_core_test,SYNTHETIC_3D,ok,outputs/shuttle_capability/controlled_capability/images/s3_position_top_right_26.jpg,18,18,750,208,741.0,199.0,759.0,217.0,18.0,18.0,18.0,16-24,pinned_oblique,top_right,none,none,bg_001.jpg,315.0,1,0.2207675725221634,0.0,False,False,False,0.0,,False,,,0.0,0,1,1,0.5,5,
908,images/s3_position_top_right_27.jpg,fixed_core_test,SYNTHETIC_3D,ok,outputs/shuttle_capability/controlled_capability/images/s3_position_top_right_27.jpg,18,18,750,208,741.0,199.0,759.0,217.0,18.0,18.0,18.0,16-24,pinned_oblique,top_right,none,none,bg_001.jpg,315.0,3,0.8132908344268799,0.0,False,False,False,0.0,,False,,,0.0,0,3,1,0.5,5,
909,images/s3_position_top_right_28.jpg,fixed_core_test,SYNTHETIC_3D,ok,outputs/shuttle_capability/controlled_capability/images/s3_position_top_right_28.jpg,18,18,750,208,741.0,199.0,759.0,217.0,18.0,18.0,18.0,16-24,pinned_oblique,top_right,none,none,bg_001.jpg,315.0,1,0.05522560700774193,0.5337236139214515,True,True,False,0.5615222402905793,3.5324521749752584,True,1,0.05522560700774193,0.5337236139214515,1,0,0,0.5,5,
910,images/s3_position_top_right_29.jpg,fixed_core_test,SYNTHETIC_3D,ok,outputs/shuttle_capability/controlled_capability/images/s3_position_top_right_29.jpg,18,18,750,208,741.0,199.0,759.0,217.0,18.0,18.0,18.0,16-24,pinned_oblique,top_right,none,none,bg_001.jpg,315.0,2,0.10855811834335327,0.0,False,False,False,0.0,,False,,,0.0,0,2,1,0.5,5,
911,images/s3_position_top_right_30.jpg,fixed_core_test,SYNTHETIC_3D,ok,outputs/shuttle_capability/controlled_capability/images/s3_position_top_right_30.jpg,18,18,750,208,741.0,199.0,759.0,217.0,18.0,18.0,18.0,16-24,pinned_oblique,top_right,none,none,bg_001.jpg,315.0,2,0.7721086144447327,0.6079982440797236,True,True,False,0.6708939509023625,2.909679526936879,True,1,0.7721086144447327,0.6079982440797236,1,1,0,0.5,5,
912,images/s3_position_top_right_31.jpg,fixed_core_test,SYNTHETIC_3D,ok,outputs/shuttle_capability/controlled_capability/images/s3_position_top_right_31.jpg,18,18,750,208,741.0,199.0,759.0,217.0,18.0,18.0,18.0,16-24,pinned_oblique,top_right,none,none,bg_001.jpg,315.0,2,0.27924758195877075,0.0,False,False,False,0.0,,False,,,0.0,0,2,1,0.5,5,
913,images/s3_position_top_right_32.jpg,fixed_core_test,SYNTHETIC_3D,ok,outputs/shuttle_capability/controlled_capability/images/s3_position_top_right_32.jpg,18,18,750,208,741.0,199.0,759.0,217.0,18.0,18.0,18.0,16-24,pinned_oblique,top_right,none,none,bg_001.jpg,315.0,0,,,False,False,False,0.0,,False,,,0.0,0,0,1,0.5,5,
914,images/s3_position_top_right_33.jpg,fixed_core_test,SYNTHETIC_3D,ok,outputs/shuttle_capability/controlled_capability/images/s3_position_top_right_33.jpg,18,18,750,208,741.0,199.0,759.0,217.0,18.0,18.0,18.0,16-24,pinned_oblique,top_right,none,none,bg_001.jpg,315.0,1,0.1502225399017334,0.0,False,False,False,0.0,,False,,,0.0,0,1,1,0.5,5,
915,images/s3_position_top_right_34.jpg,fixed_core_test,SYNTHETIC_3D,ok,outputs/shuttle_capability/controlled_capability/images/s3_position_top_right_34.jpg,18,18,750,208,741.0,199.0,759.0,217.0,18.0,18.0,18.0,16-24,pinned_oblique,top_right,none,none,bg_001.jpg,315.0,6,0.7901355028152466,0.7294332092952087,True,True,False,0.794045766700565,2.104948420591444,True,1,0.7901355028152466,0.7294332092952087,1,5,0,0.5,5,
916,images/s3_position_top_right_35.jpg,fixed_core_test,SYNTHETIC_3D,ok,outputs/shuttle_capability/controlled_capability/images/s3_position_top_right_35.jpg,18,18,750,208,741.0,199.0,759.0,217.0,18.0,18.0,18.0,16-24,pinned_oblique,top_right,none,none,bg_001.jpg,315.0,3,0.4633185863494873,0.0,False,False,False,0.0,,False,,,0.0,0,3,1,0.5,5,
917,images/s3_position_top_right_36.jpg,fixed_core_test,SYNTHETIC_3D,ok,outputs/shuttle_capability/controlled_capability/images/s3_position_top_right_36.jpg,18,18,750,208,741.0,199.0,759.0,217.0,18.0,18.0,18.0,16-24,pinned_oblique,top_right,none,none,bg_001.jpg,315.0,0,,,False,False,False,0.0,,False,,,0.0,0,0,1,0.5,5,
918,images/s3_position_top_right_37.jpg,fixed_core_test,SYNTHETIC_3D,ok,outputs/shuttle_capability/controlled_capability/images/s3_position_top_right_37.jpg,18,18,750,208,741.0,199.0,759.0,217.0,18.0,18.0,18.0,16-24,pinned_oblique,top_right,none,none,bg_001.jpg,315.0,1,0.15585537254810333,0.0,False,False,False,0.0,,False,,,0.0,0,1,1,0.5,5,
919,images/s3_position_top_right_38.jpg,fixed_core_test,SYNTHETIC_3D,ok,outputs/shuttle_capability/controlled_capability/images/s3_position_top_right_38.jpg,18,18,750,208,741.0,199.0,759.0,217.0,18.0,18.0,18.0,16-24,pinned_oblique,top_right,none,none,bg_001.jpg,315.0,2,0.09767336398363113,0.0,False,False,False,0.0,,False,,,0.0,0,2,1,0.5,5,
920,images/s3_position_top_right_39.jpg,fixed_core_test,SYNTHETIC_3D,ok,outputs/shuttle_capability/controlled_capability/images/s3_position_top_right_39.jpg,18,18,750,208,741.0,199.0,759.0,217.0,18.0,18.0,18.0,16-24,pinned_oblique,top_right,none,none,bg_001.jpg,315.0,1,0.2551127076148987,0.0,False,False,False,0.0,,False,,,0.0,0,1,1,0.5,5,
921,images/s3_position_bottom_left_0.jpg,fixed_core_test,SYNTHETIC_3D,ok,outputs/shuttle_capability/controlled_capability/images/s3_position_bottom_left_0.jpg,18,18,212,746,203.0,737.0,221.0,755.0,18.0,18.0,18.0,16-24,pinned_oblique,bottom_left,none,none,bg_001.jpg,315.0,4,0.3492138385772705,0.0,False,False,False,0.0,,False,,,0.0,0,4,1,0.5,5,
922,images/s3_position_bottom_left_1.jpg,fixed_core_test,SYNTHETIC_3D,ok,outputs/shuttle_capability/controlled_capability/images/s3_position_bottom_left_1.jpg,18,18,212,746,203.0,737.0,221.0,755.0,18.0,18.0,18.0,16-24,pinned_oblique,bottom_left,none,none,bg_001.jpg,315.0,2,0.07977469265460968,0.0,False,False,False,0.0,,False,,,0.0,0,2,1,0.5,5,
923,images/s3_position_bottom_left_2.jpg,fixed_core_test,SYNTHETIC_3D,ok,outputs/shuttle_capability/controlled_capability/images/s3_position_bottom_left_2.jpg,18,18,212,746,203.0,737.0,221.0,755.0,18.0,18.0,18.0,16-24,pinned_oblique,bottom_left,none,none,bg_001.jpg,315.0,2,0.08541815727949142,0.0,False,False,False,0.0,,False,,,0.0,0,2,1,0.5,5,
924,images/s3_position_bottom_left_3.jpg,fixed_core_test,SYNTHETIC_3D,ok,outputs/shuttle_capability/controlled_capability/images/s3_position_bottom_left_3.jpg,18,18,212,746,203.0,737.0,221.0,755.0,18.0,18.0,18.0,16-24,pinned_oblique,bottom_left,none,none,bg_001.jpg,315.0,5,0.46214768290519714,0.25935743668185623,False,False,False,0.5643209263417915,,False,,,0.48937381321455237,0,5,1,0.5,5,
925,images/s3_position_bottom_left_4.jpg,fixed_core_test,SYNTHETIC_3D,ok,outputs/shuttle_capability/controlled_capability/images/s3_position_bottom_left_4.jpg,18,18,212,746,203.0,737.0,221.0,755.0,18.0,18.0,18.0,16-24,pinned_oblique,bottom_left,none,none,bg_001.jpg,315.0,2,0.08143410831689835,0.0,False,False,False,0.0,,False,,,0.0,0,2,1,0.5,5,
926,images/s3_position_bottom_left_5.jpg,fixed_core_test,SYNTHETIC_3D,ok,outputs/shuttle_capability/controlled_capability/images/s3_position_bottom_left_5.jpg,18,18,212,746,203.0,737.0,221.0,755.0,18.0,18.0,18.0,16-24,pinned_oblique,bottom_left,none,none,bg_001.jpg,315.0,0,,,False,False,False,0.0,,False,,,0.0,0,0,1,0.5,5,
927,images/s3_position_bottom_left_6.jpg,fixed_core_test,SYNTHETIC_3D,ok,outputs/shuttle_capability/controlled_capability/images/s3_position_bottom_left_6.jpg,18,18,212,746,203.0,737.0,221.0,755.0,18.0,18.0,18.0,16-24,pinned_oblique,bottom_left,none,none,bg_001.jpg,315.0,0,,,False,False,False,0.0,,False,,,0.0,0,0,1,0.5,5,
928,images/s3_position_bottom_left_7.jpg,fixed_core_test,SYNTHETIC_3D,ok,outputs/shuttle_capability/controlled_capability/images/s3_position_bottom_left_7.jpg,18,18,212,746,203.0,737.0,221.0,755.0,18.0,18.0,18.0,16-24,pinned_oblique,bottom_left,none,none,bg_001.jpg,315.0,3,0.6870318651199341,0.0,False,False,False,0.0,,False,,,0.0,0,3,1,0.5,5,
929,images/s3_position_bottom_left_8.jpg,fixed_core_test,SYNTHETIC_3D,ok,outputs/shuttle_capability/controlled_capability/images/s3_position_bottom_left_8.jpg,18,18,212,746,203.0,737.0,221.0,755.0,18.0,18.0,18.0,16-24,pinned_oblique,bottom_left,none,none,bg_001.jpg,315.0,1,0.05305910483002663,0.0,False,False,False,0.0,,False,,,0.0,0,1,1,0.5,5,
930,images/s3_position_bottom_left_9.jpg,fixed_core_test,SYNTHETIC_3D,ok,outputs/shuttle_capability/controlled_capability/images/s3_position_bottom_left_9.jpg,18,18,212,746,203.0,737.0,221.0,755.0,18.0,18.0,18.0,16-24,pinned_oblique,bottom_left,none,none,bg_001.jpg,315.0,0,,,False,False,False,0.0,,False,,,0.0,0,0,1,0.5,5,
931,images/s3_position_bottom_left_10.jpg,fixed_core_test,SYNTHETIC_3D,ok,outputs/shuttle_capability/controlled_capability/images/s3_position_bottom_left_10.jpg,18,18,212,746,203.0,737.0,221.0,755.0,18.0,18.0,18.0,16-24,pinned_oblique,bottom_left,none,none,bg_001.jpg,315.0,1,0.083677276968956,0.0,False,False,False,0.0,,False,,,0.0,0,1,1,0.5,5,
932,images/s3_position_bottom_left_11.jpg,fixed_core_test,SYNTHETIC_3D,ok,outputs/shuttle_capability/controlled_capability/images/s3_position_bottom_left_11.jpg,18,18,212,746,203.0,737.0,221.0,755.0,18.0,18.0,18.0,16-24,pinned_oblique,bottom_left,none,none,bg_001.jpg,315.0,2,0.18745435774326324,0.736607165967648,True,True,False,0.7784800162642367,1.9207711097741096,True,1,0.18745435774326324,0.736607165967648,1,1,0,0.5,5,
933,images/s3_position_bottom_left_12.jpg,fixed_core_test,SYNTHETIC_3D,ok,outputs/shuttle_capability/controlled_capability/images/s3_position_bottom_left_12.jpg,18,18,212,746,203.0,737.0,221.0,755.0,18.0,18.0,18.0,16-24,pinned_oblique,bottom_left,none,none,bg_001.jpg,315.0,0,,,False,False,False,0.0,,False,,,0.0,0,0,1,0.5,5,
934,images/s3_position_bottom_left_13.jpg,fixed_core_test,SYNTHETIC_3D,ok,outputs/shuttle_capability/controlled_capability/images/s3_position_bottom_left_13.jpg,18,18,212,746,203.0,737.0,221.0,755.0,18.0,18.0,18.0,16-24,pinned_oblique,bottom_left,none,none,bg_001.jpg,315.0,2,0.3042619824409485,0.5994116249190898,True,True,False,0.8180872670397806,2.863722856642069,True,2,0.28462326526641846,0.6743708802799546,1,1,0,0.5,5,
935,images/s3_position_bottom_left_14.jpg,fixed_core_test,SYNTHETIC_3D,ok,outputs/shuttle_capability/controlled_capability/images/s3_position_bottom_left_14.jpg,18,18,212,746,203.0,737.0,221.0,755.0,18.0,18.0,18.0,16-24,pinned_oblique,bottom_left,none,none,bg_001.jpg,315.0,1,0.05046803504228592,0.0,False,False,False,0.0,,False,,,0.0,0,1,1,0.5,5,
936,images/s3_position_bottom_left_15.jpg,fixed_core_test,SYNTHETIC_3D,ok,outputs/shuttle_capability/controlled_capability/images/s3_position_bottom_left_15.jpg,18,18,212,746,203.0,737.0,221.0,755.0,18.0,18.0,18.0,16-24,pinned_oblique,bottom_left,none,none,bg_001.jpg,315.0,4,0.5151513814926147,0.7125271032737971,True,True,False,0.7936340238623045,2.379740648803649,True,1,0.5151513814926147,0.7125271032737971,1,3,0,0.5,5,
937,images/s3_position_bottom_left_16.jpg,fixed_core_test,SYNTHETIC_3D,ok,outputs/shuttle_capability/controlled_capability/images/s3_position_bottom_left_16.jpg,18,18,212,746,203.0,737.0,221.0,755.0,18.0,18.0,18.0,16-24,pinned_oblique,bottom_left,none,none,bg_001.jpg,315.0,2,0.311063677072525,0.0,False,False,False,0.0,,False,,,0.0,0,2,1,0.5,5,
938,images/s3_position_bottom_left_17.jpg,fixed_core_test,SYNTHETIC_3D,ok,outputs/shuttle_capability/controlled_capability/images/s3_position_bottom_left_17.jpg,18,18,212,746,203.0,737.0,221.0,755.0,18.0,18.0,18.0,16-24,pinned_oblique,bottom_left,none,none,bg_001.jpg,315.0,1,0.09297046810388565,0.0,False,False,False,0.0,,False,,,0.0,0,1,1,0.5,5,
939,images/s3_position_bottom_left_18.jpg,fixed_core_test,SYNTHETIC_3D,ok,outputs/shuttle_capability/controlled_capability/images/s3_position_bottom_left_18.jpg,18,18,212,746,203.0,737.0,221.0,755.0,18.0,18.0,18.0,16-24,pinned_oblique,bottom_left,none,none,bg_001.jpg,315.0,6,0.3116748034954071,0.28891700633450007,False,False,False,0.5883335626661134,3.816001187862851,True,6,0.08342023938894272,0.5028830095344109,1,5,0,0.5,5,
940,images/s3_position_bottom_left_19.jpg,fixed_core_test,SYNTHETIC_3D,ok,outputs/shuttle_capability/controlled_capability/images/s3_position_bottom_left_19.jpg,18,18,212,746,203.0,737.0,221.0,755.0,18.0,18.0,18.0,16-24,pinned_oblique,bottom_left,none,none,bg_001.jpg,315.0,4,0.23054465651512146,0.0,False,True,False,0.7541981016423691,2.0425948166967696,True,4,0.05970415100455284,0.6463881523054427,1,3,0,0.5,5,
941,images/s3_position_bottom_left_20.jpg,fixed_core_test,SYNTHETIC_3D,ok,outputs/shuttle_capability/controlled_capability/images/s3_position_bottom_left_20.jpg,18,18,212,746,203.0,737.0,221.0,755.0,18.0,18.0,18.0,16-24,pinned_oblique,bottom_left,none,none,bg_001.jpg,315.0,3,0.24675334990024567,0.5399377242950719,True,True,False,0.7594481088841954,1.9752716357979778,True,3,0.10082011669874191,0.697297367886202,1,2,0,0.5,5,
942,images/s3_position_bottom_left_21.jpg,fixed_core_test,SYNTHETIC_3D,ok,outputs/shuttle_capability/controlled_capability/images/s3_position_bottom_left_21.jpg,18,18,212,746,203.0,737.0,221.0,755.0,18.0,18.0,18.0,16-24,pinned_oblique,bottom_left,none,none,bg_001.jpg,315.0,0,,,False,False,False,0.0,,False,,,0.0,0,0,1,0.5,5,
943,images/s3_position_bottom_left_22.jpg,fixed_core_test,SYNTHETIC_3D,ok,outputs/shuttle_capability/controlled_capability/images/s3_position_bottom_left_22.jpg,18,18,212,746,203.0,737.0,221.0,755.0,18.0,18.0,18.0,16-24,pinned_oblique,bottom_left,none,none,bg_001.jpg,315.0,4,0.1729261875152588,0.3343311209127309,False,False,False,0.6291084252642812,,False,,,0.485792781487376,0,4,1,0.5,5,
944,images/s3_position_bottom_left_23.jpg,fixed_core_test,SYNTHETIC_3D,ok,outputs/shuttle_capability/controlled_capability/images/s3_position_bottom_left_23.jpg,18,18,212,746,203.0,737.0,221.0,755.0,18.0,18.0,18.0,16-24,pinned_oblique,bottom_left,none,none,bg_001.jpg,315.0,1,0.6983036994934082,0.7507383030908683,True,True,False,0.8344649899417511,1.9525257042312159,True,1,0.6983036994934082,0.7507383030908683,1,0,0,0.5,5,
945,images/s3_position_bottom_left_24.jpg,fixed_core_test,SYNTHETIC_3D,ok,outputs/shuttle_capability/controlled_capability/images/s3_position_bottom_left_24.jpg,18,18,212,746,203.0,737.0,221.0,755.0,18.0,18.0,18.0,16-24,pinned_oblique,bottom_left,none,none,bg_001.jpg,315.0,1,0.4895634949207306,0.0,False,False,False,0.0,,False,,,0.0,0,1,1,0.5,5,
946,images/s3_position_bottom_left_25.jpg,fixed_core_test,SYNTHETIC_3D,ok,outputs/shuttle_capability/controlled_capability/images/s3_position_bottom_left_25.jpg,18,18,212,746,203.0,737.0,221.0,755.0,18.0,18.0,18.0,16-24,pinned_oblique,bottom_left,none,none,bg_001.jpg,315.0,3,0.6034284830093384,0.5977579023813197,True,True,False,0.8111943821710201,2.6089108911048084,True,2,0.24354632198810577,0.6498271432089908,1,2,0,0.5,5,
947,images/s3_position_bottom_left_26.jpg,fixed_core_test,SYNTHETIC_3D,ok,outputs/shuttle_capability/controlled_capability/images/s3_position_bottom_left_26.jpg,18,18,212,746,203.0,737.0,221.0,755.0,18.0,18.0,18.0,16-24,pinned_oblique,bottom_left,none,none,bg_001.jpg,315.0,2,0.15545134246349335,0.0,False,True,False,0.6097771187519861,1.5451381142589924,True,2,0.1039918065071106,0.6097771187519861,1,1,0,0.5,5,
948,images/s3_position_bottom_left_27.jpg,fixed_core_test,SYNTHETIC_3D,ok,outputs/shuttle_capability/controlled_capability/images/s3_position_bottom_left_27.jpg,18,18,212,746,203.0,737.0,221.0,755.0,18.0,18.0,18.0,16-24,pinned_oblique,bottom_left,none,none,bg_001.jpg,315.0,2,0.8364997506141663,0.0,False,True,False,0.7596886969274945,1.4040464017377328,True,2,0.05987925082445145,0.7423830915356794,1,1,0,0.5,5,
949,images/s3_position_bottom_left_28.jpg,fixed_core_test,SYNTHETIC_3D,ok,outputs/shuttle_capability/controlled_capability/images/s3_position_bottom_left_28.jpg,18,18,212,746,203.0,737.0,221.0,755.0,18.0,18.0,18.0,16-24,pinned_oblique,bottom_left,none,none,bg_001.jpg,315.0,0,,,False,False,False,0.0,,False,,,0.0,0,0,1,0.5,5,
950,images/s3_position_bottom_left_29.jpg,fixed_core_test,SYNTHETIC_3D,ok,outputs/shuttle_capability/controlled_capability/images/s3_position_bottom_left_29.jpg,18,18,212,746,203.0,737.0,221.0,755.0,18.0,18.0,18.0,16-24,pinned_oblique,bottom_left,none,none,bg_001.jpg,315.0,4,0.4810495674610138,0.6598862535320222,True,True,False,0.6598862535320222,0.9640186278047662,True,1,0.4810495674610138,0.6598862535320222,1,3,0,0.5,5,
951,images/s3_position_bottom_left_30.jpg,fixed_core_test,SYNTHETIC_3D,ok,outputs/shuttle_capability/controlled_capability/images/s3_position_bottom_left_30.jpg,18,18,212,746,203.0,737.0,221.0,755.0,18.0,18.0,18.0,16-24,pinned_oblique,bottom_left,none,none,bg_001.jpg,315.0,5,0.6610513925552368,0.4976795488944534,False,True,False,0.8251428436545403,2.852810141257085,True,4,0.10944486409425735,0.6344653037494801,1,4,0,0.5,5,
952,images/s3_position_bottom_left_31.jpg,fixed_core_test,SYNTHETIC_3D,ok,outputs/shuttle_capability/controlled_capability/images/s3_position_bottom_left_31.jpg,18,18,212,746,203.0,737.0,221.0,755.0,18.0,18.0,18.0,16-24,pinned_oblique,bottom_left,none,none,bg_001.jpg,315.0,1,0.20812690258026123,0.0,False,False,False,0.0,,False,,,0.0,0,1,1,0.5,5,
953,images/s3_position_bottom_left_32.jpg,fixed_core_test,SYNTHETIC_3D,ok,outputs/shuttle_capability/controlled_capability/images/s3_position_bottom_left_32.jpg,18,18,212,746,203.0,737.0,221.0,755.0,18.0,18.0,18.0,16-24,pinned_oblique,bottom_left,none,none,bg_001.jpg,315.0,0,,,False,False,False,0.0,,False,,,0.0,0,0,1,0.5,5,
954,images/s3_position_bottom_left_33.jpg,fixed_core_test,SYNTHETIC_3D,ok,outputs/shuttle_capability/controlled_capability/images/s3_position_bottom_left_33.jpg,18,18,212,746,203.0,737.0,221.0,755.0,18.0,18.0,18.0,16-24,pinned_oblique,bottom_left,none,none,bg_001.jpg,315.0,1,0.2689678370952606,0.0,False,False,False,0.0,,False,,,0.0,0,1,1,0.5,5,
955,images/s3_position_bottom_left_34.jpg,fixed_core_test,SYNTHETIC_3D,ok,outputs/shuttle_capability/controlled_capability/images/s3_position_bottom_left_34.jpg,18,18,212,746,203.0,737.0,221.0,755.0,18.0,18.0,18.0,16-24,pinned_oblique,bottom_left,none,none,bg_001.jpg,315.0,4,0.24786792695522308,0.0,False,False,False,0.0,,False,,,0.0,0,4,1,0.5,5,
956,images/s3_position_bottom_left_35.jpg,fixed_core_test,SYNTHETIC_3D,ok,outputs/shuttle_capability/controlled_capability/images/s3_position_bottom_left_35.jpg,18,18,212,746,203.0,737.0,221.0,755.0,18.0,18.0,18.0,16-24,pinned_oblique,bottom_left,none,none,bg_001.jpg,315.0,5,0.15609723329544067,0.0,False,False,False,0.0,,False,,,0.0,0,5,1,0.5,5,
957,images/s3_position_bottom_left_36.jpg,fixed_core_test,SYNTHETIC_3D,ok,outputs/shuttle_capability/controlled_capability/images/s3_position_bottom_left_36.jpg,18,18,212,746,203.0,737.0,221.0,755.0,18.0,18.0,18.0,16-24,pinned_oblique,bottom_left,none,none,bg_001.jpg,315.0,1,0.20301583409309387,0.6747826971399906,True,True,False,0.7661388715108236,2.664732845385442,True,1,0.20301583409309387,0.6747826971399906,1,0,0,0.5,5,
958,images/s3_position_bottom_left_37.jpg,fixed_core_test,SYNTHETIC_3D,ok,outputs/shuttle_capability/controlled_capability/images/s3_position_bottom_left_37.jpg,18,18,212,746,203.0,737.0,221.0,755.0,18.0,18.0,18.0,16-24,pinned_oblique,bottom_left,none,none,bg_001.jpg,315.0,1,0.31927597522735596,0.0,False,False,False,0.0,,False,,,0.0,0,1,1,0.5,5,
959,images/s3_position_bottom_left_38.jpg,fixed_core_test,SYNTHETIC_3D,ok,outputs/shuttle_capability/controlled_capability/images/s3_position_bottom_left_38.jpg,18,18,212,746,203.0,737.0,221.0,755.0,18.0,18.0,18.0,16-24,pinned_oblique,bottom_left,none,none,bg_001.jpg,315.0,2,0.7408285737037659,0.6382332061695578,True,True,False,0.7450129362254369,3.071437364675983,True,1,0.7408285737037659,0.6382332061695578,1,1,0,0.5,5,
960,images/s3_position_bottom_left_39.jpg,fixed_core_test,SYNTHETIC_3D,ok,outputs/shuttle_capability/controlled_capability/images/s3_position_bottom_left_39.jpg,18,18,212,746,203.0,737.0,221.0,755.0,18.0,18.0,18.0,16-24,pinned_oblique,bottom_left,none,none,bg_001.jpg,315.0,2,0.19751307368278503,0.0,False,False,False,0.0,,False,,,0.0,0,2,1,0.5,5,
961,images/s3_position_bottom_right_0.jpg,fixed_core_test,SYNTHETIC_3D,ok,outputs/shuttle_capability/controlled_capability/images/s3_position_bottom_right_0.jpg,15,20,750,746,742.5,736.0,757.5,756.0,15.0,20.0,17.321,16-24,pinned_oblique,bottom_right,none,none,bg_001.jpg,315.0,4,0.811400830745697,0.7349111157585503,True,True,False,0.8272876011580229,2.604171103970403,True,1,0.811400830745697,0.7349111157585503,1,3,0,0.5,5,
962,images/s3_position_bottom_right_1.jpg,fixed_core_test,SYNTHETIC_3D,ok,outputs/shuttle_capability/controlled_capability/images/s3_position_bottom_right_1.jpg,15,20,750,746,742.5,736.0,757.5,756.0,15.0,20.0,17.321,16-24,pinned_oblique,bottom_right,none,none,bg_001.jpg,315.0,2,0.14500407874584198,0.0,False,False,False,0.0,,False,,,0.0,0,2,1,0.5,5,
963,images/s3_position_bottom_right_2.jpg,fixed_core_test,SYNTHETIC_3D,ok,outputs/shuttle_capability/controlled_capability/images/s3_position_bottom_right_2.jpg,15,20,750,746,742.5,736.0,757.5,756.0,15.0,20.0,17.321,16-24,pinned_oblique,bottom_right,none,none,bg_001.jpg,315.0,2,0.4978334903717041,0.8340818786621647,True,True,False,0.8486925554275513,1.376026010538547,True,1,0.4978334903717041,0.8340818786621647,1,1,0,0.5,5,
964,images/s3_position_bottom_right_3.jpg,fixed_core_test,SYNTHETIC_3D,ok,outputs/shuttle_capability/controlled_capability/images/s3_position_bottom_right_3.jpg,15,20,750,746,742.5,736.0,757.5,756.0,15.0,20.0,17.321,16-24,pinned_oblique,bottom_right,none,none,bg_001.jpg,315.0,0,,,False,False,False,0.0,,False,,,0.0,0,0,1,0.5,5,
965,images/s3_position_bottom_right_4.jpg,fixed_core_test,SYNTHETIC_3D,ok,outputs/shuttle_capability/controlled_capability/images/s3_position_bottom_right_4.jpg,15,20,750,746,742.5,736.0,757.5,756.0,15.0,20.0,17.321,16-24,pinned_oblique,bottom_right,none,none,bg_001.jpg,315.0,1,0.06393029540777206,0.0,False,False,False,0.0,,False,,,0.0,0,1,1,0.5,5,
966,images/s3_position_bottom_right_5.jpg,fixed_core_test,SYNTHETIC_3D,ok,outputs/shuttle_capability/controlled_capability/images/s3_position_bottom_right_5.jpg,15,20,750,746,742.5,736.0,757.5,756.0,15.0,20.0,17.321,16-24,pinned_oblique,bottom_right,none,none,bg_001.jpg,315.0,0,,,False,False,False,0.0,,False,,,0.0,0,0,1,0.5,5,
967,images/s3_position_bottom_right_6.jpg,fixed_core_test,SYNTHETIC_3D,ok,outputs/shuttle_capability/controlled_capability/images/s3_position_bottom_right_6.jpg,15,20,750,746,742.5,736.0,757.5,756.0,15.0,20.0,17.321,16-24,pinned_oblique,bottom_right,none,none,bg_001.jpg,315.0,0,,,False,False,False,0.0,,False,,,0.0,0,0,1,0.5,5,
968,images/s3_position_bottom_right_7.jpg,fixed_core_test,SYNTHETIC_3D,ok,outputs/shuttle_capability/controlled_capability/images/s3_position_bottom_right_7.jpg,15,20,750,746,742.5,736.0,757.5,756.0,15.0,20.0,17.321,16-24,pinned_oblique,bottom_right,none,none,bg_001.jpg,315.0,2,0.745297908782959,0.0,False,False,False,0.0,,False,,,0.0,0,2,1,0.5,5,
969,images/s3_position_bottom_right_8.jpg,fixed_core_test,SYNTHETIC_3D,ok,outputs/shuttle_capability/controlled_capability/images/s3_position_bottom_right_8.jpg,15,20,750,746,742.5,736.0,757.5,756.0,15.0,20.0,17.321,16-24,pinned_oblique,bottom_right,none,none,bg_001.jpg,315.0,1,0.05392921715974808,0.0,False,False,False,0.0,,False,,,0.0,0,1,1,0.5,5,
970,images/s3_position_bottom_right_9.jpg,fixed_core_test,SYNTHETIC_3D,ok,outputs/shuttle_capability/controlled_capability/images/s3_position_bottom_right_9.jpg,15,20,750,746,742.5,736.0,757.5,756.0,15.0,20.0,17.321,16-24,pinned_oblique,bottom_right,none,none,bg_001.jpg,315.0,1,0.1789882481098175,0.6530858019455301,True,True,False,0.6938542988399664,3.3196279988438997,True,1,0.1789882481098175,0.6530858019455301,1,0,0,0.5,5,
971,images/s3_position_bottom_right_10.jpg,fixed_core_test,SYNTHETIC_3D,ok,outputs/shuttle_capability/controlled_capability/images/s3_position_bottom_right_10.jpg,15,20,750,746,742.5,736.0,757.5,756.0,15.0,20.0,17.321,16-24,pinned_oblique,bottom_right,none,none,bg_001.jpg,315.0,2,0.10442361235618591,0.0,False,False,False,0.0,,False,,,0.0,0,2,1,0.5,5,
972,images/s3_position_bottom_right_11.jpg,fixed_core_test,SYNTHETIC_3D,ok,outputs/shuttle_capability/controlled_capability/images/s3_position_bottom_right_11.jpg,15,20,750,746,742.5,736.0,757.5,756.0,15.0,20.0,17.321,16-24,pinned_oblique,bottom_right,none,none,bg_001.jpg,315.0,3,0.48568686842918396,0.7010587937033856,True,True,False,0.7707338309660554,2.731377663352572,True,1,0.48568686842918396,0.7010587937033856,1,2,0,0.5,5,
973,images/s3_position_bottom_right_12.jpg,fixed_core_test,SYNTHETIC_3D,ok,outputs/shuttle_capability/controlled_capability/images/s3_position_bottom_right_12.jpg,15,20,750,746,742.5,736.0,757.5,756.0,15.0,20.0,17.321,16-24,pinned_oblique,bottom_right,none,none,bg_001.jpg,315.0,0,,,False,False,False,0.0,,False,,,0.0,0,0,1,0.5,5,
974,images/s3_position_bottom_right_13.jpg,fixed_core_test,SYNTHETIC_3D,ok,outputs/shuttle_capability/controlled_capability/images/s3_position_bottom_right_13.jpg,15,20,750,746,742.5,736.0,757.5,756.0,15.0,20.0,17.321,16-24,pinned_oblique,bottom_right,none,none,bg_001.jpg,315.0,1,0.07633015513420105,0.8088514102235049,True,True,True,0.952435302734375,0.9676845944733077,True,1,0.07633015513420105,0.8088514102235049,1,0,0,0.5,5,
975,images/s3_position_bottom_right_14.jpg,fixed_core_test,SYNTHETIC_3D,ok,outputs/shuttle_capability/controlled_capability/images/s3_position_bottom_right_14.jpg,15,20,750,746,742.5,736.0,757.5,756.0,15.0,20.0,17.321,16-24,pinned_oblique,bottom_right,none,none,bg_001.jpg,315.0,1,0.684687077999115,0.8401743552206349,True,True,False,0.8772111264119545,1.4987930033756567,True,1,0.684687077999115,0.8401743552206349,1,0,0,0.5,5,
976,images/s3_position_bottom_right_15.jpg,fixed_core_test,SYNTHETIC_3D,ok,outputs/shuttle_capability/controlled_capability/images/s3_position_bottom_right_15.jpg,15,20,750,746,742.5,736.0,757.5,756.0,15.0,20.0,17.321,16-24,pinned_oblique,bottom_right,none,none,bg_001.jpg,315.0,4,0.25261813402175903,0.0,False,False,False,0.0,,False,,,0.0,0,4,1,0.5,5,
977,images/s3_position_bottom_right_16.jpg,fixed_core_test,SYNTHETIC_3D,ok,outputs/shuttle_capability/controlled_capability/images/s3_position_bottom_right_16.jpg,15,20,750,746,742.5,736.0,757.5,756.0,15.0,20.0,17.321,16-24,pinned_oblique,bottom_right,none,none,bg_001.jpg,315.0,2,0.3901617228984833,0.0,False,False,False,0.0,,False,,,0.0,0,2,1,0.5,5,
978,images/s3_position_bottom_right_17.jpg,fixed_core_test,SYNTHETIC_3D,ok,outputs/shuttle_capability/controlled_capability/images/s3_position_bottom_right_17.jpg,15,20,750,746,742.5,736.0,757.5,756.0,15.0,20.0,17.321,16-24,pinned_oblique,bottom_right,none,none,bg_001.jpg,315.0,1,0.12316794693470001,0.0,False,False,False,0.0,,False,,,0.0,0,1,1,0.5,5,
979,images/s3_position_bottom_right_18.jpg,fixed_core_test,SYNTHETIC_3D,ok,outputs/shuttle_capability/controlled_capability/images/s3_position_bottom_right_18.jpg,15,20,750,746,742.5,736.0,757.5,756.0,15.0,20.0,17.321,16-24,pinned_oblique,bottom_right,none,none,bg_001.jpg,315.0,2,0.3049369752407074,0.0,False,False,False,0.0,,False,,,0.0,0,2,1,0.5,5,
980,images/s3_position_bottom_right_19.jpg,fixed_core_test,SYNTHETIC_3D,ok,outputs/shuttle_capability/controlled_capability/images/s3_position_bottom_right_19.jpg,15,20,750,746,742.5,736.0,757.5,756.0,15.0,20.0,17.321,16-24,pinned_oblique,bottom_right,none,none,bg_001.jpg,315.0,3,0.7935765981674194,0.8205836447286622,True,True,False,0.8860501892864704,1.546962593469232,True,1,0.7935765981674194,0.8205836447286622,1,2,0,0.5,5,
981,images/s3_position_bottom_right_20.jpg,fixed_core_test,SYNTHETIC_3D,ok,outputs/shuttle_capability/controlled_capability/images/s3_position_bottom_right_20.jpg,15,20,750,746,742.5,736.0,757.5,756.0,15.0,20.0,17.321,16-24,pinned_oblique,bottom_right,none,none,bg_001.jpg,315.0,2,0.5128510594367981,0.8495405681396057,True,True,False,0.8589006087183952,1.0642599687398684,True,1,0.5128510594367981,0.8495405681396057,1,1,0,0.5,5,
982,images/s3_position_bottom_right_21.jpg,fixed_core_test,SYNTHETIC_3D,ok,outputs/shuttle_capability/controlled_capability/images/s3_position_bottom_right_21.jpg,15,20,750,746,742.5,736.0,757.5,756.0,15.0,20.0,17.321,16-24,pinned_oblique,bottom_right,none,none,bg_001.jpg,315.0,0,,,False,False,False,0.0,,False,,,0.0,0,0,1,0.5,5,
983,images/s3_position_bottom_right_22.jpg,fixed_core_test,SYNTHETIC_3D,ok,outputs/shuttle_capability/controlled_capability/images/s3_position_bottom_right_22.jpg,15,20,750,746,742.5,736.0,757.5,756.0,15.0,20.0,17.321,16-24,pinned_oblique,bottom_right,none,none,bg_001.jpg,315.0,1,0.06836791336536407,0.0,False,False,False,0.0,,False,,,0.0,0,1,1,0.5,5,
984,images/s3_position_bottom_right_23.jpg,fixed_core_test,SYNTHETIC_3D,ok,outputs/shuttle_capability/controlled_capability/images/s3_position_bottom_right_23.jpg,15,20,750,746,742.5,736.0,757.5,756.0,15.0,20.0,17.321,16-24,pinned_oblique,bottom_right,none,none,bg_001.jpg,315.0,0,,,False,False,False,0.0,,False,,,0.0,0,0,1,0.5,5,
985,images/s3_position_bottom_right_24.jpg,fixed_core_test,SYNTHETIC_3D,ok,outputs/shuttle_capability/controlled_capability/images/s3_position_bottom_right_24.jpg,15,20,750,746,742.5,736.0,757.5,756.0,15.0,20.0,17.321,16-24,pinned_oblique,bottom_right,none,none,bg_001.jpg,315.0,3,0.8201887011528015,0.8607657425013334,True,True,True,0.940399169921875,1.1736472751382099,True,1,0.8201887011528015,0.8607657425013334,1,2,0,0.5,5,
986,images/s3_position_bottom_right_25.jpg,fixed_core_test,SYNTHETIC_3D,ok,outputs/shuttle_capability/controlled_capability/images/s3_position_bottom_right_25.jpg,15,20,750,746,742.5,736.0,757.5,756.0,15.0,20.0,17.321,16-24,pinned_oblique,bottom_right,none,none,bg_001.jpg,315.0,1,0.45132625102996826,0.8015622641328203,True,True,False,0.8454869412879149,1.366004052902656,True,1,0.45132625102996826,0.8015622641328203,1,0,0,0.5,5,
987,images/s3_position_bottom_right_26.jpg,fixed_core_test,SYNTHETIC_3D,ok,outputs/shuttle_capability/controlled_capability/images/s3_position_bottom_right_26.jpg,15,20,750,746,742.5,736.0,757.5,756.0,15.0,20.0,17.321,16-24,pinned_oblique,bottom_right,none,none,bg_001.jpg,315.0,2,0.1940270960330963,0.0,False,False,False,0.0,,False,,,0.0,0,2,1,0.5,5,
988,images/s3_position_bottom_right_27.jpg,fixed_core_test,SYNTHETIC_3D,ok,outputs/shuttle_capability/controlled_capability/images/s3_position_bottom_right_27.jpg,15,20,750,746,742.5,736.0,757.5,756.0,15.0,20.0,17.321,16-24,pinned_oblique,bottom_right,none,none,bg_001.jpg,315.0,2,0.8412371873855591,0.0,False,False,False,0.0,,False,,,0.0,0,2,1,0.5,5,
989,images/s3_position_bottom_right_28.jpg,fixed_core_test,SYNTHETIC_3D,ok,outputs/shuttle_capability/controlled_capability/images/s3_position_bottom_right_28.jpg,15,20,750,746,742.5,736.0,757.5,756.0,15.0,20.0,17.321,16-24,pinned_oblique,bottom_right,none,none,bg_001.jpg,315.0,0,,,False,False,False,0.0,,False,,,0.0,0,0,1,0.5,5,
990,images/s3_position_bottom_right_29.jpg,fixed_core_test,SYNTHETIC_3D,ok,outputs/shuttle_capability/controlled_capability/images/s3_position_bottom_right_29.jpg,15,20,750,746,742.5,736.0,757.5,756.0,15.0,20.0,17.321,16-24,pinned_oblique,bottom_right,none,none,bg_001.jpg,315.0,3,0.07563424855470657,0.0,False,False,False,0.0,,False,,,0.0,0,3,1,0.5,5,
991,images/s3_position_bottom_right_30.jpg,fixed_core_test,SYNTHETIC_3D,ok,outputs/shuttle_capability/controlled_capability/images/s3_position_bottom_right_30.jpg,15,20,750,746,742.5,736.0,757.5,756.0,15.0,20.0,17.321,16-24,pinned_oblique,bottom_right,none,none,bg_001.jpg,315.0,1,0.27315232157707214,0.7284917758476713,True,True,False,0.8327000373601914,2.127548250330686,True,1,0.27315232157707214,0.7284917758476713,1,0,0,0.5,5,
992,images/s3_position_bottom_right_31.jpg,fixed_core_test,SYNTHETIC_3D,ok,outputs/shuttle_capability/controlled_capability/images/s3_position_bottom_right_31.jpg,15,20,750,746,742.5,736.0,757.5,756.0,15.0,20.0,17.321,16-24,pinned_oblique,bottom_right,none,none,bg_001.jpg,315.0,2,0.2197353094816208,0.0,False,False,False,0.0,,False,,,0.0,0,2,1,0.5,5,
993,images/s3_position_bottom_right_32.jpg,fixed_core_test,SYNTHETIC_3D,ok,outputs/shuttle_capability/controlled_capability/images/s3_position_bottom_right_32.jpg,15,20,750,746,742.5,736.0,757.5,756.0,15.0,20.0,17.321,16-24,pinned_oblique,bottom_right,none,none,bg_001.jpg,315.0,0,,,False,False,False,0.0,,False,,,0.0,0,0,1,0.5,5,
994,images/s3_position_bottom_right_33.jpg,fixed_core_test,SYNTHETIC_3D,ok,outputs/shuttle_capability/controlled_capability/images/s3_position_bottom_right_33.jpg,15,20,750,746,742.5,736.0,757.5,756.0,15.0,20.0,17.321,16-24,pinned_oblique,bottom_right,none,none,bg_001.jpg,315.0,2,0.2414446771144867,0.8445851188913351,True,True,False,0.8719553288817405,0.620098263909866,True,1,0.2414446771144867,0.8445851188913351,1,1,0,0.5,5,
995,images/s3_position_bottom_right_34.jpg,fixed_core_test,SYNTHETIC_3D,ok,outputs/shuttle_capability/controlled_capability/images/s3_position_bottom_right_34.jpg,15,20,750,746,742.5,736.0,757.5,756.0,15.0,20.0,17.321,16-24,pinned_oblique,bottom_right,none,none,bg_001.jpg,315.0,6,0.1719946712255478,0.8997299626831354,True,True,True,0.9724651619791984,0.7116679674124994,True,1,0.1719946712255478,0.8997299626831354,1,5,0,0.5,5,
996,images/s3_position_bottom_right_35.jpg,fixed_core_test,SYNTHETIC_3D,ok,outputs/shuttle_capability/controlled_capability/images/s3_position_bottom_right_35.jpg,15,20,750,746,742.5,736.0,757.5,756.0,15.0,20.0,17.321,16-24,pinned_oblique,bottom_right,none,none,bg_001.jpg,315.0,4,0.21529966592788696,0.0,False,False,False,0.0,,False,,,0.0,0,4,1,0.5,5,
997,images/s3_position_bottom_right_36.jpg,fixed_core_test,SYNTHETIC_3D,ok,outputs/shuttle_capability/controlled_capability/images/s3_position_bottom_right_36.jpg,15,20,750,746,742.5,736.0,757.5,756.0,15.0,20.0,17.321,16-24,pinned_oblique,bottom_right,none,none,bg_001.jpg,315.0,1,0.7809921503067017,0.7792061901231431,True,True,False,0.8660637141764164,1.6270537994967635,True,1,0.7809921503067017,0.7792061901231431,1,0,0,0.5,5,
998,images/s3_position_bottom_right_37.jpg,fixed_core_test,SYNTHETIC_3D,ok,outputs/shuttle_capability/controlled_capability/images/s3_position_bottom_right_37.jpg,15,20,750,746,742.5,736.0,757.5,756.0,15.0,20.0,17.321,16-24,pinned_oblique,bottom_right,none,none,bg_001.jpg,315.0,2,0.5612789392471313,0.7992251180954,True,True,False,0.8516643204291662,1.573553159965041,True,1,0.5612789392471313,0.7992251180954,1,1,0,0.5,5,
999,images/s3_position_bottom_right_38.jpg,fixed_core_test,SYNTHETIC_3D,ok,outputs/shuttle_capability/controlled_capability/images/s3_position_bottom_right_38.jpg,15,20,750,746,742.5,736.0,757.5,756.0,15.0,20.0,17.321,16-24,pinned_oblique,bottom_right,none,none,bg_001.jpg,315.0,3,0.09277354925870895,0.82403499616886,True,True,True,1.0,1.0294499762965263,True,1,0.09277354925870895,0.82403499616886,1,2,0,0.5,5,
1000,images/s3_position_bottom_right_39.jpg,fixed_core_test,SYNTHETIC_3D,ok,outputs/shuttle_capability/controlled_capability/images/s3_position_bottom_right_39.jpg,15,20,750,746,742.5,736.0,757.5,756.0,15.0,20.0,17.321,16-24,pinned_oblique,bottom_right,none,none,bg_001.jpg,315.0,1,0.12325654923915863,0.0,False,False,False,0.0,,False,,,0.0,0,1,1,0.5,5,
1001,images/s4_blur_none_0.jpg,fixed_core_test,SYNTHETIC_3D,ok,outputs/shuttle_capability/controlled_capability/images/s4_blur_none_0.jpg,18,18,481,477,472.0,468.0,490.0,486.0,18.0,18.0,18.0,16-24,pinned_oblique,center,none,none,bg_001.jpg,315.0,0,,,False,False,False,0.0,,False,,,0.0,0,0,1,0.5,5,
1002,images/s4_blur_none_1.jpg,fixed_core_test,SYNTHETIC_3D,ok,outputs/shuttle_capability/controlled_capability/images/s4_blur_none_1.jpg,18,18,481,477,472.0,468.0,490.0,486.0,18.0,18.0,18.0,16-24,pinned_oblique,center,none,none,bg_001.jpg,315.0,1,0.06468904763460159,0.0,False,False,False,0.0,,False,,,0.0,0,1,1,0.5,5,
1003,images/s4_blur_none_2.jpg,fixed_core_test,SYNTHETIC_3D,ok,outputs/shuttle_capability/controlled_capability/images/s4_blur_none_2.jpg,18,18,481,477,472.0,468.0,490.0,486.0,18.0,18.0,18.0,16-24,pinned_oblique,center,none,none,bg_001.jpg,315.0,2,0.6039257049560547,0.7921467268090784,True,True,True,0.9991354627856686,1.0121424461624082,True,1,0.6039257049560547,0.7921467268090784,1,1,0,0.5,5,
1004,images/s4_blur_none_3.jpg,fixed_core_test,SYNTHETIC_3D,ok,outputs/shuttle_capability/controlled_capability/images/s4_blur_none_3.jpg,18,18,481,477,472.0,468.0,490.0,486.0,18.0,18.0,18.0,16-24,pinned_oblique,center,none,none,bg_001.jpg,315.0,3,0.7555246353149414,0.0,False,False,False,0.0,,False,,,0.0,0,3,1,0.5,5,
1005,images/s4_blur_none_4.jpg,fixed_core_test,SYNTHETIC_3D,ok,outputs/shuttle_capability/controlled_capability/images/s4_blur_none_4.jpg,18,18,481,477,472.0,468.0,490.0,486.0,18.0,18.0,18.0,16-24,pinned_oblique,center,none,none,bg_001.jpg,315.0,2,0.09118979424238205,0.0,False,False,False,0.0,,False,,,0.0,0,2,1,0.5,5,
1006,images/s4_blur_none_5.jpg,fixed_core_test,SYNTHETIC_3D,ok,outputs/shuttle_capability/controlled_capability/images/s4_blur_none_5.jpg,18,18,481,477,472.0,468.0,490.0,486.0,18.0,18.0,18.0,16-24,pinned_oblique,center,none,none,bg_001.jpg,315.0,1,0.29093295335769653,0.0,False,False,False,0.0,,False,,,0.0,0,1,1,0.5,5,
1007,images/s4_blur_none_6.jpg,fixed_core_test,SYNTHETIC_3D,ok,outputs/shuttle_capability/controlled_capability/images/s4_blur_none_6.jpg,18,18,481,477,472.0,468.0,490.0,486.0,18.0,18.0,18.0,16-24,pinned_oblique,center,none,none,bg_001.jpg,315.0,1,0.5824258327484131,0.0,False,False,False,0.0,,False,,,0.0,0,1,1,0.5,5,
1008,images/s4_blur_none_7.jpg,fixed_core_test,SYNTHETIC_3D,ok,outputs/shuttle_capability/controlled_capability/images/s4_blur_none_7.jpg,18,18,481,477,472.0,468.0,490.0,486.0,18.0,18.0,18.0,16-24,pinned_oblique,center,none,none,bg_001.jpg,315.0,1,0.08960195630788803,0.0,False,False,False,0.0,,False,,,0.0,0,1,1,0.5,5,
1009,images/s4_blur_none_8.jpg,fixed_core_test,SYNTHETIC_3D,ok,outputs/shuttle_capability/controlled_capability/images/s4_blur_none_8.jpg,18,18,481,477,472.0,468.0,490.0,486.0,18.0,18.0,18.0,16-24,pinned_oblique,center,none,none,bg_001.jpg,315.0,2,0.07485982030630112,0.0,False,False,False,0.0,,False,,,0.0,0,2,1,0.5,5,
1010,images/s4_blur_none_9.jpg,fixed_core_test,SYNTHETIC_3D,ok,outputs/shuttle_capability/controlled_capability/images/s4_blur_none_9.jpg,18,18,481,477,472.0,468.0,490.0,486.0,18.0,18.0,18.0,16-24,pinned_oblique,center,none,none,bg_001.jpg,315.0,4,0.40794363617897034,0.6437843935099511,True,True,False,0.6613226166960818,2.6900869186206706,True,1,0.40794363617897034,0.6437843935099511,1,3,0,0.5,5,
1011,images/s4_blur_none_10.jpg,fixed_core_test,SYNTHETIC_3D,ok,outputs/shuttle_capability/controlled_capability/images/s4_blur_none_10.jpg,18,18,481,477,472.0,468.0,490.0,486.0,18.0,18.0,18.0,16-24,pinned_oblique,center,none,none,bg_001.jpg,315.0,1,0.37484028935432434,0.0,False,False,False,0.0,,False,,,0.0,0,1,1,0.5,5,
1012,images/s4_blur_none_11.jpg,fixed_core_test,SYNTHETIC_3D,ok,outputs/shuttle_capability/controlled_capability/images/s4_blur_none_11.jpg,18,18,481,477,472.0,468.0,490.0,486.0,18.0,18.0,18.0,16-24,pinned_oblique,center,none,none,bg_001.jpg,315.0,1,0.1417996734380722,0.0,False,False,False,0.0,,False,,,0.0,0,1,1,0.5,5,
1013,images/s4_blur_none_12.jpg,fixed_core_test,SYNTHETIC_3D,ok,outputs/shuttle_capability/controlled_capability/images/s4_blur_none_12.jpg,18,18,481,477,472.0,468.0,490.0,486.0,18.0,18.0,18.0,16-24,pinned_oblique,center,none,none,bg_001.jpg,315.0,1,0.2971987724304199,0.6064032348268261,True,True,False,0.6224091839114273,2.6892312984432554,True,1,0.2971987724304199,0.6064032348268261,1,0,0,0.5,5,
1014,images/s4_blur_none_13.jpg,fixed_core_test,SYNTHETIC_3D,ok,outputs/shuttle_capability/controlled_capability/images/s4_blur_none_13.jpg,18,18,481,477,472.0,468.0,490.0,486.0,18.0,18.0,18.0,16-24,pinned_oblique,center,none,none,bg_001.jpg,315.0,1,0.09358642250299454,0.0,False,False,False,0.0,,False,,,0.0,0,1,1,0.5,5,
1015,images/s4_blur_none_14.jpg,fixed_core_test,SYNTHETIC_3D,ok,outputs/shuttle_capability/controlled_capability/images/s4_blur_none_14.jpg,18,18,481,477,472.0,468.0,490.0,486.0,18.0,18.0,18.0,16-24,pinned_oblique,center,none,none,bg_001.jpg,315.0,2,0.1467304676771164,0.0,False,False,False,0.0,,False,,,0.0,0,2,1,0.5,5,
1016,images/s4_blur_none_15.jpg,fixed_core_test,SYNTHETIC_3D,ok,outputs/shuttle_capability/controlled_capability/images/s4_blur_none_15.jpg,18,18,481,477,472.0,468.0,490.0,486.0,18.0,18.0,18.0,16-24,pinned_oblique,center,none,none,bg_001.jpg,315.0,1,0.8160925507545471,0.0,False,False,False,0.0,,False,,,0.0,0,1,1,0.5,5,
1017,images/s4_blur_none_16.jpg,fixed_core_test,SYNTHETIC_3D,ok,outputs/shuttle_capability/controlled_capability/images/s4_blur_none_16.jpg,18,18,481,477,472.0,468.0,490.0,486.0,18.0,18.0,18.0,16-24,pinned_oblique,center,none,none,bg_001.jpg,315.0,1,0.7999058365821838,0.0,False,False,False,0.0,,False,,,0.0,0,1,1,0.5,5,
1018,images/s4_blur_none_17.jpg,fixed_core_test,SYNTHETIC_3D,ok,outputs/shuttle_capability/controlled_capability/images/s4_blur_none_17.jpg,18,18,481,477,472.0,468.0,490.0,486.0,18.0,18.0,18.0,16-24,pinned_oblique,center,none,none,bg_001.jpg,315.0,0,,,False,False,False,0.0,,False,,,0.0,0,0,1,0.5,5,
1019,images/s4_blur_none_18.jpg,fixed_core_test,SYNTHETIC_3D,ok,outputs/shuttle_capability/controlled_capability/images/s4_blur_none_18.jpg,18,18,481,477,472.0,468.0,490.0,486.0,18.0,18.0,18.0,16-24,pinned_oblique,center,none,none,bg_001.jpg,315.0,1,0.4995999038219452,0.6972223041772163,True,True,False,0.7132959847890392,2.1366308240391283,True,1,0.4995999038219452,0.6972223041772163,1,0,0,0.5,5,
1020,images/s4_blur_none_19.jpg,fixed_core_test,SYNTHETIC_3D,ok,outputs/shuttle_capability/controlled_capability/images/s4_blur_none_19.jpg,18,18,481,477,472.0,468.0,490.0,486.0,18.0,18.0,18.0,16-24,pinned_oblique,center,none,none,bg_001.jpg,315.0,2,0.1704041063785553,0.0,False,False,False,0.0,,False,,,0.0,0,2,1,0.5,5,
1021,images/s4_blur_light_0.jpg,fixed_core_test,SYNTHETIC_3D,ok,outputs/shuttle_capability/controlled_capability/images/s4_blur_light_0.jpg,18,18,481,477,472.0,468.0,490.0,486.0,18.0,18.0,18.0,16-24,pinned_oblique,center,light,none,bg_001.jpg,315.0,1,0.08345145732164383,0.0,False,False,False,0.0,,False,,,0.0,0,1,1,0.5,5,
1022,images/s4_blur_light_1.jpg,fixed_core_test,SYNTHETIC_3D,ok,outputs/shuttle_capability/controlled_capability/images/s4_blur_light_1.jpg,18,18,481,477,472.0,468.0,490.0,486.0,18.0,18.0,18.0,16-24,pinned_oblique,center,light,none,bg_001.jpg,315.0,0,,,False,False,False,0.0,,False,,,0.0,0,0,1,0.5,5,
1023,images/s4_blur_light_2.jpg,fixed_core_test,SYNTHETIC_3D,ok,outputs/shuttle_capability/controlled_capability/images/s4_blur_light_2.jpg,18,18,481,477,472.0,468.0,490.0,486.0,18.0,18.0,18.0,16-24,pinned_oblique,center,light,none,bg_001.jpg,315.0,1,0.4089805781841278,0.7236226963751813,True,True,False,0.8302742946306588,2.1925414812257356,True,1,0.4089805781841278,0.7236226963751813,1,0,0,0.5,5,
1024,images/s4_blur_light_3.jpg,fixed_core_test,SYNTHETIC_3D,ok,outputs/shuttle_capability/controlled_capability/images/s4_blur_light_3.jpg,18,18,481,477,472.0,468.0,490.0,486.0,18.0,18.0,18.0,16-24,pinned_oblique,center,light,none,bg_001.jpg,315.0,3,0.9062049984931946,0.0,False,False,False,0.0,,False,,,0.0,0,3,1,0.5,5,
1025,images/s4_blur_light_4.jpg,fixed_core_test,SYNTHETIC_3D,ok,outputs/shuttle_capability/controlled_capability/images/s4_blur_light_4.jpg,18,18,481,477,472.0,468.0,490.0,486.0,18.0,18.0,18.0,16-24,pinned_oblique,center,light,none,bg_001.jpg,315.0,0,,,False,False,False,0.0,,False,,,0.0,0,0,1,0.5,5,
1026,images/s4_blur_light_5.jpg,fixed_core_test,SYNTHETIC_3D,ok,outputs/shuttle_capability/controlled_capability/images/s4_blur_light_5.jpg,18,18,481,477,472.0,468.0,490.0,486.0,18.0,18.0,18.0,16-24,pinned_oblique,center,light,none,bg_001.jpg,315.0,5,0.30953851342201233,0.0,False,False,False,0.0,,False,,,0.0,0,5,1,0.5,5,
1027,images/s4_blur_light_6.jpg,fixed_core_test,SYNTHETIC_3D,ok,outputs/shuttle_capability/controlled_capability/images/s4_blur_light_6.jpg,18,18,481,477,472.0,468.0,490.0,486.0,18.0,18.0,18.0,16-24,pinned_oblique,center,light,none,bg_001.jpg,315.0,1,0.4123387932777405,0.0,False,False,False,0.0,,False,,,0.0,0,1,1,0.5,5,
1028,images/s4_blur_light_7.jpg,fixed_core_test,SYNTHETIC_3D,ok,outputs/shuttle_capability/controlled_capability/images/s4_blur_light_7.jpg,18,18,481,477,472.0,468.0,490.0,486.0,18.0,18.0,18.0,16-24,pinned_oblique,center,light,none,bg_001.jpg,315.0,0,,,False,False,False,0.0,,False,,,0.0,0,0,1,0.5,5,
1029,images/s4_blur_light_8.jpg,fixed_core_test,SYNTHETIC_3D,ok,outputs/shuttle_capability/controlled_capability/images/s4_blur_light_8.jpg,18,18,481,477,472.0,468.0,490.0,486.0,18.0,18.0,18.0,16-24,pinned_oblique,center,light,none,bg_001.jpg,315.0,3,0.23538942635059357,0.0,False,False,False,0.0,,False,,,0.0,0,3,1,0.5,5,
1030,images/s4_blur_light_9.jpg,fixed_core_test,SYNTHETIC_3D,ok,outputs/shuttle_capability/controlled_capability/images/s4_blur_light_9.jpg,18,18,481,477,472.0,468.0,490.0,486.0,18.0,18.0,18.0,16-24,pinned_oblique,center,light,none,bg_001.jpg,315.0,2,0.8572556972503662,0.0,False,True,False,0.6526517768700918,2.0780053288019538,True,2,0.06668098270893097,0.6478132606420244,1,1,0,0.5,5,
1031,images/s4_blur_light_10.jpg,fixed_core_test,SYNTHETIC_3D,ok,outputs/shuttle_capability/controlled_capability/images/s4_blur_light_10.jpg,18,18,481,477,472.0,468.0,490.0,486.0,18.0,18.0,18.0,16-24,pinned_oblique,center,light,none,bg_001.jpg,315.0,0,,,False,False,False,0.0,,False,,,0.0,0,0,1,0.5,5,
1032,images/s4_blur_light_11.jpg,fixed_core_test,SYNTHETIC_3D,ok,outputs/shuttle_capability/controlled_capability/images/s4_blur_light_11.jpg,18,18,481,477,472.0,468.0,490.0,486.0,18.0,18.0,18.0,16-24,pinned_oblique,center,light,none,bg_001.jpg,315.0,0,,,False,False,False,0.0,,False,,,0.0,0,0,1,0.5,5,
1033,images/s4_blur_light_12.jpg,fixed_core_test,SYNTHETIC_3D,ok,outputs/shuttle_capability/controlled_capability/images/s4_blur_light_12.jpg,18,18,481,477,472.0,468.0,490.0,486.0,18.0,18.0,18.0,16-24,pinned_oblique,center,light,none,bg_001.jpg,315.0,0,,,False,False,False,0.0,,False,,,0.0,0,0,1,0.5,5,
1034,images/s4_blur_light_13.jpg,fixed_core_test,SYNTHETIC_3D,ok,outputs/shuttle_capability/controlled_capability/images/s4_blur_light_13.jpg,18,18,481,477,472.0,468.0,490.0,486.0,18.0,18.0,18.0,16-24,pinned_oblique,center,light,none,bg_001.jpg,315.0,0,,,False,False,False,0.0,,False,,,0.0,0,0,1,0.5,5,
1035,images/s4_blur_light_14.jpg,fixed_core_test,SYNTHETIC_3D,ok,outputs/shuttle_capability/controlled_capability/images/s4_blur_light_14.jpg,18,18,481,477,472.0,468.0,490.0,486.0,18.0,18.0,18.0,16-24,pinned_oblique,center,light,none,bg_001.jpg,315.0,1,0.9014463424682617,0.0,False,False,False,0.0,,False,,,0.0,0,1,1,0.5,5,
1036,images/s4_blur_light_15.jpg,fixed_core_test,SYNTHETIC_3D,ok,outputs/shuttle_capability/controlled_capability/images/s4_blur_light_15.jpg,18,18,481,477,472.0,468.0,490.0,486.0,18.0,18.0,18.0,16-24,pinned_oblique,center,light,none,bg_001.jpg,315.0,2,0.9018723964691162,0.0,False,False,False,0.0,,False,,,0.0,0,2,1,0.5,5,
1037,images/s4_blur_light_16.jpg,fixed_core_test,SYNTHETIC_3D,ok,outputs/shuttle_capability/controlled_capability/images/s4_blur_light_16.jpg,18,18,481,477,472.0,468.0,490.0,486.0,18.0,18.0,18.0,16-24,pinned_oblique,center,light,none,bg_001.jpg,315.0,1,0.8462810516357422,0.0,False,False,False,0.0,,False,,,0.0,0,1,1,0.5,5,
1038,images/s4_blur_light_17.jpg,fixed_core_test,SYNTHETIC_3D,ok,outputs/shuttle_capability/controlled_capability/images/s4_blur_light_17.jpg,18,18,481,477,472.0,468.0,490.0,486.0,18.0,18.0,18.0,16-24,pinned_oblique,center,light,none,bg_001.jpg,315.0,0,,,False,False,False,0.0,,False,,,0.0,0,0,1,0.5,5,
1039,images/s4_blur_light_18.jpg,fixed_core_test,SYNTHETIC_3D,ok,outputs/shuttle_capability/controlled_capability/images/s4_blur_light_18.jpg,18,18,481,477,472.0,468.0,490.0,486.0,18.0,18.0,18.0,16-24,pinned_oblique,center,light,none,bg_001.jpg,315.0,3,0.12137959897518158,0.0,False,True,False,0.7505604359148829,2.1691400921088637,True,2,0.06390490382909775,0.7188199278163537,1,2,0,0.5,5,
1040,images/s4_blur_light_19.jpg,fixed_core_test,SYNTHETIC_3D,ok,outputs/shuttle_capability/controlled_capability/images/s4_blur_light_19.jpg,18,18,481,477,472.0,468.0,490.0,486.0,18.0,18.0,18.0,16-24,pinned_oblique,center,light,none,bg_001.jpg,315.0,2,0.8296598792076111,0.0,False,True,False,0.6257241140004753,2.5312950228142643,True,2,0.45142248272895813,0.6105597739455257,1,1,0,0.5,5,
1041,images/s4_blur_medium_0.jpg,fixed_core_test,SYNTHETIC_3D,ok,outputs/shuttle_capability/controlled_capability/images/s4_blur_medium_0.jpg,18,18,481,477,472.0,468.0,490.0,486.0,18.0,18.0,18.0,16-24,pinned_oblique,center,medium,none,bg_001.jpg,315.0,3,0.1120058074593544,0.0,False,False,False,0.0,,False,,,0.0,0,3,1,0.5,5,
1042,images/s4_blur_medium_1.jpg,fixed_core_test,SYNTHETIC_3D,ok,outputs/shuttle_capability/controlled_capability/images/s4_blur_medium_1.jpg,18,18,481,477,472.0,468.0,490.0,486.0,18.0,18.0,18.0,16-24,pinned_oblique,center,medium,none,bg_001.jpg,315.0,1,0.0726390853524208,0.0,False,False,False,0.0,,False,,,0.0,0,1,1,0.5,5,
1043,images/s4_blur_medium_2.jpg,fixed_core_test,SYNTHETIC_3D,ok,outputs/shuttle_capability/controlled_capability/images/s4_blur_medium_2.jpg,18,18,481,477,472.0,468.0,490.0,486.0,18.0,18.0,18.0,16-24,pinned_oblique,center,medium,none,bg_001.jpg,315.0,0,,,False,False,False,0.0,,False,,,0.0,0,0,1,0.5,5,
1044,images/s4_blur_medium_3.jpg,fixed_core_test,SYNTHETIC_3D,ok,outputs/shuttle_capability/controlled_capability/images/s4_blur_medium_3.jpg,18,18,481,477,472.0,468.0,490.0,486.0,18.0,18.0,18.0,16-24,pinned_oblique,center,medium,none,bg_001.jpg,315.0,3,0.919068455696106,0.0,False,False,False,0.0,,False,,,0.0,0,3,1,0.5,5,
1045,images/s4_blur_medium_4.jpg,fixed_core_test,SYNTHETIC_3D,ok,outputs/shuttle_capability/controlled_capability/images/s4_blur_medium_4.jpg,18,18,481,477,472.0,468.0,490.0,486.0,18.0,18.0,18.0,16-24,pinned_oblique,center,medium,none,bg_001.jpg,315.0,1,0.08600666373968124,0.0,False,False,False,0.0,,False,,,0.0,0,1,1,0.5,5,
1046,images/s4_blur_medium_5.jpg,fixed_core_test,SYNTHETIC_3D,ok,outputs/shuttle_capability/controlled_capability/images/s4_blur_medium_5.jpg,18,18,481,477,472.0,468.0,490.0,486.0,18.0,18.0,18.0,16-24,pinned_oblique,center,medium,none,bg_001.jpg,315.0,5,0.10940518230199814,0.0,False,False,False,0.0,,False,,,0.0,0,5,1,0.5,5,
1047,images/s4_blur_medium_6.jpg,fixed_core_test,SYNTHETIC_3D,ok,outputs/shuttle_capability/controlled_capability/images/s4_blur_medium_6.jpg,18,18,481,477,472.0,468.0,490.0,486.0,18.0,18.0,18.0,16-24,pinned_oblique,center,medium,none,bg_001.jpg,315.0,1,0.31419044733047485,0.0,False,False,False,0.0,,False,,,0.0,0,1,1,0.5,5,
1048,images/s4_blur_medium_7.jpg,fixed_core_test,SYNTHETIC_3D,ok,outputs/shuttle_capability/controlled_capability/images/s4_blur_medium_7.jpg,18,18,481,477,472.0,468.0,490.0,486.0,18.0,18.0,18.0,16-24,pinned_oblique,center,medium,none,bg_001.jpg,315.0,0,,,False,False,False,0.0,,False,,,0.0,0,0,1,0.5,5,
1049,images/s4_blur_medium_8.jpg,fixed_core_test,SYNTHETIC_3D,ok,outputs/shuttle_capability/controlled_capability/images/s4_blur_medium_8.jpg,18,18,481,477,472.0,468.0,490.0,486.0,18.0,18.0,18.0,16-24,pinned_oblique,center,medium,none,bg_001.jpg,315.0,1,0.17546962201595306,0.0,False,False,False,0.0,,False,,,0.0,0,1,1,0.5,5,
1050,images/s4_blur_medium_9.jpg,fixed_core_test,SYNTHETIC_3D,ok,outputs/shuttle_capability/controlled_capability/images/s4_blur_medium_9.jpg,18,18,481,477,472.0,468.0,490.0,486.0,18.0,18.0,18.0,16-24,pinned_oblique,center,medium,none,bg_001.jpg,315.0,2,0.8438791632652283,0.0,False,False,False,0.0,,False,,,0.0,0,2,1,0.5,5,
1051,images/s4_blur_medium_10.jpg,fixed_core_test,SYNTHETIC_3D,ok,outputs/shuttle_capability/controlled_capability/images/s4_blur_medium_10.jpg,18,18,481,477,472.0,468.0,490.0,486.0,18.0,18.0,18.0,16-24,pinned_oblique,center,medium,none,bg_001.jpg,315.0,1,0.1125706136226654,0.0,False,False,False,0.0,,False,,,0.0,0,1,1,0.5,5,
1052,images/s4_blur_medium_11.jpg,fixed_core_test,SYNTHETIC_3D,ok,outputs/shuttle_capability/controlled_capability/images/s4_blur_medium_11.jpg,18,18,481,477,472.0,468.0,490.0,486.0,18.0,18.0,18.0,16-24,pinned_oblique,center,medium,none,bg_001.jpg,315.0,0,,,False,False,False,0.0,,False,,,0.0,0,0,1,0.5,5,
1053,images/s4_blur_medium_12.jpg,fixed_core_test,SYNTHETIC_3D,ok,outputs/shuttle_capability/controlled_capability/images/s4_blur_medium_12.jpg,18,18,481,477,472.0,468.0,490.0,486.0,18.0,18.0,18.0,16-24,pinned_oblique,center,medium,none,bg_001.jpg,315.0,1,0.06685806065797806,0.0,False,False,False,0.0,,False,,,0.0,0,1,1,0.5,5,
1054,images/s4_blur_medium_13.jpg,fixed_core_test,SYNTHETIC_3D,ok,outputs/shuttle_capability/controlled_capability/images/s4_blur_medium_13.jpg,18,18,481,477,472.0,468.0,490.0,486.0,18.0,18.0,18.0,16-24,pinned_oblique,center,medium,none,bg_001.jpg,315.0,1,0.1337697058916092,0.0,False,False,False,0.0,,False,,,0.0,0,1,1,0.5,5,
1055,images/s4_blur_medium_14.jpg,fixed_core_test,SYNTHETIC_3D,ok,outputs/shuttle_capability/controlled_capability/images/s4_blur_medium_14.jpg,18,18,481,477,472.0,468.0,490.0,486.0,18.0,18.0,18.0,16-24,pinned_oblique,center,medium,none,bg_001.jpg,315.0,1,0.9077654480934143,0.0,False,False,False,0.0,,False,,,0.0,0,1,1,0.5,5,
1056,images/s4_blur_medium_15.jpg,fixed_core_test,SYNTHETIC_3D,ok,outputs/shuttle_capability/controlled_capability/images/s4_blur_medium_15.jpg,18,18,481,477,472.0,468.0,490.0,486.0,18.0,18.0,18.0,16-24,pinned_oblique,center,medium,none,bg_001.jpg,315.0,3,0.8829747438430786,0.0,False,False,False,0.0,,False,,,0.0,0,3,1,0.5,5,
1057,images/s4_blur_medium_16.jpg,fixed_core_test,SYNTHETIC_3D,ok,outputs/shuttle_capability/controlled_capability/images/s4_blur_medium_16.jpg,18,18,481,477,472.0,468.0,490.0,486.0,18.0,18.0,18.0,16-24,pinned_oblique,center,medium,none,bg_001.jpg,315.0,2,0.8326102495193481,0.0,False,False,False,0.0,,False,,,0.0,0,2,1,0.5,5,
1058,images/s4_blur_medium_17.jpg,fixed_core_test,SYNTHETIC_3D,ok,outputs/shuttle_capability/controlled_capability/images/s4_blur_medium_17.jpg,18,18,481,477,472.0,468.0,490.0,486.0,18.0,18.0,18.0,16-24,pinned_oblique,center,medium,none,bg_001.jpg,315.0,0,,,False,False,False,0.0,,False,,,0.0,0,0,1,0.5,5,
1059,images/s4_blur_medium_18.jpg,fixed_core_test,SYNTHETIC_3D,ok,outputs/shuttle_capability/controlled_capability/images/s4_blur_medium_18.jpg,18,18,481,477,472.0,468.0,490.0,486.0,18.0,18.0,18.0,16-24,pinned_oblique,center,medium,none,bg_001.jpg,315.0,0,,,False,False,False,0.0,,False,,,0.0,0,0,1,0.5,5,
1060,images/s4_blur_medium_19.jpg,fixed_core_test,SYNTHETIC_3D,ok,outputs/shuttle_capability/controlled_capability/images/s4_blur_medium_19.jpg,18,18,481,477,472.0,468.0,490.0,486.0,18.0,18.0,18.0,16-24,pinned_oblique,center,medium,none,bg_001.jpg,315.0,3,0.8715616464614868,0.0,False,True,False,0.8257756596086202,1.8428363253602735,True,2,0.19742293655872345,0.7751861755093099,1,2,0,0.5,5,
1061,images/s4_blur_heavy_0.jpg,fixed_core_test,SYNTHETIC_3D,ok,outputs/shuttle_capability/controlled_capability/images/s4_blur_heavy_0.jpg,18,18,481,477,472.0,468.0,490.0,486.0,18.0,18.0,18.0,16-24,pinned_oblique,center,heavy,none,bg_001.jpg,315.0,0,,,False,False,False,0.0,,False,,,0.0,0,0,1,0.5,5,
1062,images/s4_blur_heavy_1.jpg,fixed_core_test,SYNTHETIC_3D,ok,outputs/shuttle_capability/controlled_capability/images/s4_blur_heavy_1.jpg,18,18,481,477,472.0,468.0,490.0,486.0,18.0,18.0,18.0,16-24,pinned_oblique,center,heavy,none,bg_001.jpg,315.0,0,,,False,False,False,0.0,,False,,,0.0,0,0,1,0.5,5,
1063,images/s4_blur_heavy_2.jpg,fixed_core_test,SYNTHETIC_3D,ok,outputs/shuttle_capability/controlled_capability/images/s4_blur_heavy_2.jpg,18,18,481,477,472.0,468.0,490.0,486.0,18.0,18.0,18.0,16-24,pinned_oblique,center,heavy,none,bg_001.jpg,315.0,0,,,False,False,False,0.0,,False,,,0.0,0,0,1,0.5,5,
1064,images/s4_blur_heavy_3.jpg,fixed_core_test,SYNTHETIC_3D,ok,outputs/shuttle_capability/controlled_capability/images/s4_blur_heavy_3.jpg,18,18,481,477,472.0,468.0,490.0,486.0,18.0,18.0,18.0,16-24,pinned_oblique,center,heavy,none,bg_001.jpg,315.0,2,0.8707336783409119,0.0,False,False,False,0.0,,False,,,0.0,0,2,1,0.5,5,
1065,images/s4_blur_heavy_4.jpg,fixed_core_test,SYNTHETIC_3D,ok,outputs/shuttle_capability/controlled_capability/images/s4_blur_heavy_4.jpg,18,18,481,477,472.0,468.0,490.0,486.0,18.0,18.0,18.0,16-24,pinned_oblique,center,heavy,none,bg_001.jpg,315.0,0,,,False,False,False,0.0,,False,,,0.0,0,0,1,0.5,5,
1066,images/s4_blur_heavy_5.jpg,fixed_core_test,SYNTHETIC_3D,ok,outputs/shuttle_capability/controlled_capability/images/s4_blur_heavy_5.jpg,18,18,481,477,472.0,468.0,490.0,486.0,18.0,18.0,18.0,16-24,pinned_oblique,center,heavy,none,bg_001.jpg,315.0,4,0.16957341134548187,0.0,False,False,False,0.0,,False,,,0.0,0,4,1,0.5,5,
1067,images/s4_blur_heavy_6.jpg,fixed_core_test,SYNTHETIC_3D,ok,outputs/shuttle_capability/controlled_capability/images/s4_blur_heavy_6.jpg,18,18,481,477,472.0,468.0,490.0,486.0,18.0,18.0,18.0,16-24,pinned_oblique,center,heavy,none,bg_001.jpg,315.0,3,0.42202213406562805,0.0,False,True,False,0.5712144421413541,1.0109883225252496,True,3,0.07413217425346375,0.5712144421413541,1,2,0,0.5,5,
1068,images/s4_blur_heavy_7.jpg,fixed_core_test,SYNTHETIC_3D,ok,outputs/shuttle_capability/controlled_capability/images/s4_blur_heavy_7.jpg,18,18,481,477,472.0,468.0,490.0,486.0,18.0,18.0,18.0,16-24,pinned_oblique,center,heavy,none,bg_001.jpg,315.0,0,,,False,False,False,0.0,,False,,,0.0,0,0,1,0.5,5,
1069,images/s4_blur_heavy_8.jpg,fixed_core_test,SYNTHETIC_3D,ok,outputs/shuttle_capability/controlled_capability/images/s4_blur_heavy_8.jpg,18,18,481,477,472.0,468.0,490.0,486.0,18.0,18.0,18.0,16-24,pinned_oblique,center,heavy,none,bg_001.jpg,315.0,0,,,False,False,False,0.0,,False,,,0.0,0,0,1,0.5,5,
1070,images/s4_blur_heavy_9.jpg,fixed_core_test,SYNTHETIC_3D,ok,outputs/shuttle_capability/controlled_capability/images/s4_blur_heavy_9.jpg,18,18,481,477,472.0,468.0,490.0,486.0,18.0,18.0,18.0,16-24,pinned_oblique,center,heavy,none,bg_001.jpg,315.0,1,0.8239175081253052,0.0,False,False,False,0.0,,False,,,0.0,0,1,1,0.5,5,
1071,images/s4_blur_heavy_10.jpg,fixed_core_test,SYNTHETIC_3D,ok,outputs/shuttle_capability/controlled_capability/images/s4_blur_heavy_10.jpg,18,18,481,477,472.0,468.0,490.0,486.0,18.0,18.0,18.0,16-24,pinned_oblique,center,heavy,none,bg_001.jpg,315.0,0,,,False,False,False,0.0,,False,,,0.0,0,0,1,0.5,5,
1072,images/s4_blur_heavy_11.jpg,fixed_core_test,SYNTHETIC_3D,ok,outputs/shuttle_capability/controlled_capability/images/s4_blur_heavy_11.jpg,18,18,481,477,472.0,468.0,490.0,486.0,18.0,18.0,18.0,16-24,pinned_oblique,center,heavy,none,bg_001.jpg,315.0,0,,,False,False,False,0.0,,False,,,0.0,0,0,1,0.5,5,
1073,images/s4_blur_heavy_12.jpg,fixed_core_test,SYNTHETIC_3D,ok,outputs/shuttle_capability/controlled_capability/images/s4_blur_heavy_12.jpg,18,18,481,477,472.0,468.0,490.0,486.0,18.0,18.0,18.0,16-24,pinned_oblique,center,heavy,none,bg_001.jpg,315.0,1,0.3153718113899231,0.0,False,False,False,0.0,,False,,,0.0,0,1,1,0.5,5,
1074,images/s4_blur_heavy_13.jpg,fixed_core_test,SYNTHETIC_3D,ok,outputs/shuttle_capability/controlled_capability/images/s4_blur_heavy_13.jpg,18,18,481,477,472.0,468.0,490.0,486.0,18.0,18.0,18.0,16-24,pinned_oblique,center,heavy,none,bg_001.jpg,315.0,0,,,False,False,False,0.0,,False,,,0.0,0,0,1,0.5,5,
1075,images/s4_blur_heavy_14.jpg,fixed_core_test,SYNTHETIC_3D,ok,outputs/shuttle_capability/controlled_capability/images/s4_blur_heavy_14.jpg,18,18,481,477,472.0,468.0,490.0,486.0,18.0,18.0,18.0,16-24,pinned_oblique,center,heavy,none,bg_001.jpg,315.0,2,0.9052285552024841,0.0,False,False,False,0.0,,False,,,0.0,0,2,1,0.5,5,
1076,images/s4_blur_heavy_15.jpg,fixed_core_test,SYNTHETIC_3D,ok,outputs/shuttle_capability/controlled_capability/images/s4_blur_heavy_15.jpg,18,18,481,477,472.0,468.0,490.0,486.0,18.0,18.0,18.0,16-24,pinned_oblique,center,heavy,none,bg_001.jpg,315.0,2,0.8399086594581604,0.0,False,False,False,0.0,,False,,,0.0,0,2,1,0.5,5,
1077,images/s4_blur_heavy_16.jpg,fixed_core_test,SYNTHETIC_3D,ok,outputs/shuttle_capability/controlled_capability/images/s4_blur_heavy_16.jpg,18,18,481,477,472.0,468.0,490.0,486.0,18.0,18.0,18.0,16-24,pinned_oblique,center,heavy,none,bg_001.jpg,315.0,1,0.7788137793540955,0.0,False,False,False,0.0,,False,,,0.0,0,1,1,0.5,5,
1078,images/s4_blur_heavy_17.jpg,fixed_core_test,SYNTHETIC_3D,ok,outputs/shuttle_capability/controlled_capability/images/s4_blur_heavy_17.jpg,18,18,481,477,472.0,468.0,490.0,486.0,18.0,18.0,18.0,16-24,pinned_oblique,center,heavy,none,bg_001.jpg,315.0,0,,,False,False,False,0.0,,False,,,0.0,0,0,1,0.5,5,
1079,images/s4_blur_heavy_18.jpg,fixed_core_test,SYNTHETIC_3D,ok,outputs/shuttle_capability/controlled_capability/images/s4_blur_heavy_18.jpg,18,18,481,477,472.0,468.0,490.0,486.0,18.0,18.0,18.0,16-24,pinned_oblique,center,heavy,none,bg_001.jpg,315.0,0,,,False,False,False,0.0,,False,,,0.0,0,0,1,0.5,5,
1080,images/s4_blur_heavy_19.jpg,fixed_core_test,SYNTHETIC_3D,ok,outputs/shuttle_capability/controlled_capability/images/s4_blur_heavy_19.jpg,18,18,481,477,472.0,468.0,490.0,486.0,18.0,18.0,18.0,16-24,pinned_oblique,center,heavy,none,bg_001.jpg,315.0,3,0.8634703755378723,0.0,False,True,False,0.8371973799967012,2.1536907761839963,True,2,0.1317141354084015,0.7213078972956031,1,2,0,0.5,5,
1081,images/s5_occlusion_none_0.jpg,fixed_core_test,SYNTHETIC_3D,ok,outputs/shuttle_capability/controlled_capability/images/s5_occlusion_none_0.jpg,18,18,481,477,472.0,468.0,490.0,486.0,18.0,18.0,18.0,16-24,pinned_oblique,center,none,none,bg_001.jpg,315.0,1,0.7233774065971375,0.7640113257229336,True,True,False,0.8433843858333098,1.7614953587738147,True,1,0.7233774065971375,0.7640113257229336,1,0,0,0.5,5,
1082,images/s5_occlusion_none_1.jpg,fixed_core_test,SYNTHETIC_3D,ok,outputs/shuttle_capability/controlled_capability/images/s5_occlusion_none_1.jpg,18,18,481,477,472.0,468.0,490.0,486.0,18.0,18.0,18.0,16-24,pinned_oblique,center,none,none,bg_001.jpg,315.0,0,,,False,False,False,0.0,,False,,,0.0,0,0,1,0.5,5,
1083,images/s5_occlusion_none_2.jpg,fixed_core_test,SYNTHETIC_3D,ok,outputs/shuttle_capability/controlled_capability/images/s5_occlusion_none_2.jpg,18,18,481,477,472.0,468.0,490.0,486.0,18.0,18.0,18.0,16-24,pinned_oblique,center,none,none,bg_001.jpg,315.0,1,0.9025429487228394,0.0,False,False,False,0.0,,False,,,0.0,0,1,1,0.5,5,
1084,images/s5_occlusion_none_3.jpg,fixed_core_test,SYNTHETIC_3D,ok,outputs/shuttle_capability/controlled_capability/images/s5_occlusion_none_3.jpg,18,18,481,477,472.0,468.0,490.0,486.0,18.0,18.0,18.0,16-24,pinned_oblique,center,none,none,bg_001.jpg,315.0,0,,,False,False,False,0.0,,False,,,0.0,0,0,1,0.5,5,
1085,images/s5_occlusion_none_4.jpg,fixed_core_test,SYNTHETIC_3D,ok,outputs/shuttle_capability/controlled_capability/images/s5_occlusion_none_4.jpg,18,18,481,477,472.0,468.0,490.0,486.0,18.0,18.0,18.0,16-24,pinned_oblique,center,none,none,bg_001.jpg,315.0,2,0.0840628519654274,0.0,False,False,False,0.0,,False,,,0.0,0,2,1,0.5,5,
1086,images/s5_occlusion_none_5.jpg,fixed_core_test,SYNTHETIC_3D,ok,outputs/shuttle_capability/controlled_capability/images/s5_occlusion_none_5.jpg,18,18,481,477,472.0,468.0,490.0,486.0,18.0,18.0,18.0,16-24,pinned_oblique,center,none,none,bg_001.jpg,315.0,1,0.4975506365299225,0.0,False,False,False,0.0,,False,,,0.0,0,1,1,0.5,5,
1087,images/s5_occlusion_none_6.jpg,fixed_core_test,SYNTHETIC_3D,ok,outputs/shuttle_capability/controlled_capability/images/s5_occlusion_none_6.jpg,18,18,481,477,472.0,468.0,490.0,486.0,18.0,18.0,18.0,16-24,pinned_oblique,center,none,none,bg_001.jpg,315.0,1,0.253560334444046,0.0,False,False,False,0.0,,False,,,0.0,0,1,1,0.5,5,
1088,images/s5_occlusion_none_7.jpg,fixed_core_test,SYNTHETIC_3D,ok,outputs/shuttle_capability/controlled_capability/images/s5_occlusion_none_7.jpg,18,18,481,477,472.0,468.0,490.0,486.0,18.0,18.0,18.0,16-24,pinned_oblique,center,none,none,bg_001.jpg,315.0,4,0.22742962837219238,0.0,False,False,False,0.0,,False,,,0.0,0,4,1,0.5,5,
1089,images/s5_occlusion_none_8.jpg,fixed_core_test,SYNTHETIC_3D,ok,outputs/shuttle_capability/controlled_capability/images/s5_occlusion_none_8.jpg,18,18,481,477,472.0,468.0,490.0,486.0,18.0,18.0,18.0,16-24,pinned_oblique,center,none,none,bg_001.jpg,315.0,0,,,False,False,False,0.0,,False,,,0.0,0,0,1,0.5,5,
1090,images/s5_occlusion_none_9.jpg,fixed_core_test,SYNTHETIC_3D,ok,outputs/shuttle_capability/controlled_capability/images/s5_occlusion_none_9.jpg,18,18,481,477,472.0,468.0,490.0,486.0,18.0,18.0,18.0,16-24,pinned_oblique,center,none,none,bg_001.jpg,315.0,1,0.43017563223838806,0.0,False,False,False,0.0,,False,,,0.0,0,1,1,0.5,5,
1091,images/s5_occlusion_none_10.jpg,fixed_core_test,SYNTHETIC_3D,ok,outputs/shuttle_capability/controlled_capability/images/s5_occlusion_none_10.jpg,18,18,481,477,472.0,468.0,490.0,486.0,18.0,18.0,18.0,16-24,pinned_oblique,center,none,none,bg_001.jpg,315.0,3,0.26488327980041504,0.4714194071966199,False,False,False,0.49183138243762065,,False,,,0.4714194071966199,0,3,1,0.5,5,
1092,images/s5_occlusion_none_11.jpg,fixed_core_test,SYNTHETIC_3D,ok,outputs/shuttle_capability/controlled_capability/images/s5_occlusion_none_11.jpg,18,18,481,477,472.0,468.0,490.0,486.0,18.0,18.0,18.0,16-24,pinned_oblique,center,none,none,bg_001.jpg,315.0,3,0.11492057144641876,0.0,False,False,False,0.3963955519375978,,False,,,0.3875357835861555,0,3,1,0.5,5,
1093,images/s5_occlusion_none_12.jpg,fixed_core_test,SYNTHETIC_3D,ok,outputs/shuttle_capability/controlled_capability/images/s5_occlusion_none_12.jpg,18,18,481,477,472.0,468.0,490.0,486.0,18.0,18.0,18.0,16-24,pinned_oblique,center,none,none,bg_001.jpg,315.0,1,0.34423941373825073,0.6936859722352691,True,True,False,0.6936859722352691,2.0935467907877383,True,1,0.34423941373825073,0.6936859722352691,1,0,0,0.5,5,
1094,images/s5_occlusion_none_13.jpg,fixed_core_test,SYNTHETIC_3D,ok,outputs/shuttle_capability/controlled_capability/images/s5_occlusion_none_13.jpg,18,18,481,477,472.0,468.0,490.0,486.0,18.0,18.0,18.0,16-24,pinned_oblique,center,none,none,bg_001.jpg,315.0,3,0.609770655632019,0.0,False,False,False,0.0,,False,,,0.0,0,3,1,0.5,5,
1095,images/s5_occlusion_none_14.jpg,fixed_core_test,SYNTHETIC_3D,ok,outputs/shuttle_capability/controlled_capability/images/s5_occlusion_none_14.jpg,18,18,481,477,472.0,468.0,490.0,486.0,18.0,18.0,18.0,16-24,pinned_oblique,center,none,none,bg_001.jpg,315.0,2,0.40110233426094055,0.6984360424726176,True,True,False,0.758622981245733,2.2073168818714692,True,1,0.40110233426094055,0.6984360424726176,1,1,0,0.5,5,
1096,images/s5_occlusion_none_15.jpg,fixed_core_test,SYNTHETIC_3D,ok,outputs/shuttle_capability/controlled_capability/images/s5_occlusion_none_15.jpg,18,18,481,477,472.0,468.0,490.0,486.0,18.0,18.0,18.0,16-24,pinned_oblique,center,none,none,bg_001.jpg,315.0,1,0.29816415905952454,0.0,False,False,False,0.0,,False,,,0.0,0,1,1,0.5,5,
1097,images/s5_occlusion_none_16.jpg,fixed_core_test,SYNTHETIC_3D,ok,outputs/shuttle_capability/controlled_capability/images/s5_occlusion_none_16.jpg,18,18,481,477,472.0,468.0,490.0,486.0,18.0,18.0,18.0,16-24,pinned_oblique,center,none,none,bg_001.jpg,315.0,3,0.7142918705940247,0.6692354007624235,True,True,False,0.7760543592826084,2.615983888727799,True,1,0.7142918705940247,0.6692354007624235,1,2,0,0.5,5,
1098,images/s5_occlusion_none_17.jpg,fixed_core_test,SYNTHETIC_3D,ok,outputs/shuttle_capability/controlled_capability/images/s5_occlusion_none_17.jpg,18,18,481,477,472.0,468.0,490.0,486.0,18.0,18.0,18.0,16-24,pinned_oblique,center,none,none,bg_001.jpg,315.0,2,0.07463543117046356,0.0,False,False,False,0.0,,False,,,0.0,0,2,1,0.5,5,
1099,images/s5_occlusion_none_18.jpg,fixed_core_test,SYNTHETIC_3D,ok,outputs/shuttle_capability/controlled_capability/images/s5_occlusion_none_18.jpg,18,18,481,477,472.0,468.0,490.0,486.0,18.0,18.0,18.0,16-24,pinned_oblique,center,none,none,bg_001.jpg,315.0,0,,,False,False,False,0.0,,False,,,0.0,0,0,1,0.5,5,
1100,images/s5_occlusion_none_19.jpg,fixed_core_test,SYNTHETIC_3D,ok,outputs/shuttle_capability/controlled_capability/images/s5_occlusion_none_19.jpg,18,18,481,477,472.0,468.0,490.0,486.0,18.0,18.0,18.0,16-24,pinned_oblique,center,none,none,bg_001.jpg,315.0,2,0.12031717598438263,0.0,False,False,False,0.0,,False,,,0.0,0,2,1,0.5,5,
1101,images/s5_occlusion_light_0.jpg,fixed_core_test,SYNTHETIC_3D,ok,outputs/shuttle_capability/controlled_capability/images/s5_occlusion_light_0.jpg,18,18,481,477,472.0,468.0,490.0,486.0,18.0,18.0,18.0,16-24,pinned_oblique,center,none,light,bg_001.jpg,315.0,4,0.41006144881248474,0.6890675394053704,True,True,True,0.9246712250313089,0.9101824060864763,True,2,0.3998592495918274,0.8661638468362591,1,3,0,0.5,5,
1102,images/s5_occlusion_light_1.jpg,fixed_core_test,SYNTHETIC_3D,ok,outputs/shuttle_capability/controlled_capability/images/s5_occlusion_light_1.jpg,18,18,481,477,472.0,468.0,490.0,486.0,18.0,18.0,18.0,16-24,pinned_oblique,center,none,light,bg_001.jpg,315.0,2,0.061980802565813065,0.0,False,False,False,0.0,,False,,,0.0,0,2,1,0.5,5,
1103,images/s5_occlusion_light_2.jpg,fixed_core_test,SYNTHETIC_3D,ok,outputs/shuttle_capability/controlled_capability/images/s5_occlusion_light_2.jpg,18,18,481,477,472.0,468.0,490.0,486.0,18.0,18.0,18.0,16-24,pinned_oblique,center,none,light,bg_001.jpg,315.0,2,0.9051499962806702,0.0,False,False,False,0.4524398226359928,,False,,,0.4271401098462731,0,2,1,0.5,5,
1104,images/s5_occlusion_light_3.jpg,fixed_core_test,SYNTHETIC_3D,ok,outputs/shuttle_capability/controlled_capability/images/s5_occlusion_light_3.jpg,18,18,481,477,472.0,468.0,490.0,486.0,18.0,18.0,18.0,16-24,pinned_oblique,center,none,light,bg_001.jpg,315.0,0,,,False,False,False,0.0,,False,,,0.0,0,0,1,0.5,5,
1105,images/s5_occlusion_light_4.jpg,fixed_core_test,SYNTHETIC_3D,ok,outputs/shuttle_capability/controlled_capability/images/s5_occlusion_light_4.jpg,18,18,481,477,472.0,468.0,490.0,486.0,18.0,18.0,18.0,16-24,pinned_oblique,center,none,light,bg_001.jpg,315.0,2,0.0813923180103302,0.0,False,False,False,0.0,,False,,,0.0,0,2,1,0.5,5,
1106,images/s5_occlusion_light_5.jpg,fixed_core_test,SYNTHETIC_3D,ok,outputs/shuttle_capability/controlled_capability/images/s5_occlusion_light_5.jpg,18,18,481,477,472.0,468.0,490.0,486.0,18.0,18.0,18.0,16-24,pinned_oblique,center,none,light,bg_001.jpg,315.0,2,0.36142364144325256,0.0,False,False,False,0.6055272722409831,,False,,,0.49911171126438597,0,2,1,0.5,5,
1107,images/s5_occlusion_light_6.jpg,fixed_core_test,SYNTHETIC_3D,ok,outputs/shuttle_capability/controlled_capability/images/s5_occlusion_light_6.jpg,18,18,481,477,472.0,468.0,490.0,486.0,18.0,18.0,18.0,16-24,pinned_oblique,center,none,light,bg_001.jpg,315.0,0,,,False,False,False,0.0,,False,,,0.0,0,0,1,0.5,5,
1108,images/s5_occlusion_light_7.jpg,fixed_core_test,SYNTHETIC_3D,ok,outputs/shuttle_capability/controlled_capability/images/s5_occlusion_light_7.jpg,18,18,481,477,472.0,468.0,490.0,486.0,18.0,18.0,18.0,16-24,pinned_oblique,center,none,light,bg_001.jpg,315.0,2,0.055319201201200485,0.0,False,False,False,0.0,,False,,,0.0,0,2,1,0.5,5,
1109,images/s5_occlusion_light_8.jpg,fixed_core_test,SYNTHETIC_3D,ok,outputs/shuttle_capability/controlled_capability/images/s5_occlusion_light_8.jpg,18,18,481,477,472.0,468.0,490.0,486.0,18.0,18.0,18.0,16-24,pinned_oblique,center,none,light,bg_001.jpg,315.0,0,,,False,False,False,0.0,,False,,,0.0,0,0,1,0.5,5,
1110,images/s5_occlusion_light_9.jpg,fixed_core_test,SYNTHETIC_3D,ok,outputs/shuttle_capability/controlled_capability/images/s5_occlusion_light_9.jpg,18,18,481,477,472.0,468.0,490.0,486.0,18.0,18.0,18.0,16-24,pinned_oblique,center,none,light,bg_001.jpg,315.0,1,0.4706522226333618,0.0,False,False,False,0.0,,False,,,0.0,0,1,1,0.5,5,
1111,images/s5_occlusion_light_10.jpg,fixed_core_test,SYNTHETIC_3D,ok,outputs/shuttle_capability/controlled_capability/images/s5_occlusion_light_10.jpg,18,18,481,477,472.0,468.0,490.0,486.0,18.0,18.0,18.0,16-24,pinned_oblique,center,none,light,bg_001.jpg,315.0,2,0.15814483165740967,0.5021991541402208,True,True,False,0.5021991541402208,2.9006847368939384,True,1,0.15814483165740967,0.5021991541402208,1,1,0,0.5,5,
1112,images/s5_occlusion_light_11.jpg,fixed_core_test,SYNTHETIC_3D,ok,outputs/shuttle_capability/controlled_capability/images/s5_occlusion_light_11.jpg,18,18,481,477,472.0,468.0,490.0,486.0,18.0,18.0,18.0,16-24,pinned_oblique,center,none,light,bg_001.jpg,315.0,4,0.24227485060691833,0.0,False,False,False,0.45284895111956164,,False,,,0.4326600051342212,0,4,1,0.5,5,
1113,images/s5_occlusion_light_12.jpg,fixed_core_test,SYNTHETIC_3D,ok,outputs/shuttle_capability/controlled_capability/images/s5_occlusion_light_12.jpg,18,18,481,477,472.0,468.0,490.0,486.0,18.0,18.0,18.0,16-24,pinned_oblique,center,none,light,bg_001.jpg,315.0,1,0.5110234618186951,0.6641903494469766,True,True,False,0.6992644852855139,2.935922438917615,True,1,0.5110234618186951,0.6641903494469766,1,0,0,0.5,5,
1114,images/s5_occlusion_light_13.jpg,fixed_core_test,SYNTHETIC_3D,ok,outputs/shuttle_capability/controlled_capability/images/s5_occlusion_light_13.jpg,18,18,481,477,472.0,468.0,490.0,486.0,18.0,18.0,18.0,16-24,pinned_oblique,center,none,light,bg_001.jpg,315.0,1,0.5334510803222656,0.0,False,False,False,0.0,,False,,,0.0,0,1,1,0.5,5,
1115,images/s5_occlusion_light_14.jpg,fixed_core_test,SYNTHETIC_3D,ok,outputs/shuttle_capability/controlled_capability/images/s5_occlusion_light_14.jpg,18,18,481,477,472.0,468.0,490.0,486.0,18.0,18.0,18.0,16-24,pinned_oblique,center,none,light,bg_001.jpg,315.0,2,0.6550548672676086,0.5399290027156884,True,True,False,0.5713792159164577,3.923001945415516,True,1,0.6550548672676086,0.5399290027156884,1,1,0,0.5,5,
1116,images/s5_occlusion_light_15.jpg,fixed_core_test,SYNTHETIC_3D,ok,outputs/shuttle_capability/controlled_capability/images/s5_occlusion_light_15.jpg,18,18,481,477,472.0,468.0,490.0,486.0,18.0,18.0,18.0,16-24,pinned_oblique,center,none,light,bg_001.jpg,315.0,2,0.2363448292016983,0.0,False,False,False,0.0,,False,,,0.0,0,2,1,0.5,5,
1117,images/s5_occlusion_light_16.jpg,fixed_core_test,SYNTHETIC_3D,ok,outputs/shuttle_capability/controlled_capability/images/s5_occlusion_light_16.jpg,18,18,481,477,472.0,468.0,490.0,486.0,18.0,18.0,18.0,16-24,pinned_oblique,center,none,light,bg_001.jpg,315.0,2,0.48692139983177185,0.5252697198832353,True,True,False,0.5517573947500851,3.4137481183530873,True,1,0.48692139983177185,0.5252697198832353,1,1,0,0.5,5,
1118,images/s5_occlusion_light_17.jpg,fixed_core_test,SYNTHETIC_3D,ok,outputs/shuttle_capability/controlled_capability/images/s5_occlusion_light_17.jpg,18,18,481,477,472.0,468.0,490.0,486.0,18.0,18.0,18.0,16-24,pinned_oblique,center,none,light,bg_001.jpg,315.0,2,0.11099695414304733,0.0,False,False,False,0.0,,False,,,0.0,0,2,1,0.5,5,
1119,images/s5_occlusion_light_18.jpg,fixed_core_test,SYNTHETIC_3D,ok,outputs/shuttle_capability/controlled_capability/images/s5_occlusion_light_18.jpg,18,18,481,477,472.0,468.0,490.0,486.0,18.0,18.0,18.0,16-24,pinned_oblique,center,none,light,bg_001.jpg,315.0,2,0.13383403420448303,0.0,False,False,False,0.0,,False,,,0.0,0,2,1,0.5,5,
1120,images/s5_occlusion_light_19.jpg,fixed_core_test,SYNTHETIC_3D,ok,outputs/shuttle_capability/controlled_capability/images/s5_occlusion_light_19.jpg,18,18,481,477,472.0,468.0,490.0,486.0,18.0,18.0,18.0,16-24,pinned_oblique,center,none,light,bg_001.jpg,315.0,2,0.1062287762761116,0.0,False,False,False,0.0,,False,,,0.0,0,2,1,0.5,5,
1121,images/s5_occlusion_partial_0.jpg,fixed_core_test,SYNTHETIC_3D,ok,outputs/shuttle_capability/controlled_capability/images/s5_occlusion_partial_0.jpg,18,18,481,477,472.0,468.0,490.0,486.0,18.0,18.0,18.0,16-24,pinned_oblique,center,none,partial,bg_001.jpg,315.0,2,0.31119123101234436,0.4442639285546186,False,True,False,0.6638711821460338,2.8542006707870553,True,2,0.12201812118291855,0.5838841186767375,1,1,0,0.5,5,
1122,images/s5_occlusion_partial_1.jpg,fixed_core_test,SYNTHETIC_3D,ok,outputs/shuttle_capability/controlled_capability/images/s5_occlusion_partial_1.jpg,18,18,481,477,472.0,468.0,490.0,486.0,18.0,18.0,18.0,16-24,pinned_oblique,center,none,partial,bg_001.jpg,315.0,2,0.0763733983039856,0.0,False,False,False,0.0,,False,,,0.0,0,2,1,0.5,5,
1123,images/s5_occlusion_partial_2.jpg,fixed_core_test,SYNTHETIC_3D,ok,outputs/shuttle_capability/controlled_capability/images/s5_occlusion_partial_2.jpg,18,18,481,477,472.0,468.0,490.0,486.0,18.0,18.0,18.0,16-24,pinned_oblique,center,none,partial,bg_001.jpg,315.0,1,0.9010781049728394,0.0,False,False,False,0.0,,False,,,0.0,0,1,1,0.5,5,
1124,images/s5_occlusion_partial_3.jpg,fixed_core_test,SYNTHETIC_3D,ok,outputs/shuttle_capability/controlled_capability/images/s5_occlusion_partial_3.jpg,18,18,481,477,472.0,468.0,490.0,486.0,18.0,18.0,18.0,16-24,pinned_oblique,center,none,partial,bg_001.jpg,315.0,0,,,False,False,False,0.0,,False,,,0.0,0,0,1,0.5,5,
1125,images/s5_occlusion_partial_4.jpg,fixed_core_test,SYNTHETIC_3D,ok,outputs/shuttle_capability/controlled_capability/images/s5_occlusion_partial_4.jpg,18,18,481,477,472.0,468.0,490.0,486.0,18.0,18.0,18.0,16-24,pinned_oblique,center,none,partial,bg_001.jpg,315.0,2,0.10261402279138565,0.0,False,False,False,0.0,,False,,,0.0,0,2,1,0.5,5,
1126,images/s5_occlusion_partial_5.jpg,fixed_core_test,SYNTHETIC_3D,ok,outputs/shuttle_capability/controlled_capability/images/s5_occlusion_partial_5.jpg,18,18,481,477,472.0,468.0,490.0,486.0,18.0,18.0,18.0,16-24,pinned_oblique,center,none,partial,bg_001.jpg,315.0,1,0.42139124870300293,0.0,False,False,False,0.0,,False,,,0.0,0,1,1,0.5,5,
1127,images/s5_occlusion_partial_6.jpg,fixed_core_test,SYNTHETIC_3D,ok,outputs/shuttle_capability/controlled_capability/images/s5_occlusion_partial_6.jpg,18,18,481,477,472.0,468.0,490.0,486.0,18.0,18.0,18.0,16-24,pinned_oblique,center,none,partial,bg_001.jpg,315.0,1,0.08370931446552277,0.0,False,False,False,0.0,,False,,,0.0,0,1,1,0.5,5,
1128,images/s5_occlusion_partial_7.jpg,fixed_core_test,SYNTHETIC_3D,ok,outputs/shuttle_capability/controlled_capability/images/s5_occlusion_partial_7.jpg,18,18,481,477,472.0,468.0,490.0,486.0,18.0,18.0,18.0,16-24,pinned_oblique,center,none,partial,bg_001.jpg,315.0,1,0.0564887598156929,0.0,False,False,False,0.0,,False,,,0.0,0,1,1,0.5,5,
1129,images/s5_occlusion_partial_8.jpg,fixed_core_test,SYNTHETIC_3D,ok,outputs/shuttle_capability/controlled_capability/images/s5_occlusion_partial_8.jpg,18,18,481,477,472.0,468.0,490.0,486.0,18.0,18.0,18.0,16-24,pinned_oblique,center,none,partial,bg_001.jpg,315.0,0,,,False,False,False,0.0,,False,,,0.0,0,0,1,0.5,5,
1130,images/s5_occlusion_partial_9.jpg,fixed_core_test,SYNTHETIC_3D,ok,outputs/shuttle_capability/controlled_capability/images/s5_occlusion_partial_9.jpg,18,18,481,477,472.0,468.0,490.0,486.0,18.0,18.0,18.0,16-24,pinned_oblique,center,none,partial,bg_001.jpg,315.0,1,0.4316253662109375,0.0,False,False,False,0.0,,False,,,0.0,0,1,1,0.5,5,
1131,images/s5_occlusion_partial_10.jpg,fixed_core_test,SYNTHETIC_3D,ok,outputs/shuttle_capability/controlled_capability/images/s5_occlusion_partial_10.jpg,18,18,481,477,472.0,468.0,490.0,486.0,18.0,18.0,18.0,16-24,pinned_oblique,center,none,partial,bg_001.jpg,315.0,3,0.08789302408695221,0.0,False,False,False,0.0,,False,,,0.0,0,3,1,0.5,5,
1132,images/s5_occlusion_partial_11.jpg,fixed_core_test,SYNTHETIC_3D,ok,outputs/shuttle_capability/controlled_capability/images/s5_occlusion_partial_11.jpg,18,18,481,477,472.0,468.0,490.0,486.0,18.0,18.0,18.0,16-24,pinned_oblique,center,none,partial,bg_001.jpg,315.0,1,0.09347997605800629,0.0,False,False,False,0.0,,False,,,0.0,0,1,1,0.5,5,
1133,images/s5_occlusion_partial_12.jpg,fixed_core_test,SYNTHETIC_3D,ok,outputs/shuttle_capability/controlled_capability/images/s5_occlusion_partial_12.jpg,18,18,481,477,472.0,468.0,490.0,486.0,18.0,18.0,18.0,16-24,pinned_oblique,center,none,partial,bg_001.jpg,315.0,1,0.40651431679725647,0.4402460635042114,False,False,False,0.46661920592556766,,False,,,0.4402460635042114,0,1,1,0.5,5,
1134,images/s5_occlusion_partial_13.jpg,fixed_core_test,SYNTHETIC_3D,ok,outputs/shuttle_capability/controlled_capability/images/s5_occlusion_partial_13.jpg,18,18,481,477,472.0,468.0,490.0,486.0,18.0,18.0,18.0,16-24,pinned_oblique,center,none,partial,bg_001.jpg,315.0,2,0.6919044852256775,0.0,False,False,False,0.0,,False,,,0.0,0,2,1,0.5,5,
1135,images/s5_occlusion_partial_14.jpg,fixed_core_test,SYNTHETIC_3D,ok,outputs/shuttle_capability/controlled_capability/images/s5_occlusion_partial_14.jpg,18,18,481,477,472.0,468.0,490.0,486.0,18.0,18.0,18.0,16-24,pinned_oblique,center,none,partial,bg_001.jpg,315.0,1,0.41309431195259094,0.0,False,False,False,0.0,,False,,,0.0,0,1,1,0.5,5,
1136,images/s5_occlusion_partial_15.jpg,fixed_core_test,SYNTHETIC_3D,ok,outputs/shuttle_capability/controlled_capability/images/s5_occlusion_partial_15.jpg,18,18,481,477,472.0,468.0,490.0,486.0,18.0,18.0,18.0,16-24,pinned_oblique,center,none,partial,bg_001.jpg,315.0,1,0.20148858428001404,0.0,False,False,False,0.0,,False,,,0.0,0,1,1,0.5,5,
1137,images/s5_occlusion_partial_16.jpg,fixed_core_test,SYNTHETIC_3D,ok,outputs/shuttle_capability/controlled_capability/images/s5_occlusion_partial_16.jpg,18,18,481,477,472.0,468.0,490.0,486.0,18.0,18.0,18.0,16-24,pinned_oblique,center,none,partial,bg_001.jpg,315.0,3,0.3960436284542084,0.0,False,False,False,0.0,,False,,,0.0,0,3,1,0.5,5,
1138,images/s5_occlusion_partial_17.jpg,fixed_core_test,SYNTHETIC_3D,ok,outputs/shuttle_capability/controlled_capability/images/s5_occlusion_partial_17.jpg,18,18,481,477,472.0,468.0,490.0,486.0,18.0,18.0,18.0,16-24,pinned_oblique,center,none,partial,bg_001.jpg,315.0,3,0.22470812499523163,0.0,False,False,False,0.0,,False,,,0.0,0,3,1,0.5,5,
1139,images/s5_occlusion_partial_18.jpg,fixed_core_test,SYNTHETIC_3D,ok,outputs/shuttle_capability/controlled_capability/images/s5_occlusion_partial_18.jpg,18,18,481,477,472.0,468.0,490.0,486.0,18.0,18.0,18.0,16-24,pinned_oblique,center,none,partial,bg_001.jpg,315.0,0,,,False,False,False,0.0,,False,,,0.0,0,0,1,0.5,5,
1140,images/s5_occlusion_partial_19.jpg,fixed_core_test,SYNTHETIC_3D,ok,outputs/shuttle_capability/controlled_capability/images/s5_occlusion_partial_19.jpg,18,18,481,477,472.0,468.0,490.0,486.0,18.0,18.0,18.0,16-24,pinned_oblique,center,none,partial,bg_001.jpg,315.0,4,0.22018970549106598,0.0,False,False,False,0.0,,False,,,0.0,0,4,1,0.5,5,
1141,images/s6a_background_00_0.jpg,fixed_core_test,SYNTHETIC_3D,ok,outputs/shuttle_capability/controlled_capability/images/s6a_background_00_0.jpg,18,18,481,477,472.0,468.0,490.0,486.0,18.0,18.0,18.0,16-24,pinned_oblique,center,none,none,bg_001.jpg,315.0,0,,,False,False,False,0.0,,False,,,0.0,0,0,1,0.5,5,
1142,images/s6a_background_00_1.jpg,fixed_core_test,SYNTHETIC_3D,ok,outputs/shuttle_capability/controlled_capability/images/s6a_background_00_1.jpg,18,18,481,477,472.0,468.0,490.0,486.0,18.0,18.0,18.0,16-24,pinned_oblique,center,none,none,bg_001.jpg,315.0,4,0.3633118271827698,0.7546179971046142,True,True,False,0.7799564168133117,1.7392413587289897,True,1,0.3633118271827698,0.7546179971046142,1,3,0,0.5,5,
1143,images/s6a_background_00_2.jpg,fixed_core_test,SYNTHETIC_3D,ok,outputs/shuttle_capability/controlled_capability/images/s6a_background_00_2.jpg,18,18,481,477,472.0,468.0,490.0,486.0,18.0,18.0,18.0,16-24,pinned_oblique,center,none,none,bg_001.jpg,315.0,1,0.051933176815509796,0.0,False,False,False,0.0,,False,,,0.0,0,1,1,0.5,5,
1144,images/s6a_background_01_0.jpg,fixed_core_test,SYNTHETIC_3D,ok,outputs/shuttle_capability/controlled_capability/images/s6a_background_01_0.jpg,18,18,481,477,472.0,468.0,490.0,486.0,18.0,18.0,18.0,16-24,pinned_oblique,center,none,none,bg_002.jpg,315.0,3,0.36833781003952026,0.0,False,False,False,0.0,,False,,,0.0,0,3,1,0.5,5,
1145,images/s6a_background_01_1.jpg,fixed_core_test,SYNTHETIC_3D,ok,outputs/shuttle_capability/controlled_capability/images/s6a_background_01_1.jpg,18,18,481,477,472.0,468.0,490.0,486.0,18.0,18.0,18.0,16-24,pinned_oblique,center,none,none,bg_002.jpg,315.0,4,0.8082720041275024,0.7454267775215492,True,True,False,0.8035092284833943,1.8872319354946936,True,1,0.8082720041275024,0.7454267775215492,1,3,0,0.5,5,
1146,images/s6a_background_01_2.jpg,fixed_core_test,SYNTHETIC_3D,ok,outputs/shuttle_capability/controlled_capability/images/s6a_background_01_2.jpg,18,18,481,477,472.0,468.0,490.0,486.0,18.0,18.0,18.0,16-24,pinned_oblique,center,none,none,bg_002.jpg,315.0,0,,,False,False,False,0.0,,False,,,0.0,0,0,1,0.5,5,
1147,images/s6a_background_02_0.jpg,fixed_core_test,SYNTHETIC_3D,ok,outputs/shuttle_capability/controlled_capability/images/s6a_background_02_0.jpg,18,18,481,477,472.0,468.0,490.0,486.0,18.0,18.0,18.0,16-24,pinned_oblique,center,none,none,bg_003.jpg,315.0,0,,,False,False,False,0.0,,False,,,0.0,0,0,1,0.5,5,
1148,images/s6a_background_02_1.jpg,fixed_core_test,SYNTHETIC_3D,ok,outputs/shuttle_capability/controlled_capability/images/s6a_background_02_1.jpg,18,18,481,477,472.0,468.0,490.0,486.0,18.0,18.0,18.0,16-24,pinned_oblique,center,none,none,bg_003.jpg,315.0,2,0.44242826104164124,0.0,False,True,False,0.7352327158053716,1.6110059512167123,True,2,0.43015414476394653,0.716262090227679,1,1,0,0.5,5,
1149,images/s6a_background_02_2.jpg,fixed_core_test,SYNTHETIC_3D,ok,outputs/shuttle_capability/controlled_capability/images/s6a_background_02_2.jpg,18,18,481,477,472.0,468.0,490.0,486.0,18.0,18.0,18.0,16-24,pinned_oblique,center,none,none,bg_003.jpg,315.0,0,,,False,False,False,0.0,,False,,,0.0,0,0,1,0.5,5,
1150,images/s6a_background_03_0.jpg,fixed_core_test,SYNTHETIC_3D,ok,outputs/shuttle_capability/controlled_capability/images/s6a_background_03_0.jpg,18,18,481,477,472.0,468.0,490.0,486.0,18.0,18.0,18.0,16-24,pinned_oblique,center,none,none,bg_004.jpg,315.0,6,0.4404104948043823,0.7005264314900769,True,True,False,0.7146159028289495,1.9408753226051552,True,1,0.4404104948043823,0.7005264314900769,1,5,0,0.5,5,
1151,images/s6a_background_03_1.jpg,fixed_core_test,SYNTHETIC_3D,ok,outputs/shuttle_capability/controlled_capability/images/s6a_background_03_1.jpg,18,18,481,477,472.0,468.0,490.0,486.0,18.0,18.0,18.0,16-24,pinned_oblique,center,none,none,bg_004.jpg,315.0,0,,,False,False,False,0.0,,False,,,0.0,0,0,1,0.5,5,
1152,images/s6a_background_03_2.jpg,fixed_core_test,SYNTHETIC_3D,ok,outputs/shuttle_capability/controlled_capability/images/s6a_background_03_2.jpg,18,18,481,477,472.0,468.0,490.0,486.0,18.0,18.0,18.0,16-24,pinned_oblique,center,none,none,bg_004.jpg,315.0,8,0.6523523330688477,0.0,False,True,False,0.7942159935676804,1.601665000499426,True,3,0.41765835881233215,0.771463561952562,1,7,0,0.5,5,
1153,images/s6a_background_04_0.jpg,fixed_core_test,SYNTHETIC_3D,ok,outputs/shuttle_capability/controlled_capability/images/s6a_background_04_0.jpg,18,18,481,477,472.0,468.0,490.0,486.0,18.0,18.0,18.0,16-24,pinned_oblique,center,none,none,bg_005.jpg,315.0,6,0.33223697543144226,0.0,False,False,False,0.0,,False,,,0.0,0,6,1,0.5,5,
1154,images/s6a_background_04_1.jpg,fixed_core_test,SYNTHETIC_3D,ok,outputs/shuttle_capability/controlled_capability/images/s6a_background_04_1.jpg,18,18,481,477,472.0,468.0,490.0,486.0,18.0,18.0,18.0,16-24,pinned_oblique,center,none,none,bg_005.jpg,315.0,6,0.888497531414032,0.7669879594978404,True,True,False,0.8590835217317497,1.9133705262901255,True,1,0.888497531414032,0.7669879594978404,1,5,0,0.5,5,
1155,images/s6a_background_04_2.jpg,fixed_core_test,SYNTHETIC_3D,ok,outputs/shuttle_capability/controlled_capability/images/s6a_background_04_2.jpg,18,18,481,477,472.0,468.0,490.0,486.0,18.0,18.0,18.0,16-24,pinned_oblique,center,none,none,bg_005.jpg,315.0,7,0.41905349493026733,0.0,False,False,False,0.0,,False,,,0.0,0,7,1,0.5,5,
1156,images/s6a_background_05_0.jpg,fixed_core_test,SYNTHETIC_3D,ok,outputs/shuttle_capability/controlled_capability/images/s6a_background_05_0.jpg,18,18,481,477,472.0,468.0,490.0,486.0,18.0,18.0,18.0,16-24,pinned_oblique,center,none,none,bg_006.jpg,315.0,8,0.7904493808746338,0.0,False,False,False,0.0,,False,,,0.0,0,8,1,0.5,5,
1157,images/s6a_background_05_1.jpg,fixed_core_test,SYNTHETIC_3D,ok,outputs/shuttle_capability/controlled_capability/images/s6a_background_05_1.jpg,18,18,481,477,472.0,468.0,490.0,486.0,18.0,18.0,18.0,16-24,pinned_oblique,center,none,none,bg_006.jpg,315.0,6,0.18786178529262543,0.0,False,False,False,0.790129794543724,2.1568137864499892,True,6,0.07477492094039917,0.7152482593879844,1,5,0,0.5,5,
1158,images/s6a_background_05_2.jpg,fixed_core_test,SYNTHETIC_3D,ok,outputs/shuttle_capability/controlled_capability/images/s6a_background_05_2.jpg,18,18,481,477,472.0,468.0,490.0,486.0,18.0,18.0,18.0,16-24,pinned_oblique,center,none,none,bg_006.jpg,315.0,6,0.6374770998954773,0.0,False,False,False,0.0,,False,,,0.0,0,6,1,0.5,5,
1159,images/s6a_background_06_0.jpg,fixed_core_test,SYNTHETIC_3D,ok,outputs/shuttle_capability/controlled_capability/images/s6a_background_06_0.jpg,18,18,481,477,472.0,468.0,490.0,486.0,18.0,18.0,18.0,16-24,pinned_oblique,center,none,none,bg_007.jpg,315.0,10,0.8769423961639404,0.0,False,False,False,0.0,,False,,,0.0,0,10,1,0.5,5,
1160,images/s6a_background_06_1.jpg,fixed_core_test,SYNTHETIC_3D,ok,outputs/shuttle_capability/controlled_capability/images/s6a_background_06_1.jpg,18,18,481,477,472.0,468.0,490.0,486.0,18.0,18.0,18.0,16-24,pinned_oblique,center,none,none,bg_007.jpg,315.0,5,0.3802938163280487,0.0,False,False,False,0.0,,False,,,0.0,0,5,1,0.5,5,
1161,images/s6a_background_06_2.jpg,fixed_core_test,SYNTHETIC_3D,ok,outputs/shuttle_capability/controlled_capability/images/s6a_background_06_2.jpg,18,18,481,477,472.0,468.0,490.0,486.0,18.0,18.0,18.0,16-24,pinned_oblique,center,none,none,bg_007.jpg,315.0,8,0.6798017621040344,0.0,False,False,False,0.0,,False,,,0.0,0,8,1,0.5,5,
1162,images/s6a_background_07_0.jpg,fixed_core_test,SYNTHETIC_3D,ok,outputs/shuttle_capability/controlled_capability/images/s6a_background_07_0.jpg,18,18,481,477,472.0,468.0,490.0,486.0,18.0,18.0,18.0,16-24,pinned_oblique,center,none,none,bg_008.jpg,315.0,2,0.2805291712284088,0.0,False,False,False,0.0,,False,,,0.0,0,2,1,0.5,5,
1163,images/s6a_background_07_1.jpg,fixed_core_test,SYNTHETIC_3D,ok,outputs/shuttle_capability/controlled_capability/images/s6a_background_07_1.jpg,18,18,481,477,472.0,468.0,490.0,486.0,18.0,18.0,18.0,16-24,pinned_oblique,center,none,none,bg_008.jpg,315.0,4,0.4364272356033325,0.6010477343692725,True,True,False,0.643959664636188,2.7348568917438043,True,1,0.4364272356033325,0.6010477343692725,1,3,0,0.5,5,
1164,images/s6a_background_07_2.jpg,fixed_core_test,SYNTHETIC_3D,ok,outputs/shuttle_capability/controlled_capability/images/s6a_background_07_2.jpg,18,18,481,477,472.0,468.0,490.0,486.0,18.0,18.0,18.0,16-24,pinned_oblique,center,none,none,bg_008.jpg,315.0,1,0.05836829915642738,0.0,False,False,False,0.0,,False,,,0.0,0,1,1,0.5,5,
1165,images/s6a_background_08_0.jpg,fixed_core_test,SYNTHETIC_3D,ok,outputs/shuttle_capability/controlled_capability/images/s6a_background_08_0.jpg,18,18,481,477,472.0,468.0,490.0,486.0,18.0,18.0,18.0,16-24,pinned_oblique,center,none,none,bg_009.jpg,315.0,15,0.78843754529953,0.0,False,True,False,0.6870463294908404,2.249311209673351,True,4,0.49396857619285583,0.677439830215195,1,14,0,0.5,5,
1166,images/s6a_background_08_1.jpg,fixed_core_test,SYNTHETIC_3D,ok,outputs/shuttle_capability/controlled_capability/images/s6a_background_08_1.jpg,18,18,481,477,472.0,468.0,490.0,486.0,18.0,18.0,18.0,16-24,pinned_oblique,center,none,none,bg_009.jpg,315.0,14,0.7796582579612732,0.0,False,False,False,0.7536230361761732,1.5157942236550186,True,9,0.12700746953487396,0.7088246184462377,1,13,0,0.5,5,
1167,images/s6a_background_08_2.jpg,fixed_core_test,SYNTHETIC_3D,ok,outputs/shuttle_capability/controlled_capability/images/s6a_background_08_2.jpg,18,18,481,477,472.0,468.0,490.0,486.0,18.0,18.0,18.0,16-24,pinned_oblique,center,none,none,bg_009.jpg,315.0,11,0.774251401424408,0.0,False,False,False,0.0,,False,,,0.0,0,11,1,0.5,5,
1168,images/s6a_background_09_0.jpg,fixed_core_test,SYNTHETIC_3D,ok,outputs/shuttle_capability/controlled_capability/images/s6a_background_09_0.jpg,18,18,481,477,472.0,468.0,490.0,486.0,18.0,18.0,18.0,16-24,pinned_oblique,center,none,none,bg_010.jpg,315.0,2,0.8603941202163696,0.691972738742501,True,True,False,0.7427875698302631,2.4571218219947717,True,1,0.8603941202163696,0.691972738742501,1,1,0,0.5,5,
1169,images/s6a_background_09_1.jpg,fixed_core_test,SYNTHETIC_3D,ok,outputs/shuttle_capability/controlled_capability/images/s6a_background_09_1.jpg,18,18,481,477,472.0,468.0,490.0,486.0,18.0,18.0,18.0,16-24,pinned_oblique,center,none,none,bg_010.jpg,315.0,1,0.6703088879585266,0.6689794403658516,True,True,False,0.7583072027105286,2.5974435274604994,True,1,0.6703088879585266,0.6689794403658516,1,0,0,0.5,5,
1170,images/s6a_background_09_2.jpg,fixed_core_test,SYNTHETIC_3D,ok,outputs/shuttle_capability/controlled_capability/images/s6a_background_09_2.jpg,18,18,481,477,472.0,468.0,490.0,486.0,18.0,18.0,18.0,16-24,pinned_oblique,center,none,none,bg_010.jpg,315.0,1,0.8589685559272766,0.7184438535293445,True,True,False,0.7623376989461206,2.29086479518171,True,1,0.8589685559272766,0.7184438535293445,1,0,0,0.5,5,
1171,images/s6a_background_10_0.jpg,fixed_core_test,SYNTHETIC_3D,ok,outputs/shuttle_capability/controlled_capability/images/s6a_background_10_0.jpg,18,18,481,477,472.0,468.0,490.0,486.0,18.0,18.0,18.0,16-24,pinned_oblique,center,none,none,bg_011.jpg,315.0,5,0.8610427379608154,0.6952358930092578,True,True,False,0.7911478741163457,2.557032460041383,True,1,0.8610427379608154,0.6952358930092578,1,4,0,0.5,5,
1172,images/s6a_background_10_1.jpg,fixed_core_test,SYNTHETIC_3D,ok,outputs/shuttle_capability/controlled_capability/images/s6a_background_10_1.jpg,18,18,481,477,472.0,468.0,490.0,486.0,18.0,18.0,18.0,16-24,pinned_oblique,center,none,none,bg_011.jpg,315.0,3,0.8745833039283752,0.7867536651683669,True,True,False,0.8635631345706866,1.787662051941821,True,1,0.8745833039283752,0.7867536651683669,1,2,0,0.5,5,
1173,images/s6a_background_10_2.jpg,fixed_core_test,SYNTHETIC_3D,ok,outputs/shuttle_capability/controlled_capability/images/s6a_background_10_2.jpg,18,18,481,477,472.0,468.0,490.0,486.0,18.0,18.0,18.0,16-24,pinned_oblique,center,none,none,bg_011.jpg,315.0,2,0.8628136515617371,0.7066701910020129,True,True,False,0.7973125027147708,2.4387704984217495,True,1,0.8628136515617371,0.7066701910020129,1,1,0,0.5,5,
1174,images/s6a_background_11_0.jpg,fixed_core_test,SYNTHETIC_3D,ok,outputs/shuttle_capability/controlled_capability/images/s6a_background_11_0.jpg,18,18,481,477,472.0,468.0,490.0,486.0,18.0,18.0,18.0,16-24,pinned_oblique,center,none,none,bg_012.jpg,315.0,1,0.059492405503988266,0.0,False,False,False,0.0,,False,,,0.0,0,1,1,0.5,5,
1175,images/s6a_background_11_1.jpg,fixed_core_test,SYNTHETIC_3D,ok,outputs/shuttle_capability/controlled_capability/images/s6a_background_11_1.jpg,18,18,481,477,472.0,468.0,490.0,486.0,18.0,18.0,18.0,16-24,pinned_oblique,center,none,none,bg_012.jpg,315.0,2,0.8640544414520264,0.7098069646703058,True,True,False,0.7586843144424535,2.2698116363195027,True,1,0.8640544414520264,0.7098069646703058,1,1,0,0.5,5,
1176,images/s6a_background_11_2.jpg,fixed_core_test,SYNTHETIC_3D,ok,outputs/shuttle_capability/controlled_capability/images/s6a_background_11_2.jpg,18,18,481,477,472.0,468.0,490.0,486.0,18.0,18.0,18.0,16-24,pinned_oblique,center,none,none,bg_012.jpg,315.0,2,0.8690611720085144,0.7266102719272778,True,True,False,0.8088439030710746,2.3566472276876187,True,1,0.8690611720085144,0.7266102719272778,1,1,0,0.5,5,
1177,images/s6a_background_12_0.jpg,fixed_core_test,SYNTHETIC_3D,ok,outputs/shuttle_capability/controlled_capability/images/s6a_background_12_0.jpg,18,18,481,477,472.0,468.0,490.0,486.0,18.0,18.0,18.0,16-24,pinned_oblique,center,none,none,bg_013.jpg,315.0,0,,,False,False,False,0.0,,False,,,0.0,0,0,1,0.5,5,
1178,images/s6a_background_12_1.jpg,fixed_core_test,SYNTHETIC_3D,ok,outputs/shuttle_capability/controlled_capability/images/s6a_background_12_1.jpg,18,18,481,477,472.0,468.0,490.0,486.0,18.0,18.0,18.0,16-24,pinned_oblique,center,none,none,bg_013.jpg,315.0,2,0.8445338010787964,0.726646649390998,True,True,False,0.7887603865367256,2.15946843309843,True,1,0.8445338010787964,0.726646649390998,1,1,0,0.5,5,
1179,images/s6a_background_12_2.jpg,fixed_core_test,SYNTHETIC_3D,ok,outputs/shuttle_capability/controlled_capability/images/s6a_background_12_2.jpg,18,18,481,477,472.0,468.0,490.0,486.0,18.0,18.0,18.0,16-24,pinned_oblique,center,none,none,bg_013.jpg,315.0,2,0.7332054376602173,0.7679011071079331,True,True,False,0.8639495370012743,1.7589733751593923,True,1,0.7332054376602173,0.7679011071079331,1,1,0,0.5,5,
1180,images/s6a_background_13_0.jpg,fixed_core_test,SYNTHETIC_3D,ok,outputs/shuttle_capability/controlled_capability/images/s6a_background_13_0.jpg,18,18,481,477,472.0,468.0,490.0,486.0,18.0,18.0,18.0,16-24,pinned_oblique,center,none,none,bg_015.jpg,315.0,9,0.7603824734687805,0.8045636929934686,True,True,False,0.8193755625850625,1.3705466264271018,True,1,0.7603824734687805,0.8045636929934686,1,8,0,0.5,5,
1181,images/s6a_background_13_1.jpg,fixed_core_test,SYNTHETIC_3D,ok,outputs/shuttle_capability/controlled_capability/images/s6a_background_13_1.jpg,18,18,481,477,472.0,468.0,490.0,486.0,18.0,18.0,18.0,16-24,pinned_oblique,center,none,none,bg_015.jpg,315.0,11,0.8518702387809753,0.7217794781325156,True,True,False,0.7934356164877061,2.080707828200103,True,1,0.8518702387809753,0.7217794781325156,1,10,0,0.5,5,
1182,images/s6a_background_13_2.jpg,fixed_core_test,SYNTHETIC_3D,ok,outputs/shuttle_capability/controlled_capability/images/s6a_background_13_2.jpg,18,18,481,477,472.0,468.0,490.0,486.0,18.0,18.0,18.0,16-24,pinned_oblique,center,none,none,bg_015.jpg,315.0,3,0.8564461469650269,0.5373307506237942,True,True,True,0.9689059787326388,1.240235775943025,True,2,0.5260596871376038,0.7338828506545171,1,2,0,0.5,5,
1183,images/s6a_background_14_0.jpg,fixed_core_test,SYNTHETIC_3D,ok,outputs/shuttle_capability/controlled_capability/images/s6a_background_14_0.jpg,18,18,481,477,472.0,468.0,490.0,486.0,18.0,18.0,18.0,16-24,pinned_oblique,center,none,none,bg_016.jpg,315.0,5,0.8525552153587341,0.7494072354969511,True,True,False,0.7994899600974203,2.0415357214531813,True,1,0.8525552153587341,0.7494072354969511,1,4,0,0.5,5,
1184,images/s6a_background_14_1.jpg,fixed_core_test,SYNTHETIC_3D,ok,outputs/shuttle_capability/controlled_capability/images/s6a_background_14_1.jpg,18,18,481,477,472.0,468.0,490.0,486.0,18.0,18.0,18.0,16-24,pinned_oblique,center,none,none,bg_016.jpg,315.0,1,0.874261200428009,0.7241041820003581,True,True,False,0.8188012291412846,2.108439839766267,True,1,0.874261200428009,0.7241041820003581,1,0,0,0.5,5,
1185,images/s6a_background_14_2.jpg,fixed_core_test,SYNTHETIC_3D,ok,outputs/shuttle_capability/controlled_capability/images/s6a_background_14_2.jpg,18,18,481,477,472.0,468.0,490.0,486.0,18.0,18.0,18.0,16-24,pinned_oblique,center,none,none,bg_016.jpg,315.0,3,0.8886925578117371,0.7623324846854725,True,True,False,0.8472548705111775,1.7599248709532285,True,1,0.8886925578117371,0.7623324846854725,1,2,0,0.5,5,
1186,images/s6a_background_15_0.jpg,fixed_core_test,SYNTHETIC_3D,ok,outputs/shuttle_capability/controlled_capability/images/s6a_background_15_0.jpg,18,18,481,477,472.0,468.0,490.0,486.0,18.0,18.0,18.0,16-24,pinned_oblique,center,none,none,bg_017.jpg,315.0,3,0.8078321814537048,0.7114758097203411,True,True,False,0.7709125171955905,2.2351607822067594,True,1,0.8078321814537048,0.7114758097203411,1,2,0,0.5,5,
1187,images/s6a_background_15_1.jpg,fixed_core_test,SYNTHETIC_3D,ok,outputs/shuttle_capability/controlled_capability/images/s6a_background_15_1.jpg,18,18,481,477,472.0,468.0,490.0,486.0,18.0,18.0,18.0,16-24,pinned_oblique,center,none,none,bg_017.jpg,315.0,2,0.8807918429374695,0.7415690753773109,True,True,False,0.8085034469711698,1.9614197731163456,True,1,0.8807918429374695,0.7415690753773109,1,1,0,0.5,5,
1188,images/s6a_background_15_2.jpg,fixed_core_test,SYNTHETIC_3D,ok,outputs/shuttle_capability/controlled_capability/images/s6a_background_15_2.jpg,18,18,481,477,472.0,468.0,490.0,486.0,18.0,18.0,18.0,16-24,pinned_oblique,center,none,none,bg_017.jpg,315.0,2,0.8885740041732788,0.8044875490582941,True,True,False,0.857827915844542,1.5841335325327592,True,1,0.8885740041732788,0.8044875490582941,1,1,0,0.5,5,
1189,images/s6a_background_16_0.jpg,fixed_core_test,SYNTHETIC_3D,ok,outputs/shuttle_capability/controlled_capability/images/s6a_background_16_0.jpg,18,18,481,477,472.0,468.0,490.0,486.0,18.0,18.0,18.0,16-24,pinned_oblique,center,none,none,bg_018.jpg,315.0,3,0.8956291675567627,0.746150692614623,True,True,False,0.834041378400461,1.9298297662165032,True,1,0.8956291675567627,0.746150692614623,1,2,0,0.5,5,
1190,images/s6a_background_16_1.jpg,fixed_core_test,SYNTHETIC_3D,ok,outputs/shuttle_capability/controlled_capability/images/s6a_background_16_1.jpg,18,18,481,477,472.0,468.0,490.0,486.0,18.0,18.0,18.0,16-24,pinned_oblique,center,none,none,bg_018.jpg,315.0,3,0.1433516889810562,0.0,False,False,False,0.0,,False,,,0.0,0,3,1,0.5,5,
1191,images/s6a_background_16_2.jpg,fixed_core_test,SYNTHETIC_3D,ok,outputs/shuttle_capability/controlled_capability/images/s6a_background_16_2.jpg,18,18,481,477,472.0,468.0,490.0,486.0,18.0,18.0,18.0,16-24,pinned_oblique,center,none,none,bg_018.jpg,315.0,2,0.8633872866630554,0.7222963190602409,True,True,False,0.8206900278175319,2.160725140334095,True,1,0.8633872866630554,0.7222963190602409,1,1,0,0.5,5,
1192,images/s6a_background_17_0.jpg,fixed_core_test,SYNTHETIC_3D,ok,outputs/shuttle_capability/controlled_capability/images/s6a_background_17_0.jpg,18,18,481,477,472.0,468.0,490.0,486.0,18.0,18.0,18.0,16-24,pinned_oblique,center,none,none,bg_019.jpg,315.0,2,0.07803287357091904,0.6373359063637326,True,True,False,0.6731724060588965,2.594118605197001,True,1,0.07803287357091904,0.6373359063637326,1,1,0,0.5,5,
1193,images/s6a_background_17_1.jpg,fixed_core_test,SYNTHETIC_3D,ok,outputs/shuttle_capability/controlled_capability/images/s6a_background_17_1.jpg,18,18,481,477,472.0,468.0,490.0,486.0,18.0,18.0,18.0,16-24,pinned_oblique,center,none,none,bg_019.jpg,315.0,1,0.8800894618034363,0.7240389939962691,True,True,False,0.8264507170203199,2.194960611155683,True,1,0.8800894618034363,0.7240389939962691,1,0,0,0.5,5,
1194,images/s6a_background_17_2.jpg,fixed_core_test,SYNTHETIC_3D,ok,outputs/shuttle_capability/controlled_capability/images/s6a_background_17_2.jpg,18,18,481,477,472.0,468.0,490.0,486.0,18.0,18.0,18.0,16-24,pinned_oblique,center,none,none,bg_019.jpg,315.0,2,0.18748065829277039,0.6171798396208324,True,True,False,0.7702572080709132,3.2850439559421365,True,1,0.18748065829277039,0.6171798396208324,1,1,0,0.5,5,
1195,images/s6a_background_18_0.jpg,fixed_core_test,SYNTHETIC_3D,ok,outputs/shuttle_capability/controlled_capability/images/s6a_background_18_0.jpg,18,18,481,477,472.0,468.0,490.0,486.0,18.0,18.0,18.0,16-24,pinned_oblique,center,none,none,bg_020.jpg,315.0,4,0.3398088812828064,0.0,False,False,False,0.0,,False,,,0.0,0,4,1,0.5,5,
1196,images/s6a_background_18_1.jpg,fixed_core_test,SYNTHETIC_3D,ok,outputs/shuttle_capability/controlled_capability/images/s6a_background_18_1.jpg,18,18,481,477,472.0,468.0,490.0,486.0,18.0,18.0,18.0,16-24,pinned_oblique,center,none,none,bg_020.jpg,315.0,5,0.3010166883468628,0.0,False,False,False,0.0,,False,,,0.0,0,5,1,0.5,5,
1197,images/s6a_background_18_2.jpg,fixed_core_test,SYNTHETIC_3D,ok,outputs/shuttle_capability/controlled_capability/images/s6a_background_18_2.jpg,18,18,481,477,472.0,468.0,490.0,486.0,18.0,18.0,18.0,16-24,pinned_oblique,center,none,none,bg_020.jpg,315.0,4,0.40622782707214355,0.0,False,False,False,0.0,,False,,,0.0,0,4,1,0.5,5,
1198,images/s6a_background_19_0.jpg,fixed_core_test,SYNTHETIC_3D,ok,outputs/shuttle_capability/controlled_capability/images/s6a_background_19_0.jpg,18,18,481,477,472.0,468.0,490.0,486.0,18.0,18.0,18.0,16-24,pinned_oblique,center,none,none,bg_021.jpg,315.0,4,0.893679141998291,0.7366412905870731,True,True,False,0.837396140538018,2.0518628261042635,True,1,0.893679141998291,0.7366412905870731,1,3,0,0.5,5,
1199,images/s6a_background_19_1.jpg,fixed_core_test,SYNTHETIC_3D,ok,outputs/shuttle_capability/controlled_capability/images/s6a_background_19_1.jpg,18,18,481,477,472.0,468.0,490.0,486.0,18.0,18.0,18.0,16-24,pinned_oblique,center,none,none,bg_021.jpg,315.0,4,0.900835394859314,0.7376377297394315,True,True,False,0.8543448595123159,2.0297467696354845,True,1,0.900835394859314,0.7376377297394315,1,3,0,0.5,5,
1200,images/s6a_background_19_2.jpg,fixed_core_test,SYNTHETIC_3D,ok,outputs/shuttle_capability/controlled_capability/images/s6a_background_19_2.jpg,18,18,481,477,472.0,468.0,490.0,486.0,18.0,18.0,18.0,16-24,pinned_oblique,center,none,none,bg_021.jpg,315.0,4,0.8910418152809143,0.7367251439620052,True,True,False,0.8295247989223787,2.0968203011633486,True,1,0.8910418152809143,0.7367251439620052,1,3,0,0.5,5,
1201,images/s6a_background_20_0.jpg,fixed_core_test,SYNTHETIC_3D,ok,outputs/shuttle_capability/controlled_capability/images/s6a_background_20_0.jpg,18,18,481,477,472.0,468.0,490.0,486.0,18.0,18.0,18.0,16-24,pinned_oblique,center,none,none,bg_022.jpg,315.0,7,0.8734405636787415,0.7544526646292589,True,True,False,0.8319423562950559,2.073495503107395,True,1,0.8734405636787415,0.7544526646292589,1,6,0,0.5,5,
1202,images/s6a_background_20_1.jpg,fixed_core_test,SYNTHETIC_3D,ok,outputs/shuttle_capability/controlled_capability/images/s6a_background_20_1.jpg,18,18,481,477,472.0,468.0,490.0,486.0,18.0,18.0,18.0,16-24,pinned_oblique,center,none,none,bg_022.jpg,315.0,2,0.8680398464202881,0.7971178754120776,True,True,False,0.8664755878314652,1.8415395249964264,True,1,0.8680398464202881,0.7971178754120776,1,1,0,0.5,5,
1203,images/s6a_background_20_2.jpg,fixed_core_test,SYNTHETIC_3D,ok,outputs/shuttle_capability/controlled_capability/images/s6a_background_20_2.jpg,18,18,481,477,472.0,468.0,490.0,486.0,18.0,18.0,18.0,16-24,pinned_oblique,center,none,none,bg_022.jpg,315.0,1,0.87076735496521,0.7773124816935723,True,True,False,0.8309759280765084,1.8470574186940343,True,1,0.87076735496521,0.7773124816935723,1,0,0,0.5,5,
1204,images/s6a_background_21_0.jpg,fixed_core_test,SYNTHETIC_3D,ok,outputs/shuttle_capability/controlled_capability/images/s6a_background_21_0.jpg,18,18,481,477,472.0,468.0,490.0,486.0,18.0,18.0,18.0,16-24,pinned_oblique,center,none,none,bg_024.jpg,315.0,10,0.7047776579856873,0.78269930679061,True,True,False,0.8036895780824125,1.3836182554165304,True,1,0.7047776579856873,0.78269930679061,1,9,0,0.5,5,
1205,images/s6a_background_21_1.jpg,fixed_core_test,SYNTHETIC_3D,ok,outputs/shuttle_capability/controlled_capability/images/s6a_background_21_1.jpg,18,18,481,477,472.0,468.0,490.0,486.0,18.0,18.0,18.0,16-24,pinned_oblique,center,none,none,bg_024.jpg,315.0,10,0.854788064956665,0.7177334890356042,True,True,False,0.7891241188368036,2.1163186343839717,True,1,0.854788064956665,0.7177334890356042,1,9,0,0.5,5,
1206,images/s6a_background_21_2.jpg,fixed_core_test,SYNTHETIC_3D,ok,outputs/shuttle_capability/controlled_capability/images/s6a_background_21_2.jpg,18,18,481,477,472.0,468.0,490.0,486.0,18.0,18.0,18.0,16-24,pinned_oblique,center,none,none,bg_024.jpg,315.0,6,0.8587433695793152,0.5300775720064793,True,True,True,0.9360148111979166,1.7063515928987467,True,2,0.4497215747833252,0.7176417342161494,1,5,0,0.5,5,
1207,images/s6a_background_22_0.jpg,fixed_core_test,SYNTHETIC_3D,ok,outputs/shuttle_capability/controlled_capability/images/s6a_background_22_0.jpg,18,18,481,477,472.0,468.0,490.0,486.0,18.0,18.0,18.0,16-24,pinned_oblique,center,none,none,bg_025.jpg,315.0,1,0.20863190293312073,0.6583471113693975,True,True,False,0.7448912011804404,2.8565386572689846,True,1,0.20863190293312073,0.6583471113693975,1,0,0,0.5,5,
1208,images/s6a_background_22_1.jpg,fixed_core_test,SYNTHETIC_3D,ok,outputs/shuttle_capability/controlled_capability/images/s6a_background_22_1.jpg,18,18,481,477,472.0,468.0,490.0,486.0,18.0,18.0,18.0,16-24,pinned_oblique,center,none,none,bg_025.jpg,315.0,1,0.10959688574075699,0.0,False,False,False,0.0,,False,,,0.0,0,1,1,0.5,5,
1209,images/s6a_background_22_2.jpg,fixed_core_test,SYNTHETIC_3D,ok,outputs/shuttle_capability/controlled_capability/images/s6a_background_22_2.jpg,18,18,481,477,472.0,468.0,490.0,486.0,18.0,18.0,18.0,16-24,pinned_oblique,center,none,none,bg_025.jpg,315.0,0,,,False,False,False,0.0,,False,,,0.0,0,0,1,0.5,5,
1210,images/s6a_background_23_0.jpg,fixed_core_test,SYNTHETIC_3D,ok,outputs/shuttle_capability/controlled_capability/images/s6a_background_23_0.jpg,18,18,481,477,472.0,468.0,490.0,486.0,18.0,18.0,18.0,16-24,pinned_oblique,center,none,none,bg_026.jpg,315.0,2,0.577271044254303,0.7218280770339077,True,True,False,0.8633292914816627,2.478484193754389,True,1,0.577271044254303,0.7218280770339077,1,1,0,0.5,5,
1211,images/s6a_background_23_1.jpg,fixed_core_test,SYNTHETIC_3D,ok,outputs/shuttle_capability/controlled_capability/images/s6a_background_23_1.jpg,18,18,481,477,472.0,468.0,490.0,486.0,18.0,18.0,18.0,16-24,pinned_oblique,center,none,none,bg_026.jpg,315.0,3,0.8670423030853271,0.7754051678408154,True,True,False,0.8330329781898332,1.7410000640901455,True,1,0.8670423030853271,0.7754051678408154,1,2,0,0.5,5,
1212,images/s6a_background_23_2.jpg,fixed_core_test,SYNTHETIC_3D,ok,outputs/shuttle_capability/controlled_capability/images/s6a_background_23_2.jpg,18,18,481,477,472.0,468.0,490.0,486.0,18.0,18.0,18.0,16-24,pinned_oblique,center,none,none,bg_026.jpg,315.0,2,0.8724799752235413,0.749593478220999,True,True,False,0.8523315309236447,1.8920489775643632,True,1,0.8724799752235413,0.749593478220999,1,1,0,0.5,5,
1213,images/s6a_background_24_0.jpg,fixed_core_test,SYNTHETIC_3D,ok,outputs/shuttle_capability/controlled_capability/images/s6a_background_24_0.jpg,18,18,481,477,472.0,468.0,490.0,486.0,18.0,18.0,18.0,16-24,pinned_oblique,center,none,none,bg_027.jpg,315.0,1,0.3672363758087158,0.5586140846355502,True,True,False,0.5629423434535662,2.567194906254604,True,1,0.3672363758087158,0.5586140846355502,1,0,0,0.5,5,
1214,images/s6a_background_24_1.jpg,fixed_core_test,SYNTHETIC_3D,ok,outputs/shuttle_capability/controlled_capability/images/s6a_background_24_1.jpg,18,18,481,477,472.0,468.0,490.0,486.0,18.0,18.0,18.0,16-24,pinned_oblique,center,none,none,bg_027.jpg,315.0,1,0.768104612827301,0.8046156659790749,True,True,True,0.9242435031467013,1.1878980554513252,True,1,0.768104612827301,0.8046156659790749,1,0,0,0.5,5,
1215,images/s6a_background_24_2.jpg,fixed_core_test,SYNTHETIC_3D,ok,outputs/shuttle_capability/controlled_capability/images/s6a_background_24_2.jpg,18,18,481,477,472.0,468.0,490.0,486.0,18.0,18.0,18.0,16-24,pinned_oblique,center,none,none,bg_027.jpg,315.0,1,0.8334888815879822,0.6954276627579317,True,True,False,0.7784832467290538,2.3477381838819547,True,1,0.8334888815879822,0.6954276627579317,1,0,0,0.5,5,
1216,images/s6a_background_25_0.jpg,fixed_core_test,SYNTHETIC_3D,ok,outputs/shuttle_capability/controlled_capability/images/s6a_background_25_0.jpg,18,18,481,477,472.0,468.0,490.0,486.0,18.0,18.0,18.0,16-24,pinned_oblique,center,none,none,bg_028.jpg,315.0,1,0.8680098056793213,0.7215937656175028,True,True,False,0.799944683978403,2.192780709479708,True,1,0.8680098056793213,0.7215937656175028,1,0,0,0.5,5,
1217,images/s6a_background_25_1.jpg,fixed_core_test,SYNTHETIC_3D,ok,outputs/shuttle_capability/controlled_capability/images/s6a_background_25_1.jpg,18,18,481,477,472.0,468.0,490.0,486.0,18.0,18.0,18.0,16-24,pinned_oblique,center,none,none,bg_028.jpg,315.0,1,0.8642324209213257,0.7418939883909971,True,True,False,0.806523146400987,2.0011679333617853,True,1,0.8642324209213257,0.7418939883909971,1,0,0,0.5,5,
1218,images/s6a_background_25_2.jpg,fixed_core_test,SYNTHETIC_3D,ok,outputs/shuttle_capability/controlled_capability/images/s6a_background_25_2.jpg,18,18,481,477,472.0,468.0,490.0,486.0,18.0,18.0,18.0,16-24,pinned_oblique,center,none,none,bg_028.jpg,315.0,1,0.803725004196167,0.738582724679197,True,True,False,0.892730035290214,2.062084130784633,True,1,0.803725004196167,0.738582724679197,1,0,0,0.5,5,
1219,images/s6a_background_26_0.jpg,fixed_core_test,SYNTHETIC_3D,ok,outputs/shuttle_capability/controlled_capability/images/s6a_background_26_0.jpg,18,18,481,477,472.0,468.0,490.0,486.0,18.0,18.0,18.0,16-24,pinned_oblique,center,none,none,bg_029.jpg,315.0,2,0.5881344079971313,0.7187130421488166,True,True,False,0.7412488171830773,2.033727509600588,True,1,0.5881344079971313,0.7187130421488166,1,1,0,0.5,5,
1220,images/s6a_background_26_1.jpg,fixed_core_test,SYNTHETIC_3D,ok,outputs/shuttle_capability/controlled_capability/images/s6a_background_26_1.jpg,18,18,481,477,472.0,468.0,490.0,486.0,18.0,18.0,18.0,16-24,pinned_oblique,center,none,none,bg_029.jpg,315.0,0,,,False,False,False,0.0,,False,,,0.0,0,0,1,0.5,5,
1221,images/s6a_background_26_2.jpg,fixed_core_test,SYNTHETIC_3D,ok,outputs/shuttle_capability/controlled_capability/images/s6a_background_26_2.jpg,18,18,481,477,472.0,468.0,490.0,486.0,18.0,18.0,18.0,16-24,pinned_oblique,center,none,none,bg_029.jpg,315.0,0,,,False,False,False,0.0,,False,,,0.0,0,0,1,0.5,5,
1222,images/s6a_background_27_0.jpg,fixed_core_test,SYNTHETIC_3D,ok,outputs/shuttle_capability/controlled_capability/images/s6a_background_27_0.jpg,18,18,481,477,472.0,468.0,490.0,486.0,18.0,18.0,18.0,16-24,pinned_oblique,center,none,none,bg_030.jpg,315.0,2,0.5513201355934143,0.6963262766610641,True,True,False,0.8019885251350287,2.478841372615364,True,1,0.5513201355934143,0.6963262766610641,1,1,0,0.5,5,
1223,images/s6a_background_27_1.jpg,fixed_core_test,SYNTHETIC_3D,ok,outputs/shuttle_capability/controlled_capability/images/s6a_background_27_1.jpg,18,18,481,477,472.0,468.0,490.0,486.0,18.0,18.0,18.0,16-24,pinned_oblique,center,none,none,bg_030.jpg,315.0,2,0.8365613222122192,0.7263086267809497,True,True,False,0.8277796063986089,2.1168973759577825,True,1,0.8365613222122192,0.7263086267809497,1,1,0,0.5,5,
1224,images/s6a_background_27_2.jpg,fixed_core_test,SYNTHETIC_3D,ok,outputs/shuttle_capability/controlled_capability/images/s6a_background_27_2.jpg,18,18,481,477,472.0,468.0,490.0,486.0,18.0,18.0,18.0,16-24,pinned_oblique,center,none,none,bg_030.jpg,315.0,2,0.8885729908943176,0.6725031278524719,True,True,False,0.8189889340213051,2.6630754099918623,True,1,0.8885729908943176,0.6725031278524719,1,1,0,0.5,5,
1225,images/s6a_background_28_0.jpg,fixed_core_test,SYNTHETIC_3D,ok,outputs/shuttle_capability/controlled_capability/images/s6a_background_28_0.jpg,18,18,481,477,472.0,468.0,490.0,486.0,18.0,18.0,18.0,16-24,pinned_oblique,center,none,none,bg_031.jpg,315.0,2,0.5433570742607117,0.0,False,True,False,0.8333864812681704,1.9301424448216278,True,2,0.5107293128967285,0.7482115449329645,1,1,0,0.5,5,
1226,images/s6a_background_28_1.jpg,fixed_core_test,SYNTHETIC_3D,ok,outputs/shuttle_capability/controlled_capability/images/s6a_background_28_1.jpg,18,18,481,477,472.0,468.0,490.0,486.0,18.0,18.0,18.0,16-24,pinned_oblique,center,none,none,bg_031.jpg,315.0,0,,,False,False,False,0.0,,False,,,0.0,0,0,1,0.5,5,
1227,images/s6a_background_28_2.jpg,fixed_core_test,SYNTHETIC_3D,ok,outputs/shuttle_capability/controlled_capability/images/s6a_background_28_2.jpg,18,18,481,477,472.0,468.0,490.0,486.0,18.0,18.0,18.0,16-24,pinned_oblique,center,none,none,bg_031.jpg,315.0,2,0.8587720394134521,0.7470996104899776,True,True,False,0.8391490128512183,1.9587580534899371,True,1,0.8587720394134521,0.7470996104899776,1,1,0,0.5,5,
1228,images/s6a_background_29_0.jpg,fixed_core_test,SYNTHETIC_3D,ok,outputs/shuttle_capability/controlled_capability/images/s6a_background_29_0.jpg,18,18,481,477,472.0,468.0,490.0,486.0,18.0,18.0,18.0,16-24,pinned_oblique,center,none,none,bg_032.jpg,315.0,2,0.44007983803749084,0.5406340590801191,True,True,False,0.7231130698626792,1.527374424589773,True,2,0.09260973334312439,0.6542623448703024,1,1,0,0.5,5,
1229,images/s6a_background_29_1.jpg,fixed_core_test,SYNTHETIC_3D,ok,outputs/shuttle_capability/controlled_capability/images/s6a_background_29_1.jpg,18,18,481,477,472.0,468.0,490.0,486.0,18.0,18.0,18.0,16-24,pinned_oblique,center,none,none,bg_032.jpg,315.0,1,0.8175457715988159,0.7068925765258982,True,True,False,0.7674731258992795,2.3891328961727085,True,1,0.8175457715988159,0.7068925765258982,1,0,0,0.5,5,
1230,images/s6a_background_29_2.jpg,fixed_core_test,SYNTHETIC_3D,ok,outputs/shuttle_capability/controlled_capability/images/s6a_background_29_2.jpg,18,18,481,477,472.0,468.0,490.0,486.0,18.0,18.0,18.0,16-24,pinned_oblique,center,none,none,bg_032.jpg,315.0,1,0.844360888004303,0.7003360499179391,True,True,False,0.7342606333808767,2.3198271159027706,True,1,0.844360888004303,0.7003360499179391,1,0,0,0.5,5,
1231,images/s6b_light_000_0.jpg,fixed_core_test,SYNTHETIC_3D,ok,outputs/shuttle_capability/controlled_capability/images/s6b_light_000_0.jpg,18,18,481,477,472.0,468.0,490.0,486.0,18.0,18.0,18.0,16-24,pinned_oblique,center,none,none,bg_001.jpg,0.0,0,,,False,False,False,0.0,,False,,,0.0,0,0,1,0.5,5,
1232,images/s6b_light_000_1.jpg,fixed_core_test,SYNTHETIC_3D,ok,outputs/shuttle_capability/controlled_capability/images/s6b_light_000_1.jpg,18,18,481,477,472.0,468.0,490.0,486.0,18.0,18.0,18.0,16-24,pinned_oblique,center,none,none,bg_001.jpg,0.0,3,0.10874707996845245,0.0,False,True,False,0.5982842968983783,1.7418345601162228,True,2,0.0988263338804245,0.5921843539658684,1,2,0,0.5,5,
1233,images/s6b_light_000_2.jpg,fixed_core_test,SYNTHETIC_3D,ok,outputs/shuttle_capability/controlled_capability/images/s6b_light_000_2.jpg,18,18,481,477,472.0,468.0,490.0,486.0,18.0,18.0,18.0,16-24,pinned_oblique,center,none,none,bg_001.jpg,0.0,1,0.06224294379353523,0.7365850832287663,True,True,False,0.7518927411026792,1.6675992401182007,True,1,0.06224294379353523,0.7365850832287663,1,0,0,0.5,5,
1234,images/s6b_light_000_3.jpg,fixed_core_test,SYNTHETIC_3D,ok,outputs/shuttle_capability/controlled_capability/images/s6b_light_000_3.jpg,18,18,481,477,472.0,468.0,490.0,486.0,18.0,18.0,18.0,16-24,pinned_oblique,center,none,none,bg_001.jpg,0.0,1,0.19393137097358704,0.0,False,False,False,0.0,,False,,,0.0,0,1,1,0.5,5,
1235,images/s6b_light_000_4.jpg,fixed_core_test,SYNTHETIC_3D,ok,outputs/shuttle_capability/controlled_capability/images/s6b_light_000_4.jpg,18,18,481,477,472.0,468.0,490.0,486.0,18.0,18.0,18.0,16-24,pinned_oblique,center,none,none,bg_001.jpg,0.0,1,0.05483738332986832,0.0,False,False,False,0.0,,False,,,0.0,0,1,1,0.5,5,
1236,images/s6b_light_000_5.jpg,fixed_core_test,SYNTHETIC_3D,ok,outputs/shuttle_capability/controlled_capability/images/s6b_light_000_5.jpg,18,18,481,477,472.0,468.0,490.0,486.0,18.0,18.0,18.0,16-24,pinned_oblique,center,none,none,bg_001.jpg,0.0,2,0.18088498711585999,0.0,False,False,False,0.0,,False,,,0.0,0,2,1,0.5,5,
1237,images/s6b_light_000_6.jpg,fixed_core_test,SYNTHETIC_3D,ok,outputs/shuttle_capability/controlled_capability/images/s6b_light_000_6.jpg,18,18,481,477,472.0,468.0,490.0,486.0,18.0,18.0,18.0,16-24,pinned_oblique,center,none,none,bg_001.jpg,0.0,1,0.7798396944999695,0.6987610169552946,True,True,False,0.7320150920293398,2.111872960309108,True,1,0.7798396944999695,0.6987610169552946,1,0,0,0.5,5,
1238,images/s6b_light_000_7.jpg,fixed_core_test,SYNTHETIC_3D,ok,outputs/shuttle_capability/controlled_capability/images/s6b_light_000_7.jpg,18,18,481,477,472.0,468.0,490.0,486.0,18.0,18.0,18.0,16-24,pinned_oblique,center,none,none,bg_001.jpg,0.0,0,,,False,False,False,0.0,,False,,,0.0,0,0,1,0.5,5,
1239,images/s6b_light_000_8.jpg,fixed_core_test,SYNTHETIC_3D,ok,outputs/shuttle_capability/controlled_capability/images/s6b_light_000_8.jpg,18,18,481,477,472.0,468.0,490.0,486.0,18.0,18.0,18.0,16-24,pinned_oblique,center,none,none,bg_001.jpg,0.0,3,0.4155965745449066,0.7455169004413085,True,True,False,0.7531113580076231,1.663105255592672,True,1,0.4155965745449066,0.7455169004413085,1,2,0,0.5,5,
1240,images/s6b_light_000_9.jpg,fixed_core_test,SYNTHETIC_3D,ok,outputs/shuttle_capability/controlled_capability/images/s6b_light_000_9.jpg,18,18,481,477,472.0,468.0,490.0,486.0,18.0,18.0,18.0,16-24,pinned_oblique,center,none,none,bg_001.jpg,0.0,5,0.06672989577054977,0.0,False,False,False,0.0,,False,,,0.0,0,5,1,0.5,5,
1241,images/s6b_light_000_10.jpg,fixed_core_test,SYNTHETIC_3D,ok,outputs/shuttle_capability/controlled_capability/images/s6b_light_000_10.jpg,18,18,481,477,472.0,468.0,490.0,486.0,18.0,18.0,18.0,16-24,pinned_oblique,center,none,none,bg_001.jpg,0.0,3,0.8009772300720215,0.7619421187523131,True,True,False,0.7735213422112994,1.4375092817737667,True,1,0.8009772300720215,0.7619421187523131,1,2,0,0.5,5,
1242,images/s6b_light_000_11.jpg,fixed_core_test,SYNTHETIC_3D,ok,outputs/shuttle_capability/controlled_capability/images/s6b_light_000_11.jpg,18,18,481,477,472.0,468.0,490.0,486.0,18.0,18.0,18.0,16-24,pinned_oblique,center,none,none,bg_001.jpg,0.0,3,0.849575400352478,0.8135004875505737,True,True,False,0.8640732035834204,1.3334685986798132,True,1,0.849575400352478,0.8135004875505737,1,2,0,0.5,5,
1243,images/s6b_light_000_12.jpg,fixed_core_test,SYNTHETIC_3D,ok,outputs/shuttle_capability/controlled_capability/images/s6b_light_000_12.jpg,18,18,481,477,472.0,468.0,490.0,486.0,18.0,18.0,18.0,16-24,pinned_oblique,center,none,none,bg_001.jpg,0.0,1,0.1577618271112442,0.0,False,False,False,0.0,,False,,,0.0,0,1,1,0.5,5,
1244,images/s6b_light_000_13.jpg,fixed_core_test,SYNTHETIC_3D,ok,outputs/shuttle_capability/controlled_capability/images/s6b_light_000_13.jpg,18,18,481,477,472.0,468.0,490.0,486.0,18.0,18.0,18.0,16-24,pinned_oblique,center,none,none,bg_001.jpg,0.0,0,,,False,False,False,0.0,,False,,,0.0,0,0,1,0.5,5,
1245,images/s6b_light_000_14.jpg,fixed_core_test,SYNTHETIC_3D,ok,outputs/shuttle_capability/controlled_capability/images/s6b_light_000_14.jpg,18,18,481,477,472.0,468.0,490.0,486.0,18.0,18.0,18.0,16-24,pinned_oblique,center,none,none,bg_001.jpg,0.0,3,0.06437335908412933,0.0,False,False,False,0.0,,False,,,0.0,0,3,1,0.5,5,
1246,images/s6b_light_000_15.jpg,fixed_core_test,SYNTHETIC_3D,ok,outputs/shuttle_capability/controlled_capability/images/s6b_light_000_15.jpg,18,18,481,477,472.0,468.0,490.0,486.0,18.0,18.0,18.0,16-24,pinned_oblique,center,none,none,bg_001.jpg,0.0,0,,,False,False,False,0.0,,False,,,0.0,0,0,1,0.5,5,
1247,images/s6b_light_000_16.jpg,fixed_core_test,SYNTHETIC_3D,ok,outputs/shuttle_capability/controlled_capability/images/s6b_light_000_16.jpg,18,18,481,477,472.0,468.0,490.0,486.0,18.0,18.0,18.0,16-24,pinned_oblique,center,none,none,bg_001.jpg,0.0,2,0.19585801661014557,0.6256536089477404,True,True,False,0.6402518069486559,1.7677297463906272,True,1,0.19585801661014557,0.6256536089477404,1,1,0,0.5,5,
1248,images/s6b_light_000_17.jpg,fixed_core_test,SYNTHETIC_3D,ok,outputs/shuttle_capability/controlled_capability/images/s6b_light_000_17.jpg,18,18,481,477,472.0,468.0,490.0,486.0,18.0,18.0,18.0,16-24,pinned_oblique,center,none,none,bg_001.jpg,0.0,2,0.2009316384792328,0.0,False,False,False,0.0,,False,,,0.0,0,2,1,0.5,5,
1249,images/s6b_light_000_18.jpg,fixed_core_test,SYNTHETIC_3D,ok,outputs/shuttle_capability/controlled_capability/images/s6b_light_000_18.jpg,18,18,481,477,472.0,468.0,490.0,486.0,18.0,18.0,18.0,16-24,pinned_oblique,center,none,none,bg_001.jpg,0.0,0,,,False,False,False,0.0,,False,,,0.0,0,0,1,0.5,5,
1250,images/s6b_light_000_19.jpg,fixed_core_test,SYNTHETIC_3D,ok,outputs/shuttle_capability/controlled_capability/images/s6b_light_000_19.jpg,18,18,481,477,472.0,468.0,490.0,486.0,18.0,18.0,18.0,16-24,pinned_oblique,center,none,none,bg_001.jpg,0.0,3,0.082635797560215,0.0,False,True,False,0.5959908831864595,2.0440237357855096,True,3,0.06907456368207932,0.5959908831864595,1,2,0,0.5,5,
1251,images/s6b_light_045_0.jpg,fixed_core_test,SYNTHETIC_3D,ok,outputs/shuttle_capability/controlled_capability/images/s6b_light_045_0.jpg,18,18,481,477,472.0,468.0,490.0,486.0,18.0,18.0,18.0,16-24,pinned_oblique,center,none,none,bg_001.jpg,45.0,0,,,False,False,False,0.0,,False,,,0.0,0,0,1,0.5,5,
1252,images/s6b_light_045_1.jpg,fixed_core_test,SYNTHETIC_3D,ok,outputs/shuttle_capability/controlled_capability/images/s6b_light_045_1.jpg,18,18,481,477,472.0,468.0,490.0,486.0,18.0,18.0,18.0,16-24,pinned_oblique,center,none,none,bg_001.jpg,45.0,1,0.18550990521907806,0.0,False,False,False,0.0,,False,,,0.0,0,1,1,0.5,5,
1253,images/s6b_light_045_2.jpg,fixed_core_test,SYNTHETIC_3D,ok,outputs/shuttle_capability/controlled_capability/images/s6b_light_045_2.jpg,18,18,481,477,472.0,468.0,490.0,486.0,18.0,18.0,18.0,16-24,pinned_oblique,center,none,none,bg_001.jpg,45.0,3,0.4747759997844696,0.7727203675979787,True,True,False,0.8049355970902575,0.7709894530316552,True,1,0.4747759997844696,0.7727203675979787,1,2,0,0.5,5,
1254,images/s6b_light_045_3.jpg,fixed_core_test,SYNTHETIC_3D,ok,outputs/shuttle_capability/controlled_capability/images/s6b_light_045_3.jpg,18,18,481,477,472.0,468.0,490.0,486.0,18.0,18.0,18.0,16-24,pinned_oblique,center,none,none,bg_001.jpg,45.0,1,0.22361530363559723,0.0,False,False,False,0.0,,False,,,0.0,0,1,1,0.5,5,
1255,images/s6b_light_045_4.jpg,fixed_core_test,SYNTHETIC_3D,ok,outputs/shuttle_capability/controlled_capability/images/s6b_light_045_4.jpg,18,18,481,477,472.0,468.0,490.0,486.0,18.0,18.0,18.0,16-24,pinned_oblique,center,none,none,bg_001.jpg,45.0,0,,,False,False,False,0.0,,False,,,0.0,0,0,1,0.5,5,
1256,images/s6b_light_045_5.jpg,fixed_core_test,SYNTHETIC_3D,ok,outputs/shuttle_capability/controlled_capability/images/s6b_light_045_5.jpg,18,18,481,477,472.0,468.0,490.0,486.0,18.0,18.0,18.0,16-24,pinned_oblique,center,none,none,bg_001.jpg,45.0,3,0.19976083934307098,0.0,False,False,False,0.0,,False,,,0.0,0,3,1,0.5,5,
1257,images/s6b_light_045_6.jpg,fixed_core_test,SYNTHETIC_3D,ok,outputs/shuttle_capability/controlled_capability/images/s6b_light_045_6.jpg,18,18,481,477,472.0,468.0,490.0,486.0,18.0,18.0,18.0,16-24,pinned_oblique,center,none,none,bg_001.jpg,45.0,1,0.566559374332428,0.7574764512754183,True,True,False,0.7606272399425507,1.323677730318826,True,1,0.566559374332428,0.7574764512754183,1,0,0,0.5,5,
1258,images/s6b_light_045_7.jpg,fixed_core_test,SYNTHETIC_3D,ok,outputs/shuttle_capability/controlled_capability/images/s6b_light_045_7.jpg,18,18,481,477,472.0,468.0,490.0,486.0,18.0,18.0,18.0,16-24,pinned_oblique,center,none,none,bg_001.jpg,45.0,0,,,False,False,False,0.0,,False,,,0.0,0,0,1,0.5,5,
1259,images/s6b_light_045_8.jpg,fixed_core_test,SYNTHETIC_3D,ok,outputs/shuttle_capability/controlled_capability/images/s6b_light_045_8.jpg,18,18,481,477,472.0,468.0,490.0,486.0,18.0,18.0,18.0,16-24,pinned_oblique,center,none,none,bg_001.jpg,45.0,2,0.23615092039108276,0.7928201180729466,True,True,False,0.8050846843462851,0.8703763140582695,True,1,0.23615092039108276,0.7928201180729466,1,1,0,0.5,5,
1260,images/s6b_light_045_9.jpg,fixed_core_test,SYNTHETIC_3D,ok,outputs/shuttle_capability/controlled_capability/images/s6b_light_045_9.jpg,18,18,481,477,472.0,468.0,490.0,486.0,18.0,18.0,18.0,16-24,pinned_oblique,center,none,none,bg_001.jpg,45.0,0,,,False,False,False,0.0,,False,,,0.0,0,0,1,0.5,5,
1261,images/s6b_light_045_10.jpg,fixed_core_test,SYNTHETIC_3D,ok,outputs/shuttle_capability/controlled_capability/images/s6b_light_045_10.jpg,18,18,481,477,472.0,468.0,490.0,486.0,18.0,18.0,18.0,16-24,pinned_oblique,center,none,none,bg_001.jpg,45.0,3,0.7747405767440796,0.6990547042547001,True,True,False,0.6990547042547001,0.9042478701576231,True,1,0.7747405767440796,0.6990547042547001,1,2,0,0.5,5,
1262,images/s6b_light_045_11.jpg,fixed_core_test,SYNTHETIC_3D,ok,outputs/shuttle_capability/controlled_capability/images/s6b_light_045_11.jpg,18,18,481,477,472.0,468.0,490.0,486.0,18.0,18.0,18.0,16-24,pinned_oblique,center,none,none,bg_001.jpg,45.0,3,0.8353105783462524,0.8099849032701223,True,True,False,0.8425160547097524,1.236081090856304,True,1,0.8353105783462524,0.8099849032701223,1,2,0,0.5,5,
1263,images/s6b_light_045_12.jpg,fixed_core_test,SYNTHETIC_3D,ok,outputs/shuttle_capability/controlled_capability/images/s6b_light_045_12.jpg,18,18,481,477,472.0,468.0,490.0,486.0,18.0,18.0,18.0,16-24,pinned_oblique,center,none,none,bg_001.jpg,45.0,1,0.10859822481870651,0.0,False,False,False,0.0,,False,,,0.0,0,1,1,0.5,5,
1264,images/s6b_light_045_13.jpg,fixed_core_test,SYNTHETIC_3D,ok,outputs/shuttle_capability/controlled_capability/images/s6b_light_045_13.jpg,18,18,481,477,472.0,468.0,490.0,486.0,18.0,18.0,18.0,16-24,pinned_oblique,center,none,none,bg_001.jpg,45.0,0,,,False,False,False,0.0,,False,,,0.0,0,0,1,0.5,5,
1265,images/s6b_light_045_14.jpg,fixed_core_test,SYNTHETIC_3D,ok,outputs/shuttle_capability/controlled_capability/images/s6b_light_045_14.jpg,18,18,481,477,472.0,468.0,490.0,486.0,18.0,18.0,18.0,16-24,pinned_oblique,center,none,none,bg_001.jpg,45.0,2,0.07494641840457916,0.0,False,False,False,0.0,,False,,,0.0,0,2,1,0.5,5,
1266,images/s6b_light_045_15.jpg,fixed_core_test,SYNTHETIC_3D,ok,outputs/shuttle_capability/controlled_capability/images/s6b_light_045_15.jpg,18,18,481,477,472.0,468.0,490.0,486.0,18.0,18.0,18.0,16-24,pinned_oblique,center,none,none,bg_001.jpg,45.0,0,,,False,False,False,0.0,,False,,,0.0,0,0,1,0.5,5,
1267,images/s6b_light_045_16.jpg,fixed_core_test,SYNTHETIC_3D,ok,outputs/shuttle_capability/controlled_capability/images/s6b_light_045_16.jpg,18,18,481,477,472.0,468.0,490.0,486.0,18.0,18.0,18.0,16-24,pinned_oblique,center,none,none,bg_001.jpg,45.0,2,0.11406894028186798,0.5880932469069035,True,True,False,0.5981069801398265,2.016693579581049,True,1,0.11406894028186798,0.5880932469069035,1,1,0,0.5,5,
1268,images/s6b_light_045_17.jpg,fixed_core_test,SYNTHETIC_3D,ok,outputs/shuttle_capability/controlled_capability/images/s6b_light_045_17.jpg,18,18,481,477,472.0,468.0,490.0,486.0,18.0,18.0,18.0,16-24,pinned_oblique,center,none,none,bg_001.jpg,45.0,1,0.14502552151679993,0.0,False,False,False,0.0,,False,,,0.0,0,1,1,0.5,5,
1269,images/s6b_light_045_18.jpg,fixed_core_test,SYNTHETIC_3D,ok,outputs/shuttle_capability/controlled_capability/images/s6b_light_045_18.jpg,18,18,481,477,472.0,468.0,490.0,486.0,18.0,18.0,18.0,16-24,pinned_oblique,center,none,none,bg_001.jpg,45.0,0,,,False,False,False,0.0,,False,,,0.0,0,0,1,0.5,5,
1270,images/s6b_light_045_19.jpg,fixed_core_test,SYNTHETIC_3D,ok,outputs/shuttle_capability/controlled_capability/images/s6b_light_045_19.jpg,18,18,481,477,472.0,468.0,490.0,486.0,18.0,18.0,18.0,16-24,pinned_oblique,center,none,none,bg_001.jpg,45.0,2,0.4009513556957245,0.0,False,False,False,0.0,,False,,,0.0,0,2,1,0.5,5,
1271,images/s6b_light_090_0.jpg,fixed_core_test,SYNTHETIC_3D,ok,outputs/shuttle_capability/controlled_capability/images/s6b_light_090_0.jpg,18,18,481,477,472.0,468.0,490.0,486.0,18.0,18.0,18.0,16-24,pinned_oblique,center,none,none,bg_001.jpg,90.0,0,,,False,False,False,0.0,,False,,,0.0,0,0,1,0.5,5,
1272,images/s6b_light_090_1.jpg,fixed_core_test,SYNTHETIC_3D,ok,outputs/shuttle_capability/controlled_capability/images/s6b_light_090_1.jpg,18,18,481,477,472.0,468.0,490.0,486.0,18.0,18.0,18.0,16-24,pinned_oblique,center,none,none,bg_001.jpg,90.0,4,0.11507769674062729,0.0,False,False,False,0.0,,False,,,0.0,0,4,1,0.5,5,
1273,images/s6b_light_090_2.jpg,fixed_core_test,SYNTHETIC_3D,ok,outputs/shuttle_capability/controlled_capability/images/s6b_light_090_2.jpg,18,18,481,477,472.0,468.0,490.0,486.0,18.0,18.0,18.0,16-24,pinned_oblique,center,none,none,bg_001.jpg,90.0,3,0.2581408619880676,0.0,False,True,False,0.6642697627345721,1.907317640617347,True,2,0.08364218473434448,0.6642697627345721,1,2,0,0.5,5,
1274,images/s6b_light_090_3.jpg,fixed_core_test,SYNTHETIC_3D,ok,outputs/shuttle_capability/controlled_capability/images/s6b_light_090_3.jpg,18,18,481,477,472.0,468.0,490.0,486.0,18.0,18.0,18.0,16-24,pinned_oblique,center,none,none,bg_001.jpg,90.0,2,0.1626054048538208,0.0,False,False,False,0.0,,False,,,0.0,0,2,1,0.5,5,
1275,images/s6b_light_090_4.jpg,fixed_core_test,SYNTHETIC_3D,ok,outputs/shuttle_capability/controlled_capability/images/s6b_light_090_4.jpg,18,18,481,477,472.0,468.0,490.0,486.0,18.0,18.0,18.0,16-24,pinned_oblique,center,none,none,bg_001.jpg,90.0,1,0.056341059505939484,0.0,False,False,False,0.0,,False,,,0.0,0,1,1,0.5,5,
1276,images/s6b_light_090_5.jpg,fixed_core_test,SYNTHETIC_3D,ok,outputs/shuttle_capability/controlled_capability/images/s6b_light_090_5.jpg,18,18,481,477,472.0,468.0,490.0,486.0,18.0,18.0,18.0,16-24,pinned_oblique,center,none,none,bg_001.jpg,90.0,3,0.22219844162464142,0.0,False,False,False,0.0,,False,,,0.0,0,3,1,0.5,5,
1277,images/s6b_light_090_6.jpg,fixed_core_test,SYNTHETIC_3D,ok,outputs/shuttle_capability/controlled_capability/images/s6b_light_090_6.jpg,18,18,481,477,472.0,468.0,490.0,486.0,18.0,18.0,18.0,16-24,pinned_oblique,center,none,none,bg_001.jpg,90.0,1,0.3964628577232361,0.637374899453587,True,True,False,0.637374899453587,0.8580907073682621,True,1,0.3964628577232361,0.637374899453587,1,0,0,0.5,5,
1278,images/s6b_light_090_7.jpg,fixed_core_test,SYNTHETIC_3D,ok,outputs/shuttle_capability/controlled_capability/images/s6b_light_090_7.jpg,18,18,481,477,472.0,468.0,490.0,486.0,18.0,18.0,18.0,16-24,pinned_oblique,center,none,none,bg_001.jpg,90.0,0,,,False,False,False,0.0,,False,,,0.0,0,0,1,0.5,5,
1279,images/s6b_light_090_8.jpg,fixed_core_test,SYNTHETIC_3D,ok,outputs/shuttle_capability/controlled_capability/images/s6b_light_090_8.jpg,18,18,481,477,472.0,468.0,490.0,486.0,18.0,18.0,18.0,16-24,pinned_oblique,center,none,none,bg_001.jpg,90.0,3,0.2712631821632385,0.0,False,True,False,0.7407653816044331,0.2252438829487919,True,2,0.2118770182132721,0.7407653816044331,1,2,0,0.5,5,
1280,images/s6b_light_090_9.jpg,fixed_core_test,SYNTHETIC_3D,ok,outputs/shuttle_capability/controlled_capability/images/s6b_light_090_9.jpg,18,18,481,477,472.0,468.0,490.0,486.0,18.0,18.0,18.0,16-24,pinned_oblique,center,none,none,bg_001.jpg,90.0,1,0.05951591953635216,0.0,False,False,False,0.0,,False,,,0.0,0,1,1,0.5,5,
1281,images/s6b_light_090_10.jpg,fixed_core_test,SYNTHETIC_3D,ok,outputs/shuttle_capability/controlled_capability/images/s6b_light_090_10.jpg,18,18,481,477,472.0,468.0,490.0,486.0,18.0,18.0,18.0,16-24,pinned_oblique,center,none,none,bg_001.jpg,90.0,3,0.6450199484825134,0.6316985785961151,True,True,False,0.6316985785961151,1.053414001998442,True,1,0.6450199484825134,0.6316985785961151,1,2,0,0.5,5,
1282,images/s6b_light_090_11.jpg,fixed_core_test,SYNTHETIC_3D,ok,outputs/shuttle_capability/controlled_capability/images/s6b_light_090_11.jpg,18,18,481,477,472.0,468.0,490.0,486.0,18.0,18.0,18.0,16-24,pinned_oblique,center,none,none,bg_001.jpg,90.0,5,0.801345944404602,0.7970602069964086,True,True,False,0.826524943113327,0.8752429089610693,True,1,0.801345944404602,0.7970602069964086,1,4,0,0.5,5,
1283,images/s6b_light_090_12.jpg,fixed_core_test,SYNTHETIC_3D,ok,outputs/shuttle_capability/controlled_capability/images/s6b_light_090_12.jpg,18,18,481,477,472.0,468.0,490.0,486.0,18.0,18.0,18.0,16-24,pinned_oblique,center,none,none,bg_001.jpg,90.0,2,0.1382264643907547,0.0,False,False,False,0.0,,False,,,0.0,0,2,1,0.5,5,
1284,images/s6b_light_090_13.jpg,fixed_core_test,SYNTHETIC_3D,ok,outputs/shuttle_capability/controlled_capability/images/s6b_light_090_13.jpg,18,18,481,477,472.0,468.0,490.0,486.0,18.0,18.0,18.0,16-24,pinned_oblique,center,none,none,bg_001.jpg,90.0,0,,,False,False,False,0.0,,False,,,0.0,0,0,1,0.5,5,
1285,images/s6b_light_090_14.jpg,fixed_core_test,SYNTHETIC_3D,ok,outputs/shuttle_capability/controlled_capability/images/s6b_light_090_14.jpg,18,18,481,477,472.0,468.0,490.0,486.0,18.0,18.0,18.0,16-24,pinned_oblique,center,none,none,bg_001.jpg,90.0,2,0.2495736926794052,0.0,False,False,False,0.0,,False,,,0.0,0,2,1,0.5,5,
1286,images/s6b_light_090_15.jpg,fixed_core_test,SYNTHETIC_3D,ok,outputs/shuttle_capability/controlled_capability/images/s6b_light_090_15.jpg,18,18,481,477,472.0,468.0,490.0,486.0,18.0,18.0,18.0,16-24,pinned_oblique,center,none,none,bg_001.jpg,90.0,1,0.06688427925109863,0.0,False,False,False,0.0,,False,,,0.0,0,1,1,0.5,5,
1287,images/s6b_light_090_16.jpg,fixed_core_test,SYNTHETIC_3D,ok,outputs/shuttle_capability/controlled_capability/images/s6b_light_090_16.jpg,18,18,481,477,472.0,468.0,490.0,486.0,18.0,18.0,18.0,16-24,pinned_oblique,center,none,none,bg_001.jpg,90.0,1,0.11978690326213837,0.5602794720411852,True,True,False,0.5602794720411852,1.856826206929411,True,1,0.11978690326213837,0.5602794720411852,1,0,0,0.5,5,
1288,images/s6b_light_090_17.jpg,fixed_core_test,SYNTHETIC_3D,ok,outputs/shuttle_capability/controlled_capability/images/s6b_light_090_17.jpg,18,18,481,477,472.0,468.0,490.0,486.0,18.0,18.0,18.0,16-24,pinned_oblique,center,none,none,bg_001.jpg,90.0,4,0.18306532502174377,0.0,False,False,False,0.0,,False,,,0.0,0,4,1,0.5,5,
1289,images/s6b_light_090_18.jpg,fixed_core_test,SYNTHETIC_3D,ok,outputs/shuttle_capability/controlled_capability/images/s6b_light_090_18.jpg,18,18,481,477,472.0,468.0,490.0,486.0,18.0,18.0,18.0,16-24,pinned_oblique,center,none,none,bg_001.jpg,90.0,0,,,False,False,False,0.0,,False,,,0.0,0,0,1,0.5,5,
1290,images/s6b_light_090_19.jpg,fixed_core_test,SYNTHETIC_3D,ok,outputs/shuttle_capability/controlled_capability/images/s6b_light_090_19.jpg,18,18,481,477,472.0,468.0,490.0,486.0,18.0,18.0,18.0,16-24,pinned_oblique,center,none,none,bg_001.jpg,90.0,1,0.055307816714048386,0.0,False,False,False,0.0,,False,,,0.0,0,1,1,0.5,5,
1291,images/s6b_light_135_0.jpg,fixed_core_test,SYNTHETIC_3D,ok,outputs/shuttle_capability/controlled_capability/images/s6b_light_135_0.jpg,18,18,481,477,472.0,468.0,490.0,486.0,18.0,18.0,18.0,16-24,pinned_oblique,center,none,none,bg_001.jpg,135.0,0,,,False,False,False,0.0,,False,,,0.0,0,0,1,0.5,5,
1292,images/s6b_light_135_1.jpg,fixed_core_test,SYNTHETIC_3D,ok,outputs/shuttle_capability/controlled_capability/images/s6b_light_135_1.jpg,18,18,481,477,472.0,468.0,490.0,486.0,18.0,18.0,18.0,16-24,pinned_oblique,center,none,none,bg_001.jpg,135.0,5,0.12353114783763885,0.0,False,False,False,0.0,,False,,,0.0,0,5,1,0.5,5,
1293,images/s6b_light_135_2.jpg,fixed_core_test,SYNTHETIC_3D,ok,outputs/shuttle_capability/controlled_capability/images/s6b_light_135_2.jpg,18,18,481,477,472.0,468.0,490.0,486.0,18.0,18.0,18.0,16-24,pinned_oblique,center,none,none,bg_001.jpg,135.0,0,,,False,False,False,0.0,,False,,,0.0,0,0,1,0.5,5,
1294,images/s6b_light_135_3.jpg,fixed_core_test,SYNTHETIC_3D,ok,outputs/shuttle_capability/controlled_capability/images/s6b_light_135_3.jpg,18,18,481,477,472.0,468.0,490.0,486.0,18.0,18.0,18.0,16-24,pinned_oblique,center,none,none,bg_001.jpg,135.0,1,0.1193438246846199,0.0,False,False,False,0.0,,False,,,0.0,0,1,1,0.5,5,
1295,images/s6b_light_135_4.jpg,fixed_core_test,SYNTHETIC_3D,ok,outputs/shuttle_capability/controlled_capability/images/s6b_light_135_4.jpg,18,18,481,477,472.0,468.0,490.0,486.0,18.0,18.0,18.0,16-24,pinned_oblique,center,none,none,bg_001.jpg,135.0,1,0.05436854064464569,0.0,False,False,False,0.0,,False,,,0.0,0,1,1,0.5,5,
1296,images/s6b_light_135_5.jpg,fixed_core_test,SYNTHETIC_3D,ok,outputs/shuttle_capability/controlled_capability/images/s6b_light_135_5.jpg,18,18,481,477,472.0,468.0,490.0,486.0,18.0,18.0,18.0,16-24,pinned_oblique,center,none,none,bg_001.jpg,135.0,2,0.2367347776889801,0.0,False,False,False,0.0,,False,,,0.0,0,2,1,0.5,5,
1297,images/s6b_light_135_6.jpg,fixed_core_test,SYNTHETIC_3D,ok,outputs/shuttle_capability/controlled_capability/images/s6b_light_135_6.jpg,18,18,481,477,472.0,468.0,490.0,486.0,18.0,18.0,18.0,16-24,pinned_oblique,center,none,none,bg_001.jpg,135.0,0,,,False,False,False,0.0,,False,,,0.0,0,0,1,0.5,5,
1298,images/s6b_light_135_7.jpg,fixed_core_test,SYNTHETIC_3D,ok,outputs/shuttle_capability/controlled_capability/images/s6b_light_135_7.jpg,18,18,481,477,472.0,468.0,490.0,486.0,18.0,18.0,18.0,16-24,pinned_oblique,center,none,none,bg_001.jpg,135.0,0,,,False,False,False,0.0,,False,,,0.0,0,0,1,0.5,5,
1299,images/s6b_light_135_8.jpg,fixed_core_test,SYNTHETIC_3D,ok,outputs/shuttle_capability/controlled_capability/images/s6b_light_135_8.jpg,18,18,481,477,472.0,468.0,490.0,486.0,18.0,18.0,18.0,16-24,pinned_oblique,center,none,none,bg_001.jpg,135.0,3,0.14710286259651184,0.0,False,False,False,0.0,,False,,,0.0,0,3,1,0.5,5,
1300,images/s6b_light_135_9.jpg,fixed_core_test,SYNTHETIC_3D,ok,outputs/shuttle_capability/controlled_capability/images/s6b_light_135_9.jpg,18,18,481,477,472.0,468.0,490.0,486.0,18.0,18.0,18.0,16-24,pinned_oblique,center,none,none,bg_001.jpg,135.0,0,,,False,False,False,0.0,,False,,,0.0,0,0,1,0.5,5,
1301,images/s6b_light_135_10.jpg,fixed_core_test,SYNTHETIC_3D,ok,outputs/shuttle_capability/controlled_capability/images/s6b_light_135_10.jpg,18,18,481,477,472.0,468.0,490.0,486.0,18.0,18.0,18.0,16-24,pinned_oblique,center,none,none,bg_001.jpg,135.0,2,0.1509408801794052,0.5935112593902482,True,True,False,0.5935112593902482,1.3476441539173178,True,1,0.1509408801794052,0.5935112593902482,1,1,0,0.5,5,
1302,images/s6b_light_135_11.jpg,fixed_core_test,SYNTHETIC_3D,ok,outputs/shuttle_capability/controlled_capability/images/s6b_light_135_11.jpg,18,18,481,477,472.0,468.0,490.0,486.0,18.0,18.0,18.0,16-24,pinned_oblique,center,none,none,bg_001.jpg,135.0,4,0.708544135093689,0.7947886814782915,True,True,False,0.8086643500805453,0.7519120472983523,True,1,0.708544135093689,0.7947886814782915,1,3,0,0.5,5,
1303,images/s6b_light_135_12.jpg,fixed_core_test,SYNTHETIC_3D,ok,outputs/shuttle_capability/controlled_capability/images/s6b_light_135_12.jpg,18,18,481,477,472.0,468.0,490.0,486.0,18.0,18.0,18.0,16-24,pinned_oblique,center,none,none,bg_001.jpg,135.0,2,0.22036013007164001,0.0,False,False,False,0.0,,False,,,0.0,0,2,1,0.5,5,
1304,images/s6b_light_135_13.jpg,fixed_core_test,SYNTHETIC_3D,ok,outputs/shuttle_capability/controlled_capability/images/s6b_light_135_13.jpg,18,18,481,477,472.0,468.0,490.0,486.0,18.0,18.0,18.0,16-24,pinned_oblique,center,none,none,bg_001.jpg,135.0,1,0.0660363957285881,0.0,False,False,False,0.0,,False,,,0.0,0,1,1,0.5,5,
1305,images/s6b_light_135_14.jpg,fixed_core_test,SYNTHETIC_3D,ok,outputs/shuttle_capability/controlled_capability/images/s6b_light_135_14.jpg,18,18,481,477,472.0,468.0,490.0,486.0,18.0,18.0,18.0,16-24,pinned_oblique,center,none,none,bg_001.jpg,135.0,2,0.0711929202079773,0.0,False,False,False,0.0,,False,,,0.0,0,2,1,0.5,5,
1306,images/s6b_light_135_15.jpg,fixed_core_test,SYNTHETIC_3D,ok,outputs/shuttle_capability/controlled_capability/images/s6b_light_135_15.jpg,18,18,481,477,472.0,468.0,490.0,486.0,18.0,18.0,18.0,16-24,pinned_oblique,center,none,none,bg_001.jpg,135.0,0,,,False,False,False,0.0,,False,,,0.0,0,0,1,0.5,5,
1307,images/s6b_light_135_16.jpg,fixed_core_test,SYNTHETIC_3D,ok,outputs/shuttle_capability/controlled_capability/images/s6b_light_135_16.jpg,18,18,481,477,472.0,468.0,490.0,486.0,18.0,18.0,18.0,16-24,pinned_oblique,center,none,none,bg_001.jpg,135.0,1,0.07052683085203171,0.0,False,False,False,0.0,,False,,,0.0,0,1,1,0.5,5,
1308,images/s6b_light_135_17.jpg,fixed_core_test,SYNTHETIC_3D,ok,outputs/shuttle_capability/controlled_capability/images/s6b_light_135_17.jpg,18,18,481,477,472.0,468.0,490.0,486.0,18.0,18.0,18.0,16-24,pinned_oblique,center,none,none,bg_001.jpg,135.0,3,0.2342292070388794,0.0,False,False,False,0.0,,False,,,0.0,0,3,1,0.5,5,
1309,images/s6b_light_135_18.jpg,fixed_core_test,SYNTHETIC_3D,ok,outputs/shuttle_capability/controlled_capability/images/s6b_light_135_18.jpg,18,18,481,477,472.0,468.0,490.0,486.0,18.0,18.0,18.0,16-24,pinned_oblique,center,none,none,bg_001.jpg,135.0,0,,,False,False,False,0.0,,False,,,0.0,0,0,1,0.5,5,
1310,images/s6b_light_135_19.jpg,fixed_core_test,SYNTHETIC_3D,ok,outputs/shuttle_capability/controlled_capability/images/s6b_light_135_19.jpg,18,18,481,477,472.0,468.0,490.0,486.0,18.0,18.0,18.0,16-24,pinned_oblique,center,none,none,bg_001.jpg,135.0,1,0.06333816051483154,0.0,False,False,False,0.0,,False,,,0.0,0,1,1,0.5,5,
1311,images/s6b_light_180_0.jpg,fixed_core_test,SYNTHETIC_3D,ok,outputs/shuttle_capability/controlled_capability/images/s6b_light_180_0.jpg,18,18,481,477,472.0,468.0,490.0,486.0,18.0,18.0,18.0,16-24,pinned_oblique,center,none,none,bg_001.jpg,180.0,0,,,False,False,False,0.0,,False,,,0.0,0,0,1,0.5,5,
1312,images/s6b_light_180_1.jpg,fixed_core_test,SYNTHETIC_3D,ok,outputs/shuttle_capability/controlled_capability/images/s6b_light_180_1.jpg,18,18,481,477,472.0,468.0,490.0,486.0,18.0,18.0,18.0,16-24,pinned_oblique,center,none,none,bg_001.jpg,180.0,1,0.07451288402080536,0.0,False,False,False,0.0,,False,,,0.0,0,1,1,0.5,5,
1313,images/s6b_light_180_2.jpg,fixed_core_test,SYNTHETIC_3D,ok,outputs/shuttle_capability/controlled_capability/images/s6b_light_180_2.jpg,18,18,481,477,472.0,468.0,490.0,486.0,18.0,18.0,18.0,16-24,pinned_oblique,center,none,none,bg_001.jpg,180.0,1,0.0936843603849411,0.0,False,False,False,0.0,,False,,,0.0,0,1,1,0.5,5,
1314,images/s6b_light_180_3.jpg,fixed_core_test,SYNTHETIC_3D,ok,outputs/shuttle_capability/controlled_capability/images/s6b_light_180_3.jpg,18,18,481,477,472.0,468.0,490.0,486.0,18.0,18.0,18.0,16-24,pinned_oblique,center,none,none,bg_001.jpg,180.0,1,0.23159749805927277,0.0,False,False,False,0.0,,False,,,0.0,0,1,1,0.5,5,
1315,images/s6b_light_180_4.jpg,fixed_core_test,SYNTHETIC_3D,ok,outputs/shuttle_capability/controlled_capability/images/s6b_light_180_4.jpg,18,18,481,477,472.0,468.0,490.0,486.0,18.0,18.0,18.0,16-24,pinned_oblique,center,none,none,bg_001.jpg,180.0,1,0.058088455349206924,0.0,False,False,False,0.0,,False,,,0.0,0,1,1,0.5,5,
1316,images/s6b_light_180_5.jpg,fixed_core_test,SYNTHETIC_3D,ok,outputs/shuttle_capability/controlled_capability/images/s6b_light_180_5.jpg,18,18,481,477,472.0,468.0,490.0,486.0,18.0,18.0,18.0,16-24,pinned_oblique,center,none,none,bg_001.jpg,180.0,3,0.32443684339523315,0.0,False,False,False,0.0,,False,,,0.0,0,3,1,0.5,5,
1317,images/s6b_light_180_6.jpg,fixed_core_test,SYNTHETIC_3D,ok,outputs/shuttle_capability/controlled_capability/images/s6b_light_180_6.jpg,18,18,481,477,472.0,468.0,490.0,486.0,18.0,18.0,18.0,16-24,pinned_oblique,center,none,none,bg_001.jpg,180.0,0,,,False,False,False,0.0,,False,,,0.0,0,0,1,0.5,5,
1318,images/s6b_light_180_7.jpg,fixed_core_test,SYNTHETIC_3D,ok,outputs/shuttle_capability/controlled_capability/images/s6b_light_180_7.jpg,18,18,481,477,472.0,468.0,490.0,486.0,18.0,18.0,18.0,16-24,pinned_oblique,center,none,none,bg_001.jpg,180.0,0,,,False,False,False,0.0,,False,,,0.0,0,0,1,0.5,5,
1319,images/s6b_light_180_8.jpg,fixed_core_test,SYNTHETIC_3D,ok,outputs/shuttle_capability/controlled_capability/images/s6b_light_180_8.jpg,18,18,481,477,472.0,468.0,490.0,486.0,18.0,18.0,18.0,16-24,pinned_oblique,center,none,none,bg_001.jpg,180.0,2,0.06716426461935043,0.0,False,False,False,0.0,,False,,,0.0,0,2,1,0.5,5,
1320,images/s6b_light_180_9.jpg,fixed_core_test,SYNTHETIC_3D,ok,outputs/shuttle_capability/controlled_capability/images/s6b_light_180_9.jpg,18,18,481,477,472.0,468.0,490.0,486.0,18.0,18.0,18.0,16-24,pinned_oblique,center,none,none,bg_001.jpg,180.0,1,0.08055106550455093,0.0,False,False,False,0.0,,False,,,0.0,0,1,1,0.5,5,
1321,images/s6b_light_180_10.jpg,fixed_core_test,SYNTHETIC_3D,ok,outputs/shuttle_capability/controlled_capability/images/s6b_light_180_10.jpg,18,18,481,477,472.0,468.0,490.0,486.0,18.0,18.0,18.0,16-24,pinned_oblique,center,none,none,bg_001.jpg,180.0,2,0.09099751710891724,0.0,False,False,False,0.0,,False,,,0.0,0,2,1,0.5,5,
1322,images/s6b_light_180_11.jpg,fixed_core_test,SYNTHETIC_3D,ok,outputs/shuttle_capability/controlled_capability/images/s6b_light_180_11.jpg,18,18,481,477,472.0,468.0,490.0,486.0,18.0,18.0,18.0,16-24,pinned_oblique,center,none,none,bg_001.jpg,180.0,3,0.43543046712875366,0.7773536145635939,True,True,False,0.8045931065248119,0.9223503872458348,True,1,0.43543046712875366,0.7773536145635939,1,2,0,0.5,5,
1323,images/s6b_light_180_12.jpg,fixed_core_test,SYNTHETIC_3D,ok,outputs/shuttle_capability/controlled_capability/images/s6b_light_180_12.jpg,18,18,481,477,472.0,468.0,490.0,486.0,18.0,18.0,18.0,16-24,pinned_oblique,center,none,none,bg_001.jpg,180.0,2,0.11647605150938034,0.0,False,False,False,0.0,,False,,,0.0,0,2,1,0.5,5,
1324,images/s6b_light_180_13.jpg,fixed_core_test,SYNTHETIC_3D,ok,outputs/shuttle_capability/controlled_capability/images/s6b_light_180_13.jpg,18,18,481,477,472.0,468.0,490.0,486.0,18.0,18.0,18.0,16-24,pinned_oblique,center,none,none,bg_001.jpg,180.0,0,,,False,False,False,0.0,,False,,,0.0,0,0,1,0.5,5,
1325,images/s6b_light_180_14.jpg,fixed_core_test,SYNTHETIC_3D,ok,outputs/shuttle_capability/controlled_capability/images/s6b_light_180_14.jpg,18,18,481,477,472.0,468.0,490.0,486.0,18.0,18.0,18.0,16-24,pinned_oblique,center,none,none,bg_001.jpg,180.0,1,0.06876273453235626,0.0,False,False,False,0.0,,False,,,0.0,0,1,1,0.5,5,
1326,images/s6b_light_180_15.jpg,fixed_core_test,SYNTHETIC_3D,ok,outputs/shuttle_capability/controlled_capability/images/s6b_light_180_15.jpg,18,18,481,477,472.0,468.0,490.0,486.0,18.0,18.0,18.0,16-24,pinned_oblique,center,none,none,bg_001.jpg,180.0,0,,,False,False,False,0.0,,False,,,0.0,0,0,1,0.5,5,
1327,images/s6b_light_180_16.jpg,fixed_core_test,SYNTHETIC_3D,ok,outputs/shuttle_capability/controlled_capability/images/s6b_light_180_16.jpg,18,18,481,477,472.0,468.0,490.0,486.0,18.0,18.0,18.0,16-24,pinned_oblique,center,none,none,bg_001.jpg,180.0,1,0.06731172651052475,0.0,False,False,False,0.0,,False,,,0.0,0,1,1,0.5,5,
1328,images/s6b_light_180_17.jpg,fixed_core_test,SYNTHETIC_3D,ok,outputs/shuttle_capability/controlled_capability/images/s6b_light_180_17.jpg,18,18,481,477,472.0,468.0,490.0,486.0,18.0,18.0,18.0,16-24,pinned_oblique,center,none,none,bg_001.jpg,180.0,3,0.22487907111644745,0.0,False,False,False,0.0,,False,,,0.0,0,3,1,0.5,5,
1329,images/s6b_light_180_18.jpg,fixed_core_test,SYNTHETIC_3D,ok,outputs/shuttle_capability/controlled_capability/images/s6b_light_180_18.jpg,18,18,481,477,472.0,468.0,490.0,486.0,18.0,18.0,18.0,16-24,pinned_oblique,center,none,none,bg_001.jpg,180.0,0,,,False,False,False,0.0,,False,,,0.0,0,0,1,0.5,5,
1330,images/s6b_light_180_19.jpg,fixed_core_test,SYNTHETIC_3D,ok,outputs/shuttle_capability/controlled_capability/images/s6b_light_180_19.jpg,18,18,481,477,472.0,468.0,490.0,486.0,18.0,18.0,18.0,16-24,pinned_oblique,center,none,none,bg_001.jpg,180.0,1,0.05759746953845024,0.0,False,False,False,0.0,,False,,,0.0,0,1,1,0.5,5,
1331,images/s6b_light_225_0.jpg,fixed_core_test,SYNTHETIC_3D,ok,outputs/shuttle_capability/controlled_capability/images/s6b_light_225_0.jpg,18,18,481,477,472.0,468.0,490.0,486.0,18.0,18.0,18.0,16-24,pinned_oblique,center,none,none,bg_001.jpg,225.0,0,,,False,False,False,0.0,,False,,,0.0,0,0,1,0.5,5,
1332,images/s6b_light_225_1.jpg,fixed_core_test,SYNTHETIC_3D,ok,outputs/shuttle_capability/controlled_capability/images/s6b_light_225_1.jpg,18,18,481,477,472.0,468.0,490.0,486.0,18.0,18.0,18.0,16-24,pinned_oblique,center,none,none,bg_001.jpg,225.0,2,0.08662135154008865,0.0,False,False,False,0.0,,False,,,0.0,0,2,1,0.5,5,
1333,images/s6b_light_225_2.jpg,fixed_core_test,SYNTHETIC_3D,ok,outputs/shuttle_capability/controlled_capability/images/s6b_light_225_2.jpg,18,18,481,477,472.0,468.0,490.0,486.0,18.0,18.0,18.0,16-24,pinned_oblique,center,none,none,bg_001.jpg,225.0,2,0.06291205435991287,0.0,False,False,False,0.0,,False,,,0.0,0,2,1,0.5,5,
1334,images/s6b_light_225_3.jpg,fixed_core_test,SYNTHETIC_3D,ok,outputs/shuttle_capability/controlled_capability/images/s6b_light_225_3.jpg,18,18,481,477,472.0,468.0,490.0,486.0,18.0,18.0,18.0,16-24,pinned_oblique,center,none,none,bg_001.jpg,225.0,3,0.2803508937358856,0.0,False,False,False,0.0,,False,,,0.0,0,3,1,0.5,5,
1335,images/s6b_light_225_4.jpg,fixed_core_test,SYNTHETIC_3D,ok,outputs/shuttle_capability/controlled_capability/images/s6b_light_225_4.jpg,18,18,481,477,472.0,468.0,490.0,486.0,18.0,18.0,18.0,16-24,pinned_oblique,center,none,none,bg_001.jpg,225.0,1,0.05464889109134674,0.0,False,False,False,0.0,,False,,,0.0,0,1,1,0.5,5,
1336,images/s6b_light_225_5.jpg,fixed_core_test,SYNTHETIC_3D,ok,outputs/shuttle_capability/controlled_capability/images/s6b_light_225_5.jpg,18,18,481,477,472.0,468.0,490.0,486.0,18.0,18.0,18.0,16-24,pinned_oblique,center,none,none,bg_001.jpg,225.0,1,0.23497627675533295,0.0,False,False,False,0.0,,False,,,0.0,0,1,1,0.5,5,
1337,images/s6b_light_225_6.jpg,fixed_core_test,SYNTHETIC_3D,ok,outputs/shuttle_capability/controlled_capability/images/s6b_light_225_6.jpg,18,18,481,477,472.0,468.0,490.0,486.0,18.0,18.0,18.0,16-24,pinned_oblique,center,none,none,bg_001.jpg,225.0,0,,,False,False,False,0.0,,False,,,0.0,0,0,1,0.5,5,
1338,images/s6b_light_225_7.jpg,fixed_core_test,SYNTHETIC_3D,ok,outputs/shuttle_capability/controlled_capability/images/s6b_light_225_7.jpg,18,18,481,477,472.0,468.0,490.0,486.0,18.0,18.0,18.0,16-24,pinned_oblique,center,none,none,bg_001.jpg,225.0,0,,,False,False,False,0.0,,False,,,0.0,0,0,1,0.5,5,
1339,images/s6b_light_225_8.jpg,fixed_core_test,SYNTHETIC_3D,ok,outputs/shuttle_capability/controlled_capability/images/s6b_light_225_8.jpg,18,18,481,477,472.0,468.0,490.0,486.0,18.0,18.0,18.0,16-24,pinned_oblique,center,none,none,bg_001.jpg,225.0,4,0.164165198802948,0.0,False,False,False,0.0,,False,,,0.0,0,4,1,0.5,5,
1340,images/s6b_light_225_9.jpg,fixed_core_test,SYNTHETIC_3D,ok,outputs/shuttle_capability/controlled_capability/images/s6b_light_225_9.jpg,18,18,481,477,472.0,468.0,490.0,486.0,18.0,18.0,18.0,16-24,pinned_oblique,center,none,none,bg_001.jpg,225.0,1,0.054656706750392914,0.0,False,False,False,0.0,,False,,,0.0,0,1,1,0.5,5,
1341,images/s6b_light_225_10.jpg,fixed_core_test,SYNTHETIC_3D,ok,outputs/shuttle_capability/controlled_capability/images/s6b_light_225_10.jpg,18,18,481,477,472.0,468.0,490.0,486.0,18.0,18.0,18.0,16-24,pinned_oblique,center,none,none,bg_001.jpg,225.0,2,0.09175212681293488,0.0,False,False,False,0.0,,False,,,0.0,0,2,1,0.5,5,
1342,images/s6b_light_225_11.jpg,fixed_core_test,SYNTHETIC_3D,ok,outputs/shuttle_capability/controlled_capability/images/s6b_light_225_11.jpg,18,18,481,477,472.0,468.0,490.0,486.0,18.0,18.0,18.0,16-24,pinned_oblique,center,none,none,bg_001.jpg,225.0,3,0.7654023170471191,0.834380404351062,True,True,False,0.8828403035661688,1.0408267414333274,True,1,0.7654023170471191,0.834380404351062,1,2,0,0.5,5,
1343,images/s6b_light_225_12.jpg,fixed_core_test,SYNTHETIC_3D,ok,outputs/shuttle_capability/controlled_capability/images/s6b_light_225_12.jpg,18,18,481,477,472.0,468.0,490.0,486.0,18.0,18.0,18.0,16-24,pinned_oblique,center,none,none,bg_001.jpg,225.0,1,0.06722711771726608,0.0,False,False,False,0.0,,False,,,0.0,0,1,1,0.5,5,
1344,images/s6b_light_225_13.jpg,fixed_core_test,SYNTHETIC_3D,ok,outputs/shuttle_capability/controlled_capability/images/s6b_light_225_13.jpg,18,18,481,477,472.0,468.0,490.0,486.0,18.0,18.0,18.0,16-24,pinned_oblique,center,none,none,bg_001.jpg,225.0,1,0.12463497370481491,0.0,False,False,False,0.0,,False,,,0.0,0,1,1,0.5,5,
1345,images/s6b_light_225_14.jpg,fixed_core_test,SYNTHETIC_3D,ok,outputs/shuttle_capability/controlled_capability/images/s6b_light_225_14.jpg,18,18,481,477,472.0,468.0,490.0,486.0,18.0,18.0,18.0,16-24,pinned_oblique,center,none,none,bg_001.jpg,225.0,2,0.12666775286197662,0.0,False,False,False,0.0,,False,,,0.0,0,2,1,0.5,5,
1346,images/s6b_light_225_15.jpg,fixed_core_test,SYNTHETIC_3D,ok,outputs/shuttle_capability/controlled_capability/images/s6b_light_225_15.jpg,18,18,481,477,472.0,468.0,490.0,486.0,18.0,18.0,18.0,16-24,pinned_oblique,center,none,none,bg_001.jpg,225.0,0,,,False,False,False,0.0,,False,,,0.0,0,0,1,0.5,5,
1347,images/s6b_light_225_16.jpg,fixed_core_test,SYNTHETIC_3D,ok,outputs/shuttle_capability/controlled_capability/images/s6b_light_225_16.jpg,18,18,481,477,472.0,468.0,490.0,486.0,18.0,18.0,18.0,16-24,pinned_oblique,center,none,none,bg_001.jpg,225.0,1,0.06942883878946304,0.0,False,False,False,0.0,,False,,,0.0,0,1,1,0.5,5,
1348,images/s6b_light_225_17.jpg,fixed_core_test,SYNTHETIC_3D,ok,outputs/shuttle_capability/controlled_capability/images/s6b_light_225_17.jpg,18,18,481,477,472.0,468.0,490.0,486.0,18.0,18.0,18.0,16-24,pinned_oblique,center,none,none,bg_001.jpg,225.0,1,0.11417089402675629,0.0,False,False,False,0.0,,False,,,0.0,0,1,1,0.5,5,
1349,images/s6b_light_225_18.jpg,fixed_core_test,SYNTHETIC_3D,ok,outputs/shuttle_capability/controlled_capability/images/s6b_light_225_18.jpg,18,18,481,477,472.0,468.0,490.0,486.0,18.0,18.0,18.0,16-24,pinned_oblique,center,none,none,bg_001.jpg,225.0,0,,,False,False,False,0.0,,False,,,0.0,0,0,1,0.5,5,
1350,images/s6b_light_225_19.jpg,fixed_core_test,SYNTHETIC_3D,ok,outputs/shuttle_capability/controlled_capability/images/s6b_light_225_19.jpg,18,18,481,477,472.0,468.0,490.0,486.0,18.0,18.0,18.0,16-24,pinned_oblique,center,none,none,bg_001.jpg,225.0,1,0.052131544798612595,0.0,False,False,False,0.0,,False,,,0.0,0,1,1,0.5,5,
1351,images/s6b_light_270_0.jpg,fixed_core_test,SYNTHETIC_3D,ok,outputs/shuttle_capability/controlled_capability/images/s6b_light_270_0.jpg,18,18,481,477,472.0,468.0,490.0,486.0,18.0,18.0,18.0,16-24,pinned_oblique,center,none,none,bg_001.jpg,270.0,0,,,False,False,False,0.0,,False,,,0.0,0,0,1,0.5,5,
1352,images/s6b_light_270_1.jpg,fixed_core_test,SYNTHETIC_3D,ok,outputs/shuttle_capability/controlled_capability/images/s6b_light_270_1.jpg,18,18,481,477,472.0,468.0,490.0,486.0,18.0,18.0,18.0,16-24,pinned_oblique,center,none,none,bg_001.jpg,270.0,2,0.08840612322092056,0.0,False,False,False,0.0,,False,,,0.0,0,2,1,0.5,5,
1353,images/s6b_light_270_2.jpg,fixed_core_test,SYNTHETIC_3D,ok,outputs/shuttle_capability/controlled_capability/images/s6b_light_270_2.jpg,18,18,481,477,472.0,468.0,490.0,486.0,18.0,18.0,18.0,16-24,pinned_oblique,center,none,none,bg_001.jpg,270.0,1,0.055379852652549744,0.0,False,False,False,0.0,,False,,,0.0,0,1,1,0.5,5,
1354,images/s6b_light_270_3.jpg,fixed_core_test,SYNTHETIC_3D,ok,outputs/shuttle_capability/controlled_capability/images/s6b_light_270_3.jpg,18,18,481,477,472.0,468.0,490.0,486.0,18.0,18.0,18.0,16-24,pinned_oblique,center,none,none,bg_001.jpg,270.0,1,0.1888643205165863,0.0,False,False,False,0.0,,False,,,0.0,0,1,1,0.5,5,
1355,images/s6b_light_270_4.jpg,fixed_core_test,SYNTHETIC_3D,ok,outputs/shuttle_capability/controlled_capability/images/s6b_light_270_4.jpg,18,18,481,477,472.0,468.0,490.0,486.0,18.0,18.0,18.0,16-24,pinned_oblique,center,none,none,bg_001.jpg,270.0,0,,,False,False,False,0.0,,False,,,0.0,0,0,1,0.5,5,
1356,images/s6b_light_270_5.jpg,fixed_core_test,SYNTHETIC_3D,ok,outputs/shuttle_capability/controlled_capability/images/s6b_light_270_5.jpg,18,18,481,477,472.0,468.0,490.0,486.0,18.0,18.0,18.0,16-24,pinned_oblique,center,none,none,bg_001.jpg,270.0,4,0.2647443115711212,0.0,False,False,False,0.0,,False,,,0.0,0,4,1,0.5,5,
1357,images/s6b_light_270_6.jpg,fixed_core_test,SYNTHETIC_3D,ok,outputs/shuttle_capability/controlled_capability/images/s6b_light_270_6.jpg,18,18,481,477,472.0,468.0,490.0,486.0,18.0,18.0,18.0,16-24,pinned_oblique,center,none,none,bg_001.jpg,270.0,0,,,False,False,False,0.0,,False,,,0.0,0,0,1,0.5,5,
1358,images/s6b_light_270_7.jpg,fixed_core_test,SYNTHETIC_3D,ok,outputs/shuttle_capability/controlled_capability/images/s6b_light_270_7.jpg,18,18,481,477,472.0,468.0,490.0,486.0,18.0,18.0,18.0,16-24,pinned_oblique,center,none,none,bg_001.jpg,270.0,0,,,False,False,False,0.0,,False,,,0.0,0,0,1,0.5,5,
1359,images/s6b_light_270_8.jpg,fixed_core_test,SYNTHETIC_3D,ok,outputs/shuttle_capability/controlled_capability/images/s6b_light_270_8.jpg,18,18,481,477,472.0,468.0,490.0,486.0,18.0,18.0,18.0,16-24,pinned_oblique,center,none,none,bg_001.jpg,270.0,1,0.13018998503684998,0.0,False,False,False,0.0,,False,,,0.0,0,1,1,0.5,5,
1360,images/s6b_light_270_9.jpg,fixed_core_test,SYNTHETIC_3D,ok,outputs/shuttle_capability/controlled_capability/images/s6b_light_270_9.jpg,18,18,481,477,472.0,468.0,490.0,486.0,18.0,18.0,18.0,16-24,pinned_oblique,center,none,none,bg_001.jpg,270.0,2,0.09497825056314468,0.0,False,False,False,0.0,,False,,,0.0,0,2,1,0.5,5,
1361,images/s6b_light_270_10.jpg,fixed_core_test,SYNTHETIC_3D,ok,outputs/shuttle_capability/controlled_capability/images/s6b_light_270_10.jpg,18,18,481,477,472.0,468.0,490.0,486.0,18.0,18.0,18.0,16-24,pinned_oblique,center,none,none,bg_001.jpg,270.0,3,0.4832056760787964,0.6740031204600301,True,True,False,0.6740031204600301,1.4786330779406713,True,1,0.4832056760787964,0.6740031204600301,1,2,0,0.5,5,
1362,images/s6b_light_270_11.jpg,fixed_core_test,SYNTHETIC_3D,ok,outputs/shuttle_capability/controlled_capability/images/s6b_light_270_11.jpg,18,18,481,477,472.0,468.0,490.0,486.0,18.0,18.0,18.0,16-24,pinned_oblique,center,none,none,bg_001.jpg,270.0,2,0.8159012794494629,0.8242125481220018,True,True,False,0.8721887065891039,1.2503503502172473,True,1,0.8159012794494629,0.8242125481220018,1,1,0,0.5,5,
1363,images/s6b_light_270_12.jpg,fixed_core_test,SYNTHETIC_3D,ok,outputs/shuttle_capability/controlled_capability/images/s6b_light_270_12.jpg,18,18,481,477,472.0,468.0,490.0,486.0,18.0,18.0,18.0,16-24,pinned_oblique,center,none,none,bg_001.jpg,270.0,2,0.22006535530090332,0.0,False,False,False,0.0,,False,,,0.0,0,2,1,0.5,5,
1364,images/s6b_light_270_13.jpg,fixed_core_test,SYNTHETIC_3D,ok,outputs/shuttle_capability/controlled_capability/images/s6b_light_270_13.jpg,18,18,481,477,472.0,468.0,490.0,486.0,18.0,18.0,18.0,16-24,pinned_oblique,center,none,none,bg_001.jpg,270.0,0,,,False,False,False,0.0,,False,,,0.0,0,0,1,0.5,5,
1365,images/s6b_light_270_14.jpg,fixed_core_test,SYNTHETIC_3D,ok,outputs/shuttle_capability/controlled_capability/images/s6b_light_270_14.jpg,18,18,481,477,472.0,468.0,490.0,486.0,18.0,18.0,18.0,16-24,pinned_oblique,center,none,none,bg_001.jpg,270.0,2,0.268094003200531,0.0,False,False,False,0.0,,False,,,0.0,0,2,1,0.5,5,
1366,images/s6b_light_270_15.jpg,fixed_core_test,SYNTHETIC_3D,ok,outputs/shuttle_capability/controlled_capability/images/s6b_light_270_15.jpg,18,18,481,477,472.0,468.0,490.0,486.0,18.0,18.0,18.0,16-24,pinned_oblique,center,none,none,bg_001.jpg,270.0,0,,,False,False,False,0.0,,False,,,0.0,0,0,1,0.5,5,
1367,images/s6b_light_270_16.jpg,fixed_core_test,SYNTHETIC_3D,ok,outputs/shuttle_capability/controlled_capability/images/s6b_light_270_16.jpg,18,18,481,477,472.0,468.0,490.0,486.0,18.0,18.0,18.0,16-24,pinned_oblique,center,none,none,bg_001.jpg,270.0,0,,,False,False,False,0.0,,False,,,0.0,0,0,1,0.5,5,
1368,images/s6b_light_270_17.jpg,fixed_core_test,SYNTHETIC_3D,ok,outputs/shuttle_capability/controlled_capability/images/s6b_light_270_17.jpg,18,18,481,477,472.0,468.0,490.0,486.0,18.0,18.0,18.0,16-24,pinned_oblique,center,none,none,bg_001.jpg,270.0,1,0.25081437826156616,0.0,False,False,False,0.0,,False,,,0.0,0,1,1,0.5,5,
1369,images/s6b_light_270_18.jpg,fixed_core_test,SYNTHETIC_3D,ok,outputs/shuttle_capability/controlled_capability/images/s6b_light_270_18.jpg,18,18,481,477,472.0,468.0,490.0,486.0,18.0,18.0,18.0,16-24,pinned_oblique,center,none,none,bg_001.jpg,270.0,0,,,False,False,False,0.0,,False,,,0.0,0,0,1,0.5,5,
1370,images/s6b_light_270_19.jpg,fixed_core_test,SYNTHETIC_3D,ok,outputs/shuttle_capability/controlled_capability/images/s6b_light_270_19.jpg,18,18,481,477,472.0,468.0,490.0,486.0,18.0,18.0,18.0,16-24,pinned_oblique,center,none,none,bg_001.jpg,270.0,1,0.06565960496664047,0.0,False,False,False,0.0,,False,,,0.0,0,1,1,0.5,5,
1371,images/s6b_light_315_0.jpg,fixed_core_test,SYNTHETIC_3D,ok,outputs/shuttle_capability/controlled_capability/images/s6b_light_315_0.jpg,18,18,481,477,472.0,468.0,490.0,486.0,18.0,18.0,18.0,16-24,pinned_oblique,center,none,none,bg_001.jpg,315.0,0,,,False,False,False,0.0,,False,,,0.0,0,0,1,0.5,5,
1372,images/s6b_light_315_1.jpg,fixed_core_test,SYNTHETIC_3D,ok,outputs/shuttle_capability/controlled_capability/images/s6b_light_315_1.jpg,18,18,481,477,472.0,468.0,490.0,486.0,18.0,18.0,18.0,16-24,pinned_oblique,center,none,none,bg_001.jpg,315.0,3,0.15093863010406494,0.0,False,False,False,0.0,,False,,,0.0,0,3,1,0.5,5,
1373,images/s6b_light_315_2.jpg,fixed_core_test,SYNTHETIC_3D,ok,outputs/shuttle_capability/controlled_capability/images/s6b_light_315_2.jpg,18,18,481,477,472.0,468.0,490.0,486.0,18.0,18.0,18.0,16-24,pinned_oblique,center,none,none,bg_001.jpg,315.0,3,0.1250673532485962,0.0,False,False,False,0.0,,False,,,0.0,0,3,1,0.5,5,
1374,images/s6b_light_315_3.jpg,fixed_core_test,SYNTHETIC_3D,ok,outputs/shuttle_capability/controlled_capability/images/s6b_light_315_3.jpg,18,18,481,477,472.0,468.0,490.0,486.0,18.0,18.0,18.0,16-24,pinned_oblique,center,none,none,bg_001.jpg,315.0,1,0.10649647563695908,0.0,False,False,False,0.0,,False,,,0.0,0,1,1,0.5,5,
1375,images/s6b_light_315_4.jpg,fixed_core_test,SYNTHETIC_3D,ok,outputs/shuttle_capability/controlled_capability/images/s6b_light_315_4.jpg,18,18,481,477,472.0,468.0,490.0,486.0,18.0,18.0,18.0,16-24,pinned_oblique,center,none,none,bg_001.jpg,315.0,1,0.09103847295045853,0.0,False,False,False,0.0,,False,,,0.0,0,1,1,0.5,5,
1376,images/s6b_light_315_5.jpg,fixed_core_test,SYNTHETIC_3D,ok,outputs/shuttle_capability/controlled_capability/images/s6b_light_315_5.jpg,18,18,481,477,472.0,468.0,490.0,486.0,18.0,18.0,18.0,16-24,pinned_oblique,center,none,none,bg_001.jpg,315.0,3,0.18202070891857147,0.0,False,False,False,0.0,,False,,,0.0,0,3,1,0.5,5,
1377,images/s6b_light_315_6.jpg,fixed_core_test,SYNTHETIC_3D,ok,outputs/shuttle_capability/controlled_capability/images/s6b_light_315_6.jpg,18,18,481,477,472.0,468.0,490.0,486.0,18.0,18.0,18.0,16-24,pinned_oblique,center,none,none,bg_001.jpg,315.0,1,0.6002616882324219,0.6516602775225969,True,True,False,0.6754528714550866,2.2361182133574307,True,1,0.6002616882324219,0.6516602775225969,1,0,0,0.5,5,
1378,images/s6b_light_315_7.jpg,fixed_core_test,SYNTHETIC_3D,ok,outputs/shuttle_capability/controlled_capability/images/s6b_light_315_7.jpg,18,18,481,477,472.0,468.0,490.0,486.0,18.0,18.0,18.0,16-24,pinned_oblique,center,none,none,bg_001.jpg,315.0,0,,,False,False,False,0.0,,False,,,0.0,0,0,1,0.5,5,
1379,images/s6b_light_315_8.jpg,fixed_core_test,SYNTHETIC_3D,ok,outputs/shuttle_capability/controlled_capability/images/s6b_light_315_8.jpg,18,18,481,477,472.0,468.0,490.0,486.0,18.0,18.0,18.0,16-24,pinned_oblique,center,none,none,bg_001.jpg,315.0,2,0.1494961977005005,0.0,False,False,False,0.0,,False,,,0.0,0,2,1,0.5,5,
1380,images/s6b_light_315_9.jpg,fixed_core_test,SYNTHETIC_3D,ok,outputs/shuttle_capability/controlled_capability/images/s6b_light_315_9.jpg,18,18,481,477,472.0,468.0,490.0,486.0,18.0,18.0,18.0,16-24,pinned_oblique,center,none,none,bg_001.jpg,315.0,4,0.08311452716588974,0.0,False,False,False,0.0,,False,,,0.0,0,4,1,0.5,5,
1381,images/s6b_light_315_10.jpg,fixed_core_test,SYNTHETIC_3D,ok,outputs/shuttle_capability/controlled_capability/images/s6b_light_315_10.jpg,18,18,481,477,472.0,468.0,490.0,486.0,18.0,18.0,18.0,16-24,pinned_oblique,center,none,none,bg_001.jpg,315.0,3,0.7962470650672913,0.7227959596507879,True,True,False,0.7437218667301176,1.969458579577226,True,1,0.7962470650672913,0.7227959596507879,1,2,0,0.5,5,
1382,images/s6b_light_315_11.jpg,fixed_core_test,SYNTHETIC_3D,ok,outputs/shuttle_capability/controlled_capability/images/s6b_light_315_11.jpg,18,18,481,477,472.0,468.0,490.0,486.0,18.0,18.0,18.0,16-24,pinned_oblique,center,none,none,bg_001.jpg,315.0,3,0.8369809985160828,0.7799346201594046,True,True,False,0.8313369311185347,1.5796027116678837,True,1,0.8369809985160828,0.7799346201594046,1,2,0,0.5,5,
1383,images/s6b_light_315_12.jpg,fixed_core_test,SYNTHETIC_3D,ok,outputs/shuttle_capability/controlled_capability/images/s6b_light_315_12.jpg,18,18,481,477,472.0,468.0,490.0,486.0,18.0,18.0,18.0,16-24,pinned_oblique,center,none,none,bg_001.jpg,315.0,2,0.30376678705215454,0.0,False,False,False,0.0,,False,,,0.0,0,2,1,0.5,5,
1384,images/s6b_light_315_13.jpg,fixed_core_test,SYNTHETIC_3D,ok,outputs/shuttle_capability/controlled_capability/images/s6b_light_315_13.jpg,18,18,481,477,472.0,468.0,490.0,486.0,18.0,18.0,18.0,16-24,pinned_oblique,center,none,none,bg_001.jpg,315.0,1,0.07569094002246857,0.0,False,False,False,0.0,,False,,,0.0,0,1,1,0.5,5,
1385,images/s6b_light_315_14.jpg,fixed_core_test,SYNTHETIC_3D,ok,outputs/shuttle_capability/controlled_capability/images/s6b_light_315_14.jpg,18,18,481,477,472.0,468.0,490.0,486.0,18.0,18.0,18.0,16-24,pinned_oblique,center,none,none,bg_001.jpg,315.0,1,0.057976894080638885,0.0,False,False,False,0.0,,False,,,0.0,0,1,1,0.5,5,
1386,images/s6b_light_315_15.jpg,fixed_core_test,SYNTHETIC_3D,ok,outputs/shuttle_capability/controlled_capability/images/s6b_light_315_15.jpg,18,18,481,477,472.0,468.0,490.0,486.0,18.0,18.0,18.0,16-24,pinned_oblique,center,none,none,bg_001.jpg,315.0,1,0.06516384333372116,0.0,False,False,False,0.0,,False,,,0.0,0,1,1,0.5,5,
1387,images/s6b_light_315_16.jpg,fixed_core_test,SYNTHETIC_3D,ok,outputs/shuttle_capability/controlled_capability/images/s6b_light_315_16.jpg,18,18,481,477,472.0,468.0,490.0,486.0,18.0,18.0,18.0,16-24,pinned_oblique,center,none,none,bg_001.jpg,315.0,2,0.18880917131900787,0.0,False,False,False,0.0,,False,,,0.0,0,2,1,0.5,5,
1388,images/s6b_light_315_17.jpg,fixed_core_test,SYNTHETIC_3D,ok,outputs/shuttle_capability/controlled_capability/images/s6b_light_315_17.jpg,18,18,481,477,472.0,468.0,490.0,486.0,18.0,18.0,18.0,16-24,pinned_oblique,center,none,none,bg_001.jpg,315.0,1,0.2033701092004776,0.0,False,False,False,0.0,,False,,,0.0,0,1,1,0.5,5,
1389,images/s6b_light_315_18.jpg,fixed_core_test,SYNTHETIC_3D,ok,outputs/shuttle_capability/controlled_capability/images/s6b_light_315_18.jpg,18,18,481,477,472.0,468.0,490.0,486.0,18.0,18.0,18.0,16-24,pinned_oblique,center,none,none,bg_001.jpg,315.0,0,,,False,False,False,0.0,,False,,,0.0,0,0,1,0.5,5,
1390,images/s6b_light_315_19.jpg,fixed_core_test,SYNTHETIC_3D,ok,outputs/shuttle_capability/controlled_capability/images/s6b_light_315_19.jpg,18,18,481,477,472.0,468.0,490.0,486.0,18.0,18.0,18.0,16-24,pinned_oblique,center,none,none,bg_001.jpg,315.0,0,,,False,False,False,0.0,,False,,,0.0,0,0,1,0.5,5,
1391,images/s7_near_field_0064_0.jpg,fixed_core_test,SYNTHETIC_3D,ok,outputs/shuttle_capability/controlled_capability/images/s7_near_field_0064_0.jpg,64,64,648,630,616.0,598.0,680.0,662.0,64.0,64.0,64.0,>32,pinned_oblique,center,none,none,bg_001.jpg,315.0,2,0.8551759123802185,0.0,False,False,False,0.0,,False,,,0.0,0,2,1,0.5,5,
1392,images/s7_near_field_0064_1.jpg,fixed_core_test,SYNTHETIC_3D,ok,outputs/shuttle_capability/controlled_capability/images/s7_near_field_0064_1.jpg,64,64,648,630,616.0,598.0,680.0,662.0,64.0,64.0,64.0,>32,pinned_oblique,center,none,none,bg_001.jpg,315.0,2,0.7391027808189392,0.0,False,False,False,0.0,,False,,,0.0,0,2,1,0.5,5,
1393,images/s7_near_field_0064_2.jpg,fixed_core_test,SYNTHETIC_3D,ok,outputs/shuttle_capability/controlled_capability/images/s7_near_field_0064_2.jpg,64,64,648,630,616.0,598.0,680.0,662.0,64.0,64.0,64.0,>32,pinned_oblique,center,none,none,bg_001.jpg,315.0,1,0.6973797678947449,0.0,False,False,False,0.0,,False,,,0.0,0,1,1,0.5,5,
1394,images/s7_near_field_0064_3.jpg,fixed_core_test,SYNTHETIC_3D,ok,outputs/shuttle_capability/controlled_capability/images/s7_near_field_0064_3.jpg,64,64,648,630,616.0,598.0,680.0,662.0,64.0,64.0,64.0,>32,pinned_oblique,center,none,none,bg_001.jpg,315.0,3,0.8533564209938049,0.0,False,False,False,0.0,,False,,,0.0,0,3,1,0.5,5,
1395,images/s7_near_field_0064_4.jpg,fixed_core_test,SYNTHETIC_3D,ok,outputs/shuttle_capability/controlled_capability/images/s7_near_field_0064_4.jpg,64,64,648,630,616.0,598.0,680.0,662.0,64.0,64.0,64.0,>32,pinned_oblique,center,none,none,bg_001.jpg,315.0,1,0.7674373984336853,0.0,False,False,False,0.0,,False,,,0.0,0,1,1,0.5,5,
1396,images/s7_near_field_0064_5.jpg,fixed_core_test,SYNTHETIC_3D,ok,outputs/shuttle_capability/controlled_capability/images/s7_near_field_0064_5.jpg,64,64,648,630,616.0,598.0,680.0,662.0,64.0,64.0,64.0,>32,pinned_oblique,center,none,none,bg_001.jpg,315.0,3,0.6065611839294434,0.0,False,False,False,0.0,,False,,,0.0,0,3,1,0.5,5,
1397,images/s7_near_field_0064_6.jpg,fixed_core_test,SYNTHETIC_3D,ok,outputs/shuttle_capability/controlled_capability/images/s7_near_field_0064_6.jpg,64,64,648,630,616.0,598.0,680.0,662.0,64.0,64.0,64.0,>32,pinned_oblique,center,none,none,bg_001.jpg,315.0,1,0.8217471837997437,0.0,False,False,False,0.0,,False,,,0.0,0,1,1,0.5,5,
1398,images/s7_near_field_0064_7.jpg,fixed_core_test,SYNTHETIC_3D,ok,outputs/shuttle_capability/controlled_capability/images/s7_near_field_0064_7.jpg,64,64,648,630,616.0,598.0,680.0,662.0,64.0,64.0,64.0,>32,pinned_oblique,center,none,none,bg_001.jpg,315.0,2,0.8267825841903687,0.0,False,False,False,0.0,,False,,,0.0,0,2,1,0.5,5,
1399,images/s7_near_field_0064_8.jpg,fixed_core_test,SYNTHETIC_3D,ok,outputs/shuttle_capability/controlled_capability/images/s7_near_field_0064_8.jpg,64,64,648,630,616.0,598.0,680.0,662.0,64.0,64.0,64.0,>32,pinned_oblique,center,none,none,bg_001.jpg,315.0,2,0.8460850715637207,0.0,False,False,False,0.0,,False,,,0.0,0,2,1,0.5,5,
1400,images/s7_near_field_0064_9.jpg,fixed_core_test,SYNTHETIC_3D,ok,outputs/shuttle_capability/controlled_capability/images/s7_near_field_0064_9.jpg,64,64,648,630,616.0,598.0,680.0,662.0,64.0,64.0,64.0,>32,pinned_oblique,center,none,none,bg_001.jpg,315.0,1,0.6912358403205872,0.0,False,False,False,0.0,,False,,,0.0,0,1,1,0.5,5,
1401,images/s7_near_field_0064_10.jpg,fixed_core_test,SYNTHETIC_3D,ok,outputs/shuttle_capability/controlled_capability/images/s7_near_field_0064_10.jpg,64,64,648,630,616.0,598.0,680.0,662.0,64.0,64.0,64.0,>32,pinned_oblique,center,none,none,bg_001.jpg,315.0,1,0.8064638376235962,0.0,False,False,False,0.0,,False,,,0.0,0,1,1,0.5,5,
1402,images/s7_near_field_0064_11.jpg,fixed_core_test,SYNTHETIC_3D,ok,outputs/shuttle_capability/controlled_capability/images/s7_near_field_0064_11.jpg,64,64,648,630,616.0,598.0,680.0,662.0,64.0,64.0,64.0,>32,pinned_oblique,center,none,none,bg_001.jpg,315.0,1,0.8546776175498962,0.0,False,False,False,0.0,,False,,,0.0,0,1,1,0.5,5,
1403,images/s7_near_field_0064_12.jpg,fixed_core_test,SYNTHETIC_3D,ok,outputs/shuttle_capability/controlled_capability/images/s7_near_field_0064_12.jpg,64,64,648,630,616.0,598.0,680.0,662.0,64.0,64.0,64.0,>32,pinned_oblique,center,none,none,bg_001.jpg,315.0,2,0.8532334566116333,0.0,False,False,False,0.0,,False,,,0.0,0,2,1,0.5,5,
1404,images/s7_near_field_0064_13.jpg,fixed_core_test,SYNTHETIC_3D,ok,outputs/shuttle_capability/controlled_capability/images/s7_near_field_0064_13.jpg,64,64,648,630,616.0,598.0,680.0,662.0,64.0,64.0,64.0,>32,pinned_oblique,center,none,none,bg_001.jpg,315.0,1,0.7786272764205933,0.0,False,False,False,0.0,,False,,,0.0,0,1,1,0.5,5,
1405,images/s7_near_field_0064_14.jpg,fixed_core_test,SYNTHETIC_3D,ok,outputs/shuttle_capability/controlled_capability/images/s7_near_field_0064_14.jpg,64,64,648,630,616.0,598.0,680.0,662.0,64.0,64.0,64.0,>32,pinned_oblique,center,none,none,bg_001.jpg,315.0,2,0.8423218727111816,0.0,False,False,False,0.0,,False,,,0.0,0,2,1,0.5,5,
1406,images/s7_near_field_0064_15.jpg,fixed_core_test,SYNTHETIC_3D,ok,outputs/shuttle_capability/controlled_capability/images/s7_near_field_0064_15.jpg,64,64,648,630,616.0,598.0,680.0,662.0,64.0,64.0,64.0,>32,pinned_oblique,center,none,none,bg_001.jpg,315.0,2,0.5687066912651062,0.0,False,False,False,0.0,,False,,,0.0,0,2,1,0.5,5,
1407,images/s7_near_field_0064_16.jpg,fixed_core_test,SYNTHETIC_3D,ok,outputs/shuttle_capability/controlled_capability/images/s7_near_field_0064_16.jpg,64,64,648,630,616.0,598.0,680.0,662.0,64.0,64.0,64.0,>32,pinned_oblique,center,none,none,bg_001.jpg,315.0,2,0.7121854424476624,0.0,False,False,False,0.0,,False,,,0.0,0,2,1,0.5,5,
1408,images/s7_near_field_0064_17.jpg,fixed_core_test,SYNTHETIC_3D,ok,outputs/shuttle_capability/controlled_capability/images/s7_near_field_0064_17.jpg,64,64,648,630,616.0,598.0,680.0,662.0,64.0,64.0,64.0,>32,pinned_oblique,center,none,none,bg_001.jpg,315.0,2,0.7157260179519653,0.0,False,False,False,0.0,,False,,,0.0,0,2,1,0.5,5,
1409,images/s7_near_field_0064_18.jpg,fixed_core_test,SYNTHETIC_3D,ok,outputs/shuttle_capability/controlled_capability/images/s7_near_field_0064_18.jpg,64,64,648,630,616.0,598.0,680.0,662.0,64.0,64.0,64.0,>32,pinned_oblique,center,none,none,bg_001.jpg,315.0,3,0.6824467182159424,0.0,False,False,False,0.0,,False,,,0.0,0,3,1,0.5,5,
1410,images/s7_near_field_0064_19.jpg,fixed_core_test,SYNTHETIC_3D,ok,outputs/shuttle_capability/controlled_capability/images/s7_near_field_0064_19.jpg,64,64,648,630,616.0,598.0,680.0,662.0,64.0,64.0,64.0,>32,pinned_oblique,center,none,none,bg_001.jpg,315.0,2,0.799871563911438,0.0,False,False,False,0.0,,False,,,0.0,0,2,1,0.5,5,
1411,images/s7_near_field_0064_20.jpg,fixed_core_test,SYNTHETIC_3D,ok,outputs/shuttle_capability/controlled_capability/images/s7_near_field_0064_20.jpg,64,64,648,630,616.0,598.0,680.0,662.0,64.0,64.0,64.0,>32,pinned_oblique,center,none,none,bg_001.jpg,315.0,1,0.7959455847740173,0.0,False,False,False,0.0,,False,,,0.0,0,1,1,0.5,5,
1412,images/s7_near_field_0064_21.jpg,fixed_core_test,SYNTHETIC_3D,ok,outputs/shuttle_capability/controlled_capability/images/s7_near_field_0064_21.jpg,64,64,648,630,616.0,598.0,680.0,662.0,64.0,64.0,64.0,>32,pinned_oblique,center,none,none,bg_001.jpg,315.0,2,0.6114615201950073,0.0,False,False,False,0.0,,False,,,0.0,0,2,1,0.5,5,
1413,images/s7_near_field_0064_22.jpg,fixed_core_test,SYNTHETIC_3D,ok,outputs/shuttle_capability/controlled_capability/images/s7_near_field_0064_22.jpg,64,64,648,630,616.0,598.0,680.0,662.0,64.0,64.0,64.0,>32,pinned_oblique,center,none,none,bg_001.jpg,315.0,4,0.7173473238945007,0.0,False,False,False,0.0,,False,,,0.0,0,4,1,0.5,5,
1414,images/s7_near_field_0064_23.jpg,fixed_core_test,SYNTHETIC_3D,ok,outputs/shuttle_capability/controlled_capability/images/s7_near_field_0064_23.jpg,64,64,648,630,616.0,598.0,680.0,662.0,64.0,64.0,64.0,>32,pinned_oblique,center,none,none,bg_001.jpg,315.0,2,0.8490668535232544,0.0,False,False,False,0.0,,False,,,0.0,0,2,1,0.5,5,
1415,images/s7_near_field_0064_24.jpg,fixed_core_test,SYNTHETIC_3D,ok,outputs/shuttle_capability/controlled_capability/images/s7_near_field_0064_24.jpg,64,64,648,630,616.0,598.0,680.0,662.0,64.0,64.0,64.0,>32,pinned_oblique,center,none,none,bg_001.jpg,315.0,2,0.8078567981719971,0.0,False,False,False,0.0,,False,,,0.0,0,2,1,0.5,5,
1416,images/s7_near_field_0064_25.jpg,fixed_core_test,SYNTHETIC_3D,ok,outputs/shuttle_capability/controlled_capability/images/s7_near_field_0064_25.jpg,64,64,648,630,616.0,598.0,680.0,662.0,64.0,64.0,64.0,>32,pinned_oblique,center,none,none,bg_001.jpg,315.0,1,0.7774969339370728,0.0,False,False,False,0.0,,False,,,0.0,0,1,1,0.5,5,
1417,images/s7_near_field_0064_26.jpg,fixed_core_test,SYNTHETIC_3D,ok,outputs/shuttle_capability/controlled_capability/images/s7_near_field_0064_26.jpg,64,64,648,630,616.0,598.0,680.0,662.0,64.0,64.0,64.0,>32,pinned_oblique,center,none,none,bg_001.jpg,315.0,1,0.6569873690605164,0.0,False,False,False,0.0,,False,,,0.0,0,1,1,0.5,5,
1418,images/s7_near_field_0064_27.jpg,fixed_core_test,SYNTHETIC_3D,ok,outputs/shuttle_capability/controlled_capability/images/s7_near_field_0064_27.jpg,64,64,648,630,616.0,598.0,680.0,662.0,64.0,64.0,64.0,>32,pinned_oblique,center,none,none,bg_001.jpg,315.0,2,0.5105036497116089,0.0,False,False,False,0.0,,False,,,0.0,0,2,1,0.5,5,
1419,images/s7_near_field_0064_28.jpg,fixed_core_test,SYNTHETIC_3D,ok,outputs/shuttle_capability/controlled_capability/images/s7_near_field_0064_28.jpg,64,64,648,630,616.0,598.0,680.0,662.0,64.0,64.0,64.0,>32,pinned_oblique,center,none,none,bg_001.jpg,315.0,2,0.7426842451095581,0.0,False,False,False,0.0,,False,,,0.0,0,2,1,0.5,5,
1420,images/s7_near_field_0064_29.jpg,fixed_core_test,SYNTHETIC_3D,ok,outputs/shuttle_capability/controlled_capability/images/s7_near_field_0064_29.jpg,64,64,648,630,616.0,598.0,680.0,662.0,64.0,64.0,64.0,>32,pinned_oblique,center,none,none,bg_001.jpg,315.0,1,0.8588843941688538,0.0,False,False,False,0.0,,False,,,0.0,0,1,1,0.5,5,
1421,images/s7_near_field_0064_30.jpg,fixed_core_test,SYNTHETIC_3D,ok,outputs/shuttle_capability/controlled_capability/images/s7_near_field_0064_30.jpg,64,64,648,630,616.0,598.0,680.0,662.0,64.0,64.0,64.0,>32,pinned_oblique,center,none,none,bg_001.jpg,315.0,2,0.7676803469657898,0.0,False,False,False,0.0,,False,,,0.0,0,2,1,0.5,5,
1422,images/s7_near_field_0064_31.jpg,fixed_core_test,SYNTHETIC_3D,ok,outputs/shuttle_capability/controlled_capability/images/s7_near_field_0064_31.jpg,64,64,648,630,616.0,598.0,680.0,662.0,64.0,64.0,64.0,>32,pinned_oblique,center,none,none,bg_001.jpg,315.0,2,0.7367333769798279,0.0,False,False,False,0.0,,False,,,0.0,0,2,1,0.5,5,
1423,images/s7_near_field_0064_32.jpg,fixed_core_test,SYNTHETIC_3D,ok,outputs/shuttle_capability/controlled_capability/images/s7_near_field_0064_32.jpg,64,64,648,630,616.0,598.0,680.0,662.0,64.0,64.0,64.0,>32,pinned_oblique,center,none,none,bg_001.jpg,315.0,2,0.7067291736602783,0.0,False,False,False,0.0,,False,,,0.0,0,2,1,0.5,5,
1424,images/s7_near_field_0064_33.jpg,fixed_core_test,SYNTHETIC_3D,ok,outputs/shuttle_capability/controlled_capability/images/s7_near_field_0064_33.jpg,64,64,648,630,616.0,598.0,680.0,662.0,64.0,64.0,64.0,>32,pinned_oblique,center,none,none,bg_001.jpg,315.0,1,0.6365711092948914,0.0,False,False,False,0.0,,False,,,0.0,0,1,1,0.5,5,
1425,images/s7_near_field_0064_34.jpg,fixed_core_test,SYNTHETIC_3D,ok,outputs/shuttle_capability/controlled_capability/images/s7_near_field_0064_34.jpg,64,64,648,630,616.0,598.0,680.0,662.0,64.0,64.0,64.0,>32,pinned_oblique,center,none,none,bg_001.jpg,315.0,1,0.7933046221733093,0.0,False,False,False,0.0,,False,,,0.0,0,1,1,0.5,5,
1426,images/s7_near_field_0064_35.jpg,fixed_core_test,SYNTHETIC_3D,ok,outputs/shuttle_capability/controlled_capability/images/s7_near_field_0064_35.jpg,64,64,648,630,616.0,598.0,680.0,662.0,64.0,64.0,64.0,>32,pinned_oblique,center,none,none,bg_001.jpg,315.0,1,0.81545490026474,0.0,False,False,False,0.0,,False,,,0.0,0,1,1,0.5,5,
1427,images/s7_near_field_0064_36.jpg,fixed_core_test,SYNTHETIC_3D,ok,outputs/shuttle_capability/controlled_capability/images/s7_near_field_0064_36.jpg,64,64,648,630,616.0,598.0,680.0,662.0,64.0,64.0,64.0,>32,pinned_oblique,center,none,none,bg_001.jpg,315.0,2,0.8350062370300293,0.0,False,False,False,0.0,,False,,,0.0,0,2,1,0.5,5,
1428,images/s7_near_field_0064_37.jpg,fixed_core_test,SYNTHETIC_3D,ok,outputs/shuttle_capability/controlled_capability/images/s7_near_field_0064_37.jpg,64,64,648,630,616.0,598.0,680.0,662.0,64.0,64.0,64.0,>32,pinned_oblique,center,none,none,bg_001.jpg,315.0,1,0.6941103339195251,0.0,False,False,False,0.0,,False,,,0.0,0,1,1,0.5,5,
1429,images/s7_near_field_0064_38.jpg,fixed_core_test,SYNTHETIC_3D,ok,outputs/shuttle_capability/controlled_capability/images/s7_near_field_0064_38.jpg,64,64,648,630,616.0,598.0,680.0,662.0,64.0,64.0,64.0,>32,pinned_oblique,center,none,none,bg_001.jpg,315.0,2,0.7369832992553711,0.0,False,False,False,0.0,,False,,,0.0,0,2,1,0.5,5,
1430,images/s7_near_field_0064_39.jpg,fixed_core_test,SYNTHETIC_3D,ok,outputs/shuttle_capability/controlled_capability/images/s7_near_field_0064_39.jpg,64,64,648,630,616.0,598.0,680.0,662.0,64.0,64.0,64.0,>32,pinned_oblique,center,none,none,bg_001.jpg,315.0,1,0.7522120475769043,0.0,False,False,False,0.0,,False,,,0.0,0,1,1,0.5,5,
1431,images/s7_near_field_0096_0.jpg,fixed_core_test,SYNTHETIC_3D,ok,outputs/shuttle_capability/controlled_capability/images/s7_near_field_0096_0.jpg,96,96,652,626,604.0,578.0,700.0,674.0,96.0,96.0,96.0,>32,pinned_oblique,center,none,none,bg_001.jpg,315.0,1,0.8523105382919312,0.0,False,False,False,0.0,,False,,,0.0,0,1,1,0.5,5,
1432,images/s7_near_field_0096_1.jpg,fixed_core_test,SYNTHETIC_3D,ok,outputs/shuttle_capability/controlled_capability/images/s7_near_field_0096_1.jpg,96,96,652,626,604.0,578.0,700.0,674.0,96.0,96.0,96.0,>32,pinned_oblique,center,none,none,bg_001.jpg,315.0,3,0.7077724933624268,0.0,False,False,False,0.0,,False,,,0.0,0,3,1,0.5,5,
1433,images/s7_near_field_0096_2.jpg,fixed_core_test,SYNTHETIC_3D,ok,outputs/shuttle_capability/controlled_capability/images/s7_near_field_0096_2.jpg,96,96,652,626,604.0,578.0,700.0,674.0,96.0,96.0,96.0,>32,pinned_oblique,center,none,none,bg_001.jpg,315.0,1,0.6714505553245544,0.0,False,False,False,0.0,,False,,,0.0,0,1,1,0.5,5,
1434,images/s7_near_field_0096_3.jpg,fixed_core_test,SYNTHETIC_3D,ok,outputs/shuttle_capability/controlled_capability/images/s7_near_field_0096_3.jpg,96,96,652,626,604.0,578.0,700.0,674.0,96.0,96.0,96.0,>32,pinned_oblique,center,none,none,bg_001.jpg,315.0,3,0.8500146865844727,0.0,False,False,False,0.0,,False,,,0.0,0,3,1,0.5,5,
1435,images/s7_near_field_0096_4.jpg,fixed_core_test,SYNTHETIC_3D,ok,outputs/shuttle_capability/controlled_capability/images/s7_near_field_0096_4.jpg,96,96,652,626,604.0,578.0,700.0,674.0,96.0,96.0,96.0,>32,pinned_oblique,center,none,none,bg_001.jpg,315.0,1,0.7542268633842468,0.0,False,False,False,0.0,,False,,,0.0,0,1,1,0.5,5,
1436,images/s7_near_field_0096_5.jpg,fixed_core_test,SYNTHETIC_3D,ok,outputs/shuttle_capability/controlled_capability/images/s7_near_field_0096_5.jpg,96,96,652,626,604.0,578.0,700.0,674.0,96.0,96.0,96.0,>32,pinned_oblique,center,none,none,bg_001.jpg,315.0,2,0.6840144395828247,0.0,False,False,False,0.0,,False,,,0.0,0,2,1,0.5,5,
1437,images/s7_near_field_0096_6.jpg,fixed_core_test,SYNTHETIC_3D,ok,outputs/shuttle_capability/controlled_capability/images/s7_near_field_0096_6.jpg,96,96,652,626,604.0,578.0,700.0,674.0,96.0,96.0,96.0,>32,pinned_oblique,center,none,none,bg_001.jpg,315.0,1,0.8125646710395813,0.0,False,False,False,0.0,,False,,,0.0,0,1,1,0.5,5,
1438,images/s7_near_field_0096_7.jpg,fixed_core_test,SYNTHETIC_3D,ok,outputs/shuttle_capability/controlled_capability/images/s7_near_field_0096_7.jpg,96,96,652,626,604.0,578.0,700.0,674.0,96.0,96.0,96.0,>32,pinned_oblique,center,none,none,bg_001.jpg,315.0,2,0.7988439202308655,0.0,False,False,False,0.0,,False,,,0.0,0,2,1,0.5,5,
1439,images/s7_near_field_0096_8.jpg,fixed_core_test,SYNTHETIC_3D,ok,outputs/shuttle_capability/controlled_capability/images/s7_near_field_0096_8.jpg,96,96,652,626,604.0,578.0,700.0,674.0,96.0,96.0,96.0,>32,pinned_oblique,center,none,none,bg_001.jpg,315.0,2,0.8423190116882324,0.0,False,False,False,0.0,,False,,,0.0,0,2,1,0.5,5,
1440,images/s7_near_field_0096_9.jpg,fixed_core_test,SYNTHETIC_3D,ok,outputs/shuttle_capability/controlled_capability/images/s7_near_field_0096_9.jpg,96,96,652,626,604.0,578.0,700.0,674.0,96.0,96.0,96.0,>32,pinned_oblique,center,none,none,bg_001.jpg,315.0,1,0.7183239459991455,0.0,False,False,False,0.0,,False,,,0.0,0,1,1,0.5,5,
1441,images/s7_near_field_0096_10.jpg,fixed_core_test,SYNTHETIC_3D,ok,outputs/shuttle_capability/controlled_capability/images/s7_near_field_0096_10.jpg,96,96,652,626,604.0,578.0,700.0,674.0,96.0,96.0,96.0,>32,pinned_oblique,center,none,none,bg_001.jpg,315.0,1,0.8228134512901306,0.0,False,False,False,0.0,,False,,,0.0,0,1,1,0.5,5,
1442,images/s7_near_field_0096_11.jpg,fixed_core_test,SYNTHETIC_3D,ok,outputs/shuttle_capability/controlled_capability/images/s7_near_field_0096_11.jpg,96,96,652,626,604.0,578.0,700.0,674.0,96.0,96.0,96.0,>32,pinned_oblique,center,none,none,bg_001.jpg,315.0,2,0.8479345440864563,0.0,False,False,False,0.0,,False,,,0.0,0,2,1,0.5,5,
1443,images/s7_near_field_0096_12.jpg,fixed_core_test,SYNTHETIC_3D,ok,outputs/shuttle_capability/controlled_capability/images/s7_near_field_0096_12.jpg,96,96,652,626,604.0,578.0,700.0,674.0,96.0,96.0,96.0,>32,pinned_oblique,center,none,none,bg_001.jpg,315.0,1,0.8535358309745789,0.0,False,False,False,0.0,,False,,,0.0,0,1,1,0.5,5,
1444,images/s7_near_field_0096_13.jpg,fixed_core_test,SYNTHETIC_3D,ok,outputs/shuttle_capability/controlled_capability/images/s7_near_field_0096_13.jpg,96,96,652,626,604.0,578.0,700.0,674.0,96.0,96.0,96.0,>32,pinned_oblique,center,none,none,bg_001.jpg,315.0,2,0.7519538998603821,0.0,False,False,False,0.0,,False,,,0.0,0,2,1,0.5,5,
1445,images/s7_near_field_0096_14.jpg,fixed_core_test,SYNTHETIC_3D,ok,outputs/shuttle_capability/controlled_capability/images/s7_near_field_0096_14.jpg,96,96,652,626,604.0,578.0,700.0,674.0,96.0,96.0,96.0,>32,pinned_oblique,center,none,none,bg_001.jpg,315.0,2,0.820499837398529,0.0,False,False,False,0.0,,False,,,0.0,0,2,1,0.5,5,
1446,images/s7_near_field_0096_15.jpg,fixed_core_test,SYNTHETIC_3D,ok,outputs/shuttle_capability/controlled_capability/images/s7_near_field_0096_15.jpg,96,96,652,626,604.0,578.0,700.0,674.0,96.0,96.0,96.0,>32,pinned_oblique,center,none,none,bg_001.jpg,315.0,4,0.5672962069511414,0.0,False,False,False,0.0,,False,,,0.0,0,4,1,0.5,5,
1447,images/s7_near_field_0096_16.jpg,fixed_core_test,SYNTHETIC_3D,ok,outputs/shuttle_capability/controlled_capability/images/s7_near_field_0096_16.jpg,96,96,652,626,604.0,578.0,700.0,674.0,96.0,96.0,96.0,>32,pinned_oblique,center,none,none,bg_001.jpg,315.0,3,0.6897308230400085,0.0,False,False,False,0.0,,False,,,0.0,0,3,1,0.5,5,
1448,images/s7_near_field_0096_17.jpg,fixed_core_test,SYNTHETIC_3D,ok,outputs/shuttle_capability/controlled_capability/images/s7_near_field_0096_17.jpg,96,96,652,626,604.0,578.0,700.0,674.0,96.0,96.0,96.0,>32,pinned_oblique,center,none,none,bg_001.jpg,315.0,2,0.6766417026519775,0.0,False,False,False,0.0,,False,,,0.0,0,2,1,0.5,5,
1449,images/s7_near_field_0096_18.jpg,fixed_core_test,SYNTHETIC_3D,ok,outputs/shuttle_capability/controlled_capability/images/s7_near_field_0096_18.jpg,96,96,652,626,604.0,578.0,700.0,674.0,96.0,96.0,96.0,>32,pinned_oblique,center,none,none,bg_001.jpg,315.0,3,0.7307791113853455,0.0,False,False,False,0.0,,False,,,0.0,0,3,1,0.5,5,
1450,images/s7_near_field_0096_19.jpg,fixed_core_test,SYNTHETIC_3D,ok,outputs/shuttle_capability/controlled_capability/images/s7_near_field_0096_19.jpg,96,96,652,626,604.0,578.0,700.0,674.0,96.0,96.0,96.0,>32,pinned_oblique,center,none,none,bg_001.jpg,315.0,1,0.8390587568283081,0.0,False,False,False,0.0,,False,,,0.0,0,1,1,0.5,5,
1451,images/s7_near_field_0096_20.jpg,fixed_core_test,SYNTHETIC_3D,ok,outputs/shuttle_capability/controlled_capability/images/s7_near_field_0096_20.jpg,96,96,652,626,604.0,578.0,700.0,674.0,96.0,96.0,96.0,>32,pinned_oblique,center,none,none,bg_001.jpg,315.0,1,0.8409364819526672,0.0,False,False,False,0.0,,False,,,0.0,0,1,1,0.5,5,
1452,images/s7_near_field_0096_21.jpg,fixed_core_test,SYNTHETIC_3D,ok,outputs/shuttle_capability/controlled_capability/images/s7_near_field_0096_21.jpg,96,96,652,626,604.0,578.0,700.0,674.0,96.0,96.0,96.0,>32,pinned_oblique,center,none,none,bg_001.jpg,315.0,2,0.6893236041069031,0.0,False,False,False,0.0,,False,,,0.0,0,2,1,0.5,5,
1453,images/s7_near_field_0096_22.jpg,fixed_core_test,SYNTHETIC_3D,ok,outputs/shuttle_capability/controlled_capability/images/s7_near_field_0096_22.jpg,96,96,652,626,604.0,578.0,700.0,674.0,96.0,96.0,96.0,>32,pinned_oblique,center,none,none,bg_001.jpg,315.0,3,0.67400062084198,0.0,False,False,False,0.0,,False,,,0.0,0,3,1,0.5,5,
1454,images/s7_near_field_0096_23.jpg,fixed_core_test,SYNTHETIC_3D,ok,outputs/shuttle_capability/controlled_capability/images/s7_near_field_0096_23.jpg,96,96,652,626,604.0,578.0,700.0,674.0,96.0,96.0,96.0,>32,pinned_oblique,center,none,none,bg_001.jpg,315.0,2,0.8435778617858887,0.0,False,False,False,0.0,,False,,,0.0,0,2,1,0.5,5,
1455,images/s7_near_field_0096_24.jpg,fixed_core_test,SYNTHETIC_3D,ok,outputs/shuttle_capability/controlled_capability/images/s7_near_field_0096_24.jpg,96,96,652,626,604.0,578.0,700.0,674.0,96.0,96.0,96.0,>32,pinned_oblique,center,none,none,bg_001.jpg,315.0,1,0.7846402525901794,0.0,False,False,False,0.0,,False,,,0.0,0,1,1,0.5,5,
1456,images/s7_near_field_0096_25.jpg,fixed_core_test,SYNTHETIC_3D,ok,outputs/shuttle_capability/controlled_capability/images/s7_near_field_0096_25.jpg,96,96,652,626,604.0,578.0,700.0,674.0,96.0,96.0,96.0,>32,pinned_oblique,center,none,none,bg_001.jpg,315.0,1,0.7766953706741333,0.0,False,False,False,0.0,,False,,,0.0,0,1,1,0.5,5,
1457,images/s7_near_field_0096_26.jpg,fixed_core_test,SYNTHETIC_3D,ok,outputs/shuttle_capability/controlled_capability/images/s7_near_field_0096_26.jpg,96,96,652,626,604.0,578.0,700.0,674.0,96.0,96.0,96.0,>32,pinned_oblique,center,none,none,bg_001.jpg,315.0,1,0.7003659605979919,0.0,False,False,False,0.0,,False,,,0.0,0,1,1,0.5,5,
1458,images/s7_near_field_0096_27.jpg,fixed_core_test,SYNTHETIC_3D,ok,outputs/shuttle_capability/controlled_capability/images/s7_near_field_0096_27.jpg,96,96,652,626,604.0,578.0,700.0,674.0,96.0,96.0,96.0,>32,pinned_oblique,center,none,none,bg_001.jpg,315.0,2,0.593212366104126,0.0,False,False,False,0.0,,False,,,0.0,0,2,1,0.5,5,
1459,images/s7_near_field_0096_28.jpg,fixed_core_test,SYNTHETIC_3D,ok,outputs/shuttle_capability/controlled_capability/images/s7_near_field_0096_28.jpg,96,96,652,626,604.0,578.0,700.0,674.0,96.0,96.0,96.0,>32,pinned_oblique,center,none,none,bg_001.jpg,315.0,2,0.7338488101959229,0.0,False,False,False,0.0,,False,,,0.0,0,2,1,0.5,5,
1460,images/s7_near_field_0096_29.jpg,fixed_core_test,SYNTHETIC_3D,ok,outputs/shuttle_capability/controlled_capability/images/s7_near_field_0096_29.jpg,96,96,652,626,604.0,578.0,700.0,674.0,96.0,96.0,96.0,>32,pinned_oblique,center,none,none,bg_001.jpg,315.0,1,0.85617995262146,0.0,False,False,False,0.0,,False,,,0.0,0,1,1,0.5,5,
1461,images/s7_near_field_0096_30.jpg,fixed_core_test,SYNTHETIC_3D,ok,outputs/shuttle_capability/controlled_capability/images/s7_near_field_0096_30.jpg,96,96,652,626,604.0,578.0,700.0,674.0,96.0,96.0,96.0,>32,pinned_oblique,center,none,none,bg_001.jpg,315.0,2,0.7720748782157898,0.0,False,False,False,0.0,,False,,,0.0,0,2,1,0.5,5,
1462,images/s7_near_field_0096_31.jpg,fixed_core_test,SYNTHETIC_3D,ok,outputs/shuttle_capability/controlled_capability/images/s7_near_field_0096_31.jpg,96,96,652,626,604.0,578.0,700.0,674.0,96.0,96.0,96.0,>32,pinned_oblique,center,none,none,bg_001.jpg,315.0,2,0.7703234553337097,0.0,False,False,False,0.0,,False,,,0.0,0,2,1,0.5,5,
1463,images/s7_near_field_0096_32.jpg,fixed_core_test,SYNTHETIC_3D,ok,outputs/shuttle_capability/controlled_capability/images/s7_near_field_0096_32.jpg,96,96,652,626,604.0,578.0,700.0,674.0,96.0,96.0,96.0,>32,pinned_oblique,center,none,none,bg_001.jpg,315.0,2,0.7607138752937317,0.0,False,False,False,0.0,,False,,,0.0,0,2,1,0.5,5,
1464,images/s7_near_field_0096_33.jpg,fixed_core_test,SYNTHETIC_3D,ok,outputs/shuttle_capability/controlled_capability/images/s7_near_field_0096_33.jpg,96,96,652,626,604.0,578.0,700.0,674.0,96.0,96.0,96.0,>32,pinned_oblique,center,none,none,bg_001.jpg,315.0,1,0.6351256370544434,0.0,False,False,False,0.0,,False,,,0.0,0,1,1,0.5,5,
1465,images/s7_near_field_0096_34.jpg,fixed_core_test,SYNTHETIC_3D,ok,outputs/shuttle_capability/controlled_capability/images/s7_near_field_0096_34.jpg,96,96,652,626,604.0,578.0,700.0,674.0,96.0,96.0,96.0,>32,pinned_oblique,center,none,none,bg_001.jpg,315.0,1,0.8421038389205933,0.0,False,False,False,0.0,,False,,,0.0,0,1,1,0.5,5,
1466,images/s7_near_field_0096_35.jpg,fixed_core_test,SYNTHETIC_3D,ok,outputs/shuttle_capability/controlled_capability/images/s7_near_field_0096_35.jpg,96,96,652,626,604.0,578.0,700.0,674.0,96.0,96.0,96.0,>32,pinned_oblique,center,none,none,bg_001.jpg,315.0,1,0.7837461233139038,0.0,False,False,False,0.0,,False,,,0.0,0,1,1,0.5,5,
1467,images/s7_near_field_0096_36.jpg,fixed_core_test,SYNTHETIC_3D,ok,outputs/shuttle_capability/controlled_capability/images/s7_near_field_0096_36.jpg,96,96,652,626,604.0,578.0,700.0,674.0,96.0,96.0,96.0,>32,pinned_oblique,center,none,none,bg_001.jpg,315.0,2,0.8459647297859192,0.0,False,False,False,0.0,,False,,,0.0,0,2,1,0.5,5,
1468,images/s7_near_field_0096_37.jpg,fixed_core_test,SYNTHETIC_3D,ok,outputs/shuttle_capability/controlled_capability/images/s7_near_field_0096_37.jpg,96,96,652,626,604.0,578.0,700.0,674.0,96.0,96.0,96.0,>32,pinned_oblique,center,none,none,bg_001.jpg,315.0,1,0.6599082946777344,0.0,False,False,False,0.0,,False,,,0.0,0,1,1,0.5,5,
1469,images/s7_near_field_0096_38.jpg,fixed_core_test,SYNTHETIC_3D,ok,outputs/shuttle_capability/controlled_capability/images/s7_near_field_0096_38.jpg,96,96,652,626,604.0,578.0,700.0,674.0,96.0,96.0,96.0,>32,pinned_oblique,center,none,none,bg_001.jpg,315.0,1,0.7338042259216309,0.0,False,False,False,0.0,,False,,,0.0,0,1,1,0.5,5,
1470,images/s7_near_field_0096_39.jpg,fixed_core_test,SYNTHETIC_3D,ok,outputs/shuttle_capability/controlled_capability/images/s7_near_field_0096_39.jpg,96,96,652,626,604.0,578.0,700.0,674.0,96.0,96.0,96.0,>32,pinned_oblique,center,none,none,bg_001.jpg,315.0,2,0.750983715057373,0.0,False,False,False,0.0,,False,,,0.0,0,2,1,0.5,5,
1471,images/s7_near_field_0128_0.jpg,fixed_core_test,SYNTHETIC_3D,ok,outputs/shuttle_capability/controlled_capability/images/s7_near_field_0128_0.jpg,127,128,657,622,593.5,558.0,720.5,686.0,127.0,128.0,127.499,>32,pinned_oblique,center,none,none,bg_001.jpg,315.0,2,0.8508524298667908,0.0,False,False,False,0.0,,False,,,0.0,0,2,1,0.5,5,
1472,images/s7_near_field_0128_1.jpg,fixed_core_test,SYNTHETIC_3D,ok,outputs/shuttle_capability/controlled_capability/images/s7_near_field_0128_1.jpg,127,128,657,622,593.5,558.0,720.5,686.0,127.0,128.0,127.499,>32,pinned_oblique,center,none,none,bg_001.jpg,315.0,2,0.7610258460044861,0.0,False,False,False,0.0,,False,,,0.0,0,2,1,0.5,5,
1473,images/s7_near_field_0128_2.jpg,fixed_core_test,SYNTHETIC_3D,ok,outputs/shuttle_capability/controlled_capability/images/s7_near_field_0128_2.jpg,127,128,657,622,593.5,558.0,720.5,686.0,127.0,128.0,127.499,>32,pinned_oblique,center,none,none,bg_001.jpg,315.0,1,0.6243317723274231,0.0,False,False,False,0.0,,False,,,0.0,0,1,1,0.5,5,
1474,images/s7_near_field_0128_3.jpg,fixed_core_test,SYNTHETIC_3D,ok,outputs/shuttle_capability/controlled_capability/images/s7_near_field_0128_3.jpg,127,128,657,622,593.5,558.0,720.5,686.0,127.0,128.0,127.499,>32,pinned_oblique,center,none,none,bg_001.jpg,315.0,2,0.8517043590545654,0.0,False,False,False,0.0,,False,,,0.0,0,2,1,0.5,5,
1475,images/s7_near_field_0128_4.jpg,fixed_core_test,SYNTHETIC_3D,ok,outputs/shuttle_capability/controlled_capability/images/s7_near_field_0128_4.jpg,127,128,657,622,593.5,558.0,720.5,686.0,127.0,128.0,127.499,>32,pinned_oblique,center,none,none,bg_001.jpg,315.0,2,0.7461883425712585,0.0,False,False,False,0.0,,False,,,0.0,0,2,1,0.5,5,
1476,images/s7_near_field_0128_5.jpg,fixed_core_test,SYNTHETIC_3D,ok,outputs/shuttle_capability/controlled_capability/images/s7_near_field_0128_5.jpg,127,128,657,622,593.5,558.0,720.5,686.0,127.0,128.0,127.499,>32,pinned_oblique,center,none,none,bg_001.jpg,315.0,4,0.6653327345848083,0.0,False,False,False,0.0,,False,,,0.0,0,4,1,0.5,5,
1477,images/s7_near_field_0128_6.jpg,fixed_core_test,SYNTHETIC_3D,ok,outputs/shuttle_capability/controlled_capability/images/s7_near_field_0128_6.jpg,127,128,657,622,593.5,558.0,720.5,686.0,127.0,128.0,127.499,>32,pinned_oblique,center,none,none,bg_001.jpg,315.0,1,0.8312469124794006,0.0,False,False,False,0.0,,False,,,0.0,0,1,1,0.5,5,
1478,images/s7_near_field_0128_7.jpg,fixed_core_test,SYNTHETIC_3D,ok,outputs/shuttle_capability/controlled_capability/images/s7_near_field_0128_7.jpg,127,128,657,622,593.5,558.0,720.5,686.0,127.0,128.0,127.499,>32,pinned_oblique,center,none,none,bg_001.jpg,315.0,4,0.8140223622322083,0.0,False,False,False,0.0,,False,,,0.0,0,4,1,0.5,5,
1479,images/s7_near_field_0128_8.jpg,fixed_core_test,SYNTHETIC_3D,ok,outputs/shuttle_capability/controlled_capability/images/s7_near_field_0128_8.jpg,127,128,657,622,593.5,558.0,720.5,686.0,127.0,128.0,127.499,>32,pinned_oblique,center,none,none,bg_001.jpg,315.0,2,0.8375177383422852,0.0,False,False,False,0.0,,False,,,0.0,0,2,1,0.5,5,
1480,images/s7_near_field_0128_9.jpg,fixed_core_test,SYNTHETIC_3D,ok,outputs/shuttle_capability/controlled_capability/images/s7_near_field_0128_9.jpg,127,128,657,622,593.5,558.0,720.5,686.0,127.0,128.0,127.499,>32,pinned_oblique,center,none,none,bg_001.jpg,315.0,1,0.7055053114891052,0.0,False,False,False,0.0,,False,,,0.0,0,1,1,0.5,5,
1481,images/s7_near_field_0128_10.jpg,fixed_core_test,SYNTHETIC_3D,ok,outputs/shuttle_capability/controlled_capability/images/s7_near_field_0128_10.jpg,127,128,657,622,593.5,558.0,720.5,686.0,127.0,128.0,127.499,>32,pinned_oblique,center,none,none,bg_001.jpg,315.0,3,0.8212637305259705,0.0,False,False,False,0.0,,False,,,0.0,0,3,1,0.5,5,
1482,images/s7_near_field_0128_11.jpg,fixed_core_test,SYNTHETIC_3D,ok,outputs/shuttle_capability/controlled_capability/images/s7_near_field_0128_11.jpg,127,128,657,622,593.5,558.0,720.5,686.0,127.0,128.0,127.499,>32,pinned_oblique,center,none,none,bg_001.jpg,315.0,2,0.8540064096450806,0.0,False,False,False,0.0,,False,,,0.0,0,2,1,0.5,5,
1483,images/s7_near_field_0128_12.jpg,fixed_core_test,SYNTHETIC_3D,ok,outputs/shuttle_capability/controlled_capability/images/s7_near_field_0128_12.jpg,127,128,657,622,593.5,558.0,720.5,686.0,127.0,128.0,127.499,>32,pinned_oblique,center,none,none,bg_001.jpg,315.0,2,0.8548130393028259,0.0,False,False,False,0.0,,False,,,0.0,0,2,1,0.5,5,
1484,images/s7_near_field_0128_13.jpg,fixed_core_test,SYNTHETIC_3D,ok,outputs/shuttle_capability/controlled_capability/images/s7_near_field_0128_13.jpg,127,128,657,622,593.5,558.0,720.5,686.0,127.0,128.0,127.499,>32,pinned_oblique,center,none,none,bg_001.jpg,315.0,2,0.7120030522346497,0.0,False,False,False,0.0,,False,,,0.0,0,2,1,0.5,5,
1485,images/s7_near_field_0128_14.jpg,fixed_core_test,SYNTHETIC_3D,ok,outputs/shuttle_capability/controlled_capability/images/s7_near_field_0128_14.jpg,127,128,657,622,593.5,558.0,720.5,686.0,127.0,128.0,127.499,>32,pinned_oblique,center,none,none,bg_001.jpg,315.0,2,0.8391332030296326,0.0,False,False,False,0.0,,False,,,0.0,0,2,1,0.5,5,
1486,images/s7_near_field_0128_15.jpg,fixed_core_test,SYNTHETIC_3D,ok,outputs/shuttle_capability/controlled_capability/images/s7_near_field_0128_15.jpg,127,128,657,622,593.5,558.0,720.5,686.0,127.0,128.0,127.499,>32,pinned_oblique,center,none,none,bg_001.jpg,315.0,2,0.5267944931983948,0.0,False,False,False,0.0,,False,,,0.0,0,2,1,0.5,5,
1487,images/s7_near_field_0128_16.jpg,fixed_core_test,SYNTHETIC_3D,ok,outputs/shuttle_capability/controlled_capability/images/s7_near_field_0128_16.jpg,127,128,657,622,593.5,558.0,720.5,686.0,127.0,128.0,127.499,>32,pinned_oblique,center,none,none,bg_001.jpg,315.0,2,0.6483269929885864,0.0,False,False,False,0.0,,False,,,0.0,0,2,1,0.5,5,
1488,images/s7_near_field_0128_17.jpg,fixed_core_test,SYNTHETIC_3D,ok,outputs/shuttle_capability/controlled_capability/images/s7_near_field_0128_17.jpg,127,128,657,622,593.5,558.0,720.5,686.0,127.0,128.0,127.499,>32,pinned_oblique,center,none,none,bg_001.jpg,315.0,1,0.6998453140258789,0.0,False,False,False,0.0,,False,,,0.0,0,1,1,0.5,5,
1489,images/s7_near_field_0128_18.jpg,fixed_core_test,SYNTHETIC_3D,ok,outputs/shuttle_capability/controlled_capability/images/s7_near_field_0128_18.jpg,127,128,657,622,593.5,558.0,720.5,686.0,127.0,128.0,127.499,>32,pinned_oblique,center,none,none,bg_001.jpg,315.0,2,0.6865749359130859,0.0,False,False,False,0.0,,False,,,0.0,0,2,1,0.5,5,
1490,images/s7_near_field_0128_19.jpg,fixed_core_test,SYNTHETIC_3D,ok,outputs/shuttle_capability/controlled_capability/images/s7_near_field_0128_19.jpg,127,128,657,622,593.5,558.0,720.5,686.0,127.0,128.0,127.499,>32,pinned_oblique,center,none,none,bg_001.jpg,315.0,1,0.8368171453475952,0.0,False,False,False,0.0,,False,,,0.0,0,1,1,0.5,5,
1491,images/s7_near_field_0128_20.jpg,fixed_core_test,SYNTHETIC_3D,ok,outputs/shuttle_capability/controlled_capability/images/s7_near_field_0128_20.jpg,127,128,657,622,593.5,558.0,720.5,686.0,127.0,128.0,127.499,>32,pinned_oblique,center,none,none,bg_001.jpg,315.0,1,0.8186817765235901,0.0,False,False,False,0.0,,False,,,0.0,0,1,1,0.5,5,
1492,images/s7_near_field_0128_21.jpg,fixed_core_test,SYNTHETIC_3D,ok,outputs/shuttle_capability/controlled_capability/images/s7_near_field_0128_21.jpg,127,128,657,622,593.5,558.0,720.5,686.0,127.0,128.0,127.499,>32,pinned_oblique,center,none,none,bg_001.jpg,315.0,2,0.6612643599510193,0.0,False,False,False,0.0,,False,,,0.0,0,2,1,0.5,5,
1493,images/s7_near_field_0128_22.jpg,fixed_core_test,SYNTHETIC_3D,ok,outputs/shuttle_capability/controlled_capability/images/s7_near_field_0128_22.jpg,127,128,657,622,593.5,558.0,720.5,686.0,127.0,128.0,127.499,>32,pinned_oblique,center,none,none,bg_001.jpg,315.0,2,0.7170004844665527,0.0,False,False,False,0.0,,False,,,0.0,0,2,1,0.5,5,
1494,images/s7_near_field_0128_23.jpg,fixed_core_test,SYNTHETIC_3D,ok,outputs/shuttle_capability/controlled_capability/images/s7_near_field_0128_23.jpg,127,128,657,622,593.5,558.0,720.5,686.0,127.0,128.0,127.499,>32,pinned_oblique,center,none,none,bg_001.jpg,315.0,1,0.8462857007980347,0.0,False,False,False,0.0,,False,,,0.0,0,1,1,0.5,5,
1495,images/s7_near_field_0128_24.jpg,fixed_core_test,SYNTHETIC_3D,ok,outputs/shuttle_capability/controlled_capability/images/s7_near_field_0128_24.jpg,127,128,657,622,593.5,558.0,720.5,686.0,127.0,128.0,127.499,>32,pinned_oblique,center,none,none,bg_001.jpg,315.0,3,0.800098717212677,0.0,False,False,False,0.0,,False,,,0.0,0,3,1,0.5,5,
1496,images/s7_near_field_0128_25.jpg,fixed_core_test,SYNTHETIC_3D,ok,outputs/shuttle_capability/controlled_capability/images/s7_near_field_0128_25.jpg,127,128,657,622,593.5,558.0,720.5,686.0,127.0,128.0,127.499,>32,pinned_oblique,center,none,none,bg_001.jpg,315.0,1,0.7861605286598206,0.0,False,False,False,0.0,,False,,,0.0,0,1,1,0.5,5,
1497,images/s7_near_field_0128_26.jpg,fixed_core_test,SYNTHETIC_3D,ok,outputs/shuttle_capability/controlled_capability/images/s7_near_field_0128_26.jpg,127,128,657,622,593.5,558.0,720.5,686.0,127.0,128.0,127.499,>32,pinned_oblique,center,none,none,bg_001.jpg,315.0,1,0.7318345308303833,0.0,False,False,False,0.0,,False,,,0.0,0,1,1,0.5,5,
1498,images/s7_near_field_0128_27.jpg,fixed_core_test,SYNTHETIC_3D,ok,outputs/shuttle_capability/controlled_capability/images/s7_near_field_0128_27.jpg,127,128,657,622,593.5,558.0,720.5,686.0,127.0,128.0,127.499,>32,pinned_oblique,center,none,none,bg_001.jpg,315.0,2,0.511784017086029,0.0,False,False,False,0.0,,False,,,0.0,0,2,1,0.5,5,
1499,images/s7_near_field_0128_28.jpg,fixed_core_test,SYNTHETIC_3D,ok,outputs/shuttle_capability/controlled_capability/images/s7_near_field_0128_28.jpg,127,128,657,622,593.5,558.0,720.5,686.0,127.0,128.0,127.499,>32,pinned_oblique,center,none,none,bg_001.jpg,315.0,2,0.7570574283599854,0.0,False,False,False,0.0,,False,,,0.0,0,2,1,0.5,5,
1500,images/s7_near_field_0128_29.jpg,fixed_core_test,SYNTHETIC_3D,ok,outputs/shuttle_capability/controlled_capability/images/s7_near_field_0128_29.jpg,127,128,657,622,593.5,558.0,720.5,686.0,127.0,128.0,127.499,>32,pinned_oblique,center,none,none,bg_001.jpg,315.0,1,0.8447508811950684,0.0,False,False,False,0.0,,False,,,0.0,0,1,1,0.5,5,
1501,images/s7_near_field_0128_30.jpg,fixed_core_test,SYNTHETIC_3D,ok,outputs/shuttle_capability/controlled_capability/images/s7_near_field_0128_30.jpg,127,128,657,622,593.5,558.0,720.5,686.0,127.0,128.0,127.499,>32,pinned_oblique,center,none,none,bg_001.jpg,315.0,1,0.775519609451294,0.0,False,False,False,0.0,,False,,,0.0,0,1,1,0.5,5,
1502,images/s7_near_field_0128_31.jpg,fixed_core_test,SYNTHETIC_3D,ok,outputs/shuttle_capability/controlled_capability/images/s7_near_field_0128_31.jpg,127,128,657,622,593.5,558.0,720.5,686.0,127.0,128.0,127.499,>32,pinned_oblique,center,none,none,bg_001.jpg,315.0,2,0.7672548294067383,0.0,False,False,False,0.0,,False,,,0.0,0,2,1,0.5,5,
1503,images/s7_near_field_0128_32.jpg,fixed_core_test,SYNTHETIC_3D,ok,outputs/shuttle_capability/controlled_capability/images/s7_near_field_0128_32.jpg,127,128,657,622,593.5,558.0,720.5,686.0,127.0,128.0,127.499,>32,pinned_oblique,center,none,none,bg_001.jpg,315.0,1,0.7361717224121094,0.0,False,False,False,0.0,,False,,,0.0,0,1,1,0.5,5,
1504,images/s7_near_field_0128_33.jpg,fixed_core_test,SYNTHETIC_3D,ok,outputs/shuttle_capability/controlled_capability/images/s7_near_field_0128_33.jpg,127,128,657,622,593.5,558.0,720.5,686.0,127.0,128.0,127.499,>32,pinned_oblique,center,none,none,bg_001.jpg,315.0,2,0.6517518162727356,0.0,False,False,False,0.0,,False,,,0.0,0,2,1,0.5,5,
1505,images/s7_near_field_0128_34.jpg,fixed_core_test,SYNTHETIC_3D,ok,outputs/shuttle_capability/controlled_capability/images/s7_near_field_0128_34.jpg,127,128,657,622,593.5,558.0,720.5,686.0,127.0,128.0,127.499,>32,pinned_oblique,center,none,none,bg_001.jpg,315.0,1,0.8302810192108154,0.0,False,False,False,0.0,,False,,,0.0,0,1,1,0.5,5,
1506,images/s7_near_field_0128_35.jpg,fixed_core_test,SYNTHETIC_3D,ok,outputs/shuttle_capability/controlled_capability/images/s7_near_field_0128_35.jpg,127,128,657,622,593.5,558.0,720.5,686.0,127.0,128.0,127.499,>32,pinned_oblique,center,none,none,bg_001.jpg,315.0,2,0.8278942108154297,0.0,False,False,False,0.0,,False,,,0.0,0,2,1,0.5,5,
1507,images/s7_near_field_0128_36.jpg,fixed_core_test,SYNTHETIC_3D,ok,outputs/shuttle_capability/controlled_capability/images/s7_near_field_0128_36.jpg,127,128,657,622,593.5,558.0,720.5,686.0,127.0,128.0,127.499,>32,pinned_oblique,center,none,none,bg_001.jpg,315.0,2,0.8444711565971375,0.0,False,False,False,0.0,,False,,,0.0,0,2,1,0.5,5,
1508,images/s7_near_field_0128_37.jpg,fixed_core_test,SYNTHETIC_3D,ok,outputs/shuttle_capability/controlled_capability/images/s7_near_field_0128_37.jpg,127,128,657,622,593.5,558.0,720.5,686.0,127.0,128.0,127.499,>32,pinned_oblique,center,none,none,bg_001.jpg,315.0,1,0.676617443561554,0.0,False,False,False,0.0,,False,,,0.0,0,1,1,0.5,5,
1509,images/s7_near_field_0128_38.jpg,fixed_core_test,SYNTHETIC_3D,ok,outputs/shuttle_capability/controlled_capability/images/s7_near_field_0128_38.jpg,127,128,657,622,593.5,558.0,720.5,686.0,127.0,128.0,127.499,>32,pinned_oblique,center,none,none,bg_001.jpg,315.0,1,0.7454888224601746,0.0,False,False,False,0.0,,False,,,0.0,0,1,1,0.5,5,
1510,images/s7_near_field_0128_39.jpg,fixed_core_test,SYNTHETIC_3D,ok,outputs/shuttle_capability/controlled_capability/images/s7_near_field_0128_39.jpg,127,128,657,622,593.5,558.0,720.5,686.0,127.0,128.0,127.499,>32,pinned_oblique,center,none,none,bg_001.jpg,315.0,1,0.7279061675071716,0.0,False,False,False,0.0,,False,,,0.0,0,1,1,0.5,5,
1511,images/s7_near_field_0192_0.jpg,fixed_core_test,SYNTHETIC_3D,ok,outputs/shuttle_capability/controlled_capability/images/s7_near_field_0192_0.jpg,192,192,665,613,569.0,517.0,761.0,709.0,192.0,192.0,192.0,>32,pinned_oblique,center,none,none,bg_001.jpg,315.0,2,0.8533685803413391,0.0,False,False,False,0.0,,False,,,0.0,0,2,1,0.5,5,
1512,images/s7_near_field_0192_1.jpg,fixed_core_test,SYNTHETIC_3D,ok,outputs/shuttle_capability/controlled_capability/images/s7_near_field_0192_1.jpg,192,192,665,613,569.0,517.0,761.0,709.0,192.0,192.0,192.0,>32,pinned_oblique,center,none,none,bg_001.jpg,315.0,1,0.7654354572296143,0.0,False,False,False,0.0,,False,,,0.0,0,1,1,0.5,5,
1513,images/s7_near_field_0192_2.jpg,fixed_core_test,SYNTHETIC_3D,ok,outputs/shuttle_capability/controlled_capability/images/s7_near_field_0192_2.jpg,192,192,665,613,569.0,517.0,761.0,709.0,192.0,192.0,192.0,>32,pinned_oblique,center,none,none,bg_001.jpg,315.0,1,0.6800190806388855,0.0,False,False,False,0.0,,False,,,0.0,0,1,1,0.5,5,
1514,images/s7_near_field_0192_3.jpg,fixed_core_test,SYNTHETIC_3D,ok,outputs/shuttle_capability/controlled_capability/images/s7_near_field_0192_3.jpg,192,192,665,613,569.0,517.0,761.0,709.0,192.0,192.0,192.0,>32,pinned_oblique,center,none,none,bg_001.jpg,315.0,2,0.8503097891807556,0.0,False,False,False,0.0,,False,,,0.0,0,2,1,0.5,5,
1515,images/s7_near_field_0192_4.jpg,fixed_core_test,SYNTHETIC_3D,ok,outputs/shuttle_capability/controlled_capability/images/s7_near_field_0192_4.jpg,192,192,665,613,569.0,517.0,761.0,709.0,192.0,192.0,192.0,>32,pinned_oblique,center,none,none,bg_001.jpg,315.0,2,0.7502157092094421,0.0,False,False,False,0.0,,False,,,0.0,0,2,1,0.5,5,
1516,images/s7_near_field_0192_5.jpg,fixed_core_test,SYNTHETIC_3D,ok,outputs/shuttle_capability/controlled_capability/images/s7_near_field_0192_5.jpg,192,192,665,613,569.0,517.0,761.0,709.0,192.0,192.0,192.0,>32,pinned_oblique,center,none,none,bg_001.jpg,315.0,2,0.6026303768157959,0.0,False,False,False,0.0,,False,,,0.0,0,2,1,0.5,5,
1517,images/s7_near_field_0192_6.jpg,fixed_core_test,SYNTHETIC_3D,ok,outputs/shuttle_capability/controlled_capability/images/s7_near_field_0192_6.jpg,192,192,665,613,569.0,517.0,761.0,709.0,192.0,192.0,192.0,>32,pinned_oblique,center,none,none,bg_001.jpg,315.0,1,0.8163062334060669,0.0,False,False,False,0.0,,False,,,0.0,0,1,1,0.5,5,
1518,images/s7_near_field_0192_7.jpg,fixed_core_test,SYNTHETIC_3D,ok,outputs/shuttle_capability/controlled_capability/images/s7_near_field_0192_7.jpg,192,192,665,613,569.0,517.0,761.0,709.0,192.0,192.0,192.0,>32,pinned_oblique,center,none,none,bg_001.jpg,315.0,2,0.8278173804283142,0.0,False,False,False,0.0,,False,,,0.0,0,2,1,0.5,5,
1519,images/s7_near_field_0192_8.jpg,fixed_core_test,SYNTHETIC_3D,ok,outputs/shuttle_capability/controlled_capability/images/s7_near_field_0192_8.jpg,192,192,665,613,569.0,517.0,761.0,709.0,192.0,192.0,192.0,>32,pinned_oblique,center,none,none,bg_001.jpg,315.0,2,0.8472113609313965,0.0,False,False,False,0.0,,False,,,0.0,0,2,1,0.5,5,
1520,images/s7_near_field_0192_9.jpg,fixed_core_test,SYNTHETIC_3D,ok,outputs/shuttle_capability/controlled_capability/images/s7_near_field_0192_9.jpg,192,192,665,613,569.0,517.0,761.0,709.0,192.0,192.0,192.0,>32,pinned_oblique,center,none,none,bg_001.jpg,315.0,2,0.7470148205757141,0.0,False,False,False,0.0,,False,,,0.0,0,2,1,0.5,5,
1521,images/s7_near_field_0192_10.jpg,fixed_core_test,SYNTHETIC_3D,ok,outputs/shuttle_capability/controlled_capability/images/s7_near_field_0192_10.jpg,192,192,665,613,569.0,517.0,761.0,709.0,192.0,192.0,192.0,>32,pinned_oblique,center,none,none,bg_001.jpg,315.0,3,0.8033769130706787,0.0,False,False,False,0.0,,False,,,0.0,0,3,1,0.5,5,
1522,images/s7_near_field_0192_11.jpg,fixed_core_test,SYNTHETIC_3D,ok,outputs/shuttle_capability/controlled_capability/images/s7_near_field_0192_11.jpg,192,192,665,613,569.0,517.0,761.0,709.0,192.0,192.0,192.0,>32,pinned_oblique,center,none,none,bg_001.jpg,315.0,2,0.8512356281280518,0.0,False,False,False,0.0,,False,,,0.0,0,2,1,0.5,5,
1523,images/s7_near_field_0192_12.jpg,fixed_core_test,SYNTHETIC_3D,ok,outputs/shuttle_capability/controlled_capability/images/s7_near_field_0192_12.jpg,192,192,665,613,569.0,517.0,761.0,709.0,192.0,192.0,192.0,>32,pinned_oblique,center,none,none,bg_001.jpg,315.0,1,0.8542101979255676,0.0,False,False,False,0.0,,False,,,0.0,0,1,1,0.5,5,
1524,images/s7_near_field_0192_13.jpg,fixed_core_test,SYNTHETIC_3D,ok,outputs/shuttle_capability/controlled_capability/images/s7_near_field_0192_13.jpg,192,192,665,613,569.0,517.0,761.0,709.0,192.0,192.0,192.0,>32,pinned_oblique,center,none,none,bg_001.jpg,315.0,1,0.7388728260993958,0.0,False,False,False,0.0,,False,,,0.0,0,1,1,0.5,5,
1525,images/s7_near_field_0192_14.jpg,fixed_core_test,SYNTHETIC_3D,ok,outputs/shuttle_capability/controlled_capability/images/s7_near_field_0192_14.jpg,192,192,665,613,569.0,517.0,761.0,709.0,192.0,192.0,192.0,>32,pinned_oblique,center,none,none,bg_001.jpg,315.0,2,0.8292980790138245,0.0,False,False,False,0.0,,False,,,0.0,0,2,1,0.5,5,
1526,images/s7_near_field_0192_15.jpg,fixed_core_test,SYNTHETIC_3D,ok,outputs/shuttle_capability/controlled_capability/images/s7_near_field_0192_15.jpg,192,192,665,613,569.0,517.0,761.0,709.0,192.0,192.0,192.0,>32,pinned_oblique,center,none,none,bg_001.jpg,315.0,2,0.602538526058197,0.0,False,False,False,0.0,,False,,,0.0,0,2,1,0.5,5,
1527,images/s7_near_field_0192_16.jpg,fixed_core_test,SYNTHETIC_3D,ok,outputs/shuttle_capability/controlled_capability/images/s7_near_field_0192_16.jpg,192,192,665,613,569.0,517.0,761.0,709.0,192.0,192.0,192.0,>32,pinned_oblique,center,none,none,bg_001.jpg,315.0,1,0.6828658580780029,0.0,False,False,False,0.0,,False,,,0.0,0,1,1,0.5,5,
1528,images/s7_near_field_0192_17.jpg,fixed_core_test,SYNTHETIC_3D,ok,outputs/shuttle_capability/controlled_capability/images/s7_near_field_0192_17.jpg,192,192,665,613,569.0,517.0,761.0,709.0,192.0,192.0,192.0,>32,pinned_oblique,center,none,none,bg_001.jpg,315.0,1,0.7236822843551636,0.0,False,False,False,0.0,,False,,,0.0,0,1,1,0.5,5,
1529,images/s7_near_field_0192_18.jpg,fixed_core_test,SYNTHETIC_3D,ok,outputs/shuttle_capability/controlled_capability/images/s7_near_field_0192_18.jpg,192,192,665,613,569.0,517.0,761.0,709.0,192.0,192.0,192.0,>32,pinned_oblique,center,none,none,bg_001.jpg,315.0,1,0.6105157732963562,0.0,False,False,False,0.0,,False,,,0.0,0,1,1,0.5,5,
1530,images/s7_near_field_0192_19.jpg,fixed_core_test,SYNTHETIC_3D,ok,outputs/shuttle_capability/controlled_capability/images/s7_near_field_0192_19.jpg,192,192,665,613,569.0,517.0,761.0,709.0,192.0,192.0,192.0,>32,pinned_oblique,center,none,none,bg_001.jpg,315.0,1,0.8063750863075256,0.0,False,False,False,0.0,,False,,,0.0,0,1,1,0.5,5,
1531,images/s7_near_field_0192_20.jpg,fixed_core_test,SYNTHETIC_3D,ok,outputs/shuttle_capability/controlled_capability/images/s7_near_field_0192_20.jpg,192,192,665,613,569.0,517.0,761.0,709.0,192.0,192.0,192.0,>32,pinned_oblique,center,none,none,bg_001.jpg,315.0,1,0.8172824382781982,0.0,False,False,False,0.0,,False,,,0.0,0,1,1,0.5,5,
1532,images/s7_near_field_0192_21.jpg,fixed_core_test,SYNTHETIC_3D,ok,outputs/shuttle_capability/controlled_capability/images/s7_near_field_0192_21.jpg,192,192,665,613,569.0,517.0,761.0,709.0,192.0,192.0,192.0,>32,pinned_oblique,center,none,none,bg_001.jpg,315.0,2,0.6509803533554077,0.0,False,False,False,0.0,,False,,,0.0,0,2,1,0.5,5,
1533,images/s7_near_field_0192_22.jpg,fixed_core_test,SYNTHETIC_3D,ok,outputs/shuttle_capability/controlled_capability/images/s7_near_field_0192_22.jpg,192,192,665,613,569.0,517.0,761.0,709.0,192.0,192.0,192.0,>32,pinned_oblique,center,none,none,bg_001.jpg,315.0,3,0.7077034711837769,0.0,False,False,False,0.0,,False,,,0.0,0,3,1,0.5,5,
1534,images/s7_near_field_0192_23.jpg,fixed_core_test,SYNTHETIC_3D,ok,outputs/shuttle_capability/controlled_capability/images/s7_near_field_0192_23.jpg,192,192,665,613,569.0,517.0,761.0,709.0,192.0,192.0,192.0,>32,pinned_oblique,center,none,none,bg_001.jpg,315.0,3,0.8510832190513611,0.0,False,False,False,0.0,,False,,,0.0,0,3,1,0.5,5,
1535,images/s7_near_field_0192_24.jpg,fixed_core_test,SYNTHETIC_3D,ok,outputs/shuttle_capability/controlled_capability/images/s7_near_field_0192_24.jpg,192,192,665,613,569.0,517.0,761.0,709.0,192.0,192.0,192.0,>32,pinned_oblique,center,none,none,bg_001.jpg,315.0,1,0.7762097120285034,0.0,False,False,False,0.0,,False,,,0.0,0,1,1,0.5,5,
1536,images/s7_near_field_0192_25.jpg,fixed_core_test,SYNTHETIC_3D,ok,outputs/shuttle_capability/controlled_capability/images/s7_near_field_0192_25.jpg,192,192,665,613,569.0,517.0,761.0,709.0,192.0,192.0,192.0,>32,pinned_oblique,center,none,none,bg_001.jpg,315.0,2,0.7645192742347717,0.0,False,False,False,0.0,,False,,,0.0,0,2,1,0.5,5,
1537,images/s7_near_field_0192_26.jpg,fixed_core_test,SYNTHETIC_3D,ok,outputs/shuttle_capability/controlled_capability/images/s7_near_field_0192_26.jpg,192,192,665,613,569.0,517.0,761.0,709.0,192.0,192.0,192.0,>32,pinned_oblique,center,none,none,bg_001.jpg,315.0,1,0.7132264375686646,0.0,False,False,False,0.0,,False,,,0.0,0,1,1,0.5,5,
1538,images/s7_near_field_0192_27.jpg,fixed_core_test,SYNTHETIC_3D,ok,outputs/shuttle_capability/controlled_capability/images/s7_near_field_0192_27.jpg,192,192,665,613,569.0,517.0,761.0,709.0,192.0,192.0,192.0,>32,pinned_oblique,center,none,none,bg_001.jpg,315.0,2,0.5170048475265503,0.0,False,False,False,0.0,,False,,,0.0,0,2,1,0.5,5,
1539,images/s7_near_field_0192_28.jpg,fixed_core_test,SYNTHETIC_3D,ok,outputs/shuttle_capability/controlled_capability/images/s7_near_field_0192_28.jpg,192,192,665,613,569.0,517.0,761.0,709.0,192.0,192.0,192.0,>32,pinned_oblique,center,none,none,bg_001.jpg,315.0,4,0.7692638039588928,0.0,False,False,False,0.0,,False,,,0.0,0,4,1,0.5,5,
1540,images/s7_near_field_0192_29.jpg,fixed_core_test,SYNTHETIC_3D,ok,outputs/shuttle_capability/controlled_capability/images/s7_near_field_0192_29.jpg,192,192,665,613,569.0,517.0,761.0,709.0,192.0,192.0,192.0,>32,pinned_oblique,center,none,none,bg_001.jpg,315.0,1,0.850573718547821,0.0,False,False,False,0.0,,False,,,0.0,0,1,1,0.5,5,
1541,images/s7_near_field_0192_30.jpg,fixed_core_test,SYNTHETIC_3D,ok,outputs/shuttle_capability/controlled_capability/images/s7_near_field_0192_30.jpg,192,192,665,613,569.0,517.0,761.0,709.0,192.0,192.0,192.0,>32,pinned_oblique,center,none,none,bg_001.jpg,315.0,1,0.7853124737739563,0.0,False,False,False,0.0,,False,,,0.0,0,1,1,0.5,5,
1542,images/s7_near_field_0192_31.jpg,fixed_core_test,SYNTHETIC_3D,ok,outputs/shuttle_capability/controlled_capability/images/s7_near_field_0192_31.jpg,192,192,665,613,569.0,517.0,761.0,709.0,192.0,192.0,192.0,>32,pinned_oblique,center,none,none,bg_001.jpg,315.0,1,0.7738378643989563,0.0,False,False,False,0.0,,False,,,0.0,0,1,1,0.5,5,
1543,images/s7_near_field_0192_32.jpg,fixed_core_test,SYNTHETIC_3D,ok,outputs/shuttle_capability/controlled_capability/images/s7_near_field_0192_32.jpg,192,192,665,613,569.0,517.0,761.0,709.0,192.0,192.0,192.0,>32,pinned_oblique,center,none,none,bg_001.jpg,315.0,2,0.7259021997451782,0.0,False,False,False,0.0,,False,,,0.0,0,2,1,0.5,5,
1544,images/s7_near_field_0192_33.jpg,fixed_core_test,SYNTHETIC_3D,ok,outputs/shuttle_capability/controlled_capability/images/s7_near_field_0192_33.jpg,192,192,665,613,569.0,517.0,761.0,709.0,192.0,192.0,192.0,>32,pinned_oblique,center,none,none,bg_001.jpg,315.0,1,0.6099093556404114,0.0,False,False,False,0.0,,False,,,0.0,0,1,1,0.5,5,
1545,images/s7_near_field_0192_34.jpg,fixed_core_test,SYNTHETIC_3D,ok,outputs/shuttle_capability/controlled_capability/images/s7_near_field_0192_34.jpg,192,192,665,613,569.0,517.0,761.0,709.0,192.0,192.0,192.0,>32,pinned_oblique,center,none,none,bg_001.jpg,315.0,1,0.8352163434028625,0.0,False,False,False,0.0,,False,,,0.0,0,1,1,0.5,5,
1546,images/s7_near_field_0192_35.jpg,fixed_core_test,SYNTHETIC_3D,ok,outputs/shuttle_capability/controlled_capability/images/s7_near_field_0192_35.jpg,192,192,665,613,569.0,517.0,761.0,709.0,192.0,192.0,192.0,>32,pinned_oblique,center,none,none,bg_001.jpg,315.0,1,0.8123343586921692,0.0,False,False,False,0.0,,False,,,0.0,0,1,1,0.5,5,
1547,images/s7_near_field_0192_36.jpg,fixed_core_test,SYNTHETIC_3D,ok,outputs/shuttle_capability/controlled_capability/images/s7_near_field_0192_36.jpg,192,192,665,613,569.0,517.0,761.0,709.0,192.0,192.0,192.0,>32,pinned_oblique,center,none,none,bg_001.jpg,315.0,2,0.8477036952972412,0.0,False,False,False,0.0,,False,,,0.0,0,2,1,0.5,5,
1548,images/s7_near_field_0192_37.jpg,fixed_core_test,SYNTHETIC_3D,ok,outputs/shuttle_capability/controlled_capability/images/s7_near_field_0192_37.jpg,192,192,665,613,569.0,517.0,761.0,709.0,192.0,192.0,192.0,>32,pinned_oblique,center,none,none,bg_001.jpg,315.0,2,0.7028920650482178,0.0,False,False,False,0.0,,False,,,0.0,0,2,1,0.5,5,
1549,images/s7_near_field_0192_38.jpg,fixed_core_test,SYNTHETIC_3D,ok,outputs/shuttle_capability/controlled_capability/images/s7_near_field_0192_38.jpg,192,192,665,613,569.0,517.0,761.0,709.0,192.0,192.0,192.0,>32,pinned_oblique,center,none,none,bg_001.jpg,315.0,2,0.7210631370544434,0.0,False,False,False,0.0,,False,,,0.0,0,2,1,0.5,5,
1550,images/s7_near_field_0192_39.jpg,fixed_core_test,SYNTHETIC_3D,ok,outputs/shuttle_capability/controlled_capability/images/s7_near_field_0192_39.jpg,192,192,665,613,569.0,517.0,761.0,709.0,192.0,192.0,192.0,>32,pinned_oblique,center,none,none,bg_001.jpg,315.0,2,0.7259805798530579,0.0,False,False,False,0.0,,False,,,0.0,0,2,1,0.5,5,
1551,images/s7_near_field_0256_0.jpg,fixed_core_test,SYNTHETIC_3D,ok,outputs/shuttle_capability/controlled_capability/images/s7_near_field_0256_0.jpg,256,257,673,605,545.0,476.5,801.0,733.5,256.0,257.0,256.5,>32,pinned_oblique,center,none,none,bg_001.jpg,315.0,1,0.8565506339073181,0.0,False,False,False,0.0,,False,,,0.0,0,1,1,0.5,5,
1552,images/s7_near_field_0256_1.jpg,fixed_core_test,SYNTHETIC_3D,ok,outputs/shuttle_capability/controlled_capability/images/s7_near_field_0256_1.jpg,256,257,673,605,545.0,476.5,801.0,733.5,256.0,257.0,256.5,>32,pinned_oblique,center,none,none,bg_001.jpg,315.0,2,0.6920437216758728,0.0,False,False,False,0.0,,False,,,0.0,0,2,1,0.5,5,
1553,images/s7_near_field_0256_2.jpg,fixed_core_test,SYNTHETIC_3D,ok,outputs/shuttle_capability/controlled_capability/images/s7_near_field_0256_2.jpg,256,257,673,605,545.0,476.5,801.0,733.5,256.0,257.0,256.5,>32,pinned_oblique,center,none,none,bg_001.jpg,315.0,1,0.6601495146751404,0.0,False,False,False,0.0,,False,,,0.0,0,1,1,0.5,5,
1554,images/s7_near_field_0256_3.jpg,fixed_core_test,SYNTHETIC_3D,ok,outputs/shuttle_capability/controlled_capability/images/s7_near_field_0256_3.jpg,256,257,673,605,545.0,476.5,801.0,733.5,256.0,257.0,256.5,>32,pinned_oblique,center,none,none,bg_001.jpg,315.0,2,0.8533598780632019,0.0,False,False,False,0.0,,False,,,0.0,0,2,1,0.5,5,
1555,images/s7_near_field_0256_4.jpg,fixed_core_test,SYNTHETIC_3D,ok,outputs/shuttle_capability/controlled_capability/images/s7_near_field_0256_4.jpg,256,257,673,605,545.0,476.5,801.0,733.5,256.0,257.0,256.5,>32,pinned_oblique,center,none,none,bg_001.jpg,315.0,1,0.7667133808135986,0.0,False,False,False,0.0,,False,,,0.0,0,1,1,0.5,5,
1556,images/s7_near_field_0256_5.jpg,fixed_core_test,SYNTHETIC_3D,ok,outputs/shuttle_capability/controlled_capability/images/s7_near_field_0256_5.jpg,256,257,673,605,545.0,476.5,801.0,733.5,256.0,257.0,256.5,>32,pinned_oblique,center,none,none,bg_001.jpg,315.0,3,0.6620096564292908,0.0,False,False,False,0.0,,False,,,0.0,0,3,1,0.5,5,
1557,images/s7_near_field_0256_6.jpg,fixed_core_test,SYNTHETIC_3D,ok,outputs/shuttle_capability/controlled_capability/images/s7_near_field_0256_6.jpg,256,257,673,605,545.0,476.5,801.0,733.5,256.0,257.0,256.5,>32,pinned_oblique,center,none,none,bg_001.jpg,315.0,1,0.8079174757003784,0.0,False,False,False,0.0,,False,,,0.0,0,1,1,0.5,5,
1558,images/s7_near_field_0256_7.jpg,fixed_core_test,SYNTHETIC_3D,ok,outputs/shuttle_capability/controlled_capability/images/s7_near_field_0256_7.jpg,256,257,673,605,545.0,476.5,801.0,733.5,256.0,257.0,256.5,>32,pinned_oblique,center,none,none,bg_001.jpg,315.0,2,0.8283005356788635,0.0,False,False,False,0.0,,False,,,0.0,0,2,1,0.5,5,
1559,images/s7_near_field_0256_8.jpg,fixed_core_test,SYNTHETIC_3D,ok,outputs/shuttle_capability/controlled_capability/images/s7_near_field_0256_8.jpg,256,257,673,605,545.0,476.5,801.0,733.5,256.0,257.0,256.5,>32,pinned_oblique,center,none,none,bg_001.jpg,315.0,2,0.8447850346565247,0.0,False,False,False,0.0,,False,,,0.0,0,2,1,0.5,5,
1560,images/s7_near_field_0256_9.jpg,fixed_core_test,SYNTHETIC_3D,ok,outputs/shuttle_capability/controlled_capability/images/s7_near_field_0256_9.jpg,256,257,673,605,545.0,476.5,801.0,733.5,256.0,257.0,256.5,>32,pinned_oblique,center,none,none,bg_001.jpg,315.0,2,0.7474420666694641,0.0,False,False,False,0.0,,False,,,0.0,0,2,1,0.5,5,
1561,images/s7_near_field_0256_10.jpg,fixed_core_test,SYNTHETIC_3D,ok,outputs/shuttle_capability/controlled_capability/images/s7_near_field_0256_10.jpg,256,257,673,605,545.0,476.5,801.0,733.5,256.0,257.0,256.5,>32,pinned_oblique,center,none,none,bg_001.jpg,315.0,1,0.8272636532783508,0.0,False,False,False,0.0,,False,,,0.0,0,1,1,0.5,5,
1562,images/s7_near_field_0256_11.jpg,fixed_core_test,SYNTHETIC_3D,ok,outputs/shuttle_capability/controlled_capability/images/s7_near_field_0256_11.jpg,256,257,673,605,545.0,476.5,801.0,733.5,256.0,257.0,256.5,>32,pinned_oblique,center,none,none,bg_001.jpg,315.0,1,0.8550248742103577,0.0,False,False,False,0.0,,False,,,0.0,0,1,1,0.5,5,
1563,images/s7_near_field_0256_12.jpg,fixed_core_test,SYNTHETIC_3D,ok,outputs/shuttle_capability/controlled_capability/images/s7_near_field_0256_12.jpg,256,257,673,605,545.0,476.5,801.0,733.5,256.0,257.0,256.5,>32,pinned_oblique,center,none,none,bg_001.jpg,315.0,2,0.8539676666259766,0.0,False,False,False,0.0,,False,,,0.0,0,2,1,0.5,5,
1564,images/s7_near_field_0256_13.jpg,fixed_core_test,SYNTHETIC_3D,ok,outputs/shuttle_capability/controlled_capability/images/s7_near_field_0256_13.jpg,256,257,673,605,545.0,476.5,801.0,733.5,256.0,257.0,256.5,>32,pinned_oblique,center,none,none,bg_001.jpg,315.0,2,0.7374128699302673,0.0,False,False,False,0.0,,False,,,0.0,0,2,1,0.5,5,
1565,images/s7_near_field_0256_14.jpg,fixed_core_test,SYNTHETIC_3D,ok,outputs/shuttle_capability/controlled_capability/images/s7_near_field_0256_14.jpg,256,257,673,605,545.0,476.5,801.0,733.5,256.0,257.0,256.5,>32,pinned_oblique,center,none,none,bg_001.jpg,315.0,2,0.8340633511543274,0.0,False,False,False,0.0,,False,,,0.0,0,2,1,0.5,5,
1566,images/s7_near_field_0256_15.jpg,fixed_core_test,SYNTHETIC_3D,ok,outputs/shuttle_capability/controlled_capability/images/s7_near_field_0256_15.jpg,256,257,673,605,545.0,476.5,801.0,733.5,256.0,257.0,256.5,>32,pinned_oblique,center,none,none,bg_001.jpg,315.0,2,0.4920823276042938,0.0,False,False,False,0.0,,False,,,0.0,0,2,1,0.5,5,
1567,images/s7_near_field_0256_16.jpg,fixed_core_test,SYNTHETIC_3D,ok,outputs/shuttle_capability/controlled_capability/images/s7_near_field_0256_16.jpg,256,257,673,605,545.0,476.5,801.0,733.5,256.0,257.0,256.5,>32,pinned_oblique,center,none,none,bg_001.jpg,315.0,2,0.6845769286155701,0.0,False,False,False,0.0,,False,,,0.0,0,2,1,0.5,5,
1568,images/s7_near_field_0256_17.jpg,fixed_core_test,SYNTHETIC_3D,ok,outputs/shuttle_capability/controlled_capability/images/s7_near_field_0256_17.jpg,256,257,673,605,545.0,476.5,801.0,733.5,256.0,257.0,256.5,>32,pinned_oblique,center,none,none,bg_001.jpg,315.0,1,0.7229635119438171,0.0,False,False,False,0.0,,False,,,0.0,0,1,1,0.5,5,
1569,images/s7_near_field_0256_18.jpg,fixed_core_test,SYNTHETIC_3D,ok,outputs/shuttle_capability/controlled_capability/images/s7_near_field_0256_18.jpg,256,257,673,605,545.0,476.5,801.0,733.5,256.0,257.0,256.5,>32,pinned_oblique,center,none,none,bg_001.jpg,315.0,2,0.6737375855445862,0.0,False,False,False,0.0,,False,,,0.0,0,2,1,0.5,5,
1570,images/s7_near_field_0256_19.jpg,fixed_core_test,SYNTHETIC_3D,ok,outputs/shuttle_capability/controlled_capability/images/s7_near_field_0256_19.jpg,256,257,673,605,545.0,476.5,801.0,733.5,256.0,257.0,256.5,>32,pinned_oblique,center,none,none,bg_001.jpg,315.0,1,0.8201957941055298,0.0,False,False,False,0.0,,False,,,0.0,0,1,1,0.5,5,
1571,images/s7_near_field_0256_20.jpg,fixed_core_test,SYNTHETIC_3D,ok,outputs/shuttle_capability/controlled_capability/images/s7_near_field_0256_20.jpg,256,257,673,605,545.0,476.5,801.0,733.5,256.0,257.0,256.5,>32,pinned_oblique,center,none,none,bg_001.jpg,315.0,1,0.8483059406280518,0.0,False,False,False,0.0,,False,,,0.0,0,1,1,0.5,5,
1572,images/s7_near_field_0256_21.jpg,fixed_core_test,SYNTHETIC_3D,ok,outputs/shuttle_capability/controlled_capability/images/s7_near_field_0256_21.jpg,256,257,673,605,545.0,476.5,801.0,733.5,256.0,257.0,256.5,>32,pinned_oblique,center,none,none,bg_001.jpg,315.0,3,0.6407557129859924,0.0,False,False,False,0.0,,False,,,0.0,0,3,1,0.5,5,
1573,images/s7_near_field_0256_22.jpg,fixed_core_test,SYNTHETIC_3D,ok,outputs/shuttle_capability/controlled_capability/images/s7_near_field_0256_22.jpg,256,257,673,605,545.0,476.5,801.0,733.5,256.0,257.0,256.5,>32,pinned_oblique,center,none,none,bg_001.jpg,315.0,2,0.6928864121437073,0.0,False,False,False,0.0,,False,,,0.0,0,2,1,0.5,5,
1574,images/s7_near_field_0256_23.jpg,fixed_core_test,SYNTHETIC_3D,ok,outputs/shuttle_capability/controlled_capability/images/s7_near_field_0256_23.jpg,256,257,673,605,545.0,476.5,801.0,733.5,256.0,257.0,256.5,>32,pinned_oblique,center,none,none,bg_001.jpg,315.0,1,0.8482449054718018,0.0,False,False,False,0.0,,False,,,0.0,0,1,1,0.5,5,
1575,images/s7_near_field_0256_24.jpg,fixed_core_test,SYNTHETIC_3D,ok,outputs/shuttle_capability/controlled_capability/images/s7_near_field_0256_24.jpg,256,257,673,605,545.0,476.5,801.0,733.5,256.0,257.0,256.5,>32,pinned_oblique,center,none,none,bg_001.jpg,315.0,1,0.7902312278747559,0.0,False,False,False,0.0,,False,,,0.0,0,1,1,0.5,5,
1576,images/s7_near_field_0256_25.jpg,fixed_core_test,SYNTHETIC_3D,ok,outputs/shuttle_capability/controlled_capability/images/s7_near_field_0256_25.jpg,256,257,673,605,545.0,476.5,801.0,733.5,256.0,257.0,256.5,>32,pinned_oblique,center,none,none,bg_001.jpg,315.0,2,0.7540239095687866,0.0,False,False,False,0.0,,False,,,0.0,0,2,1,0.5,5,
1577,images/s7_near_field_0256_26.jpg,fixed_core_test,SYNTHETIC_3D,ok,outputs/shuttle_capability/controlled_capability/images/s7_near_field_0256_26.jpg,256,257,673,605,545.0,476.5,801.0,733.5,256.0,257.0,256.5,>32,pinned_oblique,center,none,none,bg_001.jpg,315.0,1,0.6591488718986511,0.0,False,False,False,0.0,,False,,,0.0,0,1,1,0.5,5,
1578,images/s7_near_field_0256_27.jpg,fixed_core_test,SYNTHETIC_3D,ok,outputs/shuttle_capability/controlled_capability/images/s7_near_field_0256_27.jpg,256,257,673,605,545.0,476.5,801.0,733.5,256.0,257.0,256.5,>32,pinned_oblique,center,none,none,bg_001.jpg,315.0,3,0.4333565831184387,0.0,False,False,False,0.0,,False,,,0.0,0,3,1,0.5,5,
1579,images/s7_near_field_0256_28.jpg,fixed_core_test,SYNTHETIC_3D,ok,outputs/shuttle_capability/controlled_capability/images/s7_near_field_0256_28.jpg,256,257,673,605,545.0,476.5,801.0,733.5,256.0,257.0,256.5,>32,pinned_oblique,center,none,none,bg_001.jpg,315.0,2,0.7712043523788452,0.0,False,False,False,0.0,,False,,,0.0,0,2,1,0.5,5,
1580,images/s7_near_field_0256_29.jpg,fixed_core_test,SYNTHETIC_3D,ok,outputs/shuttle_capability/controlled_capability/images/s7_near_field_0256_29.jpg,256,257,673,605,545.0,476.5,801.0,733.5,256.0,257.0,256.5,>32,pinned_oblique,center,none,none,bg_001.jpg,315.0,1,0.8404488563537598,0.0,False,False,False,0.0,,False,,,0.0,0,1,1,0.5,5,
1581,images/s7_near_field_0256_30.jpg,fixed_core_test,SYNTHETIC_3D,ok,outputs/shuttle_capability/controlled_capability/images/s7_near_field_0256_30.jpg,256,257,673,605,545.0,476.5,801.0,733.5,256.0,257.0,256.5,>32,pinned_oblique,center,none,none,bg_001.jpg,315.0,1,0.782392144203186,0.0,False,False,False,0.0,,False,,,0.0,0,1,1,0.5,5,
1582,images/s7_near_field_0256_31.jpg,fixed_core_test,SYNTHETIC_3D,ok,outputs/shuttle_capability/controlled_capability/images/s7_near_field_0256_31.jpg,256,257,673,605,545.0,476.5,801.0,733.5,256.0,257.0,256.5,>32,pinned_oblique,center,none,none,bg_001.jpg,315.0,4,0.7571510076522827,0.0,False,False,False,0.0,,False,,,0.0,0,4,1,0.5,5,
1583,images/s7_near_field_0256_32.jpg,fixed_core_test,SYNTHETIC_3D,ok,outputs/shuttle_capability/controlled_capability/images/s7_near_field_0256_32.jpg,256,257,673,605,545.0,476.5,801.0,733.5,256.0,257.0,256.5,>32,pinned_oblique,center,none,none,bg_001.jpg,315.0,1,0.7196028828620911,0.0,False,False,False,0.0,,False,,,0.0,0,1,1,0.5,5,
1584,images/s7_near_field_0256_33.jpg,fixed_core_test,SYNTHETIC_3D,ok,outputs/shuttle_capability/controlled_capability/images/s7_near_field_0256_33.jpg,256,257,673,605,545.0,476.5,801.0,733.5,256.0,257.0,256.5,>32,pinned_oblique,center,none,none,bg_001.jpg,315.0,1,0.6129435896873474,0.0,False,False,False,0.0,,False,,,0.0,0,1,1,0.5,5,
1585,images/s7_near_field_0256_34.jpg,fixed_core_test,SYNTHETIC_3D,ok,outputs/shuttle_capability/controlled_capability/images/s7_near_field_0256_34.jpg,256,257,673,605,545.0,476.5,801.0,733.5,256.0,257.0,256.5,>32,pinned_oblique,center,none,none,bg_001.jpg,315.0,1,0.8219553232192993,0.0,False,False,False,0.0,,False,,,0.0,0,1,1,0.5,5,
1586,images/s7_near_field_0256_35.jpg,fixed_core_test,SYNTHETIC_3D,ok,outputs/shuttle_capability/controlled_capability/images/s7_near_field_0256_35.jpg,256,257,673,605,545.0,476.5,801.0,733.5,256.0,257.0,256.5,>32,pinned_oblique,center,none,none,bg_001.jpg,315.0,2,0.8280332684516907,0.0,False,False,False,0.0,,False,,,0.0,0,2,1,0.5,5,
1587,images/s7_near_field_0256_36.jpg,fixed_core_test,SYNTHETIC_3D,ok,outputs/shuttle_capability/controlled_capability/images/s7_near_field_0256_36.jpg,256,257,673,605,545.0,476.5,801.0,733.5,256.0,257.0,256.5,>32,pinned_oblique,center,none,none,bg_001.jpg,315.0,1,0.848978579044342,0.0,False,False,False,0.0,,False,,,0.0,0,1,1,0.5,5,
1588,images/s7_near_field_0256_37.jpg,fixed_core_test,SYNTHETIC_3D,ok,outputs/shuttle_capability/controlled_capability/images/s7_near_field_0256_37.jpg,256,257,673,605,545.0,476.5,801.0,733.5,256.0,257.0,256.5,>32,pinned_oblique,center,none,none,bg_001.jpg,315.0,1,0.6461470723152161,0.0,False,False,False,0.0,,False,,,0.0,0,1,1,0.5,5,
1589,images/s7_near_field_0256_38.jpg,fixed_core_test,SYNTHETIC_3D,ok,outputs/shuttle_capability/controlled_capability/images/s7_near_field_0256_38.jpg,256,257,673,605,545.0,476.5,801.0,733.5,256.0,257.0,256.5,>32,pinned_oblique,center,none,none,bg_001.jpg,315.0,2,0.7180209159851074,0.0,False,False,False,0.0,,False,,,0.0,0,2,1,0.5,5,
1590,images/s7_near_field_0256_39.jpg,fixed_core_test,SYNTHETIC_3D,ok,outputs/shuttle_capability/controlled_capability/images/s7_near_field_0256_39.jpg,256,257,673,605,545.0,476.5,801.0,733.5,256.0,257.0,256.5,>32,pinned_oblique,center,none,none,bg_001.jpg,315.0,1,0.7352474927902222,0.0,False,False,False,0.0,,False,,,0.0,0,1,1,0.5,5,
1591,images/s7_near_field_0384_0.jpg,fixed_core_test,SYNTHETIC_3D,ok,outputs/shuttle_capability/controlled_capability/images/s7_near_field_0384_0.jpg,383,384,690,588,498.5,396.0,881.5,780.0,383.0,384.0,383.5,>32,pinned_oblique,center,none,none,bg_001.jpg,315.0,2,0.8600373268127441,0.0,False,False,False,0.0,,False,,,0.0,0,2,1,0.5,5,
1592,images/s7_near_field_0384_1.jpg,fixed_core_test,SYNTHETIC_3D,ok,outputs/shuttle_capability/controlled_capability/images/s7_near_field_0384_1.jpg,383,384,690,588,498.5,396.0,881.5,780.0,383.0,384.0,383.5,>32,pinned_oblique,center,none,none,bg_001.jpg,315.0,2,0.6974033117294312,0.0,False,False,False,0.0,,False,,,0.0,0,2,1,0.5,5,
1593,images/s7_near_field_0384_2.jpg,fixed_core_test,SYNTHETIC_3D,ok,outputs/shuttle_capability/controlled_capability/images/s7_near_field_0384_2.jpg,383,384,690,588,498.5,396.0,881.5,780.0,383.0,384.0,383.5,>32,pinned_oblique,center,none,none,bg_001.jpg,315.0,1,0.688260555267334,0.0,False,False,False,0.0,,False,,,0.0,0,1,1,0.5,5,
1594,images/s7_near_field_0384_3.jpg,fixed_core_test,SYNTHETIC_3D,ok,outputs/shuttle_capability/controlled_capability/images/s7_near_field_0384_3.jpg,383,384,690,588,498.5,396.0,881.5,780.0,383.0,384.0,383.5,>32,pinned_oblique,center,none,none,bg_001.jpg,315.0,2,0.8499037623405457,0.0,False,False,False,0.0,,False,,,0.0,0,2,1,0.5,5,
1595,images/s7_near_field_0384_4.jpg,fixed_core_test,SYNTHETIC_3D,ok,outputs/shuttle_capability/controlled_capability/images/s7_near_field_0384_4.jpg,383,384,690,588,498.5,396.0,881.5,780.0,383.0,384.0,383.5,>32,pinned_oblique,center,none,none,bg_001.jpg,315.0,1,0.7713366150856018,0.0,False,False,False,0.0,,False,,,0.0,0,1,1,0.5,5,
1596,images/s7_near_field_0384_5.jpg,fixed_core_test,SYNTHETIC_3D,ok,outputs/shuttle_capability/controlled_capability/images/s7_near_field_0384_5.jpg,383,384,690,588,498.5,396.0,881.5,780.0,383.0,384.0,383.5,>32,pinned_oblique,center,none,none,bg_001.jpg,315.0,2,0.6279259920120239,0.0,False,False,False,0.0,,False,,,0.0,0,2,1,0.5,5,
1597,images/s7_near_field_0384_6.jpg,fixed_core_test,SYNTHETIC_3D,ok,outputs/shuttle_capability/controlled_capability/images/s7_near_field_0384_6.jpg,383,384,690,588,498.5,396.0,881.5,780.0,383.0,384.0,383.5,>32,pinned_oblique,center,none,none,bg_001.jpg,315.0,2,0.8306020498275757,0.0,False,False,False,0.0,,False,,,0.0,0,2,1,0.5,5,
1598,images/s7_near_field_0384_7.jpg,fixed_core_test,SYNTHETIC_3D,ok,outputs/shuttle_capability/controlled_capability/images/s7_near_field_0384_7.jpg,383,384,690,588,498.5,396.0,881.5,780.0,383.0,384.0,383.5,>32,pinned_oblique,center,none,none,bg_001.jpg,315.0,2,0.8286762833595276,0.0,False,False,False,0.0,,False,,,0.0,0,2,1,0.5,5,
1599,images/s7_near_field_0384_8.jpg,fixed_core_test,SYNTHETIC_3D,ok,outputs/shuttle_capability/controlled_capability/images/s7_near_field_0384_8.jpg,383,384,690,588,498.5,396.0,881.5,780.0,383.0,384.0,383.5,>32,pinned_oblique,center,none,none,bg_001.jpg,315.0,2,0.8445461392402649,0.0,False,False,False,0.0,,False,,,0.0,0,2,1,0.5,5,
1600,images/s7_near_field_0384_9.jpg,fixed_core_test,SYNTHETIC_3D,ok,outputs/shuttle_capability/controlled_capability/images/s7_near_field_0384_9.jpg,383,384,690,588,498.5,396.0,881.5,780.0,383.0,384.0,383.5,>32,pinned_oblique,center,none,none,bg_001.jpg,315.0,2,0.7452671527862549,0.0,False,False,False,0.0,,False,,,0.0,0,2,1,0.5,5,
1601,images/s7_near_field_0384_10.jpg,fixed_core_test,SYNTHETIC_3D,ok,outputs/shuttle_capability/controlled_capability/images/s7_near_field_0384_10.jpg,383,384,690,588,498.5,396.0,881.5,780.0,383.0,384.0,383.5,>32,pinned_oblique,center,none,none,bg_001.jpg,315.0,1,0.8189717531204224,0.0,False,False,False,0.0,,False,,,0.0,0,1,1,0.5,5,
1602,images/s7_near_field_0384_11.jpg,fixed_core_test,SYNTHETIC_3D,ok,outputs/shuttle_capability/controlled_capability/images/s7_near_field_0384_11.jpg,383,384,690,588,498.5,396.0,881.5,780.0,383.0,384.0,383.5,>32,pinned_oblique,center,none,none,bg_001.jpg,315.0,4,0.8582873344421387,0.0,False,False,False,0.0,,False,,,0.0,0,4,1,0.5,5,
1603,images/s7_near_field_0384_12.jpg,fixed_core_test,SYNTHETIC_3D,ok,outputs/shuttle_capability/controlled_capability/images/s7_near_field_0384_12.jpg,383,384,690,588,498.5,396.0,881.5,780.0,383.0,384.0,383.5,>32,pinned_oblique,center,none,none,bg_001.jpg,315.0,2,0.856888473033905,0.0,False,False,False,0.0,,False,,,0.0,0,2,1,0.5,5,
1604,images/s7_near_field_0384_13.jpg,fixed_core_test,SYNTHETIC_3D,ok,outputs/shuttle_capability/controlled_capability/images/s7_near_field_0384_13.jpg,383,384,690,588,498.5,396.0,881.5,780.0,383.0,384.0,383.5,>32,pinned_oblique,center,none,none,bg_001.jpg,315.0,3,0.7424067854881287,0.0,False,False,False,0.0,,False,,,0.0,0,3,1,0.5,5,
1605,images/s7_near_field_0384_14.jpg,fixed_core_test,SYNTHETIC_3D,ok,outputs/shuttle_capability/controlled_capability/images/s7_near_field_0384_14.jpg,383,384,690,588,498.5,396.0,881.5,780.0,383.0,384.0,383.5,>32,pinned_oblique,center,none,none,bg_001.jpg,315.0,2,0.8036980628967285,0.0,False,False,False,0.0,,False,,,0.0,0,2,1,0.5,5,
1606,images/s7_near_field_0384_15.jpg,fixed_core_test,SYNTHETIC_3D,ok,outputs/shuttle_capability/controlled_capability/images/s7_near_field_0384_15.jpg,383,384,690,588,498.5,396.0,881.5,780.0,383.0,384.0,383.5,>32,pinned_oblique,center,none,none,bg_001.jpg,315.0,2,0.6463011503219604,0.0,False,False,False,0.0,,False,,,0.0,0,2,1,0.5,5,
1607,images/s7_near_field_0384_16.jpg,fixed_core_test,SYNTHETIC_3D,ok,outputs/shuttle_capability/controlled_capability/images/s7_near_field_0384_16.jpg,383,384,690,588,498.5,396.0,881.5,780.0,383.0,384.0,383.5,>32,pinned_oblique,center,none,none,bg_001.jpg,315.0,2,0.7257983684539795,0.0,False,False,False,0.0,,False,,,0.0,0,2,1,0.5,5,
1608,images/s7_near_field_0384_17.jpg,fixed_core_test,SYNTHETIC_3D,ok,outputs/shuttle_capability/controlled_capability/images/s7_near_field_0384_17.jpg,383,384,690,588,498.5,396.0,881.5,780.0,383.0,384.0,383.5,>32,pinned_oblique,center,none,none,bg_001.jpg,315.0,1,0.6747344136238098,0.0,False,False,False,0.0,,False,,,0.0,0,1,1,0.5,5,
1609,images/s7_near_field_0384_18.jpg,fixed_core_test,SYNTHETIC_3D,ok,outputs/shuttle_capability/controlled_capability/images/s7_near_field_0384_18.jpg,383,384,690,588,498.5,396.0,881.5,780.0,383.0,384.0,383.5,>32,pinned_oblique,center,none,none,bg_001.jpg,315.0,1,0.6907612085342407,0.0,False,False,False,0.0,,False,,,0.0,0,1,1,0.5,5,
1610,images/s7_near_field_0384_19.jpg,fixed_core_test,SYNTHETIC_3D,ok,outputs/shuttle_capability/controlled_capability/images/s7_near_field_0384_19.jpg,383,384,690,588,498.5,396.0,881.5,780.0,383.0,384.0,383.5,>32,pinned_oblique,center,none,none,bg_001.jpg,315.0,3,0.8193120956420898,0.0,False,False,False,0.0,,False,,,0.0,0,3,1,0.5,5,
1611,images/s7_near_field_0384_20.jpg,fixed_core_test,SYNTHETIC_3D,ok,outputs/shuttle_capability/controlled_capability/images/s7_near_field_0384_20.jpg,383,384,690,588,498.5,396.0,881.5,780.0,383.0,384.0,383.5,>32,pinned_oblique,center,none,none,bg_001.jpg,315.0,1,0.8313458561897278,0.0,False,False,False,0.0,,False,,,0.0,0,1,1,0.5,5,
1612,images/s7_near_field_0384_21.jpg,fixed_core_test,SYNTHETIC_3D,ok,outputs/shuttle_capability/controlled_capability/images/s7_near_field_0384_21.jpg,383,384,690,588,498.5,396.0,881.5,780.0,383.0,384.0,383.5,>32,pinned_oblique,center,none,none,bg_001.jpg,315.0,4,0.6071271896362305,0.0,False,False,False,0.0012470786734824566,,False,,,0.0012470786734824566,0,4,1,0.5,5,
1613,images/s7_near_field_0384_22.jpg,fixed_core_test,SYNTHETIC_3D,ok,outputs/shuttle_capability/controlled_capability/images/s7_near_field_0384_22.jpg,383,384,690,588,498.5,396.0,881.5,780.0,383.0,384.0,383.5,>32,pinned_oblique,center,none,none,bg_001.jpg,315.0,2,0.6790263652801514,0.0,False,False,False,0.0,,False,,,0.0,0,2,1,0.5,5,
1614,images/s7_near_field_0384_23.jpg,fixed_core_test,SYNTHETIC_3D,ok,outputs/shuttle_capability/controlled_capability/images/s7_near_field_0384_23.jpg,383,384,690,588,498.5,396.0,881.5,780.0,383.0,384.0,383.5,>32,pinned_oblique,center,none,none,bg_001.jpg,315.0,1,0.8322346210479736,0.0,False,False,False,0.0,,False,,,0.0,0,1,1,0.5,5,
1615,images/s7_near_field_0384_24.jpg,fixed_core_test,SYNTHETIC_3D,ok,outputs/shuttle_capability/controlled_capability/images/s7_near_field_0384_24.jpg,383,384,690,588,498.5,396.0,881.5,780.0,383.0,384.0,383.5,>32,pinned_oblique,center,none,none,bg_001.jpg,315.0,3,0.7770379781723022,0.0,False,False,False,0.0,,False,,,0.0,0,3,1,0.5,5,
1616,images/s7_near_field_0384_25.jpg,fixed_core_test,SYNTHETIC_3D,ok,outputs/shuttle_capability/controlled_capability/images/s7_near_field_0384_25.jpg,383,384,690,588,498.5,396.0,881.5,780.0,383.0,384.0,383.5,>32,pinned_oblique,center,none,none,bg_001.jpg,315.0,1,0.7510533928871155,0.0,False,False,False,0.0,,False,,,0.0,0,1,1,0.5,5,
1617,images/s7_near_field_0384_26.jpg,fixed_core_test,SYNTHETIC_3D,ok,outputs/shuttle_capability/controlled_capability/images/s7_near_field_0384_26.jpg,383,384,690,588,498.5,396.0,881.5,780.0,383.0,384.0,383.5,>32,pinned_oblique,center,none,none,bg_001.jpg,315.0,1,0.6949598789215088,0.0,False,False,False,0.0,,False,,,0.0,0,1,1,0.5,5,
1618,images/s7_near_field_0384_27.jpg,fixed_core_test,SYNTHETIC_3D,ok,outputs/shuttle_capability/controlled_capability/images/s7_near_field_0384_27.jpg,383,384,690,588,498.5,396.0,881.5,780.0,383.0,384.0,383.5,>32,pinned_oblique,center,none,none,bg_001.jpg,315.0,2,0.5386654138565063,0.0,False,False,False,0.0,,False,,,0.0,0,2,1,0.5,5,
1619,images/s7_near_field_0384_28.jpg,fixed_core_test,SYNTHETIC_3D,ok,outputs/shuttle_capability/controlled_capability/images/s7_near_field_0384_28.jpg,383,384,690,588,498.5,396.0,881.5,780.0,383.0,384.0,383.5,>32,pinned_oblique,center,none,none,bg_001.jpg,315.0,3,0.7590178847312927,0.0,False,False,False,0.0,,False,,,0.0,0,3,1,0.5,5,
1620,images/s7_near_field_0384_29.jpg,fixed_core_test,SYNTHETIC_3D,ok,outputs/shuttle_capability/controlled_capability/images/s7_near_field_0384_29.jpg,383,384,690,588,498.5,396.0,881.5,780.0,383.0,384.0,383.5,>32,pinned_oblique,center,none,none,bg_001.jpg,315.0,1,0.8530890345573425,0.0,False,False,False,0.0,,False,,,0.0,0,1,1,0.5,5,
1621,images/s7_near_field_0384_30.jpg,fixed_core_test,SYNTHETIC_3D,ok,outputs/shuttle_capability/controlled_capability/images/s7_near_field_0384_30.jpg,383,384,690,588,498.5,396.0,881.5,780.0,383.0,384.0,383.5,>32,pinned_oblique,center,none,none,bg_001.jpg,315.0,2,0.7576049566268921,0.0,False,False,False,0.0,,False,,,0.0,0,2,1,0.5,5,
1622,images/s7_near_field_0384_31.jpg,fixed_core_test,SYNTHETIC_3D,ok,outputs/shuttle_capability/controlled_capability/images/s7_near_field_0384_31.jpg,383,384,690,588,498.5,396.0,881.5,780.0,383.0,384.0,383.5,>32,pinned_oblique,center,none,none,bg_001.jpg,315.0,2,0.7564217448234558,0.0,False,False,False,0.0,,False,,,0.0,0,2,1,0.5,5,
1623,images/s7_near_field_0384_32.jpg,fixed_core_test,SYNTHETIC_3D,ok,outputs/shuttle_capability/controlled_capability/images/s7_near_field_0384_32.jpg,383,384,690,588,498.5,396.0,881.5,780.0,383.0,384.0,383.5,>32,pinned_oblique,center,none,none,bg_001.jpg,315.0,2,0.7027548551559448,0.0,False,False,False,0.0,,False,,,0.0,0,2,1,0.5,5,
1624,images/s7_near_field_0384_33.jpg,fixed_core_test,SYNTHETIC_3D,ok,outputs/shuttle_capability/controlled_capability/images/s7_near_field_0384_33.jpg,383,384,690,588,498.5,396.0,881.5,780.0,383.0,384.0,383.5,>32,pinned_oblique,center,none,none,bg_001.jpg,315.0,1,0.6242885589599609,0.0,False,False,False,0.0,,False,,,0.0,0,1,1,0.5,5,
1625,images/s7_near_field_0384_34.jpg,fixed_core_test,SYNTHETIC_3D,ok,outputs/shuttle_capability/controlled_capability/images/s7_near_field_0384_34.jpg,383,384,690,588,498.5,396.0,881.5,780.0,383.0,384.0,383.5,>32,pinned_oblique,center,none,none,bg_001.jpg,315.0,1,0.8204424381256104,0.0,False,False,False,0.0,,False,,,0.0,0,1,1,0.5,5,
1626,images/s7_near_field_0384_35.jpg,fixed_core_test,SYNTHETIC_3D,ok,outputs/shuttle_capability/controlled_capability/images/s7_near_field_0384_35.jpg,383,384,690,588,498.5,396.0,881.5,780.0,383.0,384.0,383.5,>32,pinned_oblique,center,none,none,bg_001.jpg,315.0,1,0.8199381232261658,0.0,False,False,False,0.0,,False,,,0.0,0,1,1,0.5,5,
1627,images/s7_near_field_0384_36.jpg,fixed_core_test,SYNTHETIC_3D,ok,outputs/shuttle_capability/controlled_capability/images/s7_near_field_0384_36.jpg,383,384,690,588,498.5,396.0,881.5,780.0,383.0,384.0,383.5,>32,pinned_oblique,center,none,none,bg_001.jpg,315.0,2,0.8410977125167847,0.0,False,False,False,0.0,,False,,,0.0,0,2,1,0.5,5,
1628,images/s7_near_field_0384_37.jpg,fixed_core_test,SYNTHETIC_3D,ok,outputs/shuttle_capability/controlled_capability/images/s7_near_field_0384_37.jpg,383,384,690,588,498.5,396.0,881.5,780.0,383.0,384.0,383.5,>32,pinned_oblique,center,none,none,bg_001.jpg,315.0,1,0.6864246726036072,0.0,False,False,False,0.0,,False,,,0.0,0,1,1,0.5,5,
1629,images/s7_near_field_0384_38.jpg,fixed_core_test,SYNTHETIC_3D,ok,outputs/shuttle_capability/controlled_capability/images/s7_near_field_0384_38.jpg,383,384,690,588,498.5,396.0,881.5,780.0,383.0,384.0,383.5,>32,pinned_oblique,center,none,none,bg_001.jpg,315.0,2,0.7448815107345581,0.0,False,False,False,0.0,,False,,,0.0,0,2,1,0.5,5,
1630,images/s7_near_field_0384_39.jpg,fixed_core_test,SYNTHETIC_3D,ok,outputs/shuttle_capability/controlled_capability/images/s7_near_field_0384_39.jpg,383,384,690,588,498.5,396.0,881.5,780.0,383.0,384.0,383.5,>32,pinned_oblique,center,none,none,bg_001.jpg,315.0,1,0.7572769522666931,0.0,False,False,False,0.0,,False,,,0.0,0,1,1,0.5,5,
1631,images/s7_near_field_0512_0.jpg,fixed_core_test,SYNTHETIC_3D,ok,outputs/shuttle_capability/controlled_capability/images/s7_near_field_0512_0.jpg,512,513,706,572,450.0,315.5,962.0,828.5,512.0,513.0,512.5,>32,pinned_oblique,center,none,none,bg_001.jpg,315.0,1,0.8555079698562622,0.0,False,False,False,0.0,,False,,,0.0,0,1,1,0.5,5,
1632,images/s7_near_field_0512_1.jpg,fixed_core_test,SYNTHETIC_3D,ok,outputs/shuttle_capability/controlled_capability/images/s7_near_field_0512_1.jpg,512,513,706,572,450.0,315.5,962.0,828.5,512.0,513.0,512.5,>32,pinned_oblique,center,none,none,bg_001.jpg,315.0,3,0.7266071438789368,0.0,False,False,False,0.0,,False,,,0.0,0,3,1,0.5,5,
1633,images/s7_near_field_0512_2.jpg,fixed_core_test,SYNTHETIC_3D,ok,outputs/shuttle_capability/controlled_capability/images/s7_near_field_0512_2.jpg,512,513,706,572,450.0,315.5,962.0,828.5,512.0,513.0,512.5,>32,pinned_oblique,center,none,none,bg_001.jpg,315.0,1,0.6709189414978027,0.0,False,False,False,0.0,,False,,,0.0,0,1,1,0.5,5,
1634,images/s7_near_field_0512_3.jpg,fixed_core_test,SYNTHETIC_3D,ok,outputs/shuttle_capability/controlled_capability/images/s7_near_field_0512_3.jpg,512,513,706,572,450.0,315.5,962.0,828.5,512.0,513.0,512.5,>32,pinned_oblique,center,none,none,bg_001.jpg,315.0,2,0.8479950428009033,0.0,False,False,False,0.0,,False,,,0.0,0,2,1,0.5,5,
1635,images/s7_near_field_0512_4.jpg,fixed_core_test,SYNTHETIC_3D,ok,outputs/shuttle_capability/controlled_capability/images/s7_near_field_0512_4.jpg,512,513,706,572,450.0,315.5,962.0,828.5,512.0,513.0,512.5,>32,pinned_oblique,center,none,none,bg_001.jpg,315.0,2,0.7206613421440125,0.0,False,False,False,0.00017360697380588416,,False,,,0.00017360697380588416,0,2,1,0.5,5,
1636,images/s7_near_field_0512_5.jpg,fixed_core_test,SYNTHETIC_3D,ok,outputs/shuttle_capability/controlled_capability/images/s7_near_field_0512_5.jpg,512,513,706,572,450.0,315.5,962.0,828.5,512.0,513.0,512.5,>32,pinned_oblique,center,none,none,bg_001.jpg,315.0,3,0.6813402771949768,0.0,False,False,False,0.0,,False,,,0.0,0,3,1,0.5,5,
1637,images/s7_near_field_0512_6.jpg,fixed_core_test,SYNTHETIC_3D,ok,outputs/shuttle_capability/controlled_capability/images/s7_near_field_0512_6.jpg,512,513,706,572,450.0,315.5,962.0,828.5,512.0,513.0,512.5,>32,pinned_oblique,center,none,none,bg_001.jpg,315.0,1,0.8180416226387024,0.0,False,False,False,0.0,,False,,,0.0,0,1,1,0.5,5,
1638,images/s7_near_field_0512_7.jpg,fixed_core_test,SYNTHETIC_3D,ok,outputs/shuttle_capability/controlled_capability/images/s7_near_field_0512_7.jpg,512,513,706,572,450.0,315.5,962.0,828.5,512.0,513.0,512.5,>32,pinned_oblique,center,none,none,bg_001.jpg,315.0,2,0.8295217752456665,0.0,False,False,False,0.0,,False,,,0.0,0,2,1,0.5,5,
1639,images/s7_near_field_0512_8.jpg,fixed_core_test,SYNTHETIC_3D,ok,outputs/shuttle_capability/controlled_capability/images/s7_near_field_0512_8.jpg,512,513,706,572,450.0,315.5,962.0,828.5,512.0,513.0,512.5,>32,pinned_oblique,center,none,none,bg_001.jpg,315.0,2,0.8388046026229858,0.0,False,False,False,0.0,,False,,,0.0,0,2,1,0.5,5,
1640,images/s7_near_field_0512_9.jpg,fixed_core_test,SYNTHETIC_3D,ok,outputs/shuttle_capability/controlled_capability/images/s7_near_field_0512_9.jpg,512,513,706,572,450.0,315.5,962.0,828.5,512.0,513.0,512.5,>32,pinned_oblique,center,none,none,bg_001.jpg,315.0,2,0.7460960149765015,0.0,False,False,False,0.0,,False,,,0.0,0,2,1,0.5,5,
1641,images/s7_near_field_0512_10.jpg,fixed_core_test,SYNTHETIC_3D,ok,outputs/shuttle_capability/controlled_capability/images/s7_near_field_0512_10.jpg,512,513,706,572,450.0,315.5,962.0,828.5,512.0,513.0,512.5,>32,pinned_oblique,center,none,none,bg_001.jpg,315.0,2,0.8150094151496887,0.0,False,False,False,0.0,,False,,,0.0,0,2,1,0.5,5,
1642,images/s7_near_field_0512_11.jpg,fixed_core_test,SYNTHETIC_3D,ok,outputs/shuttle_capability/controlled_capability/images/s7_near_field_0512_11.jpg,512,513,706,572,450.0,315.5,962.0,828.5,512.0,513.0,512.5,>32,pinned_oblique,center,none,none,bg_001.jpg,315.0,1,0.8521342277526855,0.0,False,False,False,0.0,,False,,,0.0,0,1,1,0.5,5,
1643,images/s7_near_field_0512_12.jpg,fixed_core_test,SYNTHETIC_3D,ok,outputs/shuttle_capability/controlled_capability/images/s7_near_field_0512_12.jpg,512,513,706,572,450.0,315.5,962.0,828.5,512.0,513.0,512.5,>32,pinned_oblique,center,none,none,bg_001.jpg,315.0,2,0.8546711206436157,0.0,False,False,False,0.0,,False,,,0.0,0,2,1,0.5,5,
1644,images/s7_near_field_0512_13.jpg,fixed_core_test,SYNTHETIC_3D,ok,outputs/shuttle_capability/controlled_capability/images/s7_near_field_0512_13.jpg,512,513,706,572,450.0,315.5,962.0,828.5,512.0,513.0,512.5,>32,pinned_oblique,center,none,none,bg_001.jpg,315.0,4,0.7488885521888733,0.0,False,False,False,0.0003773011123084374,,False,,,0.0003773011123084374,0,4,1,0.5,5,
1645,images/s7_near_field_0512_14.jpg,fixed_core_test,SYNTHETIC_3D,ok,outputs/shuttle_capability/controlled_capability/images/s7_near_field_0512_14.jpg,512,513,706,572,450.0,315.5,962.0,828.5,512.0,513.0,512.5,>32,pinned_oblique,center,none,none,bg_001.jpg,315.0,2,0.8297341465950012,0.0,False,False,False,0.0,,False,,,0.0,0,2,1,0.5,5,
1646,images/s7_near_field_0512_15.jpg,fixed_core_test,SYNTHETIC_3D,ok,outputs/shuttle_capability/controlled_capability/images/s7_near_field_0512_15.jpg,512,513,706,572,450.0,315.5,962.0,828.5,512.0,513.0,512.5,>32,pinned_oblique,center,none,none,bg_001.jpg,315.0,3,0.6164065003395081,0.0,False,False,False,0.0,,False,,,0.0,0,3,1,0.5,5,
1647,images/s7_near_field_0512_16.jpg,fixed_core_test,SYNTHETIC_3D,ok,outputs/shuttle_capability/controlled_capability/images/s7_near_field_0512_16.jpg,512,513,706,572,450.0,315.5,962.0,828.5,512.0,513.0,512.5,>32,pinned_oblique,center,none,none,bg_001.jpg,315.0,2,0.7082045078277588,0.0,False,False,False,0.0,,False,,,0.0,0,2,1,0.5,5,
1648,images/s7_near_field_0512_17.jpg,fixed_core_test,SYNTHETIC_3D,ok,outputs/shuttle_capability/controlled_capability/images/s7_near_field_0512_17.jpg,512,513,706,572,450.0,315.5,962.0,828.5,512.0,513.0,512.5,>32,pinned_oblique,center,none,none,bg_001.jpg,315.0,2,0.7068319320678711,0.0,False,False,False,0.0,,False,,,0.0,0,2,1,0.5,5,
1649,images/s7_near_field_0512_18.jpg,fixed_core_test,SYNTHETIC_3D,ok,outputs/shuttle_capability/controlled_capability/images/s7_near_field_0512_18.jpg,512,513,706,572,450.0,315.5,962.0,828.5,512.0,513.0,512.5,>32,pinned_oblique,center,none,none,bg_001.jpg,315.0,1,0.6933450102806091,0.0,False,False,False,0.0,,False,,,0.0,0,1,1,0.5,5,
1650,images/s7_near_field_0512_19.jpg,fixed_core_test,SYNTHETIC_3D,ok,outputs/shuttle_capability/controlled_capability/images/s7_near_field_0512_19.jpg,512,513,706,572,450.0,315.5,962.0,828.5,512.0,513.0,512.5,>32,pinned_oblique,center,none,none,bg_001.jpg,315.0,1,0.836756706237793,0.0,False,False,False,0.0,,False,,,0.0,0,1,1,0.5,5,
1651,images/s7_near_field_0512_20.jpg,fixed_core_test,SYNTHETIC_3D,ok,outputs/shuttle_capability/controlled_capability/images/s7_near_field_0512_20.jpg,512,513,706,572,450.0,315.5,962.0,828.5,512.0,513.0,512.5,>32,pinned_oblique,center,none,none,bg_001.jpg,315.0,1,0.8393029570579529,0.0,False,False,False,0.0,,False,,,0.0,0,1,1,0.5,5,
1652,images/s7_near_field_0512_21.jpg,fixed_core_test,SYNTHETIC_3D,ok,outputs/shuttle_capability/controlled_capability/images/s7_near_field_0512_21.jpg,512,513,706,572,450.0,315.5,962.0,828.5,512.0,513.0,512.5,>32,pinned_oblique,center,none,none,bg_001.jpg,315.0,3,0.6842175722122192,0.0,False,False,False,0.0,,False,,,0.0,0,3,1,0.5,5,
1653,images/s7_near_field_0512_22.jpg,fixed_core_test,SYNTHETIC_3D,ok,outputs/shuttle_capability/controlled_capability/images/s7_near_field_0512_22.jpg,512,513,706,572,450.0,315.5,962.0,828.5,512.0,513.0,512.5,>32,pinned_oblique,center,none,none,bg_001.jpg,315.0,2,0.7245963215827942,0.0,False,False,False,0.0,,False,,,0.0,0,2,1,0.5,5,
1654,images/s7_near_field_0512_23.jpg,fixed_core_test,SYNTHETIC_3D,ok,outputs/shuttle_capability/controlled_capability/images/s7_near_field_0512_23.jpg,512,513,706,572,450.0,315.5,962.0,828.5,512.0,513.0,512.5,>32,pinned_oblique,center,none,none,bg_001.jpg,315.0,3,0.8517833948135376,0.0,False,False,False,0.0,,False,,,0.0,0,3,1,0.5,5,
1655,images/s7_near_field_0512_24.jpg,fixed_core_test,SYNTHETIC_3D,ok,outputs/shuttle_capability/controlled_capability/images/s7_near_field_0512_24.jpg,512,513,706,572,450.0,315.5,962.0,828.5,512.0,513.0,512.5,>32,pinned_oblique,center,none,none,bg_001.jpg,315.0,3,0.7875918745994568,0.0,False,False,False,0.0,,False,,,0.0,0,3,1,0.5,5,
1656,images/s7_near_field_0512_25.jpg,fixed_core_test,SYNTHETIC_3D,ok,outputs/shuttle_capability/controlled_capability/images/s7_near_field_0512_25.jpg,512,513,706,572,450.0,315.5,962.0,828.5,512.0,513.0,512.5,>32,pinned_oblique,center,none,none,bg_001.jpg,315.0,1,0.7884320616722107,0.0,False,False,False,0.0,,False,,,0.0,0,1,1,0.5,5,
1657,images/s7_near_field_0512_26.jpg,fixed_core_test,SYNTHETIC_3D,ok,outputs/shuttle_capability/controlled_capability/images/s7_near_field_0512_26.jpg,512,513,706,572,450.0,315.5,962.0,828.5,512.0,513.0,512.5,>32,pinned_oblique,center,none,none,bg_001.jpg,315.0,1,0.710351288318634,0.0,False,False,False,0.0,,False,,,0.0,0,1,1,0.5,5,
1658,images/s7_near_field_0512_27.jpg,fixed_core_test,SYNTHETIC_3D,ok,outputs/shuttle_capability/controlled_capability/images/s7_near_field_0512_27.jpg,512,513,706,572,450.0,315.5,962.0,828.5,512.0,513.0,512.5,>32,pinned_oblique,center,none,none,bg_001.jpg,315.0,2,0.5315560698509216,0.0,False,False,False,0.0,,False,,,0.0,0,2,1,0.5,5,
1659,images/s7_near_field_0512_28.jpg,fixed_core_test,SYNTHETIC_3D,ok,outputs/shuttle_capability/controlled_capability/images/s7_near_field_0512_28.jpg,512,513,706,572,450.0,315.5,962.0,828.5,512.0,513.0,512.5,>32,pinned_oblique,center,none,none,bg_001.jpg,315.0,1,0.7420210242271423,0.0,False,False,False,0.0,,False,,,0.0,0,1,1,0.5,5,
1660,images/s7_near_field_0512_29.jpg,fixed_core_test,SYNTHETIC_3D,ok,outputs/shuttle_capability/controlled_capability/images/s7_near_field_0512_29.jpg,512,513,706,572,450.0,315.5,962.0,828.5,512.0,513.0,512.5,>32,pinned_oblique,center,none,none,bg_001.jpg,315.0,1,0.8584488034248352,0.0,False,False,False,0.0,,False,,,0.0,0,1,1,0.5,5,
1661,images/s7_near_field_0512_30.jpg,fixed_core_test,SYNTHETIC_3D,ok,outputs/shuttle_capability/controlled_capability/images/s7_near_field_0512_30.jpg,512,513,706,572,450.0,315.5,962.0,828.5,512.0,513.0,512.5,>32,pinned_oblique,center,none,none,bg_001.jpg,315.0,3,0.7799886465072632,0.0,False,False,False,0.00023401927812929043,,False,,,0.00023401927812929043,0,3,1,0.5,5,
1662,images/s7_near_field_0512_31.jpg,fixed_core_test,SYNTHETIC_3D,ok,outputs/shuttle_capability/controlled_capability/images/s7_near_field_0512_31.jpg,512,513,706,572,450.0,315.5,962.0,828.5,512.0,513.0,512.5,>32,pinned_oblique,center,none,none,bg_001.jpg,315.0,2,0.7725651264190674,0.0,False,False,False,0.0,,False,,,0.0,0,2,1,0.5,5,
1663,images/s7_near_field_0512_32.jpg,fixed_core_test,SYNTHETIC_3D,ok,outputs/shuttle_capability/controlled_capability/images/s7_near_field_0512_32.jpg,512,513,706,572,450.0,315.5,962.0,828.5,512.0,513.0,512.5,>32,pinned_oblique,center,none,none,bg_001.jpg,315.0,2,0.7550556063652039,0.0,False,False,False,0.0,,False,,,0.0,0,2,1,0.5,5,
1664,images/s7_near_field_0512_33.jpg,fixed_core_test,SYNTHETIC_3D,ok,outputs/shuttle_capability/controlled_capability/images/s7_near_field_0512_33.jpg,512,513,706,572,450.0,315.5,962.0,828.5,512.0,513.0,512.5,>32,pinned_oblique,center,none,none,bg_001.jpg,315.0,1,0.6953659057617188,0.0,False,False,False,0.0,,False,,,0.0,0,1,1,0.5,5,
1665,images/s7_near_field_0512_34.jpg,fixed_core_test,SYNTHETIC_3D,ok,outputs/shuttle_capability/controlled_capability/images/s7_near_field_0512_34.jpg,512,513,706,572,450.0,315.5,962.0,828.5,512.0,513.0,512.5,>32,pinned_oblique,center,none,none,bg_001.jpg,315.0,1,0.8419786691665649,0.0,False,False,False,0.0,,False,,,0.0,0,1,1,0.5,5,
1666,images/s7_near_field_0512_35.jpg,fixed_core_test,SYNTHETIC_3D,ok,outputs/shuttle_capability/controlled_capability/images/s7_near_field_0512_35.jpg,512,513,706,572,450.0,315.5,962.0,828.5,512.0,513.0,512.5,>32,pinned_oblique,center,none,none,bg_001.jpg,315.0,1,0.8142610192298889,0.0,False,False,False,0.0,,False,,,0.0,0,1,1,0.5,5,
1667,images/s7_near_field_0512_36.jpg,fixed_core_test,SYNTHETIC_3D,ok,outputs/shuttle_capability/controlled_capability/images/s7_near_field_0512_36.jpg,512,513,706,572,450.0,315.5,962.0,828.5,512.0,513.0,512.5,>32,pinned_oblique,center,none,none,bg_001.jpg,315.0,2,0.8427259922027588,0.0,False,False,False,0.0,,False,,,0.0,0,2,1,0.5,5,
1668,images/s7_near_field_0512_37.jpg,fixed_core_test,SYNTHETIC_3D,ok,outputs/shuttle_capability/controlled_capability/images/s7_near_field_0512_37.jpg,512,513,706,572,450.0,315.5,962.0,828.5,512.0,513.0,512.5,>32,pinned_oblique,center,none,none,bg_001.jpg,315.0,1,0.6915705800056458,0.0,False,False,False,0.0,,False,,,0.0,0,1,1,0.5,5,
1669,images/s7_near_field_0512_38.jpg,fixed_core_test,SYNTHETIC_3D,ok,outputs/shuttle_capability/controlled_capability/images/s7_near_field_0512_38.jpg,512,513,706,572,450.0,315.5,962.0,828.5,512.0,513.0,512.5,>32,pinned_oblique,center,none,none,bg_001.jpg,315.0,2,0.7528464198112488,0.0,False,False,False,0.0,,False,,,0.0,0,2,1,0.5,5,
1670,images/s7_near_field_0512_39.jpg,fixed_core_test,SYNTHETIC_3D,ok,outputs/shuttle_capability/controlled_capability/images/s7_near_field_0512_39.jpg,512,513,706,572,450.0,315.5,962.0,828.5,512.0,513.0,512.5,>32,pinned_oblique,center,none,none,bg_001.jpg,315.0,3,0.7621707320213318,0.0,False,False,False,0.0,,False,,,0.0,0,3,1,0.5,5,
1671,images/s7_near_field_0768_0.jpg,fixed_core_test,SYNTHETIC_3D,ok,outputs/shuttle_capability/controlled_capability/images/s7_near_field_0768_0.jpg,767,769,738,541,354.5,156.5,1121.5,925.5,767.0,769.0,767.999,>32,pinned_oblique,center,none,none,bg_001.jpg,315.0,2,0.8449357748031616,0.0,False,False,False,0.0,,False,,,0.0,0,2,1,0.5,5,
1672,images/s7_near_field_0768_1.jpg,fixed_core_test,SYNTHETIC_3D,ok,outputs/shuttle_capability/controlled_capability/images/s7_near_field_0768_1.jpg,767,769,738,541,354.5,156.5,1121.5,925.5,767.0,769.0,767.999,>32,pinned_oblique,center,none,none,bg_001.jpg,315.0,2,0.7365157604217529,0.0,False,False,False,0.0,,False,,,0.0,0,2,1,0.5,5,
1673,images/s7_near_field_0768_2.jpg,fixed_core_test,SYNTHETIC_3D,ok,outputs/shuttle_capability/controlled_capability/images/s7_near_field_0768_2.jpg,767,769,738,541,354.5,156.5,1121.5,925.5,767.0,769.0,767.999,>32,pinned_oblique,center,none,none,bg_001.jpg,315.0,2,0.6364454627037048,0.0,False,False,False,0.00016326952372846444,,False,,,0.00016326952372846444,0,2,1,0.5,5,
1674,images/s7_near_field_0768_3.jpg,fixed_core_test,SYNTHETIC_3D,ok,outputs/shuttle_capability/controlled_capability/images/s7_near_field_0768_3.jpg,767,769,738,541,354.5,156.5,1121.5,925.5,767.0,769.0,767.999,>32,pinned_oblique,center,none,none,bg_001.jpg,315.0,2,0.855540931224823,0.0,False,False,False,0.0,,False,,,0.0,0,2,1,0.5,5,
1675,images/s7_near_field_0768_4.jpg,fixed_core_test,SYNTHETIC_3D,ok,outputs/shuttle_capability/controlled_capability/images/s7_near_field_0768_4.jpg,767,769,738,541,354.5,156.5,1121.5,925.5,767.0,769.0,767.999,>32,pinned_oblique,center,none,none,bg_001.jpg,315.0,1,0.7497591376304626,0.0,False,False,False,0.0,,False,,,0.0,0,1,1,0.5,5,
1676,images/s7_near_field_0768_5.jpg,fixed_core_test,SYNTHETIC_3D,ok,outputs/shuttle_capability/controlled_capability/images/s7_near_field_0768_5.jpg,767,769,738,541,354.5,156.5,1121.5,925.5,767.0,769.0,767.999,>32,pinned_oblique,center,none,none,bg_001.jpg,315.0,2,0.6701300740242004,0.0,False,False,False,0.0,,False,,,0.0,0,2,1,0.5,5,
1677,images/s7_near_field_0768_6.jpg,fixed_core_test,SYNTHETIC_3D,ok,outputs/shuttle_capability/controlled_capability/images/s7_near_field_0768_6.jpg,767,769,738,541,354.5,156.5,1121.5,925.5,767.0,769.0,767.999,>32,pinned_oblique,center,none,none,bg_001.jpg,315.0,2,0.8428263664245605,0.0,False,False,False,0.00011103501177769392,,False,,,0.00011103501177769392,0,2,1,0.5,5,
1678,images/s7_near_field_0768_7.jpg,fixed_core_test,SYNTHETIC_3D,ok,outputs/shuttle_capability/controlled_capability/images/s7_near_field_0768_7.jpg,767,769,738,541,354.5,156.5,1121.5,925.5,767.0,769.0,767.999,>32,pinned_oblique,center,none,none,bg_001.jpg,315.0,3,0.7980727553367615,0.0,False,False,False,0.0,,False,,,0.0,0,3,1,0.5,5,
1679,images/s7_near_field_0768_8.jpg,fixed_core_test,SYNTHETIC_3D,ok,outputs/shuttle_capability/controlled_capability/images/s7_near_field_0768_8.jpg,767,769,738,541,354.5,156.5,1121.5,925.5,767.0,769.0,767.999,>32,pinned_oblique,center,none,none,bg_001.jpg,315.0,2,0.8375422358512878,0.0,False,False,False,0.0,,False,,,0.0,0,2,1,0.5,5,
1680,images/s7_near_field_0768_9.jpg,fixed_core_test,SYNTHETIC_3D,ok,outputs/shuttle_capability/controlled_capability/images/s7_near_field_0768_9.jpg,767,769,738,541,354.5,156.5,1121.5,925.5,767.0,769.0,767.999,>32,pinned_oblique,center,none,none,bg_001.jpg,315.0,1,0.5998762845993042,0.0,False,False,False,0.0,,False,,,0.0,0,1,1,0.5,5,
1681,images/s7_near_field_0768_10.jpg,fixed_core_test,SYNTHETIC_3D,ok,outputs/shuttle_capability/controlled_capability/images/s7_near_field_0768_10.jpg,767,769,738,541,354.5,156.5,1121.5,925.5,767.0,769.0,767.999,>32,pinned_oblique,center,none,none,bg_001.jpg,315.0,1,0.7668895125389099,0.0,False,False,False,0.0,,False,,,0.0,0,1,1,0.5,5,
1682,images/s7_near_field_0768_11.jpg,fixed_core_test,SYNTHETIC_3D,ok,outputs/shuttle_capability/controlled_capability/images/s7_near_field_0768_11.jpg,767,769,738,541,354.5,156.5,1121.5,925.5,767.0,769.0,767.999,>32,pinned_oblique,center,none,none,bg_001.jpg,315.0,1,0.8544933199882507,0.0,False,False,False,0.0,,False,,,0.0,0,1,1,0.5,5,
1683,images/s7_near_field_0768_12.jpg,fixed_core_test,SYNTHETIC_3D,ok,outputs/shuttle_capability/controlled_capability/images/s7_near_field_0768_12.jpg,767,769,738,541,354.5,156.5,1121.5,925.5,767.0,769.0,767.999,>32,pinned_oblique,center,none,none,bg_001.jpg,315.0,2,0.8549147248268127,0.0,False,False,False,0.00022019369970896978,,False,,,0.00022019369970896978,0,2,1,0.5,5,
1684,images/s7_near_field_0768_13.jpg,fixed_core_test,SYNTHETIC_3D,ok,outputs/shuttle_capability/controlled_capability/images/s7_near_field_0768_13.jpg,767,769,738,541,354.5,156.5,1121.5,925.5,767.0,769.0,767.999,>32,pinned_oblique,center,none,none,bg_001.jpg,315.0,3,0.7341703176498413,0.0,False,False,False,0.0004910548185378561,,False,,,0.00044950755828675827,0,3,1,0.5,5,
1685,images/s7_near_field_0768_14.jpg,fixed_core_test,SYNTHETIC_3D,ok,outputs/shuttle_capability/controlled_capability/images/s7_near_field_0768_14.jpg,767,769,738,541,354.5,156.5,1121.5,925.5,767.0,769.0,767.999,>32,pinned_oblique,center,none,none,bg_001.jpg,315.0,2,0.8236923217773438,0.0,False,False,False,0.0,,False,,,0.0,0,2,1,0.5,5,
1686,images/s7_near_field_0768_15.jpg,fixed_core_test,SYNTHETIC_3D,ok,outputs/shuttle_capability/controlled_capability/images/s7_near_field_0768_15.jpg,767,769,738,541,354.5,156.5,1121.5,925.5,767.0,769.0,767.999,>32,pinned_oblique,center,none,none,bg_001.jpg,315.0,1,0.621793270111084,0.0,False,False,False,0.0,,False,,,0.0,0,1,1,0.5,5,
1687,images/s7_near_field_0768_16.jpg,fixed_core_test,SYNTHETIC_3D,ok,outputs/shuttle_capability/controlled_capability/images/s7_near_field_0768_16.jpg,767,769,738,541,354.5,156.5,1121.5,925.5,767.0,769.0,767.999,>32,pinned_oblique,center,none,none,bg_001.jpg,315.0,1,0.7548254728317261,0.0,False,False,False,0.0,,False,,,0.0,0,1,1,0.5,5,
1688,images/s7_near_field_0768_17.jpg,fixed_core_test,SYNTHETIC_3D,ok,outputs/shuttle_capability/controlled_capability/images/s7_near_field_0768_17.jpg,767,769,738,541,354.5,156.5,1121.5,925.5,767.0,769.0,767.999,>32,pinned_oblique,center,none,none,bg_001.jpg,315.0,1,0.735876202583313,0.0,False,False,False,0.0,,False,,,0.0,0,1,1,0.5,5,
1689,images/s7_near_field_0768_18.jpg,fixed_core_test,SYNTHETIC_3D,ok,outputs/shuttle_capability/controlled_capability/images/s7_near_field_0768_18.jpg,767,769,738,541,354.5,156.5,1121.5,925.5,767.0,769.0,767.999,>32,pinned_oblique,center,none,none,bg_001.jpg,315.0,2,0.6434237957000732,0.0,False,False,False,0.0,,False,,,0.0,0,2,1,0.5,5,
1690,images/s7_near_field_0768_19.jpg,fixed_core_test,SYNTHETIC_3D,ok,outputs/shuttle_capability/controlled_capability/images/s7_near_field_0768_19.jpg,767,769,738,541,354.5,156.5,1121.5,925.5,767.0,769.0,767.999,>32,pinned_oblique,center,none,none,bg_001.jpg,315.0,2,0.8351155519485474,0.0,False,False,False,0.0,,False,,,0.0,0,2,1,0.5,5,
1691,images/s7_near_field_0768_20.jpg,fixed_core_test,SYNTHETIC_3D,ok,outputs/shuttle_capability/controlled_capability/images/s7_near_field_0768_20.jpg,767,769,738,541,354.5,156.5,1121.5,925.5,767.0,769.0,767.999,>32,pinned_oblique,center,none,none,bg_001.jpg,315.0,2,0.8165151476860046,0.0,False,False,False,0.00015603166131736895,,False,,,0.00015603166131736895,0,2,1,0.5,5,
1692,images/s7_near_field_0768_21.jpg,fixed_core_test,SYNTHETIC_3D,ok,outputs/shuttle_capability/controlled_capability/images/s7_near_field_0768_21.jpg,767,769,738,541,354.5,156.5,1121.5,925.5,767.0,769.0,767.999,>32,pinned_oblique,center,none,none,bg_001.jpg,315.0,2,0.37659814953804016,0.0,False,False,False,0.0004631425975067433,,False,,,0.0004631425975067433,0,2,1,0.5,5,
1693,images/s7_near_field_0768_22.jpg,fixed_core_test,SYNTHETIC_3D,ok,outputs/shuttle_capability/controlled_capability/images/s7_near_field_0768_22.jpg,767,769,738,541,354.5,156.5,1121.5,925.5,767.0,769.0,767.999,>32,pinned_oblique,center,none,none,bg_001.jpg,315.0,2,0.5571940541267395,0.0,False,False,False,0.0,,False,,,0.0,0,2,1,0.5,5,
1694,images/s7_near_field_0768_23.jpg,fixed_core_test,SYNTHETIC_3D,ok,outputs/shuttle_capability/controlled_capability/images/s7_near_field_0768_23.jpg,767,769,738,541,354.5,156.5,1121.5,925.5,767.0,769.0,767.999,>32,pinned_oblique,center,none,none,bg_001.jpg,315.0,2,0.8154801726341248,0.0,False,False,False,0.0,,False,,,0.0,0,2,1,0.5,5,
1695,images/s7_near_field_0768_24.jpg,fixed_core_test,SYNTHETIC_3D,ok,outputs/shuttle_capability/controlled_capability/images/s7_near_field_0768_24.jpg,767,769,738,541,354.5,156.5,1121.5,925.5,767.0,769.0,767.999,>32,pinned_oblique,center,none,none,bg_001.jpg,315.0,3,0.6955703496932983,0.0,False,False,False,0.0,,False,,,0.0,0,3,1,0.5,5,
1696,images/s7_near_field_0768_25.jpg,fixed_core_test,SYNTHETIC_3D,ok,outputs/shuttle_capability/controlled_capability/images/s7_near_field_0768_25.jpg,767,769,738,541,354.5,156.5,1121.5,925.5,767.0,769.0,767.999,>32,pinned_oblique,center,none,none,bg_001.jpg,315.0,1,0.7569440603256226,0.0,False,False,False,0.0,,False,,,0.0,0,1,1,0.5,5,
1697,images/s7_near_field_0768_26.jpg,fixed_core_test,SYNTHETIC_3D,ok,outputs/shuttle_capability/controlled_capability/images/s7_near_field_0768_26.jpg,767,769,738,541,354.5,156.5,1121.5,925.5,767.0,769.0,767.999,>32,pinned_oblique,center,none,none,bg_001.jpg,315.0,1,0.6288159489631653,0.0,False,False,False,0.0,,False,,,0.0,0,1,1,0.5,5,
1698,images/s7_near_field_0768_27.jpg,fixed_core_test,SYNTHETIC_3D,ok,outputs/shuttle_capability/controlled_capability/images/s7_near_field_0768_27.jpg,767,769,738,541,354.5,156.5,1121.5,925.5,767.0,769.0,767.999,>32,pinned_oblique,center,none,none,bg_001.jpg,315.0,2,0.578472375869751,0.0,False,False,False,0.0,,False,,,0.0,0,2,1,0.5,5,
1699,images/s7_near_field_0768_28.jpg,fixed_core_test,SYNTHETIC_3D,ok,outputs/shuttle_capability/controlled_capability/images/s7_near_field_0768_28.jpg,767,769,738,541,354.5,156.5,1121.5,925.5,767.0,769.0,767.999,>32,pinned_oblique,center,none,none,bg_001.jpg,315.0,3,0.7409096956253052,0.0,False,False,False,0.0,,False,,,0.0,0,3,1,0.5,5,
1700,images/s7_near_field_0768_29.jpg,fixed_core_test,SYNTHETIC_3D,ok,outputs/shuttle_capability/controlled_capability/images/s7_near_field_0768_29.jpg,767,769,738,541,354.5,156.5,1121.5,925.5,767.0,769.0,767.999,>32,pinned_oblique,center,none,none,bg_001.jpg,315.0,3,0.8532572388648987,0.0,False,False,False,0.0,,False,,,0.0,0,3,1,0.5,5,
1701,images/s7_near_field_0768_30.jpg,fixed_core_test,SYNTHETIC_3D,ok,outputs/shuttle_capability/controlled_capability/images/s7_near_field_0768_30.jpg,767,769,738,541,354.5,156.5,1121.5,925.5,767.0,769.0,767.999,>32,pinned_oblique,center,none,none,bg_001.jpg,315.0,1,0.7861935496330261,0.0,False,False,False,0.0,,False,,,0.0,0,1,1,0.5,5,
1702,images/s7_near_field_0768_31.jpg,fixed_core_test,SYNTHETIC_3D,ok,outputs/shuttle_capability/controlled_capability/images/s7_near_field_0768_31.jpg,767,769,738,541,354.5,156.5,1121.5,925.5,767.0,769.0,767.999,>32,pinned_oblique,center,none,none,bg_001.jpg,315.0,2,0.7639712691307068,0.0,False,False,False,0.0,,False,,,0.0,0,2,1,0.5,5,
1703,images/s7_near_field_0768_32.jpg,fixed_core_test,SYNTHETIC_3D,ok,outputs/shuttle_capability/controlled_capability/images/s7_near_field_0768_32.jpg,767,769,738,541,354.5,156.5,1121.5,925.5,767.0,769.0,767.999,>32,pinned_oblique,center,none,none,bg_001.jpg,315.0,1,0.7535285353660583,0.0,False,False,False,0.0,,False,,,0.0,0,1,1,0.5,5,
1704,images/s7_near_field_0768_33.jpg,fixed_core_test,SYNTHETIC_3D,ok,outputs/shuttle_capability/controlled_capability/images/s7_near_field_0768_33.jpg,767,769,738,541,354.5,156.5,1121.5,925.5,767.0,769.0,767.999,>32,pinned_oblique,center,none,none,bg_001.jpg,315.0,2,0.5475185513496399,0.0,False,False,False,0.00027858155366255024,,False,,,0.00027858155366255024,0,2,1,0.5,5,
1705,images/s7_near_field_0768_34.jpg,fixed_core_test,SYNTHETIC_3D,ok,outputs/shuttle_capability/controlled_capability/images/s7_near_field_0768_34.jpg,767,769,738,541,354.5,156.5,1121.5,925.5,767.0,769.0,767.999,>32,pinned_oblique,center,none,none,bg_001.jpg,315.0,1,0.8256702423095703,0.0,False,False,False,0.0,,False,,,0.0,0,1,1,0.5,5,
1706,images/s7_near_field_0768_35.jpg,fixed_core_test,SYNTHETIC_3D,ok,outputs/shuttle_capability/controlled_capability/images/s7_near_field_0768_35.jpg,767,769,738,541,354.5,156.5,1121.5,925.5,767.0,769.0,767.999,>32,pinned_oblique,center,none,none,bg_001.jpg,315.0,1,0.8391967415809631,0.0,False,False,False,0.0,,False,,,0.0,0,1,1,0.5,5,
1707,images/s7_near_field_0768_36.jpg,fixed_core_test,SYNTHETIC_3D,ok,outputs/shuttle_capability/controlled_capability/images/s7_near_field_0768_36.jpg,767,769,738,541,354.5,156.5,1121.5,925.5,767.0,769.0,767.999,>32,pinned_oblique,center,none,none,bg_001.jpg,315.0,2,0.8008624315261841,0.0,False,False,False,0.0,,False,,,0.0,0,2,1,0.5,5,
1708,images/s7_near_field_0768_37.jpg,fixed_core_test,SYNTHETIC_3D,ok,outputs/shuttle_capability/controlled_capability/images/s7_near_field_0768_37.jpg,767,769,738,541,354.5,156.5,1121.5,925.5,767.0,769.0,767.999,>32,pinned_oblique,center,none,none,bg_001.jpg,315.0,1,0.691662073135376,0.0,False,False,False,0.0,,False,,,0.0,0,1,1,0.5,5,
1709,images/s7_near_field_0768_38.jpg,fixed_core_test,SYNTHETIC_3D,ok,outputs/shuttle_capability/controlled_capability/images/s7_near_field_0768_38.jpg,767,769,738,541,354.5,156.5,1121.5,925.5,767.0,769.0,767.999,>32,pinned_oblique,center,none,none,bg_001.jpg,315.0,3,0.7587223052978516,0.0,False,False,False,0.0,,False,,,0.0,0,3,1,0.5,5,
1710,images/s7_near_field_0768_39.jpg,fixed_core_test,SYNTHETIC_3D,ok,outputs/shuttle_capability/controlled_capability/images/s7_near_field_0768_39.jpg,767,769,738,541,354.5,156.5,1121.5,925.5,767.0,769.0,767.999,>32,pinned_oblique,center,none,none,bg_001.jpg,315.0,1,0.738875150680542,0.0,False,False,False,0.0,,False,,,0.0,0,1,1,0.5,5,
1711,images/s7_near_field_1024_0.jpg,fixed_core_test,SYNTHETIC_3D,ok,outputs/shuttle_capability/controlled_capability/images/s7_near_field_1024_0.jpg,1022,1024,767,511,256.0,-1.0,1278.0,1023.0,1022.0,1024.0,1023.0,>32,pinned_oblique,center,none,none,bg_001.jpg,315.0,2,0.8568955659866333,0.00046674142346116604,False,False,False,0.00046674142346116604,,False,,,0.00046674142346116604,0,2,1,0.5,5,
1712,images/s7_near_field_1024_1.jpg,fixed_core_test,SYNTHETIC_3D,ok,outputs/shuttle_capability/controlled_capability/images/s7_near_field_1024_1.jpg,1022,1024,767,511,256.0,-1.0,1278.0,1023.0,1022.0,1024.0,1023.0,>32,pinned_oblique,center,none,none,bg_001.jpg,315.0,1,0.7067386507987976,0.00035072347964418905,False,False,False,0.0003507804228236658,,False,,,0.00035072347964418905,0,1,1,0.5,5,
1713,images/s7_near_field_1024_2.jpg,fixed_core_test,SYNTHETIC_3D,ok,outputs/shuttle_capability/controlled_capability/images/s7_near_field_1024_2.jpg,1022,1024,767,511,256.0,-1.0,1278.0,1023.0,1022.0,1024.0,1023.0,>32,pinned_oblique,center,none,none,bg_001.jpg,315.0,1,0.6610854864120483,0.0005204957706368836,False,False,False,0.0005204957706368836,,False,,,0.0005204957706368836,0,1,1,0.5,5,
1714,images/s7_near_field_1024_3.jpg,fixed_core_test,SYNTHETIC_3D,ok,outputs/shuttle_capability/controlled_capability/images/s7_near_field_1024_3.jpg,1022,1024,767,511,256.0,-1.0,1278.0,1023.0,1022.0,1024.0,1023.0,>32,pinned_oblique,center,none,none,bg_001.jpg,315.0,3,0.8477653861045837,0.00046167160373492873,False,False,False,0.0004665816169640609,,False,,,0.00046167160373492873,0,3,1,0.5,5,
1715,images/s7_near_field_1024_4.jpg,fixed_core_test,SYNTHETIC_3D,ok,outputs/shuttle_capability/controlled_capability/images/s7_near_field_1024_4.jpg,1022,1024,767,511,256.0,-1.0,1278.0,1023.0,1022.0,1024.0,1023.0,>32,pinned_oblique,center,none,none,bg_001.jpg,315.0,1,0.7655918002128601,0.0004775577562873902,False,False,False,0.0004775577562873902,,False,,,0.0004775577562873902,0,1,1,0.5,5,
1716,images/s7_near_field_1024_5.jpg,fixed_core_test,SYNTHETIC_3D,ok,outputs/shuttle_capability/controlled_capability/images/s7_near_field_1024_5.jpg,1022,1024,767,511,256.0,-1.0,1278.0,1023.0,1022.0,1024.0,1023.0,>32,pinned_oblique,center,none,none,bg_001.jpg,315.0,3,0.5325780510902405,0.0005064452540994223,False,False,False,0.0005064452540994223,,False,,,0.0005064452540994223,0,3,1,0.5,5,
1717,images/s7_near_field_1024_6.jpg,fixed_core_test,SYNTHETIC_3D,ok,outputs/shuttle_capability/controlled_capability/images/s7_near_field_1024_6.jpg,1022,1024,767,511,256.0,-1.0,1278.0,1023.0,1022.0,1024.0,1023.0,>32,pinned_oblique,center,none,none,bg_001.jpg,315.0,0,,,False,False,False,0.0,,False,,,0.0,0,0,1,0.5,5,
1718,images/s7_near_field_1024_7.jpg,fixed_core_test,SYNTHETIC_3D,ok,outputs/shuttle_capability/controlled_capability/images/s7_near_field_1024_7.jpg,1022,1024,767,511,256.0,-1.0,1278.0,1023.0,1022.0,1024.0,1023.0,>32,pinned_oblique,center,none,none,bg_001.jpg,315.0,2,0.18912851810455322,0.0,False,False,False,0.0,,False,,,0.0,0,2,1,0.5,5,
1719,images/s7_near_field_1024_8.jpg,fixed_core_test,SYNTHETIC_3D,ok,outputs/shuttle_capability/controlled_capability/images/s7_near_field_1024_8.jpg,1022,1024,767,511,256.0,-1.0,1278.0,1023.0,1022.0,1024.0,1023.0,>32,pinned_oblique,center,none,none,bg_001.jpg,315.0,2,0.8562269806861877,0.00046234374703305357,False,False,False,0.00046234374703305357,,False,,,0.00046234374703305357,0,2,1,0.5,5,
1720,images/s7_near_field_1024_9.jpg,fixed_core_test,SYNTHETIC_3D,ok,outputs/shuttle_capability/controlled_capability/images/s7_near_field_1024_9.jpg,1022,1024,767,511,256.0,-1.0,1278.0,1023.0,1022.0,1024.0,1023.0,>32,pinned_oblique,center,none,none,bg_001.jpg,315.0,1,0.13737167418003082,0.0,False,False,False,0.0,,False,,,0.0,0,1,1,0.5,5,
1721,images/s7_near_field_1024_10.jpg,fixed_core_test,SYNTHETIC_3D,ok,outputs/shuttle_capability/controlled_capability/images/s7_near_field_1024_10.jpg,1022,1024,767,511,256.0,-1.0,1278.0,1023.0,1022.0,1024.0,1023.0,>32,pinned_oblique,center,none,none,bg_001.jpg,315.0,2,0.056584518402814865,0.0,False,False,False,0.0,,False,,,0.0,0,2,1,0.5,5,
1722,images/s7_near_field_1024_11.jpg,fixed_core_test,SYNTHETIC_3D,ok,outputs/shuttle_capability/controlled_capability/images/s7_near_field_1024_11.jpg,1022,1024,767,511,256.0,-1.0,1278.0,1023.0,1022.0,1024.0,1023.0,>32,pinned_oblique,center,none,none,bg_001.jpg,315.0,1,0.8569368720054626,0.00047035653674739247,False,False,False,0.00047035653674739247,,False,,,0.00047035653674739247,0,1,1,0.5,5,
1723,images/s7_near_field_1024_12.jpg,fixed_core_test,SYNTHETIC_3D,ok,outputs/shuttle_capability/controlled_capability/images/s7_near_field_1024_12.jpg,1022,1024,767,511,256.0,-1.0,1278.0,1023.0,1022.0,1024.0,1023.0,>32,pinned_oblique,center,none,none,bg_001.jpg,315.0,1,0.8548426032066345,0.00011540980686440303,False,False,False,0.00011545022463261908,,False,,,0.00011540980686440303,0,1,1,0.5,5,
1724,images/s7_near_field_1024_13.jpg,fixed_core_test,SYNTHETIC_3D,ok,outputs/shuttle_capability/controlled_capability/images/s7_near_field_1024_13.jpg,1022,1024,767,511,256.0,-1.0,1278.0,1023.0,1022.0,1024.0,1023.0,>32,pinned_oblique,center,none,none,bg_001.jpg,315.0,2,0.7308958172798157,0.00048609831805091256,False,False,False,0.00048609831805091256,,False,,,0.00048609831805091256,0,2,1,0.5,5,
1725,images/s7_near_field_1024_14.jpg,fixed_core_test,SYNTHETIC_3D,ok,outputs/shuttle_capability/controlled_capability/images/s7_near_field_1024_14.jpg,1022,1024,767,511,256.0,-1.0,1278.0,1023.0,1022.0,1024.0,1023.0,>32,pinned_oblique,center,none,none,bg_001.jpg,315.0,2,0.13554969429969788,0.0,False,False,False,0.0,,False,,,0.0,0,2,1,0.5,5,
1726,images/s7_near_field_1024_15.jpg,fixed_core_test,SYNTHETIC_3D,ok,outputs/shuttle_capability/controlled_capability/images/s7_near_field_1024_15.jpg,1022,1024,767,511,256.0,-1.0,1278.0,1023.0,1022.0,1024.0,1023.0,>32,pinned_oblique,center,none,none,bg_001.jpg,315.0,2,0.6517742276191711,0.0004984221385678046,False,False,False,0.0004984221385678046,,False,,,0.0004984221385678046,0,2,1,0.5,5,
1727,images/s7_near_field_1024_16.jpg,fixed_core_test,SYNTHETIC_3D,ok,outputs/shuttle_capability/controlled_capability/images/s7_near_field_1024_16.jpg,1022,1024,767,511,256.0,-1.0,1278.0,1023.0,1022.0,1024.0,1023.0,>32,pinned_oblique,center,none,none,bg_001.jpg,315.0,3,0.5162584781646729,0.00038852587148844247,False,False,False,0.00044566585027980445,,False,,,0.00038852587148844247,0,3,1,0.5,5,
1728,images/s7_near_field_1024_17.jpg,fixed_core_test,SYNTHETIC_3D,ok,outputs/shuttle_capability/controlled_capability/images/s7_near_field_1024_17.jpg,1022,1024,767,511,256.0,-1.0,1278.0,1023.0,1022.0,1024.0,1023.0,>32,pinned_oblique,center,none,none,bg_001.jpg,315.0,3,0.7791668176651001,0.0005043550187616141,False,False,False,0.0005043550187616141,,False,,,0.0005043550187616141,0,3,1,0.5,5,
1729,images/s7_near_field_1024_18.jpg,fixed_core_test,SYNTHETIC_3D,ok,outputs/shuttle_capability/controlled_capability/images/s7_near_field_1024_18.jpg,1022,1024,767,511,256.0,-1.0,1278.0,1023.0,1022.0,1024.0,1023.0,>32,pinned_oblique,center,none,none,bg_001.jpg,315.0,1,0.7316343784332275,0.0005172042061093263,False,False,False,0.0005172042061093263,,False,,,0.0005172042061093263,0,1,1,0.5,5,
1730,images/s7_near_field_1024_19.jpg,fixed_core_test,SYNTHETIC_3D,ok,outputs/shuttle_capability/controlled_capability/images/s7_near_field_1024_19.jpg,1022,1024,767,511,256.0,-1.0,1278.0,1023.0,1022.0,1024.0,1023.0,>32,pinned_oblique,center,none,none,bg_001.jpg,315.0,1,0.8481941819190979,0.0005231329166347939,False,False,False,0.0005231329166347939,,False,,,0.0005231329166347939,0,1,1,0.5,5,
1731,images/s7_near_field_1024_20.jpg,fixed_core_test,SYNTHETIC_3D,ok,outputs/shuttle_capability/controlled_capability/images/s7_near_field_1024_20.jpg,1022,1024,767,511,256.0,-1.0,1278.0,1023.0,1022.0,1024.0,1023.0,>32,pinned_oblique,center,none,none,bg_001.jpg,315.0,1,0.8342854976654053,0.0,False,False,False,0.0,,False,,,0.0,0,1,1,0.5,5,
1732,images/s7_near_field_1024_21.jpg,fixed_core_test,SYNTHETIC_3D,ok,outputs/shuttle_capability/controlled_capability/images/s7_near_field_1024_21.jpg,1022,1024,767,511,256.0,-1.0,1278.0,1023.0,1022.0,1024.0,1023.0,>32,pinned_oblique,center,none,none,bg_001.jpg,315.0,0,,,False,False,False,0.0,,False,,,0.0,0,0,1,0.5,5,
1733,images/s7_near_field_1024_22.jpg,fixed_core_test,SYNTHETIC_3D,ok,outputs/shuttle_capability/controlled_capability/images/s7_near_field_1024_22.jpg,1022,1024,767,511,256.0,-1.0,1278.0,1023.0,1022.0,1024.0,1023.0,>32,pinned_oblique,center,none,none,bg_001.jpg,315.0,1,0.13130412995815277,0.0,False,False,False,0.0,,False,,,0.0,0,1,1,0.5,5,
1734,images/s7_near_field_1024_23.jpg,fixed_core_test,SYNTHETIC_3D,ok,outputs/shuttle_capability/controlled_capability/images/s7_near_field_1024_23.jpg,1022,1024,767,511,256.0,-1.0,1278.0,1023.0,1022.0,1024.0,1023.0,>32,pinned_oblique,center,none,none,bg_001.jpg,315.0,0,,,False,False,False,0.0,,False,,,0.0,0,0,1,0.5,5,
1735,images/s7_near_field_1024_24.jpg,fixed_core_test,SYNTHETIC_3D,ok,outputs/shuttle_capability/controlled_capability/images/s7_near_field_1024_24.jpg,1022,1024,767,511,256.0,-1.0,1278.0,1023.0,1022.0,1024.0,1023.0,>32,pinned_oblique,center,none,none,bg_001.jpg,315.0,0,,,False,False,False,0.0,,False,,,0.0,0,0,1,0.5,5,
1736,images/s7_near_field_1024_25.jpg,fixed_core_test,SYNTHETIC_3D,ok,outputs/shuttle_capability/controlled_capability/images/s7_near_field_1024_25.jpg,1022,1024,767,511,256.0,-1.0,1278.0,1023.0,1022.0,1024.0,1023.0,>32,pinned_oblique,center,none,none,bg_001.jpg,315.0,2,0.7927058339118958,0.0005191714438060195,False,False,False,0.0005191714438060195,,False,,,0.0005191714438060195,0,2,1,0.5,5,
1737,images/s7_near_field_1024_26.jpg,fixed_core_test,SYNTHETIC_3D,ok,outputs/shuttle_capability/controlled_capability/images/s7_near_field_1024_26.jpg,1022,1024,767,511,256.0,-1.0,1278.0,1023.0,1022.0,1024.0,1023.0,>32,pinned_oblique,center,none,none,bg_001.jpg,315.0,1,0.050502076745033264,0.0002746265269445147,False,False,False,0.0002746265269445147,,False,,,0.0002746265269445147,0,1,1,0.5,5,
1738,images/s7_near_field_1024_27.jpg,fixed_core_test,SYNTHETIC_3D,ok,outputs/shuttle_capability/controlled_capability/images/s7_near_field_1024_27.jpg,1022,1024,767,511,256.0,-1.0,1278.0,1023.0,1022.0,1024.0,1023.0,>32,pinned_oblique,center,none,none,bg_001.jpg,315.0,2,0.4788101315498352,0.000502398028818721,False,False,False,0.000502398028818721,,False,,,0.000502398028818721,0,2,1,0.5,5,
1739,images/s7_near_field_1024_28.jpg,fixed_core_test,SYNTHETIC_3D,ok,outputs/shuttle_capability/controlled_capability/images/s7_near_field_1024_28.jpg,1022,1024,767,511,256.0,-1.0,1278.0,1023.0,1022.0,1024.0,1023.0,>32,pinned_oblique,center,none,none,bg_001.jpg,315.0,2,0.786089301109314,0.0,False,False,False,0.0,,False,,,0.0,0,2,1,0.5,5,
1740,images/s7_near_field_1024_29.jpg,fixed_core_test,SYNTHETIC_3D,ok,outputs/shuttle_capability/controlled_capability/images/s7_near_field_1024_29.jpg,1022,1024,767,511,256.0,-1.0,1278.0,1023.0,1022.0,1024.0,1023.0,>32,pinned_oblique,center,none,none,bg_001.jpg,315.0,1,0.8636864423751831,0.0005085412355571226,False,False,False,0.0005085412355571226,,False,,,0.0005085412355571226,0,1,1,0.5,5,
1741,images/s7_near_field_1024_30.jpg,fixed_core_test,SYNTHETIC_3D,ok,outputs/shuttle_capability/controlled_capability/images/s7_near_field_1024_30.jpg,1022,1024,767,511,256.0,-1.0,1278.0,1023.0,1022.0,1024.0,1023.0,>32,pinned_oblique,center,none,none,bg_001.jpg,315.0,2,0.7956559062004089,0.00045975296714801273,False,False,False,0.00045975296714801273,,False,,,0.00045975296714801273,0,2,1,0.5,5,
1742,images/s7_near_field_1024_31.jpg,fixed_core_test,SYNTHETIC_3D,ok,outputs/shuttle_capability/controlled_capability/images/s7_near_field_1024_31.jpg,1022,1024,767,511,256.0,-1.0,1278.0,1023.0,1022.0,1024.0,1023.0,>32,pinned_oblique,center,none,none,bg_001.jpg,315.0,3,0.7761977910995483,0.0004999989159272242,False,False,False,0.0005459457032993099,,False,,,0.0004999989159272242,0,3,1,0.5,5,
1743,images/s7_near_field_1024_32.jpg,fixed_core_test,SYNTHETIC_3D,ok,outputs/shuttle_capability/controlled_capability/images/s7_near_field_1024_32.jpg,1022,1024,767,511,256.0,-1.0,1278.0,1023.0,1022.0,1024.0,1023.0,>32,pinned_oblique,center,none,none,bg_001.jpg,315.0,1,0.6832966804504395,0.0004947290985225278,False,False,False,0.0004947290985225278,,False,,,0.0004947290985225278,0,1,1,0.5,5,
1744,images/s7_near_field_1024_33.jpg,fixed_core_test,SYNTHETIC_3D,ok,outputs/shuttle_capability/controlled_capability/images/s7_near_field_1024_33.jpg,1022,1024,767,511,256.0,-1.0,1278.0,1023.0,1022.0,1024.0,1023.0,>32,pinned_oblique,center,none,none,bg_001.jpg,315.0,1,0.6478185057640076,0.0,False,False,False,0.0,,False,,,0.0,0,1,1,0.5,5,
1745,images/s7_near_field_1024_34.jpg,fixed_core_test,SYNTHETIC_3D,ok,outputs/shuttle_capability/controlled_capability/images/s7_near_field_1024_34.jpg,1022,1024,767,511,256.0,-1.0,1278.0,1023.0,1022.0,1024.0,1023.0,>32,pinned_oblique,center,none,none,bg_001.jpg,315.0,1,0.8360989689826965,0.0,False,False,False,0.0,,False,,,0.0,0,1,1,0.5,5,
1746,images/s7_near_field_1024_35.jpg,fixed_core_test,SYNTHETIC_3D,ok,outputs/shuttle_capability/controlled_capability/images/s7_near_field_1024_35.jpg,1022,1024,767,511,256.0,-1.0,1278.0,1023.0,1022.0,1024.0,1023.0,>32,pinned_oblique,center,none,none,bg_001.jpg,315.0,1,0.7548632621765137,0.00042670035516693294,False,False,False,0.00042670035516693294,,False,,,0.00042670035516693294,0,1,1,0.5,5,
1747,images/s7_near_field_1024_36.jpg,fixed_core_test,SYNTHETIC_3D,ok,outputs/shuttle_capability/controlled_capability/images/s7_near_field_1024_36.jpg,1022,1024,767,511,256.0,-1.0,1278.0,1023.0,1022.0,1024.0,1023.0,>32,pinned_oblique,center,none,none,bg_001.jpg,315.0,1,0.13107408583164215,0.0,False,False,False,0.0,,False,,,0.0,0,1,1,0.5,5,
1748,images/s7_near_field_1024_37.jpg,fixed_core_test,SYNTHETIC_3D,ok,outputs/shuttle_capability/controlled_capability/images/s7_near_field_1024_37.jpg,1022,1024,767,511,256.0,-1.0,1278.0,1023.0,1022.0,1024.0,1023.0,>32,pinned_oblique,center,none,none,bg_001.jpg,315.0,0,,,False,False,False,0.0,,False,,,0.0,0,0,1,0.5,5,
1749,images/s7_near_field_1024_38.jpg,fixed_core_test,SYNTHETIC_3D,ok,outputs/shuttle_capability/controlled_capability/images/s7_near_field_1024_38.jpg,1022,1024,767,511,256.0,-1.0,1278.0,1023.0,1022.0,1024.0,1023.0,>32,pinned_oblique,center,none,none,bg_001.jpg,315.0,1,0.06442128866910934,0.0,False,False,False,0.0,,False,,,0.0,0,1,1,0.5,5,
1750,images/s7_near_field_1024_39.jpg,fixed_core_test,SYNTHETIC_3D,ok,outputs/shuttle_capability/controlled_capability/images/s7_near_field_1024_39.jpg,1022,1024,767,511,256.0,-1.0,1278.0,1023.0,1022.0,1024.0,1023.0,>32,pinned_oblique,center,none,none,bg_001.jpg,315.0,0,,,False,False,False,0.0,,False,,,0.0,0,0,1,0.5,5,
