checkpoint,set,kind,rank,image,image_path,iou,center_err_px640,norm_center_err,width_rel_err,height_rel_err,gt_size_px640,conf,file
b_best,val,low_iou,1,uetlibergstrasse_1_02074.jpg,D:\_eth_data\eth_shuttle_detection\uetlibergstrasse_1_medium\images\train\uetlibergstrasse_1_02074.jpg,0.501142,2.539064,0.260572,0.083659,0.347125,9.744194,0.625762,localization_examples\low_iou\val\01_uetlibergstrasse_1_02074.jpg
b_best,val,low_iou,2,val_00031.jpg,E:\具身智能\badmin_project\outputs\shuttle_capability\train_data\val\images\val_00031.jpg,0.507302,1.527678,0.241543,0.325826,0.215598,6.324657,0.408945,localization_examples\low_iou\val\02_val_00031.jpg
b_best,val,low_iou,3,ml_3_01201.jpg,D:\_eth_data\eth_shuttle_detection\ml_3_hard\images\train\ml_3_01201.jpg,0.520659,1.484172,0.162803,0.256156,0.522455,9.116361,0.640742,localization_examples\low_iou\val\03_ml_3_01201.jpg
b_best,val,low_iou,4,val_00114.jpg,E:\具身智能\badmin_project\outputs\shuttle_capability\train_data\val\images\val_00114.jpg,0.530805,1.299228,0.132602,0.299901,0.449287,9.797959,0.66581,localization_examples\low_iou\val\04_val_00114.jpg
b_best,val,low_iou,5,ml_6_02026.jpg,D:\_eth_data\eth_shuttle_detection\ml_6_medium\images\train\ml_6_02026.jpg,0.533923,2.124442,0.117303,0.106153,0.385548,18.1107,0.498753,localization_examples\low_iou\val\05_ml_6_02026.jpg
b_best,val,low_iou,6,val_00088.jpg,E:\具身智能\badmin_project\outputs\shuttle_capability\train_data\val\images\val_00088.jpg,0.536792,0.847748,0.083128,0.166699,0.662874,10.198165,0.651773,localization_examples\low_iou\val\06_val_00088.jpg
b_best,val,low_iou,7,uetlibergstrasse_1_01245.jpg,D:\_eth_data\eth_shuttle_detection\uetlibergstrasse_1_easy\images\train\uetlibergstrasse_1_01245.jpg,0.538623,0.585743,0.113427,0.216837,0.525747,5.16406,0.723552,localization_examples\low_iou\val\07_uetlibergstrasse_1_01245.jpg
b_best,val,low_iou,8,uetlibergstrasse_1_00054.jpg,D:\_eth_data\eth_shuttle_detection\uetlibergstrasse_1_easy\images\train\uetlibergstrasse_1_00054.jpg,0.541642,1.341888,0.230707,0.163003,0.411033,5.81643,0.528151,localization_examples\low_iou\val\08_uetlibergstrasse_1_00054.jpg
b_best,val,low_iou,9,ml_6_00029.jpg,D:\_eth_data\eth_shuttle_detection\ml_6_medium\images\train\ml_6_00029.jpg,0.54787,2.64844,0.119159,0.358381,0.146112,22.226111,0.729003,localization_examples\low_iou\val\09_ml_6_00029.jpg
b_best,val,low_iou,10,ml_3_00091.jpg,D:\_eth_data\eth_shuttle_detection\ml_3_hard\images\train\ml_3_00091.jpg,0.550151,1.569451,0.126836,0.275433,0.061613,12.373865,0.732073,localization_examples\low_iou\val\10_ml_3_00091.jpg
b_best,val,low_iou,11,ml_3_00464.jpg,D:\_eth_data\eth_shuttle_detection\ml_3_hard\images\train\ml_3_00464.jpg,0.550234,5.063358,0.296369,0.285295,0.140928,17.084625,0.380051,localization_examples\low_iou\val\11_ml_3_00464.jpg
b_best,val,low_iou,12,ml_3_00675.jpg,D:\_eth_data\eth_shuttle_detection\ml_3_medium\images\train\ml_3_00675.jpg,0.551881,0.723581,0.080453,0.448087,0.251295,8.993791,0.354133,localization_examples\low_iou\val\12_ml_3_00675.jpg
b_best,val,low_iou,13,ml_6_02054.jpg,D:\_eth_data\eth_shuttle_detection\ml_6_hard\images\train\ml_6_02054.jpg,0.553609,1.396751,0.194951,0.501414,0.203084,7.164624,0.675719,localization_examples\low_iou\val\13_ml_6_02054.jpg
b_best,val,low_iou,14,uetlibergstrasse_1_02028.jpg,D:\_eth_data\eth_shuttle_detection\uetlibergstrasse_1_medium\images\train\uetlibergstrasse_1_02028.jpg,0.553661,0.550761,0.084982,0.196052,0.510102,6.480948,0.664753,localization_examples\low_iou\val\14_uetlibergstrasse_1_02028.jpg
b_best,val,low_iou,15,ml_3_00396.jpg,D:\_eth_data\eth_shuttle_detection\ml_3_hard\images\train\ml_3_00396.jpg,0.562811,1.308293,0.160231,0.143276,0.499778,8.165047,0.555405,localization_examples\low_iou\val\15_ml_3_00396.jpg
b_best,val,low_iou,16,ml_6_00759.jpg,D:\_eth_data\eth_shuttle_detection\ml_6_hard\images\train\ml_6_00759.jpg,0.566161,0.736762,0.088412,0.434293,0.231465,8.33332,0.608461,localization_examples\low_iou\val\16_ml_6_00759.jpg
b_best,val,low_iou,17,ml_3_01200.jpg,D:\_eth_data\eth_shuttle_detection\ml_3_hard\images\train\ml_3_01200.jpg,0.56739,2.421076,0.226094,0.271681,0.061918,10.708292,0.575764,localization_examples\low_iou\val\17_ml_3_01200.jpg
b_best,val,low_iou,18,ml_6_00019.jpg,D:\_eth_data\eth_shuttle_detection\ml_6_hard\images\train\ml_6_00019.jpg,0.568679,5.547935,0.247043,0.373065,0.061873,22.457327,0.506812,localization_examples\low_iou\val\18_ml_6_00019.jpg
b_best,val,low_iou,19,ml_3_00581.jpg,D:\_eth_data\eth_shuttle_detection\ml_3_medium\images\train\ml_3_00581.jpg,0.572602,1.005808,0.088367,0.401214,0.076369,11.38211,0.466824,localization_examples\low_iou\val\19_ml_3_00581.jpg
b_best,val,low_iou,20,ml_3_00103.jpg,D:\_eth_data\eth_shuttle_detection\ml_3_medium\images\train\ml_3_00103.jpg,0.576749,1.281925,0.085716,0.329531,0.06636,14.955529,0.655653,localization_examples\low_iou\val\20_ml_3_00103.jpg
b_best,val,low_iou,21,uetlibergstrasse_1_02071.jpg,D:\_eth_data\eth_shuttle_detection\uetlibergstrasse_1_medium\images\train\uetlibergstrasse_1_02071.jpg,0.577114,1.963078,0.196924,0.130051,0.186561,9.968695,0.294762,localization_examples\low_iou\val\21_uetlibergstrasse_1_02071.jpg
b_best,val,low_iou,22,ml_3_00579.jpg,D:\_eth_data\eth_shuttle_detection\ml_3_medium\images\train\ml_3_00579.jpg,0.582097,1.886667,0.168525,0.357363,0.064008,11.195199,0.72649,localization_examples\low_iou\val\22_ml_3_00579.jpg
b_best,val,low_iou,23,ml_3_00099.jpg,D:\_eth_data\eth_shuttle_detection\ml_3_hard\images\train\ml_3_00099.jpg,0.583538,2.13715,0.21812,0.291711,0.227611,9.798057,0.645009,localization_examples\low_iou\val\23_ml_3_00099.jpg
b_best,val,low_iou,24,ml_3_00447.jpg,D:\_eth_data\eth_shuttle_detection\ml_3_hard\images\train\ml_3_00447.jpg,0.584116,0.13153,0.010546,0.399535,0.046611,12.472163,0.602957,localization_examples\low_iou\val\24_ml_3_00447.jpg
b_best,val,low_iou,25,uetlibergstrasse_1_01229.jpg,D:\_eth_data\eth_shuttle_detection\uetlibergstrasse_1_easy\images\train\uetlibergstrasse_1_01229.jpg,0.58458,1.104026,0.134943,0.08141,0.44374,8.181403,0.714471,localization_examples\low_iou\val\25_uetlibergstrasse_1_01229.jpg
b_best,val,low_iou,26,ml_6_00305.jpg,D:\_eth_data\eth_shuttle_detection\ml_6_medium\images\train\ml_6_00305.jpg,0.584857,1.108014,0.112375,0.169755,0.461691,9.860009,0.707026,localization_examples\low_iou\val\26_ml_6_00305.jpg
b_best,val,low_iou,27,ml_3_01273.jpg,D:\_eth_data\eth_shuttle_detection\ml_3_medium\images\train\ml_3_01273.jpg,0.585577,2.050514,0.087897,0.271511,0.196175,23.328693,0.773835,localization_examples\low_iou\val\27_ml_3_01273.jpg
b_best,val,low_iou,28,ml_3_00458.jpg,D:\_eth_data\eth_shuttle_detection\ml_3_medium\images\train\ml_3_00458.jpg,0.58786,3.024743,0.18488,0.341364,0.182795,16.360557,0.635622,localization_examples\low_iou\val\28_ml_3_00458.jpg
b_best,val,low_iou,29,ml_3_01152.jpg,D:\_eth_data\eth_shuttle_detection\ml_3_medium\images\train\ml_3_01152.jpg,0.588616,0.960574,0.115637,0.32617,0.281058,8.306844,0.42744,localization_examples\low_iou\val\29_ml_3_01152.jpg
b_best,val,low_iou,30,ml_3_00002.jpg,D:\_eth_data\eth_shuttle_detection\ml_3_hard\images\train\ml_3_00002.jpg,0.589196,1.716771,0.074192,0.353876,0.088106,23.139644,0.383709,localization_examples\low_iou\val\30_ml_3_00002.jpg
b_best,val,center_error,1,88da48d8-IMG_2868_000000061.jpg,D:\_eth_data\eth_shuttle_detection\old\iphone_20251015\images\val\88da48d8-IMG_2868_000000061.jpg,0.800095,6.464105,0.083028,0.005292,0.108207,77.854832,0.605262,localization_examples\center_error\val\01_88da48d8-IMG_2868_000000061.jpg
b_best,val,center_error,2,88da48d8-IMG_2868_000000207.jpg,D:\_eth_data\eth_shuttle_detection\old\iphone_20251015\images\val\88da48d8-IMG_2868_000000207.jpg,0.646946,6.318893,0.183723,0.011009,0.514922,34.393636,0.788969,localization_examples\center_error\val\02_88da48d8-IMG_2868_000000207.jpg
b_best,val,center_error,3,88da48d8-IMG_2868_000000139.jpg,D:\_eth_data\eth_shuttle_detection\old\iphone_20251015\images\val\88da48d8-IMG_2868_000000139.jpg,0.777553,6.164512,0.083899,0.096389,0.057173,73.475323,0.581106,localization_examples\center_error\val\03_88da48d8-IMG_2868_000000139.jpg
b_best,val,center_error,4,88da48d8-IMG_2868_000000060.jpg,D:\_eth_data\eth_shuttle_detection\old\iphone_20251015\images\val\88da48d8-IMG_2868_000000060.jpg,0.625058,5.716759,0.090791,0.037379,0.542205,62.965814,0.651989,localization_examples\center_error\val\04_88da48d8-IMG_2868_000000060.jpg
b_best,val,center_error,5,ml_6_00019.jpg,D:\_eth_data\eth_shuttle_detection\ml_6_hard\images\train\ml_6_00019.jpg,0.568679,5.547935,0.247043,0.373065,0.061873,22.457327,0.506812,localization_examples\center_error\val\05_ml_6_00019.jpg
b_best,val,center_error,6,ml_3_00464.jpg,D:\_eth_data\eth_shuttle_detection\ml_3_hard\images\train\ml_3_00464.jpg,0.550234,5.063358,0.296369,0.285295,0.140928,17.084625,0.380051,localization_examples\center_error\val\06_ml_3_00464.jpg
b_best,val,center_error,7,uetlibergstrasse_1_01302.jpg,D:\_eth_data\eth_shuttle_detection\uetlibergstrasse_1_easy\images\train\uetlibergstrasse_1_01302.jpg,0.628165,4.249197,0.165508,0.009243,0.113483,25.673694,0.754323,localization_examples\center_error\val\07_uetlibergstrasse_1_01302.jpg
b_best,val,center_error,8,88da48d8-IMG_2868_000000137.jpg,D:\_eth_data\eth_shuttle_detection\old\iphone_20251015\images\val\88da48d8-IMG_2868_000000137.jpg,0.797587,4.216511,0.06085,0.085891,0.082967,69.293981,0.776039,localization_examples\center_error\val\08_88da48d8-IMG_2868_000000137.jpg
b_best,val,center_error,9,88da48d8-IMG_2868_000000138.jpg,D:\_eth_data\eth_shuttle_detection\old\iphone_20251015\images\val\88da48d8-IMG_2868_000000138.jpg,0.655518,4.108482,0.053945,0.337781,0.14033,76.161152,0.692169,localization_examples\center_error\val\09_88da48d8-IMG_2868_000000138.jpg
b_best,val,center_error,10,ml_3_01272.jpg,D:\_eth_data\eth_shuttle_detection\ml_3_medium\images\train\ml_3_01272.jpg,0.68557,4.082011,0.159701,0.254969,0.040144,25.560313,0.779459,localization_examples\center_error\val\10_ml_3_01272.jpg
b_best,val,center_error,11,ml_3_01435.jpg,D:\_eth_data\eth_shuttle_detection\ml_3_hard\images\train\ml_3_01435.jpg,0.676996,4.026821,0.203383,0.175207,0.039012,19.799211,0.45869,localization_examples\center_error\val\11_ml_3_01435.jpg
b_best,val,center_error,12,uetlibergstrasse_1_01311.jpg,D:\_eth_data\eth_shuttle_detection\uetlibergstrasse_1_easy\images\train\uetlibergstrasse_1_01311.jpg,0.796376,3.851976,0.069674,0.035779,0.121314,55.285541,0.758304,localization_examples\center_error\val\12_uetlibergstrasse_1_01311.jpg
b_best,val,center_error,13,88da48d8-IMG_2868_000000136.jpg,D:\_eth_data\eth_shuttle_detection\old\iphone_20251015\images\val\88da48d8-IMG_2868_000000136.jpg,0.836883,3.512849,0.049553,0.108114,0.078327,70.89134,0.765988,localization_examples\center_error\val\13_88da48d8-IMG_2868_000000136.jpg
b_best,val,center_error,14,88da48d8-IMG_2868_000000210.jpg,D:\_eth_data\eth_shuttle_detection\old\iphone_20251015\images\val\88da48d8-IMG_2868_000000210.jpg,0.777054,3.377354,0.061186,0.023869,0.243502,55.198155,0.374088,localization_examples\center_error\val\14_88da48d8-IMG_2868_000000210.jpg
b_best,val,center_error,15,ml_6_01603.jpg,D:\_eth_data\eth_shuttle_detection\ml_6_medium\images\train\ml_6_01603.jpg,0.626748,3.356973,0.243542,0.303837,0.020813,13.783933,0.722745,localization_examples\center_error\val\15_ml_6_01603.jpg
b_best,val,center_error,16,88da48d8-IMG_2868_000000062.jpg,D:\_eth_data\eth_shuttle_detection\old\iphone_20251015\images\val\88da48d8-IMG_2868_000000062.jpg,0.905947,3.354469,0.03787,0.030521,0.036074,88.577383,0.720709,localization_examples\center_error\val\16_88da48d8-IMG_2868_000000062.jpg
b_best,val,center_error,17,ml_6_00518.jpg,D:\_eth_data\eth_shuttle_detection\ml_6_hard\images\train\ml_6_00518.jpg,0.648531,3.287463,0.214604,0.278845,0.104159,15.318757,0.541764,localization_examples\center_error\val\17_ml_6_00518.jpg
b_best,val,center_error,18,uetlibergstrasse_1_01310.jpg,D:\_eth_data\eth_shuttle_detection\uetlibergstrasse_1_easy\images\train\uetlibergstrasse_1_01310.jpg,0.775996,3.201346,0.0686,0.050092,0.219185,46.66684,0.580923,localization_examples\center_error\val\18_uetlibergstrasse_1_01310.jpg
b_best,val,center_error,19,ml_3_00366.jpg,D:\_eth_data\eth_shuttle_detection\ml_3_medium\images\train\ml_3_00366.jpg,0.689892,3.16269,0.14144,0.320835,0.041027,22.36068,0.740028,localization_examples\center_error\val\19_ml_3_00366.jpg
b_best,val,center_error,20,ml_6_02025.jpg,D:\_eth_data\eth_shuttle_detection\ml_6_medium\images\train\ml_6_02025.jpg,0.739728,3.108922,0.157201,0.057353,0.179431,19.776723,0.759314,localization_examples\center_error\val\20_ml_6_02025.jpg
b_best,val,center_error,21,ml_6_02210.jpg,D:\_eth_data\eth_shuttle_detection\ml_6_medium\images\train\ml_6_02210.jpg,0.763127,3.100321,0.094432,0.087391,0.147351,32.831099,0.688832,localization_examples\center_error\val\21_ml_6_02210.jpg
b_best,val,center_error,22,88da48d8-IMG_2868_000000190.jpg,D:\_eth_data\eth_shuttle_detection\old\iphone_20251015\images\val\88da48d8-IMG_2868_000000190.jpg,0.707606,3.059026,0.160457,0.070801,0.238477,19.064398,0.486974,localization_examples\center_error\val\22_88da48d8-IMG_2868_000000190.jpg
b_best,val,center_error,23,ml_6_00433.jpg,D:\_eth_data\eth_shuttle_detection\ml_6_medium\images\train\ml_6_00433.jpg,0.757486,3.02617,0.132367,0.088909,0.021394,22.861986,0.628568,localization_examples\center_error\val\23_ml_6_00433.jpg
b_best,val,center_error,24,ml_3_00458.jpg,D:\_eth_data\eth_shuttle_detection\ml_3_medium\images\train\ml_3_00458.jpg,0.58786,3.024743,0.18488,0.341364,0.182795,16.360557,0.635622,localization_examples\center_error\val\24_ml_3_00458.jpg
b_best,val,center_error,25,88da48d8-IMG_2868_000000063.jpg,D:\_eth_data\eth_shuttle_detection\old\iphone_20251015\images\val\88da48d8-IMG_2868_000000063.jpg,0.896805,3.019781,0.037038,0.06061,0.018979,81.531242,0.734661,localization_examples\center_error\val\25_88da48d8-IMG_2868_000000063.jpg
b_best,val,center_error,26,ml_3_00104.jpg,D:\_eth_data\eth_shuttle_detection\ml_3_medium\images\train\ml_3_00104.jpg,0.676237,3.004761,0.194769,0.255645,0.084536,15.427275,0.718221,localization_examples\center_error\val\26_ml_3_00104.jpg
b_best,val,center_error,27,88da48d8-IMG_2868_000000214.jpg,D:\_eth_data\eth_shuttle_detection\old\iphone_20251015\images\val\88da48d8-IMG_2868_000000214.jpg,0.865333,2.970171,0.054331,0.049633,0.025966,54.668072,0.795187,localization_examples\center_error\val\27_88da48d8-IMG_2868_000000214.jpg
b_best,val,center_error,28,ml_6_00672.jpg,D:\_eth_data\eth_shuttle_detection\ml_6_easy\images\train\ml_6_00672.jpg,0.690301,2.968163,0.173898,0.231301,0.105109,17.068461,0.35149,localization_examples\center_error\val\28_ml_6_00672.jpg
b_best,val,center_error,29,ml_3_00110.jpg,D:\_eth_data\eth_shuttle_detection\ml_3_easy\images\train\ml_3_00110.jpg,0.688495,2.942885,0.17348,0.220941,0.119622,16.963845,0.652339,localization_examples\center_error\val\29_ml_3_00110.jpg
b_best,val,center_error,30,uetlibergstrasse_1_01304.jpg,D:\_eth_data\eth_shuttle_detection\uetlibergstrasse_1_easy\images\train\uetlibergstrasse_1_01304.jpg,0.72545,2.924151,0.08937,0.145199,0.142512,32.719555,0.719145,localization_examples\center_error\val\30_uetlibergstrasse_1_01304.jpg
b_best,val,width_error,1,val_00015.jpg,E:\具身智能\badmin_project\outputs\shuttle_capability\train_data\val\images\val_00015.jpg,0.610244,0.51475,0.092283,0.565123,0.047003,5.57795,0.575392,localization_examples\width_error\val\01_val_00015.jpg
b_best,val,width_error,2,88da48d8-IMG_2868_000000165.jpg,D:\_eth_data\eth_shuttle_detection\old\iphone_20251015\images\val\88da48d8-IMG_2868_000000165.jpg,0.591293,2.039596,0.164525,0.550684,0.038981,12.396878,0.685454,localization_examples\width_error\val\02_88da48d8-IMG_2868_000000165.jpg
b_best,val,width_error,3,ml_6_02054.jpg,D:\_eth_data\eth_shuttle_detection\ml_6_hard\images\train\ml_6_02054.jpg,0.553609,1.396751,0.194951,0.501414,0.203084,7.164624,0.675719,localization_examples\width_error\val\03_ml_6_02054.jpg
b_best,val,width_error,4,uetlibergstrasse_1_00072.jpg,D:\_eth_data\eth_shuttle_detection\uetlibergstrasse_1_easy\images\train\uetlibergstrasse_1_00072.jpg,0.607776,0.717029,0.103494,0.4845,0.108348,6.928203,0.72722,localization_examples\width_error\val\04_uetlibergstrasse_1_00072.jpg
b_best,val,width_error,5,ml_3_00675.jpg,D:\_eth_data\eth_shuttle_detection\ml_3_medium\images\train\ml_3_00675.jpg,0.551881,0.723581,0.080453,0.448087,0.251295,8.993791,0.354133,localization_examples\width_error\val\05_ml_3_00675.jpg
b_best,val,width_error,6,ml_6_00759.jpg,D:\_eth_data\eth_shuttle_detection\ml_6_hard\images\train\ml_6_00759.jpg,0.566161,0.736762,0.088412,0.434293,0.231465,8.33332,0.608461,localization_examples\width_error\val\06_ml_6_00759.jpg
b_best,val,width_error,7,ml_3_00581.jpg,D:\_eth_data\eth_shuttle_detection\ml_3_medium\images\train\ml_3_00581.jpg,0.572602,1.005808,0.088367,0.401214,0.076369,11.38211,0.466824,localization_examples\width_error\val\07_ml_3_00581.jpg
b_best,val,width_error,8,ml_3_00447.jpg,D:\_eth_data\eth_shuttle_detection\ml_3_hard\images\train\ml_3_00447.jpg,0.584116,0.13153,0.010546,0.399535,0.046611,12.472163,0.602957,localization_examples\width_error\val\08_ml_3_00447.jpg
b_best,val,width_error,9,ml_6_00019.jpg,D:\_eth_data\eth_shuttle_detection\ml_6_hard\images\train\ml_6_00019.jpg,0.568679,5.547935,0.247043,0.373065,0.061873,22.457327,0.506812,localization_examples\width_error\val\09_ml_6_00019.jpg
b_best,val,width_error,10,88da48d8-IMG_2868_000000168.jpg,D:\_eth_data\eth_shuttle_detection\old\iphone_20251015\images\val\88da48d8-IMG_2868_000000168.jpg,0.614016,1.210073,0.094835,0.358976,0.198419,12.759806,0.677613,localization_examples\width_error\val\10_88da48d8-IMG_2868_000000168.jpg
b_best,val,width_error,11,ml_6_00029.jpg,D:\_eth_data\eth_shuttle_detection\ml_6_medium\images\train\ml_6_00029.jpg,0.54787,2.64844,0.119159,0.358381,0.146112,22.226111,0.729003,localization_examples\width_error\val\11_ml_6_00029.jpg
b_best,val,width_error,12,ml_3_00579.jpg,D:\_eth_data\eth_shuttle_detection\ml_3_medium\images\train\ml_3_00579.jpg,0.582097,1.886667,0.168525,0.357363,0.064008,11.195199,0.72649,localization_examples\width_error\val\12_ml_3_00579.jpg
b_best,val,width_error,13,ml_3_00002.jpg,D:\_eth_data\eth_shuttle_detection\ml_3_hard\images\train\ml_3_00002.jpg,0.589196,1.716771,0.074192,0.353876,0.088106,23.139644,0.383709,localization_examples\width_error\val\13_ml_3_00002.jpg
b_best,val,width_error,14,val_00084.jpg,E:\具身智能\badmin_project\outputs\shuttle_capability\train_data\val\images\val_00084.jpg,0.639355,0.425184,0.107805,0.352577,0.069226,3.944017,0.621168,localization_examples\width_error\val\14_val_00084.jpg
b_best,val,width_error,15,ml_6_01310.jpg,D:\_eth_data\eth_shuttle_detection\ml_6_hard\images\train\ml_6_01310.jpg,0.615303,0.517888,0.04676,0.350867,0.025991,11.075421,0.633002,localization_examples\width_error\val\15_ml_6_01310.jpg
b_best,val,width_error,16,ml_6_00022.jpg,D:\_eth_data\eth_shuttle_detection\ml_6_medium\images\train\ml_6_00022.jpg,0.618983,2.141136,0.095342,0.343072,0.057761,22.457327,0.724596,localization_examples\width_error\val\16_ml_6_00022.jpg
b_best,val,width_error,17,ml_3_00458.jpg,D:\_eth_data\eth_shuttle_detection\ml_3_medium\images\train\ml_3_00458.jpg,0.58786,3.024743,0.18488,0.341364,0.182795,16.360557,0.635622,localization_examples\width_error\val\17_ml_3_00458.jpg
b_best,val,width_error,18,uetlibergstrasse_1_00444.jpg,D:\_eth_data\eth_shuttle_detection\uetlibergstrasse_1_easy\images\train\uetlibergstrasse_1_00444.jpg,0.601108,1.049767,0.123716,0.340274,0.241235,8.485281,0.717461,localization_examples\width_error\val\18_uetlibergstrasse_1_00444.jpg
b_best,val,width_error,19,ml_6_01894.jpg,D:\_eth_data\eth_shuttle_detection\ml_6_medium\images\train\ml_6_01894.jpg,0.607489,1.194613,0.141223,0.339975,0.22847,8.459029,0.744942,localization_examples\width_error\val\19_ml_6_01894.jpg
b_best,val,width_error,20,88da48d8-IMG_2868_000000138.jpg,D:\_eth_data\eth_shuttle_detection\old\iphone_20251015\images\val\88da48d8-IMG_2868_000000138.jpg,0.655518,4.108482,0.053945,0.337781,0.14033,76.161152,0.692169,localization_examples\width_error\val\20_88da48d8-IMG_2868_000000138.jpg
b_best,val,width_error,21,ml_6_00983.jpg,D:\_eth_data\eth_shuttle_detection\ml_6_medium\images\train\ml_6_00983.jpg,0.638262,0.58499,0.046408,0.33269,0.0682,12.605247,0.278325,localization_examples\width_error\val\21_ml_6_00983.jpg
b_best,val,width_error,22,val_00082.jpg,E:\具身智能\badmin_project\outputs\shuttle_capability\train_data\val\images\val_00082.jpg,0.631626,1.436646,0.153149,0.332325,0.100193,9.380695,0.634601,localization_examples\width_error\val\22_val_00082.jpg
b_best,val,width_error,23,ml_3_00103.jpg,D:\_eth_data\eth_shuttle_detection\ml_3_medium\images\train\ml_3_00103.jpg,0.576749,1.281925,0.085716,0.329531,0.06636,14.955529,0.655653,localization_examples\width_error\val\23_ml_3_00103.jpg
b_best,val,width_error,24,uetlibergstrasse_1_02612.jpg,D:\_eth_data\eth_shuttle_detection\uetlibergstrasse_1_easy\images\train\uetlibergstrasse_1_02612.jpg,0.691955,0.115566,0.018247,0.326747,0.089266,6.33332,0.468135,localization_examples\width_error\val\24_uetlibergstrasse_1_02612.jpg
b_best,val,width_error,25,ml_3_01152.jpg,D:\_eth_data\eth_shuttle_detection\ml_3_medium\images\train\ml_3_01152.jpg,0.588616,0.960574,0.115637,0.32617,0.281058,8.306844,0.42744,localization_examples\width_error\val\25_ml_3_01152.jpg
b_best,val,width_error,26,val_00031.jpg,E:\具身智能\badmin_project\outputs\shuttle_capability\train_data\val\images\val_00031.jpg,0.507302,1.527678,0.241543,0.325826,0.215598,6.324657,0.408945,localization_examples\width_error\val\26_val_00031.jpg
b_best,val,width_error,27,ml_6_00375.jpg,D:\_eth_data\eth_shuttle_detection\ml_6_medium\images\train\ml_6_00375.jpg,0.661755,0.408711,0.027983,0.324199,0.020785,14.605862,0.57612,localization_examples\width_error\val\27_ml_6_00375.jpg
b_best,val,width_error,28,ml_3_01211.jpg,D:\_eth_data\eth_shuttle_detection\ml_3_hard\images\train\ml_3_01211.jpg,0.651715,2.145138,0.180654,0.32268,0.045369,11.874302,0.61693,localization_examples\width_error\val\28_ml_3_01211.jpg
b_best,val,width_error,29,ml_3_00366.jpg,D:\_eth_data\eth_shuttle_detection\ml_3_medium\images\train\ml_3_00366.jpg,0.689892,3.16269,0.14144,0.320835,0.041027,22.36068,0.740028,localization_examples\width_error\val\29_ml_3_00366.jpg
b_best,val,width_error,30,ml_3_00590.jpg,D:\_eth_data\eth_shuttle_detection\ml_3_medium\images\train\ml_3_00590.jpg,0.613557,0.988172,0.076239,0.319282,0.038606,12.961555,0.605083,localization_examples\width_error\val\30_ml_3_00590.jpg
b_best,val,height_error,1,val_00088.jpg,E:\具身智能\badmin_project\outputs\shuttle_capability\train_data\val\images\val_00088.jpg,0.536792,0.847748,0.083128,0.166699,0.662874,10.198165,0.651773,localization_examples\height_error\val\01_val_00088.jpg
b_best,val,height_error,2,88da48d8-IMG_2868_000000060.jpg,D:\_eth_data\eth_shuttle_detection\old\iphone_20251015\images\val\88da48d8-IMG_2868_000000060.jpg,0.625058,5.716759,0.090791,0.037379,0.542205,62.965814,0.651989,localization_examples\height_error\val\02_88da48d8-IMG_2868_000000060.jpg
b_best,val,height_error,3,uetlibergstrasse_1_01245.jpg,D:\_eth_data\eth_shuttle_detection\uetlibergstrasse_1_easy\images\train\uetlibergstrasse_1_01245.jpg,0.538623,0.585743,0.113427,0.216837,0.525747,5.16406,0.723552,localization_examples\height_error\val\03_uetlibergstrasse_1_01245.jpg
b_best,val,height_error,4,ml_3_01201.jpg,D:\_eth_data\eth_shuttle_detection\ml_3_hard\images\train\ml_3_01201.jpg,0.520659,1.484172,0.162803,0.256156,0.522455,9.116361,0.640742,localization_examples\height_error\val\04_ml_3_01201.jpg
b_best,val,height_error,5,88da48d8-IMG_2868_000000207.jpg,D:\_eth_data\eth_shuttle_detection\old\iphone_20251015\images\val\88da48d8-IMG_2868_000000207.jpg,0.646946,6.318893,0.183723,0.011009,0.514922,34.393636,0.788969,localization_examples\height_error\val\05_88da48d8-IMG_2868_000000207.jpg
b_best,val,height_error,6,uetlibergstrasse_1_02028.jpg,D:\_eth_data\eth_shuttle_detection\uetlibergstrasse_1_medium\images\train\uetlibergstrasse_1_02028.jpg,0.553661,0.550761,0.084982,0.196052,0.510102,6.480948,0.664753,localization_examples\height_error\val\06_uetlibergstrasse_1_02028.jpg
b_best,val,height_error,7,ml_3_00396.jpg,D:\_eth_data\eth_shuttle_detection\ml_3_hard\images\train\ml_3_00396.jpg,0.562811,1.308293,0.160231,0.143276,0.499778,8.165047,0.555405,localization_examples\height_error\val\07_ml_3_00396.jpg
b_best,val,height_error,8,ml_6_00143.jpg,D:\_eth_data\eth_shuttle_detection\ml_6_easy\images\train\ml_6_00143.jpg,0.618983,0.995692,0.10922,0.098704,0.470416,9.116361,0.401566,localization_examples\height_error\val\08_ml_6_00143.jpg
b_best,val,height_error,9,ml_6_00305.jpg,D:\_eth_data\eth_shuttle_detection\ml_6_medium\images\train\ml_6_00305.jpg,0.584857,1.108014,0.112375,0.169755,0.461691,9.860009,0.707026,localization_examples\height_error\val\09_ml_6_00305.jpg
b_best,val,height_error,10,val_00114.jpg,E:\具身智能\badmin_project\outputs\shuttle_capability\train_data\val\images\val_00114.jpg,0.530805,1.299228,0.132602,0.299901,0.449287,9.797959,0.66581,localization_examples\height_error\val\10_val_00114.jpg
b_best,val,height_error,11,uetlibergstrasse_1_02070.jpg,D:\_eth_data\eth_shuttle_detection\uetlibergstrasse_1_easy\images\train\uetlibergstrasse_1_02070.jpg,0.63472,0.08255,0.011701,0.088498,0.447407,7.055168,0.763923,localization_examples\height_error\val\11_uetlibergstrasse_1_02070.jpg
b_best,val,height_error,12,uetlibergstrasse_1_01229.jpg,D:\_eth_data\eth_shuttle_detection\uetlibergstrasse_1_easy\images\train\uetlibergstrasse_1_01229.jpg,0.58458,1.104026,0.134943,0.08141,0.44374,8.181403,0.714471,localization_examples\height_error\val\12_uetlibergstrasse_1_01229.jpg
b_best,val,height_error,13,ml_6_00343.jpg,D:\_eth_data\eth_shuttle_detection\ml_6_easy\images\train\ml_6_00343.jpg,0.60474,0.595727,0.069305,0.169005,0.414539,8.595735,0.65337,localization_examples\height_error\val\13_ml_6_00343.jpg
b_best,val,height_error,14,uetlibergstrasse_1_00054.jpg,D:\_eth_data\eth_shuttle_detection\uetlibergstrasse_1_easy\images\train\uetlibergstrasse_1_00054.jpg,0.541642,1.341888,0.230707,0.163003,0.411033,5.81643,0.528151,localization_examples\height_error\val\14_uetlibergstrasse_1_00054.jpg
b_best,val,height_error,15,ml_3_00666.jpg,D:\_eth_data\eth_shuttle_detection\ml_3_easy\images\train\ml_3_00666.jpg,0.62708,1.704823,0.122824,0.099132,0.404646,13.88023,0.729136,localization_examples\height_error\val\15_ml_3_00666.jpg
b_best,val,height_error,16,uetlibergstrasse_1_00056.jpg,D:\_eth_data\eth_shuttle_detection\uetlibergstrasse_1_easy\images\train\uetlibergstrasse_1_00056.jpg,0.639082,0.374197,0.063555,0.116041,0.402049,5.88775,0.675511,localization_examples\height_error\val\16_uetlibergstrasse_1_00056.jpg
b_best,val,height_error,17,uetlibergstrasse_1_01240.jpg,D:\_eth_data\eth_shuttle_detection\uetlibergstrasse_1_medium\images\train\uetlibergstrasse_1_01240.jpg,0.645571,0.194314,0.035062,0.105251,0.401507,5.542025,0.594107,localization_examples\height_error\val\17_uetlibergstrasse_1_01240.jpg
b_best,val,height_error,18,ml_3_00281.jpg,D:\_eth_data\eth_shuttle_detection\ml_3_easy\images\train\ml_3_00281.jpg,0.690931,0.705853,0.0673,0.044319,0.385901,10.488105,0.709306,localization_examples\height_error\val\18_ml_3_00281.jpg
b_best,val,height_error,19,ml_6_02026.jpg,D:\_eth_data\eth_shuttle_detection\ml_6_medium\images\train\ml_6_02026.jpg,0.533923,2.124442,0.117303,0.106153,0.385548,18.1107,0.498753,localization_examples\height_error\val\19_ml_6_02026.jpg
b_best,val,height_error,20,uetlibergstrasse_1_01246.jpg,D:\_eth_data\eth_shuttle_detection\uetlibergstrasse_1_easy\images\train\uetlibergstrasse_1_01246.jpg,0.656834,0.311937,0.052981,0.103701,0.379409,5.88775,0.711895,localization_examples\height_error\val\20_uetlibergstrasse_1_01246.jpg
b_best,val,height_error,21,ml_6_02287.jpg,D:\_eth_data\eth_shuttle_detection\ml_6_hard\images\train\ml_6_02287.jpg,0.671452,1.586631,0.153626,0.084528,0.363307,10.327873,0.369444,localization_examples\height_error\val\21_ml_6_02287.jpg
b_best,val,height_error,22,ml_3_01037.jpg,D:\_eth_data\eth_shuttle_detection\ml_3_easy\images\train\ml_3_01037.jpg,0.730458,0.197584,0.022969,0.004957,0.361467,8.602362,0.6706,localization_examples\height_error\val\22_ml_3_01037.jpg
b_best,val,height_error,23,ml_3_00282.jpg,D:\_eth_data\eth_shuttle_detection\ml_3_easy\images\train\ml_3_00282.jpg,0.673161,0.242679,0.022143,0.091907,0.36049,10.959579,0.776958,localization_examples\height_error\val\23_ml_3_00282.jpg
b_best,val,height_error,24,uetlibergstrasse_1_02055.jpg,D:\_eth_data\eth_shuttle_detection\uetlibergstrasse_1_easy\images\train\uetlibergstrasse_1_02055.jpg,0.660592,0.739761,0.092821,0.067858,0.360196,7.969765,0.802134,localization_examples\height_error\val\24_uetlibergstrasse_1_02055.jpg
b_best,val,height_error,25,ml_3_00992.jpg,D:\_eth_data\eth_shuttle_detection\ml_3_medium\images\train\ml_3_00992.jpg,0.682401,0.81713,0.081173,0.009037,0.355158,10.066531,0.652782,localization_examples\height_error\val\25_ml_3_00992.jpg
b_best,val,height_error,26,uetlibergstrasse_1_02151.jpg,D:\_eth_data\eth_shuttle_detection\uetlibergstrasse_1_easy\images\train\uetlibergstrasse_1_02151.jpg,0.697635,0.334383,0.04065,0.058875,0.352016,8.22593,0.763801,localization_examples\height_error\val\26_uetlibergstrasse_1_02151.jpg
b_best,val,height_error,27,uetlibergstrasse_1_02074.jpg,D:\_eth_data\eth_shuttle_detection\uetlibergstrasse_1_medium\images\train\uetlibergstrasse_1_02074.jpg,0.501142,2.539064,0.260572,0.083659,0.347125,9.744194,0.625762,localization_examples\height_error\val\27_uetlibergstrasse_1_02074.jpg
b_best,val,height_error,28,ml_3_00277.jpg,D:\_eth_data\eth_shuttle_detection\ml_3_hard\images\train\ml_3_00277.jpg,0.647935,0.973535,0.112,0.044866,0.3447,8.692275,0.621335,localization_examples\height_error\val\28_ml_3_00277.jpg
b_best,val,height_error,29,uetlibergstrasse_1_01242.jpg,D:\_eth_data\eth_shuttle_detection\uetlibergstrasse_1_easy\images\train\uetlibergstrasse_1_01242.jpg,0.627933,0.415547,0.077313,0.186525,0.342176,5.374842,0.735215,localization_examples\height_error\val\29_uetlibergstrasse_1_01242.jpg
b_best,val,height_error,30,ml_6_00646.jpg,D:\_eth_data\eth_shuttle_detection\ml_6_medium\images\train\ml_6_00646.jpg,0.730091,0.287075,0.022992,0.015062,0.339046,12.485689,0.601563,localization_examples\height_error\val\30_ml_6_00646.jpg
b_best,val,near_miss,1,ml_3_00459.jpg,D:\_eth_data\eth_shuttle_detection\ml_3_medium\images\train\ml_3_00459.jpg,0.495312,0.974746,0.064211,0.411441,0.158432,15.180347,0.614993,localization_examples\near_miss\val\01_ml_3_00459.jpg
b_best,val,near_miss,2,ml_6_01615.jpg,D:\_eth_data\eth_shuttle_detection\ml_6_hard\images\train\ml_6_01615.jpg,0.494083,0.63891,0.042437,0.382891,0.199358,15.055364,0.502433,localization_examples\near_miss\val\02_ml_6_01615.jpg
b_best,val,near_miss,3,uetlibergstrasse_1_02148.jpg,D:\_eth_data\eth_shuttle_detection\uetlibergstrasse_1_medium\images\train\uetlibergstrasse_1_02148.jpg,0.488653,1.281491,0.235714,0.473068,0.389238,5.436626,0.636213,localization_examples\near_miss\val\03_uetlibergstrasse_1_02148.jpg
b_best,val,near_miss,4,88da48d8-IMG_2868_000000164.jpg,D:\_eth_data\eth_shuttle_detection\old\iphone_20251015\images\val\88da48d8-IMG_2868_000000164.jpg,0.488035,3.608791,0.282604,0.455672,0.327597,12.769785,0.713174,localization_examples\near_miss\val\04_88da48d8-IMG_2868_000000164.jpg
b_best,val,near_miss,5,uetlibergstrasse_1_02614.jpg,D:\_eth_data\eth_shuttle_detection\uetlibergstrasse_1_easy\images\train\uetlibergstrasse_1_02614.jpg,0.487221,2.257831,0.308209,0.182503,0.021342,7.32565,0.708201,localization_examples\near_miss\val\05_uetlibergstrasse_1_02614.jpg
b_best,val,near_miss,6,ml_3_00000.jpg,D:\_eth_data\eth_shuttle_detection\ml_3_medium\images\train\ml_3_00000.jpg,0.471433,1.230495,0.06593,0.541078,0.376433,18.663745,0.442619,localization_examples\near_miss\val\06_ml_3_00000.jpg
b_best,val,near_miss,7,ml_6_00304.jpg,D:\_eth_data\eth_shuttle_detection\ml_6_hard\images\train\ml_6_00304.jpg,0.46937,2.525495,0.249246,0.323864,0.551889,10.132531,0.685341,localization_examples\near_miss\val\07_ml_6_00304.jpg
b_best,val,near_miss,8,uetlibergstrasse_1_00410.jpg,D:\_eth_data\eth_shuttle_detection\uetlibergstrasse_1_medium\images\train\uetlibergstrasse_1_00410.jpg,0.460972,1.5152,0.19755,0.30262,0.665359,7.669975,0.43203,localization_examples\near_miss\val\08_uetlibergstrasse_1_00410.jpg
b_best,val,near_miss,9,uetlibergstrasse_1_00408.jpg,D:\_eth_data\eth_shuttle_detection\uetlibergstrasse_1_easy\images\train\uetlibergstrasse_1_00408.jpg,0.459561,0.67465,0.119888,0.46036,0.490035,5.627362,0.753965,localization_examples\near_miss\val\09_uetlibergstrasse_1_00408.jpg
b_best,val,near_miss,10,ml_6_00761.jpg,D:\_eth_data\eth_shuttle_detection\ml_6_hard\images\train\ml_6_00761.jpg,0.453431,2.45966,0.304308,0.257122,0.420445,8.082811,0.318853,localization_examples\near_miss\val\10_ml_6_00761.jpg
b_best,val,near_miss,11,val_00096.jpg,E:\具身智能\badmin_project\outputs\shuttle_capability\train_data\val\images\val_00096.jpg,0.428762,0.383804,0.08224,0.449676,0.608839,4.66688,0.390876,localization_examples\near_miss\val\11_val_00096.jpg
b_best,val,near_miss,12,ml_3_01267.jpg,D:\_eth_data\eth_shuttle_detection\ml_3_medium\images\train\ml_3_01267.jpg,0.424176,9.80982,0.201082,0.401399,0.291387,48.78516,0.739545,localization_examples\near_miss\val\12_ml_3_01267.jpg
b_best,val,near_miss,13,uetlibergstrasse_1_01244.jpg,D:\_eth_data\eth_shuttle_detection\uetlibergstrasse_1_easy\images\train\uetlibergstrasse_1_01244.jpg,0.416521,1.111863,0.215308,0.251211,0.918813,5.16406,0.648912,localization_examples\near_miss\val\13_uetlibergstrasse_1_01244.jpg
b_best,val,near_miss,14,ml_6_00027.jpg,D:\_eth_data\eth_shuttle_detection\ml_6_easy\images\train\ml_6_00027.jpg,0.40658,1.027782,0.044832,0.477779,0.22144,22.925,0.629137,localization_examples\near_miss\val\14_ml_6_00027.jpg
b_best,val,near_miss,15,ml_6_00145.jpg,D:\_eth_data\eth_shuttle_detection\ml_6_medium\images\train\ml_6_00145.jpg,0.387413,3.207608,0.346787,0.23734,1.086109,9.249498,0.265373,localization_examples\near_miss\val\15_ml_6_00145.jpg
b_best,val,near_miss,16,uetlibergstrasse_1_00053.jpg,D:\_eth_data\eth_shuttle_detection\uetlibergstrasse_1_easy\images\train\uetlibergstrasse_1_00053.jpg,0.380301,2.10613,0.345039,0.566372,0.678719,6.104026,0.64924,localization_examples\near_miss\val\16_uetlibergstrasse_1_00053.jpg
b_best,val,near_miss,17,uetlibergstrasse_1_02150.jpg,D:\_eth_data\eth_shuttle_detection\uetlibergstrasse_1_medium\images\train\uetlibergstrasse_1_02150.jpg,0.361881,1.618685,0.326662,0.655305,0.669386,4.955233,0.61267,localization_examples\near_miss\val\17_uetlibergstrasse_1_02150.jpg
b_best,val,near_miss,18,uetlibergstrasse_1_00041.jpg,D:\_eth_data\eth_shuttle_detection\uetlibergstrasse_1_hard\images\train\uetlibergstrasse_1_00041.jpg,0.353509,0.027737,0.008406,0.353288,1.090303,3.299813,0.614573,localization_examples\near_miss\val\18_uetlibergstrasse_1_00041.jpg
b_best,val,near_miss,19,uetlibergstrasse_1_01303.jpg,D:\_eth_data\eth_shuttle_detection\uetlibergstrasse_1_easy\images\train\uetlibergstrasse_1_01303.jpg,0.328294,7.165568,0.2464,0.347,0.43096,29.081079,0.572146,localization_examples\near_miss\val\19_uetlibergstrasse_1_01303.jpg
b_best,val,near_miss,20,ml_6_02209.jpg,D:\_eth_data\eth_shuttle_detection\ml_6_medium\images\train\ml_6_02209.jpg,0.31447,10.36449,0.30045,0.41937,0.376879,34.496534,0.36659,localization_examples\near_miss\val\20_ml_6_02209.jpg
b_best,controlled_capability/images,low_iou,1,s7_near_field_0512_1.jpg,E:\具身智能\badmin_project\outputs\shuttle_capability\controlled_capability\images\s7_near_field_0512_1.jpg,0.501773,28.552525,0.111425,0.305591,0.277411,256.249798,0.539764,localization_examples\low_iou\controlled_capability_images\01_s7_near_field_0512_1.jpg
b_best,controlled_capability/images,low_iou,2,s7_near_field_0512_26.jpg,E:\具身智能\badmin_project\outputs\shuttle_capability\controlled_capability\images\s7_near_field_0512_26.jpg,0.502724,32.149539,0.125462,0.344079,0.233559,256.249798,0.374712,localization_examples\low_iou\controlled_capability_images\02_s7_near_field_0512_26.jpg
b_best,controlled_capability/images,low_iou,3,s7_near_field_0512_31.jpg,E:\具身智能\badmin_project\outputs\shuttle_capability\controlled_capability\images\s7_near_field_0512_31.jpg,0.506754,29.52445,0.115217,0.319175,0.255676,256.249798,0.431819,localization_examples\low_iou\controlled_capability_images\03_s7_near_field_0512_31.jpg
b_best,controlled_capability/images,low_iou,4,s7_near_field_0384_15.jpg,E:\具身智能\badmin_project\outputs\shuttle_capability\controlled_capability\images\s7_near_field_0384_15.jpg,0.506993,39.461033,0.205794,0.251946,0.30677,191.749917,0.648003,localization_examples\low_iou\controlled_capability_images\04_s7_near_field_0384_15.jpg
b_best,controlled_capability/images,low_iou,5,s7_near_field_0512_10.jpg,E:\具身智能\badmin_project\outputs\shuttle_capability\controlled_capability\images\s7_near_field_0512_10.jpg,0.508093,41.524029,0.162045,0.245889,0.308054,256.249798,0.520652,localization_examples\low_iou\controlled_capability_images\05_s7_near_field_0512_10.jpg
b_best,controlled_capability/images,low_iou,6,s7_near_field_0512_2.jpg,E:\具身智能\badmin_project\outputs\shuttle_capability\controlled_capability\images\s7_near_field_0512_2.jpg,0.510124,19.684181,0.076816,0.293437,0.278021,256.249798,0.388078,localization_examples\low_iou\controlled_capability_images\06_s7_near_field_0512_2.jpg
b_best,controlled_capability/images,low_iou,7,s7_near_field_0384_26.jpg,E:\具身智能\badmin_project\outputs\shuttle_capability\controlled_capability\images\s7_near_field_0384_26.jpg,0.511034,39.406715,0.205511,0.249797,0.290708,191.749917,0.639159,localization_examples\low_iou\controlled_capability_images\07_s7_near_field_0384_26.jpg
b_best,controlled_capability/images,low_iou,8,s7_near_field_0384_3.jpg,E:\具身智能\badmin_project\outputs\shuttle_capability\controlled_capability\images\s7_near_field_0384_3.jpg,0.524214,34.29343,0.178845,0.287224,0.264546,191.749917,0.698968,localization_examples\low_iou\controlled_capability_images\08_s7_near_field_0384_3.jpg
b_best,controlled_capability/images,low_iou,9,s7_near_field_0512_35.jpg,E:\具身智能\badmin_project\outputs\shuttle_capability\controlled_capability\images\s7_near_field_0512_35.jpg,0.524274,29.477268,0.115033,0.303148,0.247654,256.249798,0.530366,localization_examples\low_iou\controlled_capability_images\09_s7_near_field_0512_35.jpg
b_best,controlled_capability/images,low_iou,10,s7_near_field_0384_16.jpg,E:\具身智能\badmin_project\outputs\shuttle_capability\controlled_capability\images\s7_near_field_0384_16.jpg,0.52577,32.464474,0.169306,0.27847,0.266397,191.749917,0.642761,localization_examples\low_iou\controlled_capability_images\10_s7_near_field_0384_16.jpg
b_best,controlled_capability/images,low_iou,11,s7_near_field_0096_33.jpg,E:\具身智能\badmin_project\outputs\shuttle_capability\controlled_capability\images\s7_near_field_0096_33.jpg,0.525967,6.960727,0.145015,0.424683,0.334515,48.0,0.310068,localization_examples\low_iou\controlled_capability_images\11_s7_near_field_0096_33.jpg
b_best,controlled_capability/images,low_iou,12,s7_near_field_0384_19.jpg,E:\具身智能\badmin_project\outputs\shuttle_capability\controlled_capability\images\s7_near_field_0384_19.jpg,0.527671,33.229251,0.173295,0.297539,0.248825,191.749917,0.698582,localization_examples\low_iou\controlled_capability_images\12_s7_near_field_0384_19.jpg
b_best,controlled_capability/images,low_iou,13,s7_near_field_0512_4.jpg,E:\具身智能\badmin_project\outputs\shuttle_capability\controlled_capability\images\s7_near_field_0512_4.jpg,0.529564,29.637246,0.115658,0.296362,0.247391,256.249798,0.558953,localization_examples\low_iou\controlled_capability_images\13_s7_near_field_0512_4.jpg
b_best,controlled_capability/images,low_iou,14,s7_near_field_0512_3.jpg,E:\具身智能\badmin_project\outputs\shuttle_capability\controlled_capability\images\s7_near_field_0512_3.jpg,0.532673,26.189944,0.102205,0.280624,0.259535,256.249798,0.423669,localization_examples\low_iou\controlled_capability_images\14_s7_near_field_0512_3.jpg
b_best,controlled_capability/images,low_iou,15,s7_near_field_0384_38.jpg,E:\具身智能\badmin_project\outputs\shuttle_capability\controlled_capability\images\s7_near_field_0384_38.jpg,0.532974,34.590749,0.180395,0.272526,0.245207,191.749917,0.656137,localization_examples\low_iou\controlled_capability_images\15_s7_near_field_0384_38.jpg
b_best,controlled_capability/images,low_iou,16,s7_near_field_0512_16.jpg,E:\具身智能\badmin_project\outputs\shuttle_capability\controlled_capability\images\s7_near_field_0512_16.jpg,0.535331,28.366936,0.1107,0.2958,0.239803,256.249798,0.535889,localization_examples\low_iou\controlled_capability_images\16_s7_near_field_0512_16.jpg
b_best,controlled_capability/images,low_iou,17,s7_near_field_0512_32.jpg,E:\具身智能\badmin_project\outputs\shuttle_capability\controlled_capability\images\s7_near_field_0512_32.jpg,0.535408,31.298188,0.122139,0.282034,0.254272,256.249798,0.562119,localization_examples\low_iou\controlled_capability_images\17_s7_near_field_0512_32.jpg
b_best,controlled_capability/images,low_iou,18,s7_near_field_0384_18.jpg,E:\具身智能\badmin_project\outputs\shuttle_capability\controlled_capability\images\s7_near_field_0384_18.jpg,0.535594,33.276727,0.173542,0.293466,0.241941,191.749917,0.716345,localization_examples\low_iou\controlled_capability_images\18_s7_near_field_0384_18.jpg
b_best,controlled_capability/images,low_iou,19,s7_near_field_0384_1.jpg,E:\具身智能\badmin_project\outputs\shuttle_capability\controlled_capability\images\s7_near_field_0384_1.jpg,0.53694,33.841027,0.176485,0.283049,0.251078,191.749917,0.716173,localization_examples\low_iou\controlled_capability_images\19_s7_near_field_0384_1.jpg
b_best,controlled_capability/images,low_iou,20,s7_near_field_0384_39.jpg,E:\具身智能\badmin_project\outputs\shuttle_capability\controlled_capability\images\s7_near_field_0384_39.jpg,0.541427,36.003305,0.187762,0.244355,0.24574,191.749917,0.674255,localization_examples\low_iou\controlled_capability_images\20_s7_near_field_0384_39.jpg
b_best,controlled_capability/images,low_iou,21,s7_near_field_0384_7.jpg,E:\具身智能\badmin_project\outputs\shuttle_capability\controlled_capability\images\s7_near_field_0384_7.jpg,0.542099,35.436093,0.184804,0.246857,0.257727,191.749917,0.67489,localization_examples\low_iou\controlled_capability_images\21_s7_near_field_0384_7.jpg
b_best,controlled_capability/images,low_iou,22,s7_near_field_0384_12.jpg,E:\具身智能\badmin_project\outputs\shuttle_capability\controlled_capability\images\s7_near_field_0384_12.jpg,0.546455,30.352045,0.15829,0.293025,0.227051,191.749917,0.696953,localization_examples\low_iou\controlled_capability_images\22_s7_near_field_0384_12.jpg
b_best,controlled_capability/images,low_iou,23,s7_near_field_0384_31.jpg,E:\具身智能\badmin_project\outputs\shuttle_capability\controlled_capability\images\s7_near_field_0384_31.jpg,0.546706,32.756462,0.170829,0.2759,0.227583,191.749917,0.693907,localization_examples\low_iou\controlled_capability_images\23_s7_near_field_0384_31.jpg
b_best,controlled_capability/images,low_iou,24,s7_near_field_0384_11.jpg,E:\具身智能\badmin_project\outputs\shuttle_capability\controlled_capability\images\s7_near_field_0384_11.jpg,0.550389,30.685115,0.160027,0.292937,0.221585,191.749917,0.702534,localization_examples\low_iou\controlled_capability_images\24_s7_near_field_0384_11.jpg
b_best,controlled_capability/images,low_iou,25,s7_near_field_0512_33.jpg,E:\具身智能\badmin_project\outputs\shuttle_capability\controlled_capability\images\s7_near_field_0512_33.jpg,0.553128,20.965156,0.081815,0.270952,0.241301,256.249798,0.432633,localization_examples\low_iou\controlled_capability_images\25_s7_near_field_0512_33.jpg
b_best,controlled_capability/images,low_iou,26,s7_near_field_0512_30.jpg,E:\具身智能\badmin_project\outputs\shuttle_capability\controlled_capability\images\s7_near_field_0512_30.jpg,0.554996,32.950286,0.128587,0.29078,0.217456,256.249798,0.540852,localization_examples\low_iou\controlled_capability_images\26_s7_near_field_0512_30.jpg
b_best,controlled_capability/images,low_iou,27,s7_near_field_0384_34.jpg,E:\具身智能\badmin_project\outputs\shuttle_capability\controlled_capability\images\s7_near_field_0384_34.jpg,0.555586,27.089397,0.141275,0.287926,0.219764,191.749917,0.677229,localization_examples\low_iou\controlled_capability_images\27_s7_near_field_0384_34.jpg
b_best,controlled_capability/images,low_iou,28,s4_blur_none_10.jpg,E:\具身智能\badmin_project\outputs\shuttle_capability\controlled_capability\images\s4_blur_none_10.jpg,0.555952,2.214025,0.184502,0.166119,0.240748,12.0,0.280009,localization_examples\low_iou\controlled_capability_images\28_s4_blur_none_10.jpg
b_best,controlled_capability/images,low_iou,29,s7_near_field_0384_0.jpg,E:\具身智能\badmin_project\outputs\shuttle_capability\controlled_capability\images\s7_near_field_0384_0.jpg,0.557027,30.374589,0.158407,0.28782,0.217856,191.749917,0.703249,localization_examples\low_iou\controlled_capability_images\29_s7_near_field_0384_0.jpg
b_best,controlled_capability/images,low_iou,30,s7_near_field_0512_27.jpg,E:\具身智能\badmin_project\outputs\shuttle_capability\controlled_capability\images\s7_near_field_0512_27.jpg,0.558161,15.875576,0.061954,0.254594,0.251198,256.249798,0.480996,localization_examples\low_iou\controlled_capability_images\30_s7_near_field_0512_27.jpg
b_best,controlled_capability/images,center_error,1,s7_near_field_0512_7.jpg,E:\具身智能\badmin_project\outputs\shuttle_capability\controlled_capability\images\s7_near_field_0512_7.jpg,0.584025,42.533542,0.165985,0.192488,0.196197,256.249798,0.503146,localization_examples\center_error\controlled_capability_images\01_s7_near_field_0512_7.jpg
b_best,controlled_capability/images,center_error,2,s7_near_field_0512_39.jpg,E:\具身智能\badmin_project\outputs\shuttle_capability\controlled_capability\images\s7_near_field_0512_39.jpg,0.635428,42.183694,0.164619,0.12269,0.091763,256.249798,0.346021,localization_examples\center_error\controlled_capability_images\02_s7_near_field_0512_39.jpg
b_best,controlled_capability/images,center_error,3,s7_near_field_0512_10.jpg,E:\具身智能\badmin_project\outputs\shuttle_capability\controlled_capability\images\s7_near_field_0512_10.jpg,0.508093,41.524029,0.162045,0.245889,0.308054,256.249798,0.520652,localization_examples\center_error\controlled_capability_images\03_s7_near_field_0512_10.jpg
b_best,controlled_capability/images,center_error,4,s7_near_field_0384_15.jpg,E:\具身智能\badmin_project\outputs\shuttle_capability\controlled_capability\images\s7_near_field_0384_15.jpg,0.506993,39.461033,0.205794,0.251946,0.30677,191.749917,0.648003,localization_examples\center_error\controlled_capability_images\04_s7_near_field_0384_15.jpg
b_best,controlled_capability/images,center_error,5,s7_near_field_0384_26.jpg,E:\具身智能\badmin_project\outputs\shuttle_capability\controlled_capability\images\s7_near_field_0384_26.jpg,0.511034,39.406715,0.205511,0.249797,0.290708,191.749917,0.639159,localization_examples\center_error\controlled_capability_images\05_s7_near_field_0384_26.jpg
b_best,controlled_capability/images,center_error,6,s7_near_field_0512_37.jpg,E:\具身智能\badmin_project\outputs\shuttle_capability\controlled_capability\images\s7_near_field_0512_37.jpg,0.668714,37.852156,0.147716,0.10956,0.085107,256.249798,0.341636,localization_examples\center_error\controlled_capability_images\06_s7_near_field_0512_37.jpg
b_best,controlled_capability/images,center_error,7,s7_near_field_0512_22.jpg,E:\具身智能\badmin_project\outputs\shuttle_capability\controlled_capability\images\s7_near_field_0512_22.jpg,0.657161,36.385497,0.141992,0.191526,0.104644,256.249798,0.401378,localization_examples\center_error\controlled_capability_images\07_s7_near_field_0512_22.jpg
b_best,controlled_capability/images,center_error,8,s7_near_field_0384_39.jpg,E:\具身智能\badmin_project\outputs\shuttle_capability\controlled_capability\images\s7_near_field_0384_39.jpg,0.541427,36.003305,0.187762,0.244355,0.24574,191.749917,0.674255,localization_examples\center_error\controlled_capability_images\08_s7_near_field_0384_39.jpg
b_best,controlled_capability/images,center_error,9,s7_near_field_0384_7.jpg,E:\具身智能\badmin_project\outputs\shuttle_capability\controlled_capability\images\s7_near_field_0384_7.jpg,0.542099,35.436093,0.184804,0.246857,0.257727,191.749917,0.67489,localization_examples\center_error\controlled_capability_images\09_s7_near_field_0384_7.jpg
b_best,controlled_capability/images,center_error,10,s7_near_field_0384_38.jpg,E:\具身智能\badmin_project\outputs\shuttle_capability\controlled_capability\images\s7_near_field_0384_38.jpg,0.532974,34.590749,0.180395,0.272526,0.245207,191.749917,0.656137,localization_examples\center_error\controlled_capability_images\10_s7_near_field_0384_38.jpg
b_best,controlled_capability/images,center_error,11,s7_near_field_0384_3.jpg,E:\具身智能\badmin_project\outputs\shuttle_capability\controlled_capability\images\s7_near_field_0384_3.jpg,0.524214,34.29343,0.178845,0.287224,0.264546,191.749917,0.698968,localization_examples\center_error\controlled_capability_images\11_s7_near_field_0384_3.jpg
b_best,controlled_capability/images,center_error,12,s7_near_field_0384_1.jpg,E:\具身智能\badmin_project\outputs\shuttle_capability\controlled_capability\images\s7_near_field_0384_1.jpg,0.53694,33.841027,0.176485,0.283049,0.251078,191.749917,0.716173,localization_examples\center_error\controlled_capability_images\12_s7_near_field_0384_1.jpg
b_best,controlled_capability/images,center_error,13,s7_near_field_0512_34.jpg,E:\具身智能\badmin_project\outputs\shuttle_capability\controlled_capability\images\s7_near_field_0512_34.jpg,0.597644,33.323227,0.130042,0.222938,0.219712,256.249798,0.47071,localization_examples\center_error\controlled_capability_images\13_s7_near_field_0512_34.jpg
b_best,controlled_capability/images,center_error,14,s7_near_field_0384_18.jpg,E:\具身智能\badmin_project\outputs\shuttle_capability\controlled_capability\images\s7_near_field_0384_18.jpg,0.535594,33.276727,0.173542,0.293466,0.241941,191.749917,0.716345,localization_examples\center_error\controlled_capability_images\14_s7_near_field_0384_18.jpg
b_best,controlled_capability/images,center_error,15,s7_near_field_0512_9.jpg,E:\具身智能\badmin_project\outputs\shuttle_capability\controlled_capability\images\s7_near_field_0512_9.jpg,0.639163,33.259553,0.129793,0.216294,0.145787,256.249798,0.496274,localization_examples\center_error\controlled_capability_images\15_s7_near_field_0512_9.jpg
b_best,controlled_capability/images,center_error,16,s7_near_field_0384_19.jpg,E:\具身智能\badmin_project\outputs\shuttle_capability\controlled_capability\images\s7_near_field_0384_19.jpg,0.527671,33.229251,0.173295,0.297539,0.248825,191.749917,0.698582,localization_examples\center_error\controlled_capability_images\16_s7_near_field_0384_19.jpg
b_best,controlled_capability/images,center_error,17,s7_near_field_0512_30.jpg,E:\具身智能\badmin_project\outputs\shuttle_capability\controlled_capability\images\s7_near_field_0512_30.jpg,0.554996,32.950286,0.128587,0.29078,0.217456,256.249798,0.540852,localization_examples\center_error\controlled_capability_images\17_s7_near_field_0512_30.jpg
b_best,controlled_capability/images,center_error,18,s7_near_field_0384_31.jpg,E:\具身智能\badmin_project\outputs\shuttle_capability\controlled_capability\images\s7_near_field_0384_31.jpg,0.546706,32.756462,0.170829,0.2759,0.227583,191.749917,0.693907,localization_examples\center_error\controlled_capability_images\18_s7_near_field_0384_31.jpg
b_best,controlled_capability/images,center_error,19,s7_near_field_0384_16.jpg,E:\具身智能\badmin_project\outputs\shuttle_capability\controlled_capability\images\s7_near_field_0384_16.jpg,0.52577,32.464474,0.169306,0.27847,0.266397,191.749917,0.642761,localization_examples\center_error\controlled_capability_images\19_s7_near_field_0384_16.jpg
b_best,controlled_capability/images,center_error,20,s7_near_field_0512_24.jpg,E:\具身智能\badmin_project\outputs\shuttle_capability\controlled_capability\images\s7_near_field_0512_24.jpg,0.67239,32.430058,0.126556,0.207583,0.108722,256.249798,0.434326,localization_examples\center_error\controlled_capability_images\20_s7_near_field_0512_24.jpg
b_best,controlled_capability/images,center_error,21,s7_near_field_0512_29.jpg,E:\具身智能\badmin_project\outputs\shuttle_capability\controlled_capability\images\s7_near_field_0512_29.jpg,0.616489,32.379046,0.126357,0.2433,0.176836,256.249798,0.5075,localization_examples\center_error\controlled_capability_images\21_s7_near_field_0512_29.jpg
b_best,controlled_capability/images,center_error,22,s7_near_field_0512_14.jpg,E:\具身智能\badmin_project\outputs\shuttle_capability\controlled_capability\images\s7_near_field_0512_14.jpg,0.637303,32.331018,0.12617,0.222219,0.15361,256.249798,0.519206,localization_examples\center_error\controlled_capability_images\22_s7_near_field_0512_14.jpg
b_best,controlled_capability/images,center_error,23,s7_near_field_0512_26.jpg,E:\具身智能\badmin_project\outputs\shuttle_capability\controlled_capability\images\s7_near_field_0512_26.jpg,0.502724,32.149539,0.125462,0.344079,0.233559,256.249798,0.374712,localization_examples\center_error\controlled_capability_images\23_s7_near_field_0512_26.jpg
b_best,controlled_capability/images,center_error,24,s7_near_field_0512_32.jpg,E:\具身智能\badmin_project\outputs\shuttle_capability\controlled_capability\images\s7_near_field_0512_32.jpg,0.535408,31.298188,0.122139,0.282034,0.254272,256.249798,0.562119,localization_examples\center_error\controlled_capability_images\24_s7_near_field_0512_32.jpg
b_best,controlled_capability/images,center_error,25,s7_near_field_0384_30.jpg,E:\具身智能\badmin_project\outputs\shuttle_capability\controlled_capability\images\s7_near_field_0384_30.jpg,0.571302,31.19228,0.162672,0.28435,0.19673,191.749917,0.696396,localization_examples\center_error\controlled_capability_images\25_s7_near_field_0384_30.jpg
b_best,controlled_capability/images,center_error,26,s7_near_field_0384_32.jpg,E:\具身智能\badmin_project\outputs\shuttle_capability\controlled_capability\images\s7_near_field_0384_32.jpg,0.573416,30.812918,0.160693,0.279281,0.20406,191.749917,0.707411,localization_examples\center_error\controlled_capability_images\26_s7_near_field_0384_32.jpg
b_best,controlled_capability/images,center_error,27,s7_near_field_0512_25.jpg,E:\具身智能\badmin_project\outputs\shuttle_capability\controlled_capability\images\s7_near_field_0512_25.jpg,0.681186,30.790957,0.12016,0.206767,0.109372,256.249798,0.390877,localization_examples\center_error\controlled_capability_images\27_s7_near_field_0512_25.jpg
b_best,controlled_capability/images,center_error,28,s7_near_field_0384_29.jpg,E:\具身智能\badmin_project\outputs\shuttle_capability\controlled_capability\images\s7_near_field_0384_29.jpg,0.596216,30.714433,0.16018,0.234432,0.170172,191.749917,0.686946,localization_examples\center_error\controlled_capability_images\28_s7_near_field_0384_29.jpg
b_best,controlled_capability/images,center_error,29,s7_near_field_0384_11.jpg,E:\具身智能\badmin_project\outputs\shuttle_capability\controlled_capability\images\s7_near_field_0384_11.jpg,0.550389,30.685115,0.160027,0.292937,0.221585,191.749917,0.702534,localization_examples\center_error\controlled_capability_images\29_s7_near_field_0384_11.jpg
b_best,controlled_capability/images,center_error,30,s7_near_field_0512_36.jpg,E:\具身智能\badmin_project\outputs\shuttle_capability\controlled_capability\images\s7_near_field_0512_36.jpg,0.640455,30.632146,0.11954,0.245327,0.151347,256.249798,0.470602,localization_examples\center_error\controlled_capability_images\30_s7_near_field_0512_36.jpg
b_best,controlled_capability/images,width_error,1,s7_near_field_0096_33.jpg,E:\具身智能\badmin_project\outputs\shuttle_capability\controlled_capability\images\s7_near_field_0096_33.jpg,0.525967,6.960727,0.145015,0.424683,0.334515,48.0,0.310068,localization_examples\width_error\controlled_capability_images\01_s7_near_field_0096_33.jpg
b_best,controlled_capability/images,width_error,2,s7_near_field_0512_26.jpg,E:\具身智能\badmin_project\outputs\shuttle_capability\controlled_capability\images\s7_near_field_0512_26.jpg,0.502724,32.149539,0.125462,0.344079,0.233559,256.249798,0.374712,localization_examples\width_error\controlled_capability_images\02_s7_near_field_0512_26.jpg
b_best,controlled_capability/images,width_error,3,s7_near_field_0512_31.jpg,E:\具身智能\badmin_project\outputs\shuttle_capability\controlled_capability\images\s7_near_field_0512_31.jpg,0.506754,29.52445,0.115217,0.319175,0.255676,256.249798,0.431819,localization_examples\width_error\controlled_capability_images\03_s7_near_field_0512_31.jpg
b_best,controlled_capability/images,width_error,4,s7_near_field_0512_1.jpg,E:\具身智能\badmin_project\outputs\shuttle_capability\controlled_capability\images\s7_near_field_0512_1.jpg,0.501773,28.552525,0.111425,0.305591,0.277411,256.249798,0.539764,localization_examples\width_error\controlled_capability_images\04_s7_near_field_0512_1.jpg
b_best,controlled_capability/images,width_error,5,s7_near_field_0512_35.jpg,E:\具身智能\badmin_project\outputs\shuttle_capability\controlled_capability\images\s7_near_field_0512_35.jpg,0.524274,29.477268,0.115033,0.303148,0.247654,256.249798,0.530366,localization_examples\width_error\controlled_capability_images\05_s7_near_field_0512_35.jpg
b_best,controlled_capability/images,width_error,6,s7_near_field_0384_19.jpg,E:\具身智能\badmin_project\outputs\shuttle_capability\controlled_capability\images\s7_near_field_0384_19.jpg,0.527671,33.229251,0.173295,0.297539,0.248825,191.749917,0.698582,localization_examples\width_error\controlled_capability_images\06_s7_near_field_0384_19.jpg
b_best,controlled_capability/images,width_error,7,s7_near_field_0512_4.jpg,E:\具身智能\badmin_project\outputs\shuttle_capability\controlled_capability\images\s7_near_field_0512_4.jpg,0.529564,29.637246,0.115658,0.296362,0.247391,256.249798,0.558953,localization_examples\width_error\controlled_capability_images\07_s7_near_field_0512_4.jpg
b_best,controlled_capability/images,width_error,8,s7_near_field_0512_16.jpg,E:\具身智能\badmin_project\outputs\shuttle_capability\controlled_capability\images\s7_near_field_0512_16.jpg,0.535331,28.366936,0.1107,0.2958,0.239803,256.249798,0.535889,localization_examples\width_error\controlled_capability_images\08_s7_near_field_0512_16.jpg
b_best,controlled_capability/images,width_error,9,s7_near_field_0384_18.jpg,E:\具身智能\badmin_project\outputs\shuttle_capability\controlled_capability\images\s7_near_field_0384_18.jpg,0.535594,33.276727,0.173542,0.293466,0.241941,191.749917,0.716345,localization_examples\width_error\controlled_capability_images\09_s7_near_field_0384_18.jpg
b_best,controlled_capability/images,width_error,10,s7_near_field_0512_2.jpg,E:\具身智能\badmin_project\outputs\shuttle_capability\controlled_capability\images\s7_near_field_0512_2.jpg,0.510124,19.684181,0.076816,0.293437,0.278021,256.249798,0.388078,localization_examples\width_error\controlled_capability_images\10_s7_near_field_0512_2.jpg
b_best,controlled_capability/images,width_error,11,s7_near_field_0384_12.jpg,E:\具身智能\badmin_project\outputs\shuttle_capability\controlled_capability\images\s7_near_field_0384_12.jpg,0.546455,30.352045,0.15829,0.293025,0.227051,191.749917,0.696953,localization_examples\width_error\controlled_capability_images\11_s7_near_field_0384_12.jpg
b_best,controlled_capability/images,width_error,12,s7_near_field_0384_11.jpg,E:\具身智能\badmin_project\outputs\shuttle_capability\controlled_capability\images\s7_near_field_0384_11.jpg,0.550389,30.685115,0.160027,0.292937,0.221585,191.749917,0.702534,localization_examples\width_error\controlled_capability_images\12_s7_near_field_0384_11.jpg
b_best,controlled_capability/images,width_error,13,s7_near_field_0512_30.jpg,E:\具身智能\badmin_project\outputs\shuttle_capability\controlled_capability\images\s7_near_field_0512_30.jpg,0.554996,32.950286,0.128587,0.29078,0.217456,256.249798,0.540852,localization_examples\width_error\controlled_capability_images\13_s7_near_field_0512_30.jpg
b_best,controlled_capability/images,width_error,14,s7_near_field_0384_34.jpg,E:\具身智能\badmin_project\outputs\shuttle_capability\controlled_capability\images\s7_near_field_0384_34.jpg,0.555586,27.089397,0.141275,0.287926,0.219764,191.749917,0.677229,localization_examples\width_error\controlled_capability_images\14_s7_near_field_0384_34.jpg
b_best,controlled_capability/images,width_error,15,s7_near_field_0384_0.jpg,E:\具身智能\badmin_project\outputs\shuttle_capability\controlled_capability\images\s7_near_field_0384_0.jpg,0.557027,30.374589,0.158407,0.28782,0.217856,191.749917,0.703249,localization_examples\width_error\controlled_capability_images\15_s7_near_field_0384_0.jpg
b_best,controlled_capability/images,width_error,16,s7_near_field_0384_3.jpg,E:\具身智能\badmin_project\outputs\shuttle_capability\controlled_capability\images\s7_near_field_0384_3.jpg,0.524214,34.29343,0.178845,0.287224,0.264546,191.749917,0.698968,localization_examples\width_error\controlled_capability_images\16_s7_near_field_0384_3.jpg
b_best,controlled_capability/images,width_error,17,s7_near_field_0384_30.jpg,E:\具身智能\badmin_project\outputs\shuttle_capability\controlled_capability\images\s7_near_field_0384_30.jpg,0.571302,31.19228,0.162672,0.28435,0.19673,191.749917,0.696396,localization_examples\width_error\controlled_capability_images\17_s7_near_field_0384_30.jpg
b_best,controlled_capability/images,width_error,18,s7_near_field_0384_1.jpg,E:\具身智能\badmin_project\outputs\shuttle_capability\controlled_capability\images\s7_near_field_0384_1.jpg,0.53694,33.841027,0.176485,0.283049,0.251078,191.749917,0.716173,localization_examples\width_error\controlled_capability_images\18_s7_near_field_0384_1.jpg
b_best,controlled_capability/images,width_error,19,s7_near_field_0512_32.jpg,E:\具身智能\badmin_project\outputs\shuttle_capability\controlled_capability\images\s7_near_field_0512_32.jpg,0.535408,31.298188,0.122139,0.282034,0.254272,256.249798,0.562119,localization_examples\width_error\controlled_capability_images\19_s7_near_field_0512_32.jpg
b_best,controlled_capability/images,width_error,20,s7_near_field_0512_3.jpg,E:\具身智能\badmin_project\outputs\shuttle_capability\controlled_capability\images\s7_near_field_0512_3.jpg,0.532673,26.189944,0.102205,0.280624,0.259535,256.249798,0.423669,localization_examples\width_error\controlled_capability_images\20_s7_near_field_0512_3.jpg
b_best,controlled_capability/images,width_error,21,s7_near_field_0384_32.jpg,E:\具身智能\badmin_project\outputs\shuttle_capability\controlled_capability\images\s7_near_field_0384_32.jpg,0.573416,30.812918,0.160693,0.279281,0.20406,191.749917,0.707411,localization_examples\width_error\controlled_capability_images\21_s7_near_field_0384_32.jpg
b_best,controlled_capability/images,width_error,22,s7_near_field_0384_16.jpg,E:\具身智能\badmin_project\outputs\shuttle_capability\controlled_capability\images\s7_near_field_0384_16.jpg,0.52577,32.464474,0.169306,0.27847,0.266397,191.749917,0.642761,localization_examples\width_error\controlled_capability_images\22_s7_near_field_0384_16.jpg
b_best,controlled_capability/images,width_error,23,s7_near_field_0384_31.jpg,E:\具身智能\badmin_project\outputs\shuttle_capability\controlled_capability\images\s7_near_field_0384_31.jpg,0.546706,32.756462,0.170829,0.2759,0.227583,191.749917,0.693907,localization_examples\width_error\controlled_capability_images\23_s7_near_field_0384_31.jpg
b_best,controlled_capability/images,width_error,24,s7_near_field_0128_28.jpg,E:\具身智能\badmin_project\outputs\shuttle_capability\controlled_capability\images\s7_near_field_0128_28.jpg,0.667054,5.298844,0.08312,0.275431,0.17539,63.74959,0.666332,localization_examples\width_error\controlled_capability_images\24_s7_near_field_0128_28.jpg
b_best,controlled_capability/images,width_error,25,s7_near_field_0384_22.jpg,E:\具身智能\badmin_project\outputs\shuttle_capability\controlled_capability\images\s7_near_field_0384_22.jpg,0.606465,26.980635,0.140707,0.27259,0.166268,191.749917,0.683004,localization_examples\width_error\controlled_capability_images\25_s7_near_field_0384_22.jpg
b_best,controlled_capability/images,width_error,26,s7_near_field_0384_38.jpg,E:\具身智能\badmin_project\outputs\shuttle_capability\controlled_capability\images\s7_near_field_0384_38.jpg,0.532974,34.590749,0.180395,0.272526,0.245207,191.749917,0.656137,localization_examples\width_error\controlled_capability_images\26_s7_near_field_0384_38.jpg
b_best,controlled_capability/images,width_error,27,s7_near_field_0512_33.jpg,E:\具身智能\badmin_project\outputs\shuttle_capability\controlled_capability\images\s7_near_field_0512_33.jpg,0.553128,20.965156,0.081815,0.270952,0.241301,256.249798,0.432633,localization_examples\width_error\controlled_capability_images\27_s7_near_field_0512_33.jpg
b_best,controlled_capability/images,width_error,28,s7_near_field_0384_10.jpg,E:\具身智能\badmin_project\outputs\shuttle_capability\controlled_capability\images\s7_near_field_0384_10.jpg,0.587528,26.996391,0.14079,0.269617,0.195588,191.749917,0.681738,localization_examples\width_error\controlled_capability_images\28_s7_near_field_0384_10.jpg
b_best,controlled_capability/images,width_error,29,s7_near_field_0384_28.jpg,E:\具身智能\badmin_project\outputs\shuttle_capability\controlled_capability\images\s7_near_field_0384_28.jpg,0.573189,29.812116,0.155474,0.264822,0.22034,191.749917,0.687469,localization_examples\width_error\controlled_capability_images\29_s7_near_field_0384_28.jpg
b_best,controlled_capability/images,width_error,30,s7_near_field_0384_37.jpg,E:\具身智能\badmin_project\outputs\shuttle_capability\controlled_capability\images\s7_near_field_0384_37.jpg,0.598546,28.732722,0.149845,0.26118,0.188262,191.749917,0.657881,localization_examples\width_error\controlled_capability_images\30_s7_near_field_0384_37.jpg
b_best,controlled_capability/images,height_error,1,s7_near_field_0096_1.jpg,E:\具身智能\badmin_project\outputs\shuttle_capability\controlled_capability\images\s7_near_field_0096_1.jpg,0.588606,6.226357,0.129716,0.260989,0.347299,48.0,0.541506,localization_examples\height_error\controlled_capability_images\01_s7_near_field_0096_1.jpg
b_best,controlled_capability/images,height_error,2,s7_near_field_0096_33.jpg,E:\具身智能\badmin_project\outputs\shuttle_capability\controlled_capability\images\s7_near_field_0096_33.jpg,0.525967,6.960727,0.145015,0.424683,0.334515,48.0,0.310068,localization_examples\height_error\controlled_capability_images\02_s7_near_field_0096_33.jpg
b_best,controlled_capability/images,height_error,3,s7_near_field_0512_10.jpg,E:\具身智能\badmin_project\outputs\shuttle_capability\controlled_capability\images\s7_near_field_0512_10.jpg,0.508093,41.524029,0.162045,0.245889,0.308054,256.249798,0.520652,localization_examples\height_error\controlled_capability_images\03_s7_near_field_0512_10.jpg
b_best,controlled_capability/images,height_error,4,s7_near_field_0384_15.jpg,E:\具身智能\badmin_project\outputs\shuttle_capability\controlled_capability\images\s7_near_field_0384_15.jpg,0.506993,39.461033,0.205794,0.251946,0.30677,191.749917,0.648003,localization_examples\height_error\controlled_capability_images\04_s7_near_field_0384_15.jpg
b_best,controlled_capability/images,height_error,5,s7_near_field_0384_26.jpg,E:\具身智能\badmin_project\outputs\shuttle_capability\controlled_capability\images\s7_near_field_0384_26.jpg,0.511034,39.406715,0.205511,0.249797,0.290708,191.749917,0.639159,localization_examples\height_error\controlled_capability_images\05_s7_near_field_0384_26.jpg
b_best,controlled_capability/images,height_error,6,s7_near_field_0096_12.jpg,E:\具身智能\badmin_project\outputs\shuttle_capability\controlled_capability\images\s7_near_field_0096_12.jpg,0.644179,5.459588,0.113741,0.209599,0.283372,48.0,0.532687,localization_examples\height_error\controlled_capability_images\06_s7_near_field_0096_12.jpg
b_best,controlled_capability/images,height_error,7,s7_near_field_0512_2.jpg,E:\具身智能\badmin_project\outputs\shuttle_capability\controlled_capability\images\s7_near_field_0512_2.jpg,0.510124,19.684181,0.076816,0.293437,0.278021,256.249798,0.388078,localization_examples\height_error\controlled_capability_images\07_s7_near_field_0512_2.jpg
b_best,controlled_capability/images,height_error,8,s7_near_field_0512_1.jpg,E:\具身智能\badmin_project\outputs\shuttle_capability\controlled_capability\images\s7_near_field_0512_1.jpg,0.501773,28.552525,0.111425,0.305591,0.277411,256.249798,0.539764,localization_examples\height_error\controlled_capability_images\08_s7_near_field_0512_1.jpg
b_best,controlled_capability/images,height_error,9,s7_near_field_0384_16.jpg,E:\具身智能\badmin_project\outputs\shuttle_capability\controlled_capability\images\s7_near_field_0384_16.jpg,0.52577,32.464474,0.169306,0.27847,0.266397,191.749917,0.642761,localization_examples\height_error\controlled_capability_images\09_s7_near_field_0384_16.jpg
b_best,controlled_capability/images,height_error,10,s7_near_field_0384_3.jpg,E:\具身智能\badmin_project\outputs\shuttle_capability\controlled_capability\images\s7_near_field_0384_3.jpg,0.524214,34.29343,0.178845,0.287224,0.264546,191.749917,0.698968,localization_examples\height_error\controlled_capability_images\10_s7_near_field_0384_3.jpg
b_best,controlled_capability/images,height_error,11,s7_near_field_0512_3.jpg,E:\具身智能\badmin_project\outputs\shuttle_capability\controlled_capability\images\s7_near_field_0512_3.jpg,0.532673,26.189944,0.102205,0.280624,0.259535,256.249798,0.423669,localization_examples\height_error\controlled_capability_images\11_s7_near_field_0512_3.jpg
b_best,controlled_capability/images,height_error,12,s7_near_field_0384_7.jpg,E:\具身智能\badmin_project\outputs\shuttle_capability\controlled_capability\images\s7_near_field_0384_7.jpg,0.542099,35.436093,0.184804,0.246857,0.257727,191.749917,0.67489,localization_examples\height_error\controlled_capability_images\12_s7_near_field_0384_7.jpg
b_best,controlled_capability/images,height_error,13,s7_near_field_0512_31.jpg,E:\具身智能\badmin_project\outputs\shuttle_capability\controlled_capability\images\s7_near_field_0512_31.jpg,0.506754,29.52445,0.115217,0.319175,0.255676,256.249798,0.431819,localization_examples\height_error\controlled_capability_images\13_s7_near_field_0512_31.jpg
b_best,controlled_capability/images,height_error,14,s7_near_field_0096_8.jpg,E:\具身智能\badmin_project\outputs\shuttle_capability\controlled_capability\images\s7_near_field_0096_8.jpg,0.664343,2.492652,0.05193,0.1999,0.254476,48.0,0.758765,localization_examples\height_error\controlled_capability_images\14_s7_near_field_0096_8.jpg
b_best,controlled_capability/images,height_error,15,s7_near_field_0512_32.jpg,E:\具身智能\badmin_project\outputs\shuttle_capability\controlled_capability\images\s7_near_field_0512_32.jpg,0.535408,31.298188,0.122139,0.282034,0.254272,256.249798,0.562119,localization_examples\height_error\controlled_capability_images\15_s7_near_field_0512_32.jpg
b_best,controlled_capability/images,height_error,16,s7_near_field_0512_27.jpg,E:\具身智能\badmin_project\outputs\shuttle_capability\controlled_capability\images\s7_near_field_0512_27.jpg,0.558161,15.875576,0.061954,0.254594,0.251198,256.249798,0.480996,localization_examples\height_error\controlled_capability_images\16_s7_near_field_0512_27.jpg
b_best,controlled_capability/images,height_error,17,s7_near_field_0384_1.jpg,E:\具身智能\badmin_project\outputs\shuttle_capability\controlled_capability\images\s7_near_field_0384_1.jpg,0.53694,33.841027,0.176485,0.283049,0.251078,191.749917,0.716173,localization_examples\height_error\controlled_capability_images\17_s7_near_field_0384_1.jpg
b_best,controlled_capability/images,height_error,18,s7_near_field_0384_19.jpg,E:\具身智能\badmin_project\outputs\shuttle_capability\controlled_capability\images\s7_near_field_0384_19.jpg,0.527671,33.229251,0.173295,0.297539,0.248825,191.749917,0.698582,localization_examples\height_error\controlled_capability_images\18_s7_near_field_0384_19.jpg
b_best,controlled_capability/images,height_error,19,s7_near_field_0512_35.jpg,E:\具身智能\badmin_project\outputs\shuttle_capability\controlled_capability\images\s7_near_field_0512_35.jpg,0.524274,29.477268,0.115033,0.303148,0.247654,256.249798,0.530366,localization_examples\height_error\controlled_capability_images\19_s7_near_field_0512_35.jpg
b_best,controlled_capability/images,height_error,20,s7_near_field_0512_4.jpg,E:\具身智能\badmin_project\outputs\shuttle_capability\controlled_capability\images\s7_near_field_0512_4.jpg,0.529564,29.637246,0.115658,0.296362,0.247391,256.249798,0.558953,localization_examples\height_error\controlled_capability_images\20_s7_near_field_0512_4.jpg
b_best,controlled_capability/images,height_error,21,s7_near_field_0384_39.jpg,E:\具身智能\badmin_project\outputs\shuttle_capability\controlled_capability\images\s7_near_field_0384_39.jpg,0.541427,36.003305,0.187762,0.244355,0.24574,191.749917,0.674255,localization_examples\height_error\controlled_capability_images\21_s7_near_field_0384_39.jpg
b_best,controlled_capability/images,height_error,22,s7_near_field_0384_38.jpg,E:\具身智能\badmin_project\outputs\shuttle_capability\controlled_capability\images\s7_near_field_0384_38.jpg,0.532974,34.590749,0.180395,0.272526,0.245207,191.749917,0.656137,localization_examples\height_error\controlled_capability_images\22_s7_near_field_0384_38.jpg
b_best,controlled_capability/images,height_error,23,s7_near_field_0384_18.jpg,E:\具身智能\badmin_project\outputs\shuttle_capability\controlled_capability\images\s7_near_field_0384_18.jpg,0.535594,33.276727,0.173542,0.293466,0.241941,191.749917,0.716345,localization_examples\height_error\controlled_capability_images\23_s7_near_field_0384_18.jpg
b_best,controlled_capability/images,height_error,24,s7_near_field_0512_33.jpg,E:\具身智能\badmin_project\outputs\shuttle_capability\controlled_capability\images\s7_near_field_0512_33.jpg,0.553128,20.965156,0.081815,0.270952,0.241301,256.249798,0.432633,localization_examples\height_error\controlled_capability_images\24_s7_near_field_0512_33.jpg
b_best,controlled_capability/images,height_error,25,s4_blur_none_10.jpg,E:\具身智能\badmin_project\outputs\shuttle_capability\controlled_capability\images\s4_blur_none_10.jpg,0.555952,2.214025,0.184502,0.166119,0.240748,12.0,0.280009,localization_examples\height_error\controlled_capability_images\25_s4_blur_none_10.jpg
b_best,controlled_capability/images,height_error,26,s7_near_field_0512_16.jpg,E:\具身智能\badmin_project\outputs\shuttle_capability\controlled_capability\images\s7_near_field_0512_16.jpg,0.535331,28.366936,0.1107,0.2958,0.239803,256.249798,0.535889,localization_examples\height_error\controlled_capability_images\26_s7_near_field_0512_16.jpg
b_best,controlled_capability/images,height_error,27,s7_near_field_0512_26.jpg,E:\具身智能\badmin_project\outputs\shuttle_capability\controlled_capability\images\s7_near_field_0512_26.jpg,0.502724,32.149539,0.125462,0.344079,0.233559,256.249798,0.374712,localization_examples\height_error\controlled_capability_images\27_s7_near_field_0512_26.jpg
b_best,controlled_capability/images,height_error,28,s7_near_field_0096_14.jpg,E:\具身智能\badmin_project\outputs\shuttle_capability\controlled_capability\images\s7_near_field_0096_14.jpg,0.719825,2.348557,0.048928,0.129719,0.229709,48.0,0.568669,localization_examples\height_error\controlled_capability_images\28_s7_near_field_0096_14.jpg
b_best,controlled_capability/images,height_error,29,s7_near_field_0384_31.jpg,E:\具身智能\badmin_project\outputs\shuttle_capability\controlled_capability\images\s7_near_field_0384_31.jpg,0.546706,32.756462,0.170829,0.2759,0.227583,191.749917,0.693907,localization_examples\height_error\controlled_capability_images\29_s7_near_field_0384_31.jpg
b_best,controlled_capability/images,height_error,30,s7_near_field_0384_12.jpg,E:\具身智能\badmin_project\outputs\shuttle_capability\controlled_capability\images\s7_near_field_0384_12.jpg,0.546455,30.352045,0.15829,0.293025,0.227051,191.749917,0.696953,localization_examples\height_error\controlled_capability_images\30_s7_near_field_0384_12.jpg
b_best,controlled_capability/images,near_miss,1,s7_near_field_0384_27.jpg,E:\具身智能\badmin_project\outputs\shuttle_capability\controlled_capability\images\s7_near_field_0384_27.jpg,0.499384,35.595673,0.185636,0.31367,0.272384,191.749917,0.708642,localization_examples\near_miss\controlled_capability_images\01_s7_near_field_0384_27.jpg
b_best,controlled_capability/images,near_miss,2,s7_near_field_0384_35.jpg,E:\具身智能\badmin_project\outputs\shuttle_capability\controlled_capability\images\s7_near_field_0384_35.jpg,0.498672,38.503944,0.200803,0.264639,0.317929,191.749917,0.650906,localization_examples\near_miss\controlled_capability_images\02_s7_near_field_0384_35.jpg
b_best,controlled_capability/images,near_miss,3,s7_near_field_0384_2.jpg,E:\具身智能\badmin_project\outputs\shuttle_capability\controlled_capability\images\s7_near_field_0384_2.jpg,0.493781,36.223576,0.188911,0.306111,0.288387,191.749917,0.701255,localization_examples\near_miss\controlled_capability_images\03_s7_near_field_0384_2.jpg
b_best,controlled_capability/images,near_miss,4,s7_near_field_0096_20.jpg,E:\具身智能\badmin_project\outputs\shuttle_capability\controlled_capability\images\s7_near_field_0096_20.jpg,0.476775,8.689013,0.181021,0.532312,0.368797,48.0,0.393444,localization_examples\near_miss\controlled_capability_images\04_s7_near_field_0096_20.jpg
b_best,controlled_capability/images,near_miss,5,s7_near_field_0384_13.jpg,E:\具身智能\badmin_project\outputs\shuttle_capability\controlled_capability\images\s7_near_field_0384_13.jpg,0.473055,36.807052,0.191953,0.316021,0.308377,191.749917,0.69424,localization_examples\near_miss\controlled_capability_images\05_s7_near_field_0384_13.jpg
b_best,controlled_capability/images,near_miss,6,s7_near_field_0512_8.jpg,E:\具身智能\badmin_project\outputs\shuttle_capability\controlled_capability\images\s7_near_field_0512_8.jpg,0.425975,39.323161,0.153456,0.363203,0.331066,256.249798,0.60067,localization_examples\near_miss\controlled_capability_images\06_s7_near_field_0512_8.jpg
b_best,controlled_capability/images,near_miss,7,s7_near_field_0512_33.jpg,E:\具身智能\badmin_project\outputs\shuttle_capability\controlled_capability\images\s7_near_field_0512_33.jpg,0.419754,39.335144,0.153503,0.347639,0.356562,256.249798,0.669428,localization_examples\near_miss\controlled_capability_images\07_s7_near_field_0512_33.jpg
b_best,controlled_capability/images,near_miss,8,s7_near_field_0512_20.jpg,E:\具身智能\badmin_project\outputs\shuttle_capability\controlled_capability\images\s7_near_field_0512_20.jpg,0.413811,39.684485,0.154866,0.351006,0.362382,256.249798,0.68201,localization_examples\near_miss\controlled_capability_images\08_s7_near_field_0512_20.jpg
b_best,controlled_capability/images,near_miss,9,s7_near_field_0512_21.jpg,E:\具身智能\badmin_project\outputs\shuttle_capability\controlled_capability\images\s7_near_field_0512_21.jpg,0.409525,48.785658,0.190383,0.372809,0.347048,256.249798,0.677131,localization_examples\near_miss\controlled_capability_images\09_s7_near_field_0512_21.jpg
b_best,controlled_capability/images,near_miss,10,s7_near_field_0512_22.jpg,E:\具身智能\badmin_project\outputs\shuttle_capability\controlled_capability\images\s7_near_field_0512_22.jpg,0.408127,49.004571,0.191238,0.369129,0.353073,256.249798,0.683904,localization_examples\near_miss\controlled_capability_images\10_s7_near_field_0512_22.jpg
b_best,controlled_capability/images,near_miss,11,s7_near_field_0512_6.jpg,E:\具身智能\badmin_project\outputs\shuttle_capability\controlled_capability\images\s7_near_field_0512_6.jpg,0.40473,47.616282,0.18582,0.372877,0.354624,256.249798,0.609103,localization_examples\near_miss\controlled_capability_images\11_s7_near_field_0512_6.jpg
b_best,controlled_capability/images,near_miss,12,s7_near_field_0512_3.jpg,E:\具身智能\badmin_project\outputs\shuttle_capability\controlled_capability\images\s7_near_field_0512_3.jpg,0.403008,50.310928,0.196335,0.365477,0.364865,256.249798,0.688813,localization_examples\near_miss\controlled_capability_images\12_s7_near_field_0512_3.jpg
b_best,controlled_capability/images,near_miss,13,s7_near_field_0512_31.jpg,E:\具身智能\badmin_project\outputs\shuttle_capability\controlled_capability\images\s7_near_field_0512_31.jpg,0.397827,46.222985,0.180383,0.38656,0.351482,256.249798,0.699048,localization_examples\near_miss\controlled_capability_images\13_s7_near_field_0512_31.jpg
b_best,controlled_capability/images,near_miss,14,s7_near_field_0512_24.jpg,E:\具身智能\badmin_project\outputs\shuttle_capability\controlled_capability\images\s7_near_field_0512_24.jpg,0.397165,49.443851,0.192952,0.377309,0.362179,256.249798,0.68749,localization_examples\near_miss\controlled_capability_images\14_s7_near_field_0512_24.jpg
b_best,controlled_capability/images,near_miss,15,s7_near_field_0512_38.jpg,E:\具身智能\badmin_project\outputs\shuttle_capability\controlled_capability\images\s7_near_field_0512_38.jpg,0.396464,47.404635,0.184994,0.37929,0.361273,256.249798,0.616889,localization_examples\near_miss\controlled_capability_images\15_s7_near_field_0512_38.jpg
b_best,controlled_capability/images,near_miss,16,s7_near_field_0512_0.jpg,E:\具身智能\badmin_project\outputs\shuttle_capability\controlled_capability\images\s7_near_field_0512_0.jpg,0.392935,53.029039,0.206943,0.363148,0.383003,256.249798,0.684724,localization_examples\near_miss\controlled_capability_images\16_s7_near_field_0512_0.jpg
b_best,controlled_capability/images,near_miss,17,s7_near_field_0512_26.jpg,E:\具身智能\badmin_project\outputs\shuttle_capability\controlled_capability\images\s7_near_field_0512_26.jpg,0.391147,47.619926,0.185834,0.389377,0.35943,256.249798,0.609152,localization_examples\near_miss\controlled_capability_images\17_s7_near_field_0512_26.jpg
b_best,controlled_capability/images,near_miss,18,s7_near_field_0512_25.jpg,E:\具身智能\badmin_project\outputs\shuttle_capability\controlled_capability\images\s7_near_field_0512_25.jpg,0.390114,47.189873,0.184156,0.387289,0.363299,256.249798,0.64318,localization_examples\near_miss\controlled_capability_images\18_s7_near_field_0512_25.jpg
b_best,controlled_capability/images,near_miss,19,s7_near_field_0512_30.jpg,E:\具身智能\badmin_project\outputs\shuttle_capability\controlled_capability\images\s7_near_field_0512_30.jpg,0.38988,52.182546,0.203639,0.368582,0.382533,256.249798,0.68441,localization_examples\near_miss\controlled_capability_images\19_s7_near_field_0512_30.jpg
b_best,controlled_capability/images,near_miss,20,s7_near_field_0512_5.jpg,E:\具身智能\badmin_project\outputs\shuttle_capability\controlled_capability\images\s7_near_field_0512_5.jpg,0.389002,48.234201,0.188231,0.379525,0.373058,256.249798,0.681823,localization_examples\near_miss\controlled_capability_images\20_s7_near_field_0512_5.jpg
b_best,controlled_capability/images,near_miss,21,s7_near_field_0512_36.jpg,E:\具身智能\badmin_project\outputs\shuttle_capability\controlled_capability\images\s7_near_field_0512_36.jpg,0.38819,49.400167,0.192781,0.38699,0.366747,256.249798,0.680431,localization_examples\near_miss\controlled_capability_images\21_s7_near_field_0512_36.jpg
b_best,controlled_capability/images,near_miss,22,s7_near_field_0512_15.jpg,E:\具身智能\badmin_project\outputs\shuttle_capability\controlled_capability\images\s7_near_field_0512_15.jpg,0.387287,49.287124,0.19234,0.386172,0.369063,256.249798,0.667682,localization_examples\near_miss\controlled_capability_images\22_s7_near_field_0512_15.jpg
b_best,controlled_capability/images,near_miss,23,s7_near_field_0512_11.jpg,E:\具身智能\badmin_project\outputs\shuttle_capability\controlled_capability\images\s7_near_field_0512_11.jpg,0.384769,53.135575,0.207359,0.370664,0.388611,256.249798,0.691337,localization_examples\near_miss\controlled_capability_images\23_s7_near_field_0512_11.jpg
b_best,controlled_capability/images,near_miss,24,s7_near_field_0512_17.jpg,E:\具身智能\badmin_project\outputs\shuttle_capability\controlled_capability\images\s7_near_field_0512_17.jpg,0.384053,50.852763,0.19845,0.382028,0.378527,256.249798,0.643859,localization_examples\near_miss\controlled_capability_images\24_s7_near_field_0512_17.jpg
b_best,controlled_capability/images,near_miss,25,s7_near_field_0512_29.jpg,E:\具身智能\badmin_project\outputs\shuttle_capability\controlled_capability\images\s7_near_field_0512_29.jpg,0.381901,49.815087,0.1944,0.382464,0.381574,256.249798,0.685568,localization_examples\near_miss\controlled_capability_images\25_s7_near_field_0512_29.jpg
b_best,controlled_capability/images,near_miss,26,s7_near_field_0512_9.jpg,E:\具身智能\badmin_project\outputs\shuttle_capability\controlled_capability\images\s7_near_field_0512_9.jpg,0.381306,53.388555,0.208346,0.375138,0.389776,256.249798,0.676821,localization_examples\near_miss\controlled_capability_images\26_s7_near_field_0512_9.jpg
b_best,controlled_capability/images,near_miss,27,s7_near_field_0512_37.jpg,E:\具身智能\badmin_project\outputs\shuttle_capability\controlled_capability\images\s7_near_field_0512_37.jpg,0.381265,50.811487,0.198289,0.378021,0.387013,256.249798,0.642488,localization_examples\near_miss\controlled_capability_images\27_s7_near_field_0512_37.jpg
b_best,controlled_capability/images,near_miss,28,s7_near_field_0512_23.jpg,E:\具身智能\badmin_project\outputs\shuttle_capability\controlled_capability\images\s7_near_field_0512_23.jpg,0.37989,49.309611,0.192428,0.395699,0.371357,256.249798,0.677735,localization_examples\near_miss\controlled_capability_images\28_s7_near_field_0512_23.jpg
b_best,controlled_capability/images,near_miss,29,s7_near_field_0512_14.jpg,E:\具身智能\badmin_project\outputs\shuttle_capability\controlled_capability\images\s7_near_field_0512_14.jpg,0.379182,53.757084,0.209784,0.379103,0.3893,256.249798,0.687724,localization_examples\near_miss\controlled_capability_images\29_s7_near_field_0512_14.jpg
b_best,controlled_capability/images,near_miss,30,s7_near_field_0512_19.jpg,E:\具身智能\badmin_project\outputs\shuttle_capability\controlled_capability\images\s7_near_field_0512_19.jpg,0.37686,51.445279,0.200762,0.389547,0.382654,256.249798,0.685917,localization_examples\near_miss\controlled_capability_images\30_s7_near_field_0512_19.jpg
b_best,challenge_test/images,low_iou,1,c1_hard_scene_04_1.jpg,E:\具身智能\badmin_project\outputs\shuttle_capability\challenge_test\images\c1_hard_scene_04_1.jpg,0.584544,0.648793,0.097316,0.213395,0.256878,6.66688,0.273125,localization_examples\low_iou\challenge_test_images\01_c1_hard_scene_04_1.jpg
b_best,challenge_test/images,low_iou,2,c4_side_pose_05_0.jpg,E:\具身智能\badmin_project\outputs\shuttle_capability\challenge_test\images\c4_side_pose_05_0.jpg,0.606114,2.582196,0.211303,0.269534,0.074449,12.220324,0.296862,localization_examples\low_iou\challenge_test_images\02_c4_side_pose_05_0.jpg
b_best,challenge_test/images,low_iou,3,c4_side_pose_06_4.jpg,E:\具身智能\badmin_project\outputs\shuttle_capability\challenge_test\images\c4_side_pose_06_4.jpg,0.632532,2.356046,0.192797,0.216874,0.082668,12.220324,0.36584,localization_examples\low_iou\challenge_test_images\03_c4_side_pose_06_4.jpg
b_best,challenge_test/images,low_iou,4,c4_side_pose_06_0.jpg,E:\具身智能\badmin_project\outputs\shuttle_capability\challenge_test\images\c4_side_pose_06_0.jpg,0.709022,1.789661,0.14645,0.163773,0.093984,12.220324,0.264041,localization_examples\low_iou\challenge_test_images\04_c4_side_pose_06_0.jpg
b_best,challenge_test/images,low_iou,5,c1_hard_scene_16_0.jpg,E:\具身智能\badmin_project\outputs\shuttle_capability\challenge_test\images\c1_hard_scene_16_0.jpg,0.749458,0.414109,0.062114,0.140875,0.127649,6.66688,0.604141,localization_examples\low_iou\challenge_test_images\05_c1_hard_scene_16_0.jpg
b_best,challenge_test/images,low_iou,6,c1_hard_scene_11_1.jpg,E:\具身智能\badmin_project\outputs\shuttle_capability\challenge_test\images\c1_hard_scene_11_1.jpg,0.768587,0.228746,0.034311,0.147156,0.098796,6.66688,0.388944,localization_examples\low_iou\challenge_test_images\06_c1_hard_scene_11_1.jpg
b_best,challenge_test/images,low_iou,7,c1_hard_scene_16_1.jpg,E:\具身智能\badmin_project\outputs\shuttle_capability\challenge_test\images\c1_hard_scene_16_1.jpg,0.809385,0.444035,0.066603,0.118928,0.069247,6.66688,0.651485,localization_examples\low_iou\challenge_test_images\07_c1_hard_scene_16_1.jpg
b_best,challenge_test/images,low_iou,8,c4_side_pose_03_0.jpg,E:\具身智能\badmin_project\outputs\shuttle_capability\challenge_test\images\c4_side_pose_03_0.jpg,0.816856,0.453,0.037069,0.115944,0.097014,12.220324,0.636127,localization_examples\low_iou\challenge_test_images\08_c4_side_pose_03_0.jpg
b_best,challenge_test/images,low_iou,9,c1_hard_scene_00_1.jpg,E:\具身智能\badmin_project\outputs\shuttle_capability\challenge_test\images\c1_hard_scene_00_1.jpg,0.862327,0.393069,0.058959,0.038361,0.019987,6.66688,0.533307,localization_examples\low_iou\challenge_test_images\09_c1_hard_scene_00_1.jpg
b_best,challenge_test/images,low_iou,10,c1_hard_scene_25_0.jpg,E:\具身智能\badmin_project\outputs\shuttle_capability\challenge_test\images\c1_hard_scene_25_0.jpg,0.881685,0.303773,0.045565,0.00016,0.030787,6.66688,0.355124,localization_examples\low_iou\challenge_test_images\10_c1_hard_scene_25_0.jpg
b_best,challenge_test/images,low_iou,11,c1_hard_scene_07_1.jpg,E:\具身智能\badmin_project\outputs\shuttle_capability\challenge_test\images\c1_hard_scene_07_1.jpg,0.886204,0.295428,0.044313,0.009608,0.024836,6.66688,0.633886,localization_examples\low_iou\challenge_test_images\11_c1_hard_scene_07_1.jpg
b_best,challenge_test/images,low_iou,12,c4_side_pose_03_4.jpg,E:\具身智能\badmin_project\outputs\shuttle_capability\challenge_test\images\c4_side_pose_03_4.jpg,0.893354,0.179859,0.014718,0.017117,0.100539,12.220324,0.742671,localization_examples\low_iou\challenge_test_images\12_c4_side_pose_03_4.jpg
b_best,challenge_test/images,low_iou,13,c4_side_pose_02_2.jpg,E:\具身智能\badmin_project\outputs\shuttle_capability\challenge_test\images\c4_side_pose_02_2.jpg,0.898089,0.287592,0.024115,0.029433,0.068364,11.92572,0.765256,localization_examples\low_iou\challenge_test_images\13_c4_side_pose_02_2.jpg
b_best,challenge_test/images,low_iou,14,c4_side_pose_03_2.jpg,E:\具身智能\badmin_project\outputs\shuttle_capability\challenge_test\images\c4_side_pose_03_2.jpg,0.914048,0.341649,0.027957,0.021557,0.070948,12.220324,0.753776,localization_examples\low_iou\challenge_test_images\14_c4_side_pose_03_2.jpg
b_best,challenge_test/images,center_error,1,c4_side_pose_05_0.jpg,E:\具身智能\badmin_project\outputs\shuttle_capability\challenge_test\images\c4_side_pose_05_0.jpg,0.606114,2.582196,0.211303,0.269534,0.074449,12.220324,0.296862,localization_examples\center_error\challenge_test_images\01_c4_side_pose_05_0.jpg
b_best,challenge_test/images,center_error,2,c4_side_pose_06_4.jpg,E:\具身智能\badmin_project\outputs\shuttle_capability\challenge_test\images\c4_side_pose_06_4.jpg,0.632532,2.356046,0.192797,0.216874,0.082668,12.220324,0.36584,localization_examples\center_error\challenge_test_images\02_c4_side_pose_06_4.jpg
b_best,challenge_test/images,center_error,3,c4_side_pose_06_0.jpg,E:\具身智能\badmin_project\outputs\shuttle_capability\challenge_test\images\c4_side_pose_06_0.jpg,0.709022,1.789661,0.14645,0.163773,0.093984,12.220324,0.264041,localization_examples\center_error\challenge_test_images\03_c4_side_pose_06_0.jpg
b_best,challenge_test/images,center_error,4,c1_hard_scene_04_1.jpg,E:\具身智能\badmin_project\outputs\shuttle_capability\challenge_test\images\c1_hard_scene_04_1.jpg,0.584544,0.648793,0.097316,0.213395,0.256878,6.66688,0.273125,localization_examples\center_error\challenge_test_images\04_c1_hard_scene_04_1.jpg
b_best,challenge_test/images,center_error,5,c4_side_pose_03_0.jpg,E:\具身智能\badmin_project\outputs\shuttle_capability\challenge_test\images\c4_side_pose_03_0.jpg,0.816856,0.453,0.037069,0.115944,0.097014,12.220324,0.636127,localization_examples\center_error\challenge_test_images\05_c4_side_pose_03_0.jpg
b_best,challenge_test/images,center_error,6,c1_hard_scene_16_1.jpg,E:\具身智能\badmin_project\outputs\shuttle_capability\challenge_test\images\c1_hard_scene_16_1.jpg,0.809385,0.444035,0.066603,0.118928,0.069247,6.66688,0.651485,localization_examples\center_error\challenge_test_images\06_c1_hard_scene_16_1.jpg
b_best,challenge_test/images,center_error,7,c1_hard_scene_16_0.jpg,E:\具身智能\badmin_project\outputs\shuttle_capability\challenge_test\images\c1_hard_scene_16_0.jpg,0.749458,0.414109,0.062114,0.140875,0.127649,6.66688,0.604141,localization_examples\center_error\challenge_test_images\07_c1_hard_scene_16_0.jpg
b_best,challenge_test/images,center_error,8,c1_hard_scene_00_1.jpg,E:\具身智能\badmin_project\outputs\shuttle_capability\challenge_test\images\c1_hard_scene_00_1.jpg,0.862327,0.393069,0.058959,0.038361,0.019987,6.66688,0.533307,localization_examples\center_error\challenge_test_images\08_c1_hard_scene_00_1.jpg
b_best,challenge_test/images,center_error,9,c4_side_pose_03_2.jpg,E:\具身智能\badmin_project\outputs\shuttle_capability\challenge_test\images\c4_side_pose_03_2.jpg,0.914048,0.341649,0.027957,0.021557,0.070948,12.220324,0.753776,localization_examples\center_error\challenge_test_images\09_c4_side_pose_03_2.jpg
b_best,challenge_test/images,center_error,10,c1_hard_scene_25_0.jpg,E:\具身智能\badmin_project\outputs\shuttle_capability\challenge_test\images\c1_hard_scene_25_0.jpg,0.881685,0.303773,0.045565,0.00016,0.030787,6.66688,0.355124,localization_examples\center_error\challenge_test_images\10_c1_hard_scene_25_0.jpg
b_best,challenge_test/images,center_error,11,c1_hard_scene_07_1.jpg,E:\具身智能\badmin_project\outputs\shuttle_capability\challenge_test\images\c1_hard_scene_07_1.jpg,0.886204,0.295428,0.044313,0.009608,0.024836,6.66688,0.633886,localization_examples\center_error\challenge_test_images\11_c1_hard_scene_07_1.jpg
b_best,challenge_test/images,center_error,12,c4_side_pose_02_2.jpg,E:\具身智能\badmin_project\outputs\shuttle_capability\challenge_test\images\c4_side_pose_02_2.jpg,0.898089,0.287592,0.024115,0.029433,0.068364,11.92572,0.765256,localization_examples\center_error\challenge_test_images\12_c4_side_pose_02_2.jpg
b_best,challenge_test/images,center_error,13,c1_hard_scene_11_1.jpg,E:\具身智能\badmin_project\outputs\shuttle_capability\challenge_test\images\c1_hard_scene_11_1.jpg,0.768587,0.228746,0.034311,0.147156,0.098796,6.66688,0.388944,localization_examples\center_error\challenge_test_images\13_c1_hard_scene_11_1.jpg
b_best,challenge_test/images,center_error,14,c4_side_pose_03_4.jpg,E:\具身智能\badmin_project\outputs\shuttle_capability\challenge_test\images\c4_side_pose_03_4.jpg,0.893354,0.179859,0.014718,0.017117,0.100539,12.220324,0.742671,localization_examples\center_error\challenge_test_images\14_c4_side_pose_03_4.jpg
b_best,challenge_test/images,width_error,1,c4_side_pose_05_0.jpg,E:\具身智能\badmin_project\outputs\shuttle_capability\challenge_test\images\c4_side_pose_05_0.jpg,0.606114,2.582196,0.211303,0.269534,0.074449,12.220324,0.296862,localization_examples\width_error\challenge_test_images\01_c4_side_pose_05_0.jpg
b_best,challenge_test/images,width_error,2,c4_side_pose_06_4.jpg,E:\具身智能\badmin_project\outputs\shuttle_capability\challenge_test\images\c4_side_pose_06_4.jpg,0.632532,2.356046,0.192797,0.216874,0.082668,12.220324,0.36584,localization_examples\width_error\challenge_test_images\02_c4_side_pose_06_4.jpg
b_best,challenge_test/images,width_error,3,c1_hard_scene_04_1.jpg,E:\具身智能\badmin_project\outputs\shuttle_capability\challenge_test\images\c1_hard_scene_04_1.jpg,0.584544,0.648793,0.097316,0.213395,0.256878,6.66688,0.273125,localization_examples\width_error\challenge_test_images\03_c1_hard_scene_04_1.jpg
b_best,challenge_test/images,width_error,4,c4_side_pose_06_0.jpg,E:\具身智能\badmin_project\outputs\shuttle_capability\challenge_test\images\c4_side_pose_06_0.jpg,0.709022,1.789661,0.14645,0.163773,0.093984,12.220324,0.264041,localization_examples\width_error\challenge_test_images\04_c4_side_pose_06_0.jpg
b_best,challenge_test/images,width_error,5,c1_hard_scene_11_1.jpg,E:\具身智能\badmin_project\outputs\shuttle_capability\challenge_test\images\c1_hard_scene_11_1.jpg,0.768587,0.228746,0.034311,0.147156,0.098796,6.66688,0.388944,localization_examples\width_error\challenge_test_images\05_c1_hard_scene_11_1.jpg
b_best,challenge_test/images,width_error,6,c1_hard_scene_16_0.jpg,E:\具身智能\badmin_project\outputs\shuttle_capability\challenge_test\images\c1_hard_scene_16_0.jpg,0.749458,0.414109,0.062114,0.140875,0.127649,6.66688,0.604141,localization_examples\width_error\challenge_test_images\06_c1_hard_scene_16_0.jpg
b_best,challenge_test/images,width_error,7,c1_hard_scene_16_1.jpg,E:\具身智能\badmin_project\outputs\shuttle_capability\challenge_test\images\c1_hard_scene_16_1.jpg,0.809385,0.444035,0.066603,0.118928,0.069247,6.66688,0.651485,localization_examples\width_error\challenge_test_images\07_c1_hard_scene_16_1.jpg
b_best,challenge_test/images,width_error,8,c4_side_pose_03_0.jpg,E:\具身智能\badmin_project\outputs\shuttle_capability\challenge_test\images\c4_side_pose_03_0.jpg,0.816856,0.453,0.037069,0.115944,0.097014,12.220324,0.636127,localization_examples\width_error\challenge_test_images\08_c4_side_pose_03_0.jpg
b_best,challenge_test/images,width_error,9,c1_hard_scene_00_1.jpg,E:\具身智能\badmin_project\outputs\shuttle_capability\challenge_test\images\c1_hard_scene_00_1.jpg,0.862327,0.393069,0.058959,0.038361,0.019987,6.66688,0.533307,localization_examples\width_error\challenge_test_images\09_c1_hard_scene_00_1.jpg
b_best,challenge_test/images,width_error,10,c4_side_pose_02_2.jpg,E:\具身智能\badmin_project\outputs\shuttle_capability\challenge_test\images\c4_side_pose_02_2.jpg,0.898089,0.287592,0.024115,0.029433,0.068364,11.92572,0.765256,localization_examples\width_error\challenge_test_images\10_c4_side_pose_02_2.jpg
b_best,challenge_test/images,width_error,11,c4_side_pose_03_2.jpg,E:\具身智能\badmin_project\outputs\shuttle_capability\challenge_test\images\c4_side_pose_03_2.jpg,0.914048,0.341649,0.027957,0.021557,0.070948,12.220324,0.753776,localization_examples\width_error\challenge_test_images\11_c4_side_pose_03_2.jpg
b_best,challenge_test/images,width_error,12,c4_side_pose_03_4.jpg,E:\具身智能\badmin_project\outputs\shuttle_capability\challenge_test\images\c4_side_pose_03_4.jpg,0.893354,0.179859,0.014718,0.017117,0.100539,12.220324,0.742671,localization_examples\width_error\challenge_test_images\12_c4_side_pose_03_4.jpg
b_best,challenge_test/images,width_error,13,c1_hard_scene_07_1.jpg,E:\具身智能\badmin_project\outputs\shuttle_capability\challenge_test\images\c1_hard_scene_07_1.jpg,0.886204,0.295428,0.044313,0.009608,0.024836,6.66688,0.633886,localization_examples\width_error\challenge_test_images\13_c1_hard_scene_07_1.jpg
b_best,challenge_test/images,width_error,14,c1_hard_scene_25_0.jpg,E:\具身智能\badmin_project\outputs\shuttle_capability\challenge_test\images\c1_hard_scene_25_0.jpg,0.881685,0.303773,0.045565,0.00016,0.030787,6.66688,0.355124,localization_examples\width_error\challenge_test_images\14_c1_hard_scene_25_0.jpg
b_best,challenge_test/images,height_error,1,c1_hard_scene_04_1.jpg,E:\具身智能\badmin_project\outputs\shuttle_capability\challenge_test\images\c1_hard_scene_04_1.jpg,0.584544,0.648793,0.097316,0.213395,0.256878,6.66688,0.273125,localization_examples\height_error\challenge_test_images\01_c1_hard_scene_04_1.jpg
b_best,challenge_test/images,height_error,2,c1_hard_scene_16_0.jpg,E:\具身智能\badmin_project\outputs\shuttle_capability\challenge_test\images\c1_hard_scene_16_0.jpg,0.749458,0.414109,0.062114,0.140875,0.127649,6.66688,0.604141,localization_examples\height_error\challenge_test_images\02_c1_hard_scene_16_0.jpg
b_best,challenge_test/images,height_error,3,c4_side_pose_03_4.jpg,E:\具身智能\badmin_project\outputs\shuttle_capability\challenge_test\images\c4_side_pose_03_4.jpg,0.893354,0.179859,0.014718,0.017117,0.100539,12.220324,0.742671,localization_examples\height_error\challenge_test_images\03_c4_side_pose_03_4.jpg
b_best,challenge_test/images,height_error,4,c1_hard_scene_11_1.jpg,E:\具身智能\badmin_project\outputs\shuttle_capability\challenge_test\images\c1_hard_scene_11_1.jpg,0.768587,0.228746,0.034311,0.147156,0.098796,6.66688,0.388944,localization_examples\height_error\challenge_test_images\04_c1_hard_scene_11_1.jpg
b_best,challenge_test/images,height_error,5,c4_side_pose_03_0.jpg,E:\具身智能\badmin_project\outputs\shuttle_capability\challenge_test\images\c4_side_pose_03_0.jpg,0.816856,0.453,0.037069,0.115944,0.097014,12.220324,0.636127,localization_examples\height_error\challenge_test_images\05_c4_side_pose_03_0.jpg
b_best,challenge_test/images,height_error,6,c4_side_pose_06_0.jpg,E:\具身智能\badmin_project\outputs\shuttle_capability\challenge_test\images\c4_side_pose_06_0.jpg,0.709022,1.789661,0.14645,0.163773,0.093984,12.220324,0.264041,localization_examples\height_error\challenge_test_images\06_c4_side_pose_06_0.jpg
b_best,challenge_test/images,height_error,7,c4_side_pose_06_4.jpg,E:\具身智能\badmin_project\outputs\shuttle_capability\challenge_test\images\c4_side_pose_06_4.jpg,0.632532,2.356046,0.192797,0.216874,0.082668,12.220324,0.36584,localization_examples\height_error\challenge_test_images\07_c4_side_pose_06_4.jpg
b_best,challenge_test/images,height_error,8,c4_side_pose_05_0.jpg,E:\具身智能\badmin_project\outputs\shuttle_capability\challenge_test\images\c4_side_pose_05_0.jpg,0.606114,2.582196,0.211303,0.269534,0.074449,12.220324,0.296862,localization_examples\height_error\challenge_test_images\08_c4_side_pose_05_0.jpg
b_best,challenge_test/images,height_error,9,c4_side_pose_03_2.jpg,E:\具身智能\badmin_project\outputs\shuttle_capability\challenge_test\images\c4_side_pose_03_2.jpg,0.914048,0.341649,0.027957,0.021557,0.070948,12.220324,0.753776,localization_examples\height_error\challenge_test_images\09_c4_side_pose_03_2.jpg
b_best,challenge_test/images,height_error,10,c1_hard_scene_16_1.jpg,E:\具身智能\badmin_project\outputs\shuttle_capability\challenge_test\images\c1_hard_scene_16_1.jpg,0.809385,0.444035,0.066603,0.118928,0.069247,6.66688,0.651485,localization_examples\height_error\challenge_test_images\10_c1_hard_scene_16_1.jpg
b_best,challenge_test/images,height_error,11,c4_side_pose_02_2.jpg,E:\具身智能\badmin_project\outputs\shuttle_capability\challenge_test\images\c4_side_pose_02_2.jpg,0.898089,0.287592,0.024115,0.029433,0.068364,11.92572,0.765256,localization_examples\height_error\challenge_test_images\11_c4_side_pose_02_2.jpg
b_best,challenge_test/images,height_error,12,c1_hard_scene_25_0.jpg,E:\具身智能\badmin_project\outputs\shuttle_capability\challenge_test\images\c1_hard_scene_25_0.jpg,0.881685,0.303773,0.045565,0.00016,0.030787,6.66688,0.355124,localization_examples\height_error\challenge_test_images\12_c1_hard_scene_25_0.jpg
b_best,challenge_test/images,height_error,13,c1_hard_scene_07_1.jpg,E:\具身智能\badmin_project\outputs\shuttle_capability\challenge_test\images\c1_hard_scene_07_1.jpg,0.886204,0.295428,0.044313,0.009608,0.024836,6.66688,0.633886,localization_examples\height_error\challenge_test_images\13_c1_hard_scene_07_1.jpg
b_best,challenge_test/images,height_error,14,c1_hard_scene_00_1.jpg,E:\具身智能\badmin_project\outputs\shuttle_capability\challenge_test\images\c1_hard_scene_00_1.jpg,0.862327,0.393069,0.058959,0.038361,0.019987,6.66688,0.533307,localization_examples\height_error\challenge_test_images\14_c1_hard_scene_00_1.jpg
b_best,challenge_test/images,near_miss,1,c4_side_pose_02_0.jpg,E:\具身智能\badmin_project\outputs\shuttle_capability\challenge_test\images\c4_side_pose_02_0.jpg,0.496115,3.065021,0.257009,0.032032,0.360741,11.92572,0.480661,localization_examples\near_miss\challenge_test_images\01_c4_side_pose_02_0.jpg
b_best,challenge_test/images,near_miss,2,c3_fast_blur_10_3.jpg,E:\具身智能\badmin_project\outputs\shuttle_capability\challenge_test\images\c3_fast_blur_10_3.jpg,0.493619,1.844681,0.153723,0.29884,0.295997,12.0,0.385402,localization_examples\near_miss\challenge_test_images\02_c3_fast_blur_10_3.jpg
