sample_id,split,source_type,source_family,camera_id,is_negative,box_count,equiv_size_px,size_bucket,blur_bucket,pose_bucket,background,image_sha256,image_path,label_path,error_count,warning_count
train_00000,train,SYNTHETIC_HIFI_3D,SYNTHETIC_3D,,False,1,10.954,8-16px,heavy,steep,tbg_008.jpg,3a58bc1e3e015d773bf0b6788eef22c7a7fec6b59aa30531feb7ba103f38e748,outputs\shuttle_capability\train_data\train\images\train_00000.jpg,outputs\shuttle_capability\train_data\train\labels\train_00000.txt,0,0
train_00001,train,SYNTHETIC_HIFI_3D,SYNTHETIC_3D,,False,1,13.0,8-16px,sharp,steep,tbg_009.jpg,031118cdb9dd02f4ba5fbbabe049d331bd8b5ec27511c2cac4e2b73cc664fc0e,outputs\shuttle_capability\train_data\train\images\train_00001.jpg,outputs\shuttle_capability\train_data\train\labels\train_00001.txt,0,0
train_00002,train,SYNTHETIC_HIFI_3D,SYNTHETIC_3D,,False,1,10.392,8-16px,heavy,steep,tbg_012.jpg,ac9202a1fe96093eeb7926c741fa7d931fc22d34d82414b21fd16d14258e495d,outputs\shuttle_capability\train_data\train\images\train_00002.jpg,outputs\shuttle_capability\train_data\train\labels\train_00002.txt,0,0
train_00003,train,SYNTHETIC_HIFI_3D,SYNTHETIC_3D,,False,1,4.472,4-8px,sharp,steep,tbg_013.jpg,8d15b20f45b17a90fced821d4b39382c315d4e0e30bf70f26343a8d1a3a983d9,outputs\shuttle_capability\train_data\train\images\train_00003.jpg,outputs\shuttle_capability\train_data\train\labels\train_00003.txt,0,0
train_00004,train,SYNTHETIC_HIFI_3D,SYNTHETIC_3D,,False,1,14.0,8-16px,sharp,steep,tbg_014.jpg,f0c48a13ff2abca674dcf7f20a4a389f425f674dd4b3113f1ba8f5b9d71ac5c9,outputs\shuttle_capability\train_data\train\images\train_00004.jpg,outputs\shuttle_capability\train_data\train\labels\train_00004.txt,0,0
train_00005,train,SYNTHETIC_HIFI_3D,SYNTHETIC_3D,,False,1,10.817,8-16px,sharp,steep,tbg_016.jpg,e356246bdd2d51314ff899ebcbede618d0db138865a5244f8ad3530c26e1fbe2,outputs\shuttle_capability\train_data\train\images\train_00005.jpg,outputs\shuttle_capability\train_data\train\labels\train_00005.txt,0,0
train_00006,train,SYNTHETIC_HIFI_3D,SYNTHETIC_3D,,False,1,6.928,4-8px,slight,steep,tbg_019.jpg,d487f0b8e4ddb967f390a4b2c1adf9b4a3409eda8474af8fbf847d533c971ccb,outputs\shuttle_capability\train_data\train\images\train_00006.jpg,outputs\shuttle_capability\train_data\train\labels\train_00006.txt,0,0
train_00007,train,SYNTHETIC_HIFI_3D,SYNTHETIC_3D,,False,1,12.0,8-16px,sharp,steep,tbg_021.jpg,8646652592bd87e8c3dd373bce9d090d946c2ee22841543b2ad21d7daf58578e,outputs\shuttle_capability\train_data\train\images\train_00007.jpg,outputs\shuttle_capability\train_data\train\labels\train_00007.txt,0,0
train_00008,train,SYNTHETIC_HIFI_3D,SYNTHETIC_3D,,False,1,10.488,8-16px,moderate,tilted,tbg_022.jpg,3b3e023f6c86f207a1740339dca3e46f407e2e761d412c8eeb2dcb21222647e2,outputs\shuttle_capability\train_data\train\images\train_00008.jpg,outputs\shuttle_capability\train_data\train\labels\train_00008.txt,0,0
train_00009,train,SYNTHETIC_HIFI_3D,SYNTHETIC_3D,,False,1,9.95,8-16px,sharp,steep,tbg_023.jpg,6b4cb9cd5e36c6c53e1a514feb2b850eaacc0501fa560534c1418e1d723c323f,outputs\shuttle_capability\train_data\train\images\train_00009.jpg,outputs\shuttle_capability\train_data\train\labels\train_00009.txt,0,0
train_00010,train,SYNTHETIC_HIFI_3D,SYNTHETIC_3D,,False,1,8.944,8-16px,heavy,steep,tbg_024.jpg,0371a46f2cb2ab915aea59042efd945e4a445995d8c9e238bae92949ae00dae6,outputs\shuttle_capability\train_data\train\images\train_00010.jpg,outputs\shuttle_capability\train_data\train\labels\train_00010.txt,0,0
train_00011,train,SYNTHETIC_HIFI_3D,SYNTHETIC_3D,,False,1,12.0,8-16px,heavy,tilted,tbg_026.jpg,e95b15a03b7c4b29ff40f5dd1287c5c408b94c1cb0e00ed3536a64251f915d5c,outputs\shuttle_capability\train_data\train\images\train_00011.jpg,outputs\shuttle_capability\train_data\train\labels\train_00011.txt,0,0
train_00012,train,SYNTHETIC_HIFI_3D,SYNTHETIC_3D,,False,1,6.481,4-8px,slight,steep,tbg_027.jpg,806b8c19b8e3f3a15f9a6fa7601b1da7cb83bb9de71edc4761d7c0b5d5fbc9c4,outputs\shuttle_capability\train_data\train\images\train_00012.jpg,outputs\shuttle_capability\train_data\train\labels\train_00012.txt,0,0
train_00013,train,SYNTHETIC_HIFI_3D,SYNTHETIC_3D,,False,1,7.937,4-8px,heavy,steep,tbg_028.jpg,4042cb68845a1caa884892357007bcae5b24dff8de42a05125c8635f33a7f28b,outputs\shuttle_capability\train_data\train\images\train_00013.jpg,outputs\shuttle_capability\train_data\train\labels\train_00013.txt,0,0
train_00014,train,SYNTHETIC_HIFI_3D,SYNTHETIC_3D,,False,1,6.928,4-8px,heavy,tilted,tbg_029.jpg,9b08c83cf44fc7424d130f5f48e05349595e8eaaa49c41566fb001f12341a113,outputs\shuttle_capability\train_data\train\images\train_00014.jpg,outputs\shuttle_capability\train_data\train\labels\train_00014.txt,0,0
train_00015,train,SYNTHETIC_HIFI_3D,SYNTHETIC_3D,,False,1,12.41,8-16px,sharp,steep,tbg_032.jpg,99b23ee67b265f0f0e3399e1ea30c317eeeeca0a19aee1d98ee5173f79319cf1,outputs\shuttle_capability\train_data\train\images\train_00015.jpg,outputs\shuttle_capability\train_data\train\labels\train_00015.txt,0,0
train_00016,train,SYNTHETIC_HIFI_3D,SYNTHETIC_3D,,False,1,9.487,8-16px,sharp,steep,tbg_033.jpg,0e94b4907f9caeeb7c8043989cfa14deb08997bd08fdf096655b5e01cd326843,outputs\shuttle_capability\train_data\train\images\train_00016.jpg,outputs\shuttle_capability\train_data\train\labels\train_00016.txt,0,0
train_00017,train,SYNTHETIC_HIFI_3D,SYNTHETIC_3D,,False,1,7.483,4-8px,sharp,steep,tbg_034.jpg,49c5a056d47f78f729a6d9ff48550859dd52ec0a4fd1ad5a2c2b87d72af7f172,outputs\shuttle_capability\train_data\train\images\train_00017.jpg,outputs\shuttle_capability\train_data\train\labels\train_00017.txt,0,0
train_00018,train,SYNTHETIC_HIFI_3D,SYNTHETIC_3D,,False,1,5.916,4-8px,moderate,steep,tbg_036.jpg,44c5cbd5719ffd03a4b9721678832b42e4a1c0d587161ddd180ecec93ebd5a7a,outputs\shuttle_capability\train_data\train\images\train_00018.jpg,outputs\shuttle_capability\train_data\train\labels\train_00018.txt,0,0
train_00019,train,SYNTHETIC_HIFI_3D,SYNTHETIC_3D,,False,1,7.937,4-8px,heavy,tilted,tbg_037.jpg,8415f8f2deb76943ae5af3e3dd82d363ef69b7838a8407f8f3df571c54362f2d,outputs\shuttle_capability\train_data\train\images\train_00019.jpg,outputs\shuttle_capability\train_data\train\labels\train_00019.txt,0,0
train_00020,train,SYNTHETIC_HIFI_3D,SYNTHETIC_3D,,False,1,9.0,8-16px,slight,steep,tbg_038.jpg,fe074052408c0542f27e1dfeb09e54c898758c82a7f0b2c2613e121d3f4ff4ed,outputs\shuttle_capability\train_data\train\images\train_00020.jpg,outputs\shuttle_capability\train_data\train\labels\train_00020.txt,0,0
train_00021,train,SYNTHETIC_HIFI_3D,SYNTHETIC_3D,,False,1,8.367,8-16px,sharp,steep,tbg_039.jpg,f7b0fe6cc5ea63f09c71288a4e067c7c334f6aee001490055b87c6714f1e536e,outputs\shuttle_capability\train_data\train\images\train_00021.jpg,outputs\shuttle_capability\train_data\train\labels\train_00021.txt,0,0
train_00022,train,SYNTHETIC_HIFI_3D,SYNTHETIC_3D,,False,1,16.971,16-32px,moderate,tilted,tbg_041.jpg,0724c40f3034727468549e6d69136841a31b60cd734c31ed64f08aaf50f61cc8,outputs\shuttle_capability\train_data\train\images\train_00022.jpg,outputs\shuttle_capability\train_data\train\labels\train_00022.txt,0,0
train_00023,train,SYNTHETIC_HIFI_3D,SYNTHETIC_3D,,False,1,14.967,8-16px,slight,steep,tbg_042.jpg,09617f8346446a4dc6196139efd7aecf89df14d135c147182b1c7a1693c302ce,outputs\shuttle_capability\train_data\train\images\train_00023.jpg,outputs\shuttle_capability\train_data\train\labels\train_00023.txt,0,0
train_00024,train,SYNTHETIC_HIFI_3D,SYNTHETIC_3D,,False,1,2.449,<4px,sharp,steep,tbg_046.jpg,15ccffaf8a8cd838ab8fd44d057da73b642f261add0253e2cac3768584d43a85,outputs\shuttle_capability\train_data\train\images\train_00024.jpg,outputs\shuttle_capability\train_data\train\labels\train_00024.txt,0,0
train_00025,train,SYNTHETIC_HIFI_3D,SYNTHETIC_3D,,False,1,3.464,<4px,moderate,steep,tbg_008.jpg,d1dfb07102103eb8081a42f1991a8e8ceea6d4ad7e80e9b9b86b6fbe1fd1f2c5,outputs\shuttle_capability\train_data\train\images\train_00025.jpg,outputs\shuttle_capability\train_data\train\labels\train_00025.txt,0,0
train_00026,train,SYNTHETIC_HIFI_3D,SYNTHETIC_3D,,False,1,8.0,8-16px,sharp,steep,tbg_009.jpg,dac0ac5547fd3f070817955e13e1b44cb9db936b315f1f4c65854fecac425760,outputs\shuttle_capability\train_data\train\images\train_00026.jpg,outputs\shuttle_capability\train_data\train\labels\train_00026.txt,0,0
train_00027,train,SYNTHETIC_HIFI_3D,SYNTHETIC_3D,,False,1,6.928,4-8px,slight,steep,tbg_012.jpg,d266acca97910271c83aa7a15b0199c75224dbcc64c6b3ec7fd8b9f4e8d30e0d,outputs\shuttle_capability\train_data\train\images\train_00027.jpg,outputs\shuttle_capability\train_data\train\labels\train_00027.txt,0,0
train_00028,train,SYNTHETIC_HIFI_3D,SYNTHETIC_3D,,False,1,10.392,8-16px,moderate,steep,tbg_013.jpg,9f54662d0c6cb8f39d0cb19c3ea8f64ac2ae07deb5ada46b57b6839d8d9a4d8e,outputs\shuttle_capability\train_data\train\images\train_00028.jpg,outputs\shuttle_capability\train_data\train\labels\train_00028.txt,0,0
train_00029,train,SYNTHETIC_HIFI_3D,SYNTHETIC_3D,,False,1,9.798,8-16px,heavy,steep,tbg_014.jpg,00c3180ad7538c99f0dbbb70db89d4712ce6c39252d1d64315c7bdac3835bb02,outputs\shuttle_capability\train_data\train\images\train_00029.jpg,outputs\shuttle_capability\train_data\train\labels\train_00029.txt,0,0
train_00030,train,SYNTHETIC_HIFI_3D,SYNTHETIC_3D,,False,1,25.826,16-32px,moderate,steep,tbg_016.jpg,b7d94c01fa5de11be2d4440054e396b248458bdcd2741725ca61723a992fdb15,outputs\shuttle_capability\train_data\train\images\train_00030.jpg,outputs\shuttle_capability\train_data\train\labels\train_00030.txt,0,0
train_00031,train,SYNTHETIC_HIFI_3D,SYNTHETIC_3D,,False,1,4.899,4-8px,slight,steep,tbg_019.jpg,6d66300363afeb7a6c5bcee3d2f90efed48c62d75e9102c445913b53d2890158,outputs\shuttle_capability\train_data\train\images\train_00031.jpg,outputs\shuttle_capability\train_data\train\labels\train_00031.txt,0,0
train_00032,train,SYNTHETIC_HIFI_3D,SYNTHETIC_3D,,False,1,7.483,4-8px,moderate,tilted,tbg_021.jpg,d155395e256e0ebd973c80dbcd0f7e9004901ff59646ba9fa8200ceae23d75be,outputs\shuttle_capability\train_data\train\images\train_00032.jpg,outputs\shuttle_capability\train_data\train\labels\train_00032.txt,0,0
train_00033,train,SYNTHETIC_HIFI_3D,SYNTHETIC_3D,,False,1,25.0,16-32px,slight,tilted,tbg_022.jpg,ff5775f2c6a07706f3bf8c1a115e67891adbc57468feece37ac66276113e2689,outputs\shuttle_capability\train_data\train\images\train_00033.jpg,outputs\shuttle_capability\train_data\train\labels\train_00033.txt,0,0
train_00034,train,SYNTHETIC_HIFI_3D,SYNTHETIC_3D,,False,1,12.845,8-16px,heavy,steep,tbg_023.jpg,ce10536247bfa84224b5ab6f49f7208052207d4e9accaf0a6befd99e75db7a52,outputs\shuttle_capability\train_data\train\images\train_00034.jpg,outputs\shuttle_capability\train_data\train\labels\train_00034.txt,0,0
train_00035,train,SYNTHETIC_HIFI_3D,SYNTHETIC_3D,,False,1,12.961,8-16px,sharp,steep,tbg_024.jpg,a11f903329f6946545cd5caa8c99b6bb1fe76594413be58a74a15478608b1aa0,outputs\shuttle_capability\train_data\train\images\train_00035.jpg,outputs\shuttle_capability\train_data\train\labels\train_00035.txt,0,0
train_00036,train,SYNTHETIC_HIFI_3D,SYNTHETIC_3D,,False,1,7.0,4-8px,slight,steep,tbg_026.jpg,8400f78dd8a66c2ac0f1fb4198dd8fd667d07a02ab7424b636e3d9bdd56e152c,outputs\shuttle_capability\train_data\train\images\train_00036.jpg,outputs\shuttle_capability\train_data\train\labels\train_00036.txt,0,0
train_00037,train,SYNTHETIC_HIFI_3D,SYNTHETIC_3D,,False,1,3.464,<4px,sharp,steep,tbg_027.jpg,dcbe0f6a0e26257d3554fd02b0f7d9093f6a781ae89e36b1d723fb9e8ee04bc2,outputs\shuttle_capability\train_data\train\images\train_00037.jpg,outputs\shuttle_capability\train_data\train\labels\train_00037.txt,0,0
train_00038,train,SYNTHETIC_HIFI_3D,SYNTHETIC_3D,,False,1,9.487,8-16px,sharp,steep,tbg_028.jpg,b2621c7826b71a13d50eb0708d1f45c790bc8dd1b44db8db2847905aef98b16f,outputs\shuttle_capability\train_data\train\images\train_00038.jpg,outputs\shuttle_capability\train_data\train\labels\train_00038.txt,0,0
train_00039,train,SYNTHETIC_HIFI_3D,SYNTHETIC_3D,,False,1,9.381,8-16px,sharp,steep,tbg_029.jpg,f55807f0958a58f4a0d9ed7a2546ee203c86bae2b71c31ecf08d57d20b2f41f2,outputs\shuttle_capability\train_data\train\images\train_00039.jpg,outputs\shuttle_capability\train_data\train\labels\train_00039.txt,0,0
train_00040,train,SYNTHETIC_HIFI_3D,SYNTHETIC_3D,,False,1,4.899,4-8px,slight,steep,tbg_032.jpg,c0b80a7a525647addff6d9c52f7144922cc36fc5a35c4e609723a794dfa5ff9e,outputs\shuttle_capability\train_data\train\images\train_00040.jpg,outputs\shuttle_capability\train_data\train\labels\train_00040.txt,0,0
train_00041,train,SYNTHETIC_HIFI_3D,SYNTHETIC_3D,,False,1,6.481,4-8px,sharp,steep,tbg_033.jpg,dc8e43dcf0f9e5f968d1c675ed907786b6c0548fd7a50168f89c04bc452422a4,outputs\shuttle_capability\train_data\train\images\train_00041.jpg,outputs\shuttle_capability\train_data\train\labels\train_00041.txt,0,0
train_00042,train,SYNTHETIC_HIFI_3D,SYNTHETIC_3D,,False,1,7.937,4-8px,heavy,steep,tbg_034.jpg,f81edbe836eae33bcffbe6b2817931271f9cc8bbbfca1bd1da01b396f19e121b,outputs\shuttle_capability\train_data\train\images\train_00042.jpg,outputs\shuttle_capability\train_data\train\labels\train_00042.txt,0,0
train_00043,train,SYNTHETIC_HIFI_3D,SYNTHETIC_3D,,False,1,5.916,4-8px,sharp,steep,tbg_036.jpg,d7cc00f075426e74bb587f6c0ef85fb836ca7da2d748615c9b0a6890ab40657d,outputs\shuttle_capability\train_data\train\images\train_00043.jpg,outputs\shuttle_capability\train_data\train\labels\train_00043.txt,0,0
train_00044,train,SYNTHETIC_HIFI_3D,SYNTHETIC_3D,,False,1,8.485,8-16px,sharp,steep,tbg_037.jpg,656e59d1a3c0188cab79ef27a0c4314717bc38e434b506048d14aa14ea2aee94,outputs\shuttle_capability\train_data\train\images\train_00044.jpg,outputs\shuttle_capability\train_data\train\labels\train_00044.txt,0,0
train_00045,train,SYNTHETIC_HIFI_3D,SYNTHETIC_3D,,False,1,9.381,8-16px,sharp,steep,tbg_038.jpg,f36c6d4d0b13a3d683e608526e241e548053e7739821d6bf181cd4ac48d2c0f5,outputs\shuttle_capability\train_data\train\images\train_00045.jpg,outputs\shuttle_capability\train_data\train\labels\train_00045.txt,0,0
train_00046,train,SYNTHETIC_HIFI_3D,SYNTHETIC_3D,,False,1,8.944,8-16px,heavy,steep,tbg_039.jpg,a9b98cc9be3e74049cca7d57686d020f40067f2e209a9e1e00430e41c03d245d,outputs\shuttle_capability\train_data\train\images\train_00046.jpg,outputs\shuttle_capability\train_data\train\labels\train_00046.txt,0,0
train_00047,train,SYNTHETIC_HIFI_3D,SYNTHETIC_3D,,False,1,6.928,4-8px,slight,steep,tbg_041.jpg,9826b94d409343b9bedf58b05a6cf1f2372d833132f5c015c7c1d808a67903d8,outputs\shuttle_capability\train_data\train\images\train_00047.jpg,outputs\shuttle_capability\train_data\train\labels\train_00047.txt,0,0
train_00048,train,SYNTHETIC_HIFI_3D,SYNTHETIC_3D,,False,1,11.958,8-16px,slight,steep,tbg_042.jpg,dbd87dadda9faa7b16ea1cfebe3704d51efeeebb3dfd520de18dc770b7846ac6,outputs\shuttle_capability\train_data\train\images\train_00048.jpg,outputs\shuttle_capability\train_data\train\labels\train_00048.txt,0,0
train_00049,train,SYNTHETIC_HIFI_3D,SYNTHETIC_3D,,False,1,13.856,8-16px,sharp,steep,tbg_046.jpg,1ddcd32a9d7fdfd583df5922bbda534f4613d125476a877dccb68a71dc698a1d,outputs\shuttle_capability\train_data\train\images\train_00049.jpg,outputs\shuttle_capability\train_data\train\labels\train_00049.txt,0,0
train_00050,train,SYNTHETIC_HIFI_3D,SYNTHETIC_3D,,False,1,10.954,8-16px,slight,steep,tbg_008.jpg,3b411305990b60825fdb176209dde7829238dbc0aff4443b5836240af36307cb,outputs\shuttle_capability\train_data\train\images\train_00050.jpg,outputs\shuttle_capability\train_data\train\labels\train_00050.txt,0,0
train_00051,train,SYNTHETIC_HIFI_3D,SYNTHETIC_3D,,False,1,5.916,4-8px,sharp,steep,tbg_009.jpg,86a920b7689cd52ffcf2ad6c356c66a8b3881391c535a7674b65a801b421f9df,outputs\shuttle_capability\train_data\train\images\train_00051.jpg,outputs\shuttle_capability\train_data\train\labels\train_00051.txt,0,0
train_00052,train,SYNTHETIC_HIFI_3D,SYNTHETIC_3D,,False,1,12.845,8-16px,heavy,steep,tbg_012.jpg,79b36f8b85aef3242faa34c7b46bb3c0158e9ea9d8971aea4e0ad5387d2eb896,outputs\shuttle_capability\train_data\train\images\train_00052.jpg,outputs\shuttle_capability\train_data\train\labels\train_00052.txt,0,0
train_00053,train,SYNTHETIC_HIFI_3D,SYNTHETIC_3D,,False,1,7.348,4-8px,sharp,steep,tbg_013.jpg,93bf5738199813479490bc47c0a8868c86071aeccb0cb898e21f45235f22b38e,outputs\shuttle_capability\train_data\train\images\train_00053.jpg,outputs\shuttle_capability\train_data\train\labels\train_00053.txt,0,0
train_00054,train,SYNTHETIC_HIFI_3D,SYNTHETIC_3D,,False,1,13.675,8-16px,moderate,steep,tbg_014.jpg,e8bc58c5f28b94a568457687b96450e6833ffbbdfa1b09d0ece1c618b1f32e2e,outputs\shuttle_capability\train_data\train\images\train_00054.jpg,outputs\shuttle_capability\train_data\train\labels\train_00054.txt,0,0
train_00055,train,SYNTHETIC_HIFI_3D,SYNTHETIC_3D,,False,1,5.477,4-8px,moderate,steep,tbg_016.jpg,78593b8e122925be0b53aa5dc345b4bee4be481540b883a5545a77c81790f229,outputs\shuttle_capability\train_data\train\images\train_00055.jpg,outputs\shuttle_capability\train_data\train\labels\train_00055.txt,0,0
train_00056,train,SYNTHETIC_HIFI_3D,SYNTHETIC_3D,,False,1,14.866,8-16px,slight,steep,tbg_019.jpg,db8a61f9c8777784cafa8b2bbc4d4dfab4f49937f1aaea69d460b8f8a632c536,outputs\shuttle_capability\train_data\train\images\train_00056.jpg,outputs\shuttle_capability\train_data\train\labels\train_00056.txt,0,0
train_00057,train,SYNTHETIC_HIFI_3D,SYNTHETIC_3D,,False,1,8.944,8-16px,heavy,steep,tbg_021.jpg,43c5bc96b1bdd7f45bac92d09b76eaa39530aee09ac6db7c5a200fb7ccc3ff68,outputs\shuttle_capability\train_data\train\images\train_00057.jpg,outputs\shuttle_capability\train_data\train\labels\train_00057.txt,0,0
train_00058,train,SYNTHETIC_HIFI_3D,SYNTHETIC_3D,,False,1,4.899,4-8px,moderate,tilted,tbg_022.jpg,f8bfaefae35bdceea741763ba7fac645959aa16f6bca49ffa9687ce5afd7cd2c,outputs\shuttle_capability\train_data\train\images\train_00058.jpg,outputs\shuttle_capability\train_data\train\labels\train_00058.txt,0,0
train_00059,train,SYNTHETIC_HIFI_3D,SYNTHETIC_3D,,False,1,7.483,4-8px,sharp,steep,tbg_023.jpg,542123a8ab059ed6b29d19d3e21ab8571d0c235ff2c2b379c2f67f0627a95b63,outputs\shuttle_capability\train_data\train\images\train_00059.jpg,outputs\shuttle_capability\train_data\train\labels\train_00059.txt,0,0
train_00060,train,SYNTHETIC_HIFI_3D,SYNTHETIC_3D,,False,1,9.0,8-16px,heavy,steep,tbg_024.jpg,179ed3954f652c42a8a63784faa19d36dc56593157654c344ef1ae8f45b4afdb,outputs\shuttle_capability\train_data\train\images\train_00060.jpg,outputs\shuttle_capability\train_data\train\labels\train_00060.txt,0,0
train_00061,train,SYNTHETIC_HIFI_3D,SYNTHETIC_3D,,False,1,10.488,8-16px,moderate,steep,tbg_026.jpg,76bd33345390b0a5cfb773ff894437bafa5bf0559213880125f3be4532757493,outputs\shuttle_capability\train_data\train\images\train_00061.jpg,outputs\shuttle_capability\train_data\train\labels\train_00061.txt,0,0
train_00062,train,SYNTHETIC_HIFI_3D,SYNTHETIC_3D,,False,1,5.477,4-8px,slight,steep,tbg_027.jpg,ffdbf54cb26a6d966cc92d031b97dbb565f85db9b15f7adf1ecf02683478973b,outputs\shuttle_capability\train_data\train\images\train_00062.jpg,outputs\shuttle_capability\train_data\train\labels\train_00062.txt,0,0
train_00063,train,SYNTHETIC_HIFI_3D,SYNTHETIC_3D,,False,1,5.0,4-8px,sharp,steep,tbg_028.jpg,000e14d77dd389279dce83e9fc922813014ee8dcbf4ca27e5e09007d2b1260b2,outputs\shuttle_capability\train_data\train\images\train_00063.jpg,outputs\shuttle_capability\train_data\train\labels\train_00063.txt,0,0
train_00064,train,SYNTHETIC_HIFI_3D,SYNTHETIC_3D,,False,1,10.0,8-16px,slight,steep,tbg_029.jpg,cc520918c9892b2884313e2a5e4dd221cbeb70ee48f60e7ac41cfef0026d70f1,outputs\shuttle_capability\train_data\train\images\train_00064.jpg,outputs\shuttle_capability\train_data\train\labels\train_00064.txt,0,0
train_00065,train,SYNTHETIC_HIFI_3D,SYNTHETIC_3D,,False,1,6.928,4-8px,slight,steep,tbg_032.jpg,cd808eea694f0fb8e1fba6720e7ff40fad1c0007e7e75fd39ab701cd409c36df,outputs\shuttle_capability\train_data\train\images\train_00065.jpg,outputs\shuttle_capability\train_data\train\labels\train_00065.txt,0,0
train_00066,train,SYNTHETIC_HIFI_3D,SYNTHETIC_3D,,False,1,10.0,8-16px,slight,steep,tbg_033.jpg,79f282727ff41a7899a5f8aedec2c9092e267aa7b928c135bca7020a53a79d5b,outputs\shuttle_capability\train_data\train\images\train_00066.jpg,outputs\shuttle_capability\train_data\train\labels\train_00066.txt,0,0
train_00067,train,SYNTHETIC_HIFI_3D,SYNTHETIC_3D,,False,1,13.675,8-16px,moderate,steep,tbg_034.jpg,9504c4298ab271b09b20e0848473075b7965aca065cb2f1db012efe68eaabac7,outputs\shuttle_capability\train_data\train\images\train_00067.jpg,outputs\shuttle_capability\train_data\train\labels\train_00067.txt,0,0
train_00068,train,SYNTHETIC_HIFI_3D,SYNTHETIC_3D,,False,1,3.464,<4px,heavy,steep,tbg_036.jpg,17a70d1bf7f6ba67b9f4ebcdaac8a5d0a9c0c372a323cedd1c33f68f58353267,outputs\shuttle_capability\train_data\train\images\train_00068.jpg,outputs\shuttle_capability\train_data\train\labels\train_00068.txt,0,0
train_00069,train,SYNTHETIC_HIFI_3D,SYNTHETIC_3D,,False,1,10.392,8-16px,sharp,steep,tbg_037.jpg,4dbb588a0a0c34b3956af1df940efd2a8edec6d92e7f20e8726417cc2455cfc3,outputs\shuttle_capability\train_data\train\images\train_00069.jpg,outputs\shuttle_capability\train_data\train\labels\train_00069.txt,0,0
train_00070,train,SYNTHETIC_HIFI_3D,SYNTHETIC_3D,,False,1,16.492,16-32px,moderate,steep,tbg_038.jpg,d5c93a84c1c0637b19bfb001cd439db822a9f69e54f935bd5a8a8f5a637e8808,outputs\shuttle_capability\train_data\train\images\train_00070.jpg,outputs\shuttle_capability\train_data\train\labels\train_00070.txt,0,0
train_00071,train,SYNTHETIC_HIFI_3D,SYNTHETIC_3D,,False,1,7.483,4-8px,slight,steep,tbg_039.jpg,814cce49d0618da4bff07b955e08d0f5786dbd6c3001e9d3b09a4ce675a75d4c,outputs\shuttle_capability\train_data\train\images\train_00071.jpg,outputs\shuttle_capability\train_data\train\labels\train_00071.txt,0,0
train_00072,train,SYNTHETIC_HIFI_3D,SYNTHETIC_3D,,False,1,5.916,4-8px,heavy,steep,tbg_041.jpg,ec2c131dd47ea1fcd3c30f18de41595628e8eced2ecbf6f7c97780c6e2a9b54d,outputs\shuttle_capability\train_data\train\images\train_00072.jpg,outputs\shuttle_capability\train_data\train\labels\train_00072.txt,0,0
train_00073,train,SYNTHETIC_HIFI_3D,SYNTHETIC_3D,,False,1,12.845,8-16px,sharp,steep,tbg_042.jpg,9d2a49cf1e525c20e180405f7369db34ff154402bd3b3ec616e01378ae1c5bdc,outputs\shuttle_capability\train_data\train\images\train_00073.jpg,outputs\shuttle_capability\train_data\train\labels\train_00073.txt,0,0
train_00074,train,SYNTHETIC_HIFI_3D,SYNTHETIC_3D,,False,1,10.392,8-16px,slight,steep,tbg_046.jpg,4a682e5fdd11b619200b77310b7436d26db0414870d9b48f028f2e7c990305a3,outputs\shuttle_capability\train_data\train\images\train_00074.jpg,outputs\shuttle_capability\train_data\train\labels\train_00074.txt,0,0
train_00075,train,SYNTHETIC_HIFI_3D,SYNTHETIC_3D,,False,1,14.697,8-16px,sharp,steep,tbg_008.jpg,9202b6e6b617c9131007438e0a5cc84b31d593d5c1079e28ae8ffdf5a2c24025,outputs\shuttle_capability\train_data\train\images\train_00075.jpg,outputs\shuttle_capability\train_data\train\labels\train_00075.txt,0,0
train_00076,train,SYNTHETIC_HIFI_3D,SYNTHETIC_3D,,False,1,7.937,4-8px,moderate,steep,tbg_009.jpg,e1dc29841ac5172d1be7e44c0533deb9fba1607a345f607e9340f0beace4260f,outputs\shuttle_capability\train_data\train\images\train_00076.jpg,outputs\shuttle_capability\train_data\train\labels\train_00076.txt,0,0
train_00077,train,SYNTHETIC_HIFI_3D,SYNTHETIC_3D,,False,1,4.472,4-8px,slight,steep,tbg_012.jpg,469336b8fc20f5a5c8ecd06ef5fe8c81814f271b61b89be7ea6cd83df302ffa8,outputs\shuttle_capability\train_data\train\images\train_00077.jpg,outputs\shuttle_capability\train_data\train\labels\train_00077.txt,0,0
train_00078,train,SYNTHETIC_HIFI_3D,SYNTHETIC_3D,,False,1,8.367,8-16px,moderate,steep,tbg_013.jpg,20bcc74c80d251f4f7647ca082bd4a34afda6d4566ff411c4e08c4c028918179,outputs\shuttle_capability\train_data\train\images\train_00078.jpg,outputs\shuttle_capability\train_data\train\labels\train_00078.txt,0,0
train_00079,train,SYNTHETIC_HIFI_3D,SYNTHETIC_3D,,False,1,7.483,4-8px,moderate,steep,tbg_014.jpg,52ee7a9a7bdb644f567f955d31e9882b6eb38b4a3281d964bb85835c72d47684,outputs\shuttle_capability\train_data\train\images\train_00079.jpg,outputs\shuttle_capability\train_data\train\labels\train_00079.txt,0,0
train_00080,train,SYNTHETIC_HIFI_3D,SYNTHETIC_3D,,False,1,13.416,8-16px,slight,tilted,tbg_016.jpg,6031a20336f5983bf233367bbbaa9a150b6c014907ceed56be2c07f982f19f95,outputs\shuttle_capability\train_data\train\images\train_00080.jpg,outputs\shuttle_capability\train_data\train\labels\train_00080.txt,0,0
train_00081,train,SYNTHETIC_HIFI_3D,SYNTHETIC_3D,,False,1,9.95,8-16px,slight,steep,tbg_019.jpg,48d8728f1d738c2e2320aaae432b2ba6bab06d509e9c8ab1cc6d609fe2853e4e,outputs\shuttle_capability\train_data\train\images\train_00081.jpg,outputs\shuttle_capability\train_data\train\labels\train_00081.txt,0,0
train_00082,train,SYNTHETIC_HIFI_3D,SYNTHETIC_3D,,False,1,4.0,4-8px,sharp,steep,tbg_021.jpg,a3b9b2785958d19547bc3e645ada7e0286432a777e665c4f98c12d43541e3993,outputs\shuttle_capability\train_data\train\images\train_00082.jpg,outputs\shuttle_capability\train_data\train\labels\train_00082.txt,0,0
train_00083,train,SYNTHETIC_HIFI_3D,SYNTHETIC_3D,,False,1,5.0,4-8px,sharp,steep,tbg_022.jpg,ec19fbe4c2f646f12cfe6be7eca32c9c5b703ccc825fe0684d7d665b7824549c,outputs\shuttle_capability\train_data\train\images\train_00083.jpg,outputs\shuttle_capability\train_data\train\labels\train_00083.txt,0,0
train_00084,train,SYNTHETIC_HIFI_3D,SYNTHETIC_3D,,False,1,13.416,8-16px,moderate,steep,tbg_023.jpg,565e5526409cf48ccb82b16bf615ff5b04ab79f47f463c0caf886d30dd61a6ab,outputs\shuttle_capability\train_data\train\images\train_00084.jpg,outputs\shuttle_capability\train_data\train\labels\train_00084.txt,0,0
train_00085,train,SYNTHETIC_HIFI_3D,SYNTHETIC_3D,,False,1,13.0,8-16px,slight,steep,tbg_024.jpg,ab5907525319e9cbd4ebbac1dd0b805e577cefa986700c8be0392a9c7bf40eca,outputs\shuttle_capability\train_data\train\images\train_00085.jpg,outputs\shuttle_capability\train_data\train\labels\train_00085.txt,0,0
train_00086,train,SYNTHETIC_HIFI_3D,SYNTHETIC_3D,,False,1,6.481,4-8px,sharp,steep,tbg_026.jpg,f17e6120c48ba3aa3cf82916fa3253f60778a15498192d55f3873ac204845741,outputs\shuttle_capability\train_data\train\images\train_00086.jpg,outputs\shuttle_capability\train_data\train\labels\train_00086.txt,0,0
train_00087,train,SYNTHETIC_HIFI_3D,SYNTHETIC_3D,,False,1,8.944,8-16px,heavy,tilted,tbg_027.jpg,6da0ba2151c945b3d6172d7ceeb65ab9ba323bb7cc24e5fca681b6c7188a6d43,outputs\shuttle_capability\train_data\train\images\train_00087.jpg,outputs\shuttle_capability\train_data\train\labels\train_00087.txt,0,0
train_00088,train,SYNTHETIC_HIFI_3D,SYNTHETIC_3D,,False,1,10.954,8-16px,slight,steep,tbg_028.jpg,faa754405b0790a25b0f5b82281871acb19e2986c1c789d93df3f2f432c65e3d,outputs\shuttle_capability\train_data\train\images\train_00088.jpg,outputs\shuttle_capability\train_data\train\labels\train_00088.txt,0,0
train_00089,train,SYNTHETIC_HIFI_3D,SYNTHETIC_3D,,False,1,10.954,8-16px,heavy,steep,tbg_029.jpg,f01f71701f7a63ff25883fc18f0e1710f023bda312f450bef478490182fb1706,outputs\shuttle_capability\train_data\train\images\train_00089.jpg,outputs\shuttle_capability\train_data\train\labels\train_00089.txt,0,0
train_00090,train,SYNTHETIC_HIFI_3D,SYNTHETIC_3D,,False,1,13.416,8-16px,sharp,steep,tbg_032.jpg,0a70957323f9f0d51ba2d8b9d9c294fd2faf8cab70c4497838afc5b61610a2ff,outputs\shuttle_capability\train_data\train\images\train_00090.jpg,outputs\shuttle_capability\train_data\train\labels\train_00090.txt,0,0
train_00091,train,SYNTHETIC_HIFI_3D,SYNTHETIC_3D,,False,1,10.392,8-16px,sharp,steep,tbg_033.jpg,1b5fade4fde5525d127be2b37df83b22e3cd607052b1257cdb7750399e61ac58,outputs\shuttle_capability\train_data\train\images\train_00091.jpg,outputs\shuttle_capability\train_data\train\labels\train_00091.txt,0,0
train_00092,train,SYNTHETIC_HIFI_3D,SYNTHETIC_3D,,False,1,8.944,8-16px,slight,steep,tbg_034.jpg,352dbdbca7ca0a37696d968b17029ead6416671a7b1ba811b327a41ca019f1a9,outputs\shuttle_capability\train_data\train\images\train_00092.jpg,outputs\shuttle_capability\train_data\train\labels\train_00092.txt,0,0
train_00093,train,SYNTHETIC_HIFI_3D,SYNTHETIC_3D,,False,1,8.367,8-16px,sharp,steep,tbg_036.jpg,240f98c11e01453967a10061e87477ea8e36d0dd3691b61af09af246420691d0,outputs\shuttle_capability\train_data\train\images\train_00093.jpg,outputs\shuttle_capability\train_data\train\labels\train_00093.txt,0,0
train_00094,train,SYNTHETIC_HIFI_3D,SYNTHETIC_3D,,False,1,15.969,8-16px,moderate,steep,tbg_037.jpg,b8b64a63765a94523cc782037ef21208ec181223673d58ac1e84c7cd3cb517ff,outputs\shuttle_capability\train_data\train\images\train_00094.jpg,outputs\shuttle_capability\train_data\train\labels\train_00094.txt,0,0
train_00095,train,SYNTHETIC_HIFI_3D,SYNTHETIC_3D,,False,1,2.828,<4px,slight,steep,tbg_038.jpg,67e37f1224c48a8f60c64a72341bc2478564df32977e51053748d06b1d8587ef,outputs\shuttle_capability\train_data\train\images\train_00095.jpg,outputs\shuttle_capability\train_data\train\labels\train_00095.txt,0,0
train_00096,train,SYNTHETIC_HIFI_3D,SYNTHETIC_3D,,False,1,8.367,8-16px,sharp,steep,tbg_039.jpg,2668e136e3751b077b875123d77b476a84da35bfefe0c402bbfa605e367000b8,outputs\shuttle_capability\train_data\train\images\train_00096.jpg,outputs\shuttle_capability\train_data\train\labels\train_00096.txt,0,0
train_00097,train,SYNTHETIC_HIFI_3D,SYNTHETIC_3D,,False,1,9.381,8-16px,sharp,steep,tbg_041.jpg,0d57c8f3d201bab98d64881d6ae89884cf2ab7acf1ce46cbd73cab046adcc47d,outputs\shuttle_capability\train_data\train\images\train_00097.jpg,outputs\shuttle_capability\train_data\train\labels\train_00097.txt,0,0
train_00098,train,SYNTHETIC_HIFI_3D,SYNTHETIC_3D,,False,1,4.472,4-8px,heavy,steep,tbg_042.jpg,476f2709d462d67e2cf380055c1fa51085693599ee8fd875827469b5f62f57cf,outputs\shuttle_capability\train_data\train\images\train_00098.jpg,outputs\shuttle_capability\train_data\train\labels\train_00098.txt,0,0
train_00099,train,SYNTHETIC_HIFI_3D,SYNTHETIC_3D,,False,1,10.488,8-16px,slight,tilted,tbg_046.jpg,d8c8dae1ff2210b0da7a8b3e440b99e3928d47d6107867b88e77035652c85479,outputs\shuttle_capability\train_data\train\images\train_00099.jpg,outputs\shuttle_capability\train_data\train\labels\train_00099.txt,0,0
train_00100,train,SYNTHETIC_HIFI_3D,SYNTHETIC_3D,,False,1,6.481,4-8px,sharp,steep,tbg_008.jpg,e81b41fed45f2ddbf28bfa349b87f7f6e133e7502c17eb2e2cc2aded8e05e708,outputs\shuttle_capability\train_data\train\images\train_00100.jpg,outputs\shuttle_capability\train_data\train\labels\train_00100.txt,0,0
train_00101,train,SYNTHETIC_HIFI_3D,SYNTHETIC_3D,,False,1,14.422,8-16px,slight,steep,tbg_009.jpg,391339f8160ab6abcdf6063b63d597e9ae13ec0f06cdb6e70d999ffb6c0c2d82,outputs\shuttle_capability\train_data\train\images\train_00101.jpg,outputs\shuttle_capability\train_data\train\labels\train_00101.txt,0,0
train_00102,train,SYNTHETIC_HIFI_3D,SYNTHETIC_3D,,False,1,8.367,8-16px,moderate,steep,tbg_012.jpg,8420a74d6692c08e8cf5e50b9e9117cf1239f9a41f3a3123eb1a147349916862,outputs\shuttle_capability\train_data\train\images\train_00102.jpg,outputs\shuttle_capability\train_data\train\labels\train_00102.txt,0,0
train_00103,train,SYNTHETIC_HIFI_3D,SYNTHETIC_3D,,False,1,12.961,8-16px,heavy,steep,tbg_013.jpg,dbc5616375e9b494633baeec3b30a1a613f36ffd2a2eda0870be8ba8ba3c6c22,outputs\shuttle_capability\train_data\train\images\train_00103.jpg,outputs\shuttle_capability\train_data\train\labels\train_00103.txt,0,0
train_00104,train,SYNTHETIC_HIFI_3D,SYNTHETIC_3D,,False,1,16.882,16-32px,heavy,steep,tbg_014.jpg,9f956e3231ca819eb405fc6d3ec5943088639b0c8401bcdddd660092b0c07365,outputs\shuttle_capability\train_data\train\images\train_00104.jpg,outputs\shuttle_capability\train_data\train\labels\train_00104.txt,0,0
train_00105,train,SYNTHETIC_HIFI_3D,SYNTHETIC_3D,,False,1,10.583,8-16px,slight,steep,tbg_016.jpg,7a48d8852c2dba0fb0af90263e41d20f8e50a8b9a2275bdc3e38e2cc034eab26,outputs\shuttle_capability\train_data\train\images\train_00105.jpg,outputs\shuttle_capability\train_data\train\labels\train_00105.txt,0,0
train_00106,train,SYNTHETIC_HIFI_3D,SYNTHETIC_3D,,False,1,5.916,4-8px,slight,steep,tbg_019.jpg,4ff6838a08537c7e8493f8fe838a9772f5561a43588c243ca52fb2d7264ef54b,outputs\shuttle_capability\train_data\train\images\train_00106.jpg,outputs\shuttle_capability\train_data\train\labels\train_00106.txt,0,0
train_00107,train,SYNTHETIC_HIFI_3D,SYNTHETIC_3D,,False,1,3.873,<4px,sharp,steep,tbg_021.jpg,0c54c2135d62bb9ec4d8d04df58ae8d70b8050cbf1656893fc9ceee85e739920,outputs\shuttle_capability\train_data\train\images\train_00107.jpg,outputs\shuttle_capability\train_data\train\labels\train_00107.txt,0,0
train_00108,train,SYNTHETIC_HIFI_3D,SYNTHETIC_3D,,False,1,21.909,16-32px,sharp,steep,tbg_022.jpg,484b73525c70075740519facf1435e62d99063c4a35985c558489606ebb55763,outputs\shuttle_capability\train_data\train\images\train_00108.jpg,outputs\shuttle_capability\train_data\train\labels\train_00108.txt,0,0
train_00109,train,SYNTHETIC_HIFI_3D,SYNTHETIC_3D,,False,1,8.367,8-16px,sharp,steep,tbg_023.jpg,ba5088ab830e6d7e9ed0cafee2aabb65fe73dda8512ee4ce84ecb8168004e4f3,outputs\shuttle_capability\train_data\train\images\train_00109.jpg,outputs\shuttle_capability\train_data\train\labels\train_00109.txt,0,0
train_00110,train,SYNTHETIC_HIFI_3D,SYNTHETIC_3D,,False,1,6.481,4-8px,slight,steep,tbg_024.jpg,22ea927c64ad252fe552b84c062ef4bbde369ce3336e5b4e4d9bac66af89ecc8,outputs\shuttle_capability\train_data\train\images\train_00110.jpg,outputs\shuttle_capability\train_data\train\labels\train_00110.txt,0,0
train_00111,train,SYNTHETIC_HIFI_3D,SYNTHETIC_3D,,False,1,9.381,8-16px,slight,steep,tbg_026.jpg,f158f931eb15b4665d8679dca593a402c8418240383d895c3edfb556cad0fce3,outputs\shuttle_capability\train_data\train\images\train_00111.jpg,outputs\shuttle_capability\train_data\train\labels\train_00111.txt,0,0
train_00112,train,SYNTHETIC_HIFI_3D,SYNTHETIC_3D,,False,1,7.937,4-8px,sharp,steep,tbg_027.jpg,c90bdcfe3f5219f7f346d566182a67315ba2f71aa9bd120e1106b7a133bf4885,outputs\shuttle_capability\train_data\train\images\train_00112.jpg,outputs\shuttle_capability\train_data\train\labels\train_00112.txt,0,0
train_00113,train,SYNTHETIC_HIFI_3D,SYNTHETIC_3D,,False,1,14.283,8-16px,heavy,steep,tbg_028.jpg,e4cf0cbfa1d17425f6f3ca654b194200646adc8438047ecbf1d1e7cf34b141f2,outputs\shuttle_capability\train_data\train\images\train_00113.jpg,outputs\shuttle_capability\train_data\train\labels\train_00113.txt,0,0
train_00114,train,SYNTHETIC_HIFI_3D,SYNTHETIC_3D,,False,1,9.487,8-16px,sharp,steep,tbg_029.jpg,2fe6b4bf8cf6b591d9ff731b676127613081eb16bbb3ace5ef692fedb122780b,outputs\shuttle_capability\train_data\train\images\train_00114.jpg,outputs\shuttle_capability\train_data\train\labels\train_00114.txt,0,0
train_00115,train,SYNTHETIC_HIFI_3D,SYNTHETIC_3D,,False,1,9.487,8-16px,sharp,steep,tbg_032.jpg,bf33ee956f1250d66e68d0bdfbfbf7dc9520f6c24169f8c288b6e7b748e1b324,outputs\shuttle_capability\train_data\train\images\train_00115.jpg,outputs\shuttle_capability\train_data\train\labels\train_00115.txt,0,0
train_00116,train,SYNTHETIC_HIFI_3D,SYNTHETIC_3D,,False,1,6.0,4-8px,moderate,steep,tbg_033.jpg,c670c173feb44cc429d0c10fad9c50960a51b9670d87a55b747a25126e5ea137,outputs\shuttle_capability\train_data\train\images\train_00116.jpg,outputs\shuttle_capability\train_data\train\labels\train_00116.txt,0,0
train_00117,train,SYNTHETIC_HIFI_3D,SYNTHETIC_3D,,False,1,10.954,8-16px,moderate,steep,tbg_034.jpg,a41a586d789557d480cd98d3757a6b0ec26153ace5097fd325aafa3ad1adf7c4,outputs\shuttle_capability\train_data\train\images\train_00117.jpg,outputs\shuttle_capability\train_data\train\labels\train_00117.txt,0,0
train_00118,train,SYNTHETIC_HIFI_3D,SYNTHETIC_3D,,False,1,5.477,4-8px,sharp,tilted,tbg_036.jpg,0382dd22dedc1de8c3e39b0ae6b12e392c6a1f007af741b67e014eb914fe694d,outputs\shuttle_capability\train_data\train\images\train_00118.jpg,outputs\shuttle_capability\train_data\train\labels\train_00118.txt,0,0
train_00119,train,SYNTHETIC_HIFI_3D,SYNTHETIC_3D,,False,1,12.961,8-16px,sharp,tilted,tbg_037.jpg,0a38b9e1f0ecf1ab4579d96cc241c5a8f6270ecedfc3cc148cbbe732b8d41685,outputs\shuttle_capability\train_data\train\images\train_00119.jpg,outputs\shuttle_capability\train_data\train\labels\train_00119.txt,0,0
train_00120,train,SYNTHETIC_HIFI_3D,SYNTHETIC_3D,,False,1,18.439,16-32px,sharp,steep,tbg_038.jpg,862848afd19cd21b4f2e727805af480a2508718a5f958e4a88f35af2a80b6068,outputs\shuttle_capability\train_data\train\images\train_00120.jpg,outputs\shuttle_capability\train_data\train\labels\train_00120.txt,0,0
train_00121,train,SYNTHETIC_HIFI_3D,SYNTHETIC_3D,,False,1,4.0,4-8px,sharp,steep,tbg_039.jpg,c68e665d9b66af902cfcd02a04a1bb25fee9bb73de91a0f6b608c2238a50a947,outputs\shuttle_capability\train_data\train\images\train_00121.jpg,outputs\shuttle_capability\train_data\train\labels\train_00121.txt,0,0
train_00122,train,SYNTHETIC_HIFI_3D,SYNTHETIC_3D,,False,1,2.449,<4px,heavy,steep,tbg_041.jpg,b99df5e2093d47bc956b54531fdc6bdf793239156c839813f3d883062c9a072c,outputs\shuttle_capability\train_data\train\images\train_00122.jpg,outputs\shuttle_capability\train_data\train\labels\train_00122.txt,0,0
train_00123,train,SYNTHETIC_HIFI_3D,SYNTHETIC_3D,,False,1,12.49,8-16px,slight,steep,tbg_042.jpg,9da99330c3c1c90d345354bcd660399cc5ce01fb51be91e5f822d52c2fecd91a,outputs\shuttle_capability\train_data\train\images\train_00123.jpg,outputs\shuttle_capability\train_data\train\labels\train_00123.txt,0,0
train_00124,train,SYNTHETIC_HIFI_3D,SYNTHETIC_3D,,False,1,32.404,>=32px,heavy,tilted,tbg_046.jpg,5a1c95f96144eba408449118e788edbdb127ed1db83375bbe4b17dda901ed8af,outputs\shuttle_capability\train_data\train\images\train_00124.jpg,outputs\shuttle_capability\train_data\train\labels\train_00124.txt,0,0
train_00125,train,SYNTHETIC_HIFI_3D,SYNTHETIC_3D,,False,1,5.477,4-8px,moderate,steep,tbg_008.jpg,494e8797c1dddb1ac5947ada1051c8041771f45171ca42228d51b6e45004dda3,outputs\shuttle_capability\train_data\train\images\train_00125.jpg,outputs\shuttle_capability\train_data\train\labels\train_00125.txt,0,0
train_00126,train,SYNTHETIC_HIFI_3D,SYNTHETIC_3D,,False,1,4.899,4-8px,slight,steep,tbg_009.jpg,83e8e6db49b6ce46040f4b68659b50475e2c3bf1661d97d25f2e4d6bfb87e53f,outputs\shuttle_capability\train_data\train\images\train_00126.jpg,outputs\shuttle_capability\train_data\train\labels\train_00126.txt,0,0
train_00127,train,SYNTHETIC_HIFI_3D,SYNTHETIC_3D,,False,1,12.49,8-16px,sharp,steep,tbg_012.jpg,4b255c8d6418776888e3ca311579bb658dc733bc0534405e55b7ab6453e37e58,outputs\shuttle_capability\train_data\train\images\train_00127.jpg,outputs\shuttle_capability\train_data\train\labels\train_00127.txt,0,0
train_00128,train,SYNTHETIC_HIFI_3D,SYNTHETIC_3D,,False,1,5.916,4-8px,slight,steep,tbg_013.jpg,feb5cc3367abbb264c1d15a83a19b2ff78bfceb5e6c1c09dd04926d65ef4e531,outputs\shuttle_capability\train_data\train\images\train_00128.jpg,outputs\shuttle_capability\train_data\train\labels\train_00128.txt,0,0
train_00129,train,SYNTHETIC_HIFI_3D,SYNTHETIC_3D,,False,1,6.928,4-8px,slight,steep,tbg_014.jpg,851ece36c2b60b18ff23d07d75f7888096566e7f8c9299a4b6288800e92a7973,outputs\shuttle_capability\train_data\train\images\train_00129.jpg,outputs\shuttle_capability\train_data\train\labels\train_00129.txt,0,0
train_00130,train,SYNTHETIC_HIFI_3D,SYNTHETIC_3D,,False,1,7.937,4-8px,sharp,steep,tbg_016.jpg,d166bcec050c4926db96553c165bcb1214457550c8bbf56970782bd437a69054,outputs\shuttle_capability\train_data\train\images\train_00130.jpg,outputs\shuttle_capability\train_data\train\labels\train_00130.txt,0,0
train_00131,train,SYNTHETIC_HIFI_3D,SYNTHETIC_3D,,False,1,11.832,8-16px,moderate,steep,tbg_019.jpg,b89a610230b35a25d2ebd661593e7cd9abd55a52b039c38d9d72d9cc988b8f0b,outputs\shuttle_capability\train_data\train\images\train_00131.jpg,outputs\shuttle_capability\train_data\train\labels\train_00131.txt,0,0
train_00132,train,SYNTHETIC_HIFI_3D,SYNTHETIC_3D,,False,1,7.483,4-8px,moderate,steep,tbg_021.jpg,1e863b9ab489c97a0c2b7b021d667623f3f0ce74ddc92d8a4528881019c85bae,outputs\shuttle_capability\train_data\train\images\train_00132.jpg,outputs\shuttle_capability\train_data\train\labels\train_00132.txt,0,0
train_00133,train,SYNTHETIC_HIFI_3D,SYNTHETIC_3D,,False,1,9.95,8-16px,slight,steep,tbg_022.jpg,875fb013f736a070d49ff87d3030e0eba190ef938696205a7ad780955bca575b,outputs\shuttle_capability\train_data\train\images\train_00133.jpg,outputs\shuttle_capability\train_data\train\labels\train_00133.txt,0,0
train_00134,train,SYNTHETIC_HIFI_3D,SYNTHETIC_3D,,False,1,8.485,8-16px,sharp,steep,tbg_023.jpg,a4b89ca31c7b1efdc47d1dd25792159c022fde4691c89c108e58d9f7b7b5e7be,outputs\shuttle_capability\train_data\train\images\train_00134.jpg,outputs\shuttle_capability\train_data\train\labels\train_00134.txt,0,0
train_00135,train,SYNTHETIC_HIFI_3D,SYNTHETIC_3D,,False,1,6.0,4-8px,heavy,steep,tbg_024.jpg,5be261111ebbf6973ac964fba9ecf239f3dba589013287d2058de2d991ffeb84,outputs\shuttle_capability\train_data\train\images\train_00135.jpg,outputs\shuttle_capability\train_data\train\labels\train_00135.txt,0,0
train_00136,train,SYNTHETIC_HIFI_3D,SYNTHETIC_3D,,False,1,7.937,4-8px,slight,steep,tbg_026.jpg,df747268a7211f710cf6d685581b9ed3b27b913030e376603653ec6331f9044f,outputs\shuttle_capability\train_data\train\images\train_00136.jpg,outputs\shuttle_capability\train_data\train\labels\train_00136.txt,0,0
train_00137,train,SYNTHETIC_HIFI_3D,SYNTHETIC_3D,,False,1,5.477,4-8px,slight,steep,tbg_027.jpg,afcf79066686e2e1e8c1ef9f3d41648700b0c35d5e17f0ff90cdbe6d23a9e1ef,outputs\shuttle_capability\train_data\train\images\train_00137.jpg,outputs\shuttle_capability\train_data\train\labels\train_00137.txt,0,0
train_00138,train,SYNTHETIC_HIFI_3D,SYNTHETIC_3D,,False,1,9.381,8-16px,sharp,steep,tbg_028.jpg,0bf9fc1a40b35de07d92693dae2360c7f9ec427e0107f151d91744c13758a05d,outputs\shuttle_capability\train_data\train\images\train_00138.jpg,outputs\shuttle_capability\train_data\train\labels\train_00138.txt,0,0
train_00139,train,SYNTHETIC_HIFI_3D,SYNTHETIC_3D,,False,1,5.0,4-8px,heavy,steep,tbg_029.jpg,3b7b1afc613e4db2949150ef6b8ecb6732cc9789aa4fbe0f95b7b6131bdeef77,outputs\shuttle_capability\train_data\train\images\train_00139.jpg,outputs\shuttle_capability\train_data\train\labels\train_00139.txt,0,0
train_00140,train,SYNTHETIC_HIFI_3D,SYNTHETIC_3D,,False,1,5.477,4-8px,slight,steep,tbg_032.jpg,1ce4add9f12cf5b8f4b37c573063e6ba91efce173ad78949a6fcf6d24ceaf6e0,outputs\shuttle_capability\train_data\train\images\train_00140.jpg,outputs\shuttle_capability\train_data\train\labels\train_00140.txt,0,0
train_00141,train,SYNTHETIC_HIFI_3D,SYNTHETIC_3D,,False,1,17.889,16-32px,slight,steep,tbg_033.jpg,5e3720e410c28f7e8967747b576120de3ed1d30fcdb6b73b0250266d7d22c71a,outputs\shuttle_capability\train_data\train\images\train_00141.jpg,outputs\shuttle_capability\train_data\train\labels\train_00141.txt,0,0
train_00142,train,SYNTHETIC_HIFI_3D,SYNTHETIC_3D,,False,1,8.775,8-16px,slight,steep,tbg_034.jpg,4a8d9c3db3f726e385fb58af47fc081d024e01158a00006741b182749276a969,outputs\shuttle_capability\train_data\train\images\train_00142.jpg,outputs\shuttle_capability\train_data\train\labels\train_00142.txt,0,0
train_00143,train,SYNTHETIC_HIFI_3D,SYNTHETIC_3D,,False,1,9.0,8-16px,slight,steep,tbg_036.jpg,e48f620f96e561bd005c5496c5bb838a0ba5fb5a50a312f171c5c2be3164e560,outputs\shuttle_capability\train_data\train\images\train_00143.jpg,outputs\shuttle_capability\train_data\train\labels\train_00143.txt,0,0
train_00144,train,SYNTHETIC_HIFI_3D,SYNTHETIC_3D,,False,1,11.958,8-16px,slight,steep,tbg_037.jpg,7542a85db1c32e3f368eb6c622b92114b0f34379525a5b986a3c878cfdce2e42,outputs\shuttle_capability\train_data\train\images\train_00144.jpg,outputs\shuttle_capability\train_data\train\labels\train_00144.txt,0,0
train_00145,train,SYNTHETIC_HIFI_3D,SYNTHETIC_3D,,False,1,6.928,4-8px,sharp,steep,tbg_038.jpg,1892b467801b1f6fb8c2d6cd0866bebbda2f530da3b6efe646442b414255ed50,outputs\shuttle_capability\train_data\train\images\train_00145.jpg,outputs\shuttle_capability\train_data\train\labels\train_00145.txt,0,0
train_00146,train,SYNTHETIC_HIFI_3D,SYNTHETIC_3D,,False,1,8.367,8-16px,sharp,steep,tbg_039.jpg,ecb5c2bf24472f7a5af1b3cc8f9b8ef46a75b07e2b6d8eaf63515a1a5aaecdfc,outputs\shuttle_capability\train_data\train\images\train_00146.jpg,outputs\shuttle_capability\train_data\train\labels\train_00146.txt,0,0
train_00147,train,SYNTHETIC_HIFI_3D,SYNTHETIC_3D,,False,1,11.489,8-16px,slight,steep,tbg_041.jpg,2815420b04fd1377e4ce65abdbf2f9848b614ce9ea5bc5476ec1bc81409238c6,outputs\shuttle_capability\train_data\train\images\train_00147.jpg,outputs\shuttle_capability\train_data\train\labels\train_00147.txt,0,0
train_00148,train,SYNTHETIC_HIFI_3D,SYNTHETIC_3D,,False,1,10.488,8-16px,sharp,steep,tbg_042.jpg,314211241327612a65d4755507e8283c10924a5b2850f433102b81d067643bae,outputs\shuttle_capability\train_data\train\images\train_00148.jpg,outputs\shuttle_capability\train_data\train\labels\train_00148.txt,0,0
train_00149,train,SYNTHETIC_HIFI_3D,SYNTHETIC_3D,,False,1,5.0,4-8px,slight,steep,tbg_046.jpg,d0004edf53cb776eea169d5ceb1c3957b29558a9623cdc2eb8c543ea57aa00ef,outputs\shuttle_capability\train_data\train\images\train_00149.jpg,outputs\shuttle_capability\train_data\train\labels\train_00149.txt,0,0
train_00150,train,SYNTHETIC_HIFI_3D,SYNTHETIC_3D,,False,1,13.964,8-16px,sharp,steep,tbg_008.jpg,dd6a1be8ac5b79f918a8a22e321a190d7d0059754354e54c2d647f2f72ac3e0c,outputs\shuttle_capability\train_data\train\images\train_00150.jpg,outputs\shuttle_capability\train_data\train\labels\train_00150.txt,0,0
train_00151,train,SYNTHETIC_HIFI_3D,SYNTHETIC_3D,,False,1,6.928,4-8px,heavy,steep,tbg_009.jpg,c690419b1b805516a2f018f469ae6a5a8563073b5487feda03cb1036cbd9746a,outputs\shuttle_capability\train_data\train\images\train_00151.jpg,outputs\shuttle_capability\train_data\train\labels\train_00151.txt,0,0
train_00152,train,SYNTHETIC_HIFI_3D,SYNTHETIC_3D,,False,1,5.477,4-8px,slight,steep,tbg_012.jpg,ccf214d826e6b08b0c2c01a6be24bb42f824b8443659ad225181bd84ef087322,outputs\shuttle_capability\train_data\train\images\train_00152.jpg,outputs\shuttle_capability\train_data\train\labels\train_00152.txt,0,0
train_00153,train,SYNTHETIC_HIFI_3D,SYNTHETIC_3D,,False,1,6.0,4-8px,sharp,steep,tbg_013.jpg,142d763fead77aa0232cc1fc7f9db64144f934d1b2a44909368ca1442f02b9df,outputs\shuttle_capability\train_data\train\images\train_00153.jpg,outputs\shuttle_capability\train_data\train\labels\train_00153.txt,0,0
train_00154,train,SYNTHETIC_HIFI_3D,SYNTHETIC_3D,,False,1,7.483,4-8px,slight,steep,tbg_014.jpg,13abe252308fcee24fb97750c4ddd9d56539909abe65d74633f2b9fbc266d356,outputs\shuttle_capability\train_data\train\images\train_00154.jpg,outputs\shuttle_capability\train_data\train\labels\train_00154.txt,0,0
train_00155,train,SYNTHETIC_HIFI_3D,SYNTHETIC_3D,,False,1,19.774,16-32px,slight,tilted,tbg_016.jpg,c09b156627e51f0920d5e0b8c30694af0f3667e1cb7ac15fe1478b208fc00b7a,outputs\shuttle_capability\train_data\train\images\train_00155.jpg,outputs\shuttle_capability\train_data\train\labels\train_00155.txt,0,0
train_00156,train,SYNTHETIC_HIFI_3D,SYNTHETIC_3D,,False,1,5.0,4-8px,moderate,tilted,tbg_019.jpg,4028a6cbdc59573363023c99ec3808319b881eb715075cd7caaaa35aff1b5e58,outputs\shuttle_capability\train_data\train\images\train_00156.jpg,outputs\shuttle_capability\train_data\train\labels\train_00156.txt,0,0
train_00157,train,SYNTHETIC_HIFI_3D,SYNTHETIC_3D,,False,1,10.0,8-16px,heavy,steep,tbg_021.jpg,09701dc9a58add5477d7c7a2ba91ad430d4f90635fc7015d94a11a609200c319,outputs\shuttle_capability\train_data\train\images\train_00157.jpg,outputs\shuttle_capability\train_data\train\labels\train_00157.txt,0,0
train_00158,train,SYNTHETIC_HIFI_3D,SYNTHETIC_3D,,False,1,3.0,<4px,sharp,steep,tbg_022.jpg,68a1233bdeb2df05b8c4420203a987800f425479432d07a1e5fc80fb93fbe510,outputs\shuttle_capability\train_data\train\images\train_00158.jpg,outputs\shuttle_capability\train_data\train\labels\train_00158.txt,0,0
train_00159,train,SYNTHETIC_HIFI_3D,SYNTHETIC_3D,,False,1,8.944,8-16px,heavy,steep,tbg_023.jpg,3bc707fac69ac160972a7e0976b861b1a4776f62214dadc0c5c5f4f3f5e06da2,outputs\shuttle_capability\train_data\train\images\train_00159.jpg,outputs\shuttle_capability\train_data\train\labels\train_00159.txt,0,0
train_00160,train,SYNTHETIC_HIFI_3D,SYNTHETIC_3D,,False,1,14.491,8-16px,heavy,steep,tbg_024.jpg,14d4fafc3f75b35f3c3bb1c923cac0c19719eadf1c391fd936dce74ca2330956,outputs\shuttle_capability\train_data\train\images\train_00160.jpg,outputs\shuttle_capability\train_data\train\labels\train_00160.txt,0,0
train_00161,train,SYNTHETIC_HIFI_3D,SYNTHETIC_3D,,False,1,8.0,8-16px,moderate,tilted,tbg_026.jpg,42490e56e64a5d6b61fb76e6f42a59ccb1c3520931d3324c9890650724ce7018,outputs\shuttle_capability\train_data\train\images\train_00161.jpg,outputs\shuttle_capability\train_data\train\labels\train_00161.txt,0,0
train_00162,train,SYNTHETIC_HIFI_3D,SYNTHETIC_3D,,False,1,6.481,4-8px,sharp,steep,tbg_027.jpg,96ccf389f1b78b29056a0f8c44399d4f605d8a1050ba7ae3cafe139403d04f5c,outputs\shuttle_capability\train_data\train\images\train_00162.jpg,outputs\shuttle_capability\train_data\train\labels\train_00162.txt,0,0
train_00163,train,SYNTHETIC_HIFI_3D,SYNTHETIC_3D,,False,1,10.488,8-16px,sharp,steep,tbg_028.jpg,9a54edf3a10471d926b026e96303c3fc023c13b084fa6e80d3a3db61529a6bd7,outputs\shuttle_capability\train_data\train\images\train_00163.jpg,outputs\shuttle_capability\train_data\train\labels\train_00163.txt,0,0
train_00164,train,SYNTHETIC_HIFI_3D,SYNTHETIC_3D,,False,1,12.49,8-16px,heavy,steep,tbg_029.jpg,c07c57658a657cad095882b72e5481c505cfceae5e9ed80783b8ba3aa4e6fd0a,outputs\shuttle_capability\train_data\train\images\train_00164.jpg,outputs\shuttle_capability\train_data\train\labels\train_00164.txt,0,0
train_00165,train,SYNTHETIC_HIFI_3D,SYNTHETIC_3D,,False,1,12.0,8-16px,slight,tilted,tbg_032.jpg,6e7f216a7ffb9ea64faf142baa09519f26f448b10318204f74e4833dc2f47ba2,outputs\shuttle_capability\train_data\train\images\train_00165.jpg,outputs\shuttle_capability\train_data\train\labels\train_00165.txt,0,0
train_00166,train,SYNTHETIC_HIFI_3D,SYNTHETIC_3D,,False,1,23.238,16-32px,slight,steep,tbg_033.jpg,9b03c315354e112b4fccd1c95a55b3979846f3ccb7ae5c1099ac3c40e23e83d0,outputs\shuttle_capability\train_data\train\images\train_00166.jpg,outputs\shuttle_capability\train_data\train\labels\train_00166.txt,0,0
train_00167,train,SYNTHETIC_HIFI_3D,SYNTHETIC_3D,,False,1,9.798,8-16px,moderate,steep,tbg_034.jpg,91bc53c38f9597c91c8bf3a03456cee0111af918d015550cec1d6f974f7ce6b6,outputs\shuttle_capability\train_data\train\images\train_00167.jpg,outputs\shuttle_capability\train_data\train\labels\train_00167.txt,0,0
train_00168,train,SYNTHETIC_HIFI_3D,SYNTHETIC_3D,,False,1,6.928,4-8px,sharp,steep,tbg_036.jpg,3766f89257a504aa17b249b30c50bc395b5b23bc15dda89454386045a2fff04f,outputs\shuttle_capability\train_data\train\images\train_00168.jpg,outputs\shuttle_capability\train_data\train\labels\train_00168.txt,0,0
train_00169,train,SYNTHETIC_HIFI_3D,SYNTHETIC_3D,,False,1,8.944,8-16px,moderate,steep,tbg_037.jpg,9ec7e2e53afc0a36c5a38f8febb2062437ee569849815930e7a8d9ace5e8daa4,outputs\shuttle_capability\train_data\train\images\train_00169.jpg,outputs\shuttle_capability\train_data\train\labels\train_00169.txt,0,0
train_00170,train,SYNTHETIC_HIFI_3D,SYNTHETIC_3D,,False,1,8.367,8-16px,slight,steep,tbg_038.jpg,4c7c420d390a96d1a6be2d36604f37d16252f08824b607b1cdab565dbb392109,outputs\shuttle_capability\train_data\train\images\train_00170.jpg,outputs\shuttle_capability\train_data\train\labels\train_00170.txt,0,0
train_00171,train,SYNTHETIC_HIFI_3D,SYNTHETIC_3D,,False,1,9.487,8-16px,slight,tilted,tbg_039.jpg,365567aa8f33f316f3dc5d25b5f042e7490add9b22ef485c408f0456badd85b4,outputs\shuttle_capability\train_data\train\images\train_00171.jpg,outputs\shuttle_capability\train_data\train\labels\train_00171.txt,0,0
train_00172,train,SYNTHETIC_HIFI_3D,SYNTHETIC_3D,,False,1,9.0,8-16px,sharp,steep,tbg_041.jpg,bca7ff1e999d475b884d0c13f63d93ea4354bb6d401e7a223d4e66a521184f63,outputs\shuttle_capability\train_data\train\images\train_00172.jpg,outputs\shuttle_capability\train_data\train\labels\train_00172.txt,0,0
train_00173,train,SYNTHETIC_HIFI_3D,SYNTHETIC_3D,,False,1,9.95,8-16px,moderate,tilted,tbg_042.jpg,ef0e159b13583c61d33bd219c38da951e0e4dd4b1420a56d70fee5bc073f7234,outputs\shuttle_capability\train_data\train\images\train_00173.jpg,outputs\shuttle_capability\train_data\train\labels\train_00173.txt,0,0
train_00174,train,SYNTHETIC_HIFI_3D,SYNTHETIC_3D,,False,1,3.873,<4px,sharp,steep,tbg_046.jpg,3365cf78669767876a566c27c73a70bb4c9aa09c01b4a6b45a0dc2341b56c622,outputs\shuttle_capability\train_data\train\images\train_00174.jpg,outputs\shuttle_capability\train_data\train\labels\train_00174.txt,0,0
train_00175,train,SYNTHETIC_HIFI_3D,SYNTHETIC_3D,,False,1,13.416,8-16px,slight,steep,tbg_008.jpg,293551c1d7664fc8d72fff6aaced482186e50e0406676b5a03bad3177740b639,outputs\shuttle_capability\train_data\train\images\train_00175.jpg,outputs\shuttle_capability\train_data\train\labels\train_00175.txt,0,0
train_00176,train,SYNTHETIC_HIFI_3D,SYNTHETIC_3D,,False,1,6.928,4-8px,heavy,steep,tbg_009.jpg,a4f11f7b7ee08c42158571ec2e7c6f66ff373ce89d6d18368d0aaff38f464a0b,outputs\shuttle_capability\train_data\train\images\train_00176.jpg,outputs\shuttle_capability\train_data\train\labels\train_00176.txt,0,0
train_00177,train,SYNTHETIC_HIFI_3D,SYNTHETIC_3D,,False,1,5.0,4-8px,sharp,steep,tbg_012.jpg,7e1914826c1c19e5dec0422440523501b710fbfab430ea0d9f4a03ad4079c71e,outputs\shuttle_capability\train_data\train\images\train_00177.jpg,outputs\shuttle_capability\train_data\train\labels\train_00177.txt,0,0
train_00178,train,SYNTHETIC_HIFI_3D,SYNTHETIC_3D,,False,1,11.402,8-16px,sharp,steep,tbg_013.jpg,4bfe3166f5aca235492e2a85df8224156c0eb635b64b060ad6e25afd4db1cc41,outputs\shuttle_capability\train_data\train\images\train_00178.jpg,outputs\shuttle_capability\train_data\train\labels\train_00178.txt,0,0
train_00179,train,SYNTHETIC_HIFI_3D,SYNTHETIC_3D,,False,1,17.493,16-32px,sharp,steep,tbg_014.jpg,a94573115e0923e1bf39c735d085daa7203396cfc68596f6c2c7c4d1644f35b2,outputs\shuttle_capability\train_data\train\images\train_00179.jpg,outputs\shuttle_capability\train_data\train\labels\train_00179.txt,0,0
train_00180,train,SYNTHETIC_HIFI_3D,SYNTHETIC_3D,,False,1,11.0,8-16px,heavy,tilted,tbg_016.jpg,84de2eff838d189bd09eeed1fe89fc2445aa349848f13ad5cababf5eeaa37ed3,outputs\shuttle_capability\train_data\train\images\train_00180.jpg,outputs\shuttle_capability\train_data\train\labels\train_00180.txt,0,0
train_00181,train,SYNTHETIC_HIFI_3D,SYNTHETIC_3D,,False,1,9.381,8-16px,sharp,steep,tbg_019.jpg,ad400c60cd8e614e4af8ba7468f84e21a9e489a6eb4db9c9f0dd9e770e54093d,outputs\shuttle_capability\train_data\train\images\train_00181.jpg,outputs\shuttle_capability\train_data\train\labels\train_00181.txt,0,0
train_00182,train,SYNTHETIC_HIFI_3D,SYNTHETIC_3D,,False,1,5.916,4-8px,heavy,steep,tbg_021.jpg,ef315ce024c3a19b287cf527637e4d14c2eedf0792d938556e8a5661378b2e35,outputs\shuttle_capability\train_data\train\images\train_00182.jpg,outputs\shuttle_capability\train_data\train\labels\train_00182.txt,0,0
train_00183,train,SYNTHETIC_HIFI_3D,SYNTHETIC_3D,,False,1,32.0,>=32px,sharp,tilted,tbg_022.jpg,33c5a4fd1d345a01e4208e035ba281276781f6082cef7c2001e3052a2fb8f807,outputs\shuttle_capability\train_data\train\images\train_00183.jpg,outputs\shuttle_capability\train_data\train\labels\train_00183.txt,0,0
train_00184,train,SYNTHETIC_HIFI_3D,SYNTHETIC_3D,,False,1,13.856,8-16px,sharp,steep,tbg_023.jpg,ace7022d38b6c13bcf99b4cb8b3bc1cbfb12449dbf09e76825f1281af1b7854a,outputs\shuttle_capability\train_data\train\images\train_00184.jpg,outputs\shuttle_capability\train_data\train\labels\train_00184.txt,0,0
train_00185,train,SYNTHETIC_HIFI_3D,SYNTHETIC_3D,,False,1,4.899,4-8px,heavy,steep,tbg_024.jpg,edec5b18c00a317f40f075341d8fd14407b50c0496fbdc912a27f6b5f50fbbd3,outputs\shuttle_capability\train_data\train\images\train_00185.jpg,outputs\shuttle_capability\train_data\train\labels\train_00185.txt,0,0
train_00186,train,SYNTHETIC_HIFI_3D,SYNTHETIC_3D,,False,1,5.916,4-8px,slight,steep,tbg_026.jpg,f9a0040eb358c73702e349db6514a1238e6703173067c2f3fcff41f22fedd481,outputs\shuttle_capability\train_data\train\images\train_00186.jpg,outputs\shuttle_capability\train_data\train\labels\train_00186.txt,0,0
train_00187,train,SYNTHETIC_HIFI_3D,SYNTHETIC_3D,,False,1,8.944,8-16px,sharp,steep,tbg_027.jpg,e9a93c0ae983c8e4760bafbe4380cb1cb5bc81e4e198a8acf0ca51376fc769df,outputs\shuttle_capability\train_data\train\images\train_00187.jpg,outputs\shuttle_capability\train_data\train\labels\train_00187.txt,0,0
train_00188,train,SYNTHETIC_HIFI_3D,SYNTHETIC_3D,,False,1,4.0,4-8px,sharp,steep,tbg_028.jpg,355aee8a955f73dbd78391535af87f3e75f2851eef05ed0070c95245f7de82ae,outputs\shuttle_capability\train_data\train\images\train_00188.jpg,outputs\shuttle_capability\train_data\train\labels\train_00188.txt,0,0
train_00189,train,SYNTHETIC_HIFI_3D,SYNTHETIC_3D,,False,1,9.487,8-16px,moderate,tilted,tbg_029.jpg,43647d66349635b8ca82b3685a2cd23b2bae4245a3af7447259ff1c24a2351b1,outputs\shuttle_capability\train_data\train\images\train_00189.jpg,outputs\shuttle_capability\train_data\train\labels\train_00189.txt,0,0
train_00190,train,SYNTHETIC_HIFI_3D,SYNTHETIC_3D,,False,1,7.483,4-8px,slight,steep,tbg_032.jpg,7f5bbfb4c131a72ee01f2cb75f723690e023123c40918423cfbf91d067e05954,outputs\shuttle_capability\train_data\train\images\train_00190.jpg,outputs\shuttle_capability\train_data\train\labels\train_00190.txt,0,0
train_00191,train,SYNTHETIC_HIFI_3D,SYNTHETIC_3D,,False,1,16.882,16-32px,slight,steep,tbg_033.jpg,60398a337e5a5800c849851a3beb5a22fce0ced9b89dcb3d1ccf1aee719f4235,outputs\shuttle_capability\train_data\train\images\train_00191.jpg,outputs\shuttle_capability\train_data\train\labels\train_00191.txt,0,0
train_00192,train,SYNTHETIC_HIFI_3D,SYNTHETIC_3D,,False,1,14.491,8-16px,sharp,steep,tbg_034.jpg,0b265626ef20daa02da2251dfd5cf3da58656dd194f8d305bfe77ae319f7eca2,outputs\shuttle_capability\train_data\train\images\train_00192.jpg,outputs\shuttle_capability\train_data\train\labels\train_00192.txt,0,0
train_00193,train,SYNTHETIC_HIFI_3D,SYNTHETIC_3D,,False,1,2.449,<4px,heavy,steep,tbg_036.jpg,89b5595cda64ec86b838819783840f437059e7e741d11fdda661748b275eed27,outputs\shuttle_capability\train_data\train\images\train_00193.jpg,outputs\shuttle_capability\train_data\train\labels\train_00193.txt,0,0
train_00194,train,SYNTHETIC_HIFI_3D,SYNTHETIC_3D,,False,1,8.944,8-16px,slight,tilted,tbg_037.jpg,af87a0d3afd0163973d25d639911491782e3c1a19c7b3973dfd69d48a726b7d0,outputs\shuttle_capability\train_data\train\images\train_00194.jpg,outputs\shuttle_capability\train_data\train\labels\train_00194.txt,0,0
train_00195,train,SYNTHETIC_HIFI_3D,SYNTHETIC_3D,,False,1,4.0,4-8px,sharp,steep,tbg_038.jpg,59a46d8a797261a3911aaf1776a6279d2d3ec829564d0643033cb6c6d4e0a9c4,outputs\shuttle_capability\train_data\train\images\train_00195.jpg,outputs\shuttle_capability\train_data\train\labels\train_00195.txt,0,0
train_00196,train,SYNTHETIC_HIFI_3D,SYNTHETIC_3D,,False,1,16.0,16-32px,sharp,steep,tbg_039.jpg,73d16260156c9dbd9c579d7b4a9db39ab20215003acd5e87528712f72838b487,outputs\shuttle_capability\train_data\train\images\train_00196.jpg,outputs\shuttle_capability\train_data\train\labels\train_00196.txt,0,0
train_00197,train,SYNTHETIC_HIFI_3D,SYNTHETIC_3D,,False,1,9.95,8-16px,sharp,steep,tbg_041.jpg,ab72eb3deefbaac14bb94aaa3b52481409b3a8515f31759b9ee0204c299202ff,outputs\shuttle_capability\train_data\train\images\train_00197.jpg,outputs\shuttle_capability\train_data\train\labels\train_00197.txt,0,0
train_00198,train,SYNTHETIC_HIFI_3D,SYNTHETIC_3D,,False,1,12.41,8-16px,heavy,steep,tbg_042.jpg,ba3d3729dcd4e4405beeb39875b774c7e3199b5d38188daa924db3982f6249b1,outputs\shuttle_capability\train_data\train\images\train_00198.jpg,outputs\shuttle_capability\train_data\train\labels\train_00198.txt,0,0
train_00199,train,SYNTHETIC_HIFI_3D,SYNTHETIC_3D,,False,1,5.477,4-8px,slight,steep,tbg_046.jpg,ec8e305b912f7633af9ba5bc25507f272a27cbd359b7fb1be1bf73bf8d5f294a,outputs\shuttle_capability\train_data\train\images\train_00199.jpg,outputs\shuttle_capability\train_data\train\labels\train_00199.txt,0,0
train_00200,train,SYNTHETIC_HIFI_3D,SYNTHETIC_3D,,False,1,22.226,16-32px,moderate,steep,tbg_008.jpg,e8d72497d62e8f0a52aeb7c8842e4d2d65204ee69dd4673b707b486a8f4ae73c,outputs\shuttle_capability\train_data\train\images\train_00200.jpg,outputs\shuttle_capability\train_data\train\labels\train_00200.txt,0,0
train_00201,train,SYNTHETIC_HIFI_3D,SYNTHETIC_3D,,False,1,24.819,16-32px,slight,steep,tbg_009.jpg,9a391b5f4cb9728cb72136dd079c509e78905d08a30b63777398c473240508cf,outputs\shuttle_capability\train_data\train\images\train_00201.jpg,outputs\shuttle_capability\train_data\train\labels\train_00201.txt,0,0
train_00202,train,SYNTHETIC_HIFI_3D,SYNTHETIC_3D,,False,1,5.477,4-8px,slight,steep,tbg_012.jpg,41aac64fde72094ef06d72e87604ba1bbb891f71cf05b3091ae4f137118aed25,outputs\shuttle_capability\train_data\train\images\train_00202.jpg,outputs\shuttle_capability\train_data\train\labels\train_00202.txt,0,0
train_00203,train,SYNTHETIC_HIFI_3D,SYNTHETIC_3D,,False,1,10.954,8-16px,heavy,steep,tbg_013.jpg,6b9ac0543aeaec915212ae85f722760cc4430408a38b82c46f4e5c3f26ad9d47,outputs\shuttle_capability\train_data\train\images\train_00203.jpg,outputs\shuttle_capability\train_data\train\labels\train_00203.txt,0,0
train_00204,train,SYNTHETIC_HIFI_3D,SYNTHETIC_3D,,False,1,6.481,4-8px,moderate,steep,tbg_014.jpg,990359109d21e7f211aee31d9bc056241804374bffb604a199ab37976583cebb,outputs\shuttle_capability\train_data\train\images\train_00204.jpg,outputs\shuttle_capability\train_data\train\labels\train_00204.txt,0,0
train_00205,train,SYNTHETIC_HIFI_3D,SYNTHETIC_3D,,False,1,8.944,8-16px,heavy,steep,tbg_016.jpg,3b0b177520b80e0bc2e933d9851c3c973111c2aeb2681f0ef127faf4fb9b55d0,outputs\shuttle_capability\train_data\train\images\train_00205.jpg,outputs\shuttle_capability\train_data\train\labels\train_00205.txt,0,0
train_00206,train,SYNTHETIC_HIFI_3D,SYNTHETIC_3D,,False,1,5.0,4-8px,sharp,steep,tbg_019.jpg,d58e282ca8762579295f3df5b6a3433ed92a7a312d1411c25b4c5300375c0e7e,outputs\shuttle_capability\train_data\train\images\train_00206.jpg,outputs\shuttle_capability\train_data\train\labels\train_00206.txt,0,0
train_00207,train,SYNTHETIC_HIFI_3D,SYNTHETIC_3D,,False,1,23.452,16-32px,moderate,steep,tbg_021.jpg,cf404446c8bccb48a85bbe4c2c6b0c35cd906e9e32f5002362e319c57545d321,outputs\shuttle_capability\train_data\train\images\train_00207.jpg,outputs\shuttle_capability\train_data\train\labels\train_00207.txt,0,0
train_00208,train,SYNTHETIC_HIFI_3D,SYNTHETIC_3D,,False,1,6.0,4-8px,slight,steep,tbg_022.jpg,e5bf78dcd6e11340b18ffd7adb3a23aeb75d927f7fc5beefde15977a8e665af7,outputs\shuttle_capability\train_data\train\images\train_00208.jpg,outputs\shuttle_capability\train_data\train\labels\train_00208.txt,0,0
train_00209,train,SYNTHETIC_HIFI_3D,SYNTHETIC_3D,,False,1,7.937,4-8px,moderate,steep,tbg_023.jpg,71fc923522d82bd4d2c5c197cd16ff13d027cda32dd624e86317a4b2527c0c44,outputs\shuttle_capability\train_data\train\images\train_00209.jpg,outputs\shuttle_capability\train_data\train\labels\train_00209.txt,0,0
train_00210,train,SYNTHETIC_HIFI_3D,SYNTHETIC_3D,,False,1,12.0,8-16px,slight,steep,tbg_024.jpg,0ba4b041a955a36cd81695560e0fbd410ee75badcc88a12af961628c2b5edded,outputs\shuttle_capability\train_data\train\images\train_00210.jpg,outputs\shuttle_capability\train_data\train\labels\train_00210.txt,0,0
train_00211,train,SYNTHETIC_HIFI_3D,SYNTHETIC_3D,,False,1,5.916,4-8px,heavy,steep,tbg_026.jpg,d844912f190a0d02f93e7bf64d3af86c425a85d1b8a15d3f3bfa3f5a1fe80859,outputs\shuttle_capability\train_data\train\images\train_00211.jpg,outputs\shuttle_capability\train_data\train\labels\train_00211.txt,0,0
train_00212,train,SYNTHETIC_HIFI_3D,SYNTHETIC_3D,,False,1,7.937,4-8px,sharp,steep,tbg_027.jpg,01096cc3569ac9e8bf772a1d28851d2ab7b661a7bc0ad6b00a36a2f680d27b90,outputs\shuttle_capability\train_data\train\images\train_00212.jpg,outputs\shuttle_capability\train_data\train\labels\train_00212.txt,0,0
train_00213,train,SYNTHETIC_HIFI_3D,SYNTHETIC_3D,,False,1,6.928,4-8px,slight,steep,tbg_028.jpg,28b758d11720eefab77ac51d734cef6f4bec10b94f5c0a650ccd8c98bb970faa,outputs\shuttle_capability\train_data\train\images\train_00213.jpg,outputs\shuttle_capability\train_data\train\labels\train_00213.txt,0,0
train_00214,train,SYNTHETIC_HIFI_3D,SYNTHETIC_3D,,False,1,8.485,8-16px,sharp,steep,tbg_029.jpg,99042ec7174e30bdae69cd795cb9589548361a9c9fe724bbdfa3a255ac0459cd,outputs\shuttle_capability\train_data\train\images\train_00214.jpg,outputs\shuttle_capability\train_data\train\labels\train_00214.txt,0,0
train_00215,train,SYNTHETIC_HIFI_3D,SYNTHETIC_3D,,False,1,5.0,4-8px,heavy,steep,tbg_032.jpg,645ff02328b5f3933ca97e866803dfc7c54f3f87694fd09a51bb26bca4b0c251,outputs\shuttle_capability\train_data\train\images\train_00215.jpg,outputs\shuttle_capability\train_data\train\labels\train_00215.txt,0,0
train_00216,train,SYNTHETIC_HIFI_3D,SYNTHETIC_3D,,False,1,6.928,4-8px,sharp,steep,tbg_033.jpg,554c57a753891d2d78f77d5e3cbf3ac99132d58b99b8b92519892c1296b1fa85,outputs\shuttle_capability\train_data\train\images\train_00216.jpg,outputs\shuttle_capability\train_data\train\labels\train_00216.txt,0,0
train_00217,train,SYNTHETIC_HIFI_3D,SYNTHETIC_3D,,False,1,7.937,4-8px,slight,steep,tbg_034.jpg,8d1b75325ff06552d55e11c12a851c42e6a77c3be91a9fd2af75d2fa8c3393a6,outputs\shuttle_capability\train_data\train\images\train_00217.jpg,outputs\shuttle_capability\train_data\train\labels\train_00217.txt,0,0
train_00218,train,SYNTHETIC_HIFI_3D,SYNTHETIC_3D,,False,1,7.937,4-8px,slight,steep,tbg_036.jpg,f7dcbc183ff53807ae5a7aacf6524c875146090835355a7fddf3b59c03f42e4a,outputs\shuttle_capability\train_data\train\images\train_00218.jpg,outputs\shuttle_capability\train_data\train\labels\train_00218.txt,0,0
train_00219,train,SYNTHETIC_HIFI_3D,SYNTHETIC_3D,,False,1,9.381,8-16px,slight,tilted,tbg_037.jpg,15ec89a2aae96c1d72b8ca5ecf1b080fee467c78ff596f041f866c8e61be58e3,outputs\shuttle_capability\train_data\train\images\train_00219.jpg,outputs\shuttle_capability\train_data\train\labels\train_00219.txt,0,0
train_00220,train,SYNTHETIC_HIFI_3D,SYNTHETIC_3D,,False,1,7.937,4-8px,slight,steep,tbg_038.jpg,45d76481a547d1c7bd14d2cf27838ab90aaf5728e7d72a14731918d3d80aa2de,outputs\shuttle_capability\train_data\train\images\train_00220.jpg,outputs\shuttle_capability\train_data\train\labels\train_00220.txt,0,0
train_00221,train,SYNTHETIC_HIFI_3D,SYNTHETIC_3D,,False,1,12.961,8-16px,sharp,steep,tbg_039.jpg,8d07cf69652f56c695db8154b7befc97a0c5ec30efe50d9fcbb1cdbfbc23cc53,outputs\shuttle_capability\train_data\train\images\train_00221.jpg,outputs\shuttle_capability\train_data\train\labels\train_00221.txt,0,0
train_00222,train,SYNTHETIC_HIFI_3D,SYNTHETIC_3D,,False,1,7.483,4-8px,heavy,tilted,tbg_041.jpg,62fe489d10553863e18b145a6e88e2bc9d21973adbad66de1925aaa4974b4f62,outputs\shuttle_capability\train_data\train\images\train_00222.jpg,outputs\shuttle_capability\train_data\train\labels\train_00222.txt,0,0
train_00223,train,SYNTHETIC_HIFI_3D,SYNTHETIC_3D,,False,1,8.485,8-16px,sharp,steep,tbg_042.jpg,43b15bca3a6c7ecac0fc86c37a7ccd0ecc49b42b3ee070c62c2329f5639415e0,outputs\shuttle_capability\train_data\train\images\train_00223.jpg,outputs\shuttle_capability\train_data\train\labels\train_00223.txt,0,0
train_00224,train,SYNTHETIC_HIFI_3D,SYNTHETIC_3D,,False,1,6.481,4-8px,moderate,steep,tbg_046.jpg,dd6de47b9806480a5de04f40c3991acef796364d6c774f7e47ac1607d0790e79,outputs\shuttle_capability\train_data\train\images\train_00224.jpg,outputs\shuttle_capability\train_data\train\labels\train_00224.txt,0,0
train_00225,train,SYNTHETIC_HIFI_3D,SYNTHETIC_3D,,False,1,6.928,4-8px,slight,steep,tbg_008.jpg,c3cee5d4002a43696c2752f3df5cb2ebdd4a709244ed4d40d8474393de1aa023,outputs\shuttle_capability\train_data\train\images\train_00225.jpg,outputs\shuttle_capability\train_data\train\labels\train_00225.txt,0,0
train_00226,train,SYNTHETIC_HIFI_3D,SYNTHETIC_3D,,False,1,4.899,4-8px,slight,steep,tbg_009.jpg,f125ba0e7e883af377309feb1c3eb9deedba07e0919fc9fcfcce2f5cfe4705d0,outputs\shuttle_capability\train_data\train\images\train_00226.jpg,outputs\shuttle_capability\train_data\train\labels\train_00226.txt,0,0
train_00227,train,SYNTHETIC_HIFI_3D,SYNTHETIC_3D,,False,1,11.489,8-16px,heavy,steep,tbg_012.jpg,0efc06ee481d7ca6aedfb13a7a5aabd4dda1fb2b1af72a7961b6c22786a7e2dd,outputs\shuttle_capability\train_data\train\images\train_00227.jpg,outputs\shuttle_capability\train_data\train\labels\train_00227.txt,0,0
train_00228,train,SYNTHETIC_HIFI_3D,SYNTHETIC_3D,,False,1,5.0,4-8px,slight,steep,tbg_013.jpg,130ebda827ef9811e0006c76198399b92e76f05e39fda07c6fddf0690bf85dca,outputs\shuttle_capability\train_data\train\images\train_00228.jpg,outputs\shuttle_capability\train_data\train\labels\train_00228.txt,0,0
train_00229,train,SYNTHETIC_HIFI_3D,SYNTHETIC_3D,,False,1,5.916,4-8px,sharp,steep,tbg_014.jpg,99ec8d98af3c6b181d943ac5a89479bd2cf33fd9a242aefa056b503db45772bf,outputs\shuttle_capability\train_data\train\images\train_00229.jpg,outputs\shuttle_capability\train_data\train\labels\train_00229.txt,0,0
train_00230,train,SYNTHETIC_HIFI_3D,SYNTHETIC_3D,,False,1,10.392,8-16px,moderate,steep,tbg_016.jpg,5cfb1bf64d478f2ab6f61c9c592fc2842d00238403d89cb3968187daca04b393,outputs\shuttle_capability\train_data\train\images\train_00230.jpg,outputs\shuttle_capability\train_data\train\labels\train_00230.txt,0,0
train_00231,train,SYNTHETIC_HIFI_3D,SYNTHETIC_3D,,False,1,10.954,8-16px,slight,steep,tbg_019.jpg,a5cda90ecece32ddbfb99f80101e65b5a004d6441f84eaeb371f62ba12ae205d,outputs\shuttle_capability\train_data\train\images\train_00231.jpg,outputs\shuttle_capability\train_data\train\labels\train_00231.txt,0,0
train_00232,train,SYNTHETIC_HIFI_3D,SYNTHETIC_3D,,False,1,7.483,4-8px,moderate,steep,tbg_021.jpg,7ab5ae4f625d2afe02eac7fe5e89dd41558bb48d842917e1ff3916aea7bb0d42,outputs\shuttle_capability\train_data\train\images\train_00232.jpg,outputs\shuttle_capability\train_data\train\labels\train_00232.txt,0,0
train_00233,train,SYNTHETIC_HIFI_3D,SYNTHETIC_3D,,False,1,3.464,<4px,sharp,tilted,tbg_022.jpg,a6d7090b47eccb294661499c3f0a68911fa2fb190536ec94a6ae9c4a195e703d,outputs\shuttle_capability\train_data\train\images\train_00233.jpg,outputs\shuttle_capability\train_data\train\labels\train_00233.txt,0,0
train_00234,train,SYNTHETIC_HIFI_3D,SYNTHETIC_3D,,False,1,11.0,8-16px,heavy,tilted,tbg_023.jpg,d5b57eadc4fe1487058282e0aa787ac0ad5eee1b88ea2f917b569f3567dc957a,outputs\shuttle_capability\train_data\train\images\train_00234.jpg,outputs\shuttle_capability\train_data\train\labels\train_00234.txt,0,0
train_00235,train,SYNTHETIC_HIFI_3D,SYNTHETIC_3D,,False,1,10.488,8-16px,slight,tilted,tbg_024.jpg,fc05f4a3a5e4652d976c4be78f509585529aeb4edecd986adab53e8ac13cb069,outputs\shuttle_capability\train_data\train\images\train_00235.jpg,outputs\shuttle_capability\train_data\train\labels\train_00235.txt,0,0
train_00236,train,SYNTHETIC_HIFI_3D,SYNTHETIC_3D,,False,1,4.0,4-8px,sharp,steep,tbg_026.jpg,e3594c74609535dd7a8f92be20e95d9532e7374fd56524eda88736a53c45b090,outputs\shuttle_capability\train_data\train\images\train_00236.jpg,outputs\shuttle_capability\train_data\train\labels\train_00236.txt,0,0
train_00237,train,SYNTHETIC_HIFI_3D,SYNTHETIC_3D,,False,1,12.845,8-16px,slight,steep,tbg_027.jpg,4105411378041df1003b8de5fd9a657a27ca0d4bcac9551c0c518f2b7158f046,outputs\shuttle_capability\train_data\train\images\train_00237.jpg,outputs\shuttle_capability\train_data\train\labels\train_00237.txt,0,0
train_00238,train,SYNTHETIC_HIFI_3D,SYNTHETIC_3D,,False,1,6.481,4-8px,sharp,steep,tbg_028.jpg,35b1f8ab89f38322766a30c0986f5a7b5341eb7adfb6a4d2fa3ee80e0197d2bb,outputs\shuttle_capability\train_data\train\images\train_00238.jpg,outputs\shuttle_capability\train_data\train\labels\train_00238.txt,0,0
train_00239,train,SYNTHETIC_HIFI_3D,SYNTHETIC_3D,,False,1,5.292,4-8px,heavy,tilted,tbg_029.jpg,d76f45b5036131cf275f7ea22fbb2848ff4fd2bfa81e74c761f598e578daa862,outputs\shuttle_capability\train_data\train\images\train_00239.jpg,outputs\shuttle_capability\train_data\train\labels\train_00239.txt,0,0
train_00240,train,SYNTHETIC_HIFI_3D,SYNTHETIC_3D,,False,1,9.0,8-16px,slight,steep,tbg_032.jpg,0cc0505c39cb2769b21a14ed131e966e3fb3f1cdac7172835aba6c1ed1a9987d,outputs\shuttle_capability\train_data\train\images\train_00240.jpg,outputs\shuttle_capability\train_data\train\labels\train_00240.txt,0,0
train_00241,train,SYNTHETIC_HIFI_3D,SYNTHETIC_3D,,False,1,8.0,8-16px,sharp,steep,tbg_033.jpg,22057adc91e260f2632d7814b021e4b9d7b3c2a4698badaf6f319aa60e6160c3,outputs\shuttle_capability\train_data\train\images\train_00241.jpg,outputs\shuttle_capability\train_data\train\labels\train_00241.txt,0,0
train_00242,train,SYNTHETIC_HIFI_3D,SYNTHETIC_3D,,False,1,9.487,8-16px,moderate,steep,tbg_034.jpg,f4aab1f706a09e3dd3cb17acba6751a2a57e7a7b77dee5577928caf5a83104bd,outputs\shuttle_capability\train_data\train\images\train_00242.jpg,outputs\shuttle_capability\train_data\train\labels\train_00242.txt,0,0
train_00243,train,SYNTHETIC_HIFI_3D,SYNTHETIC_3D,,False,1,4.472,4-8px,heavy,steep,tbg_036.jpg,81084c722a4d1bc6e06f4d82d90a95801db0db4c7b02343b0f5f3bf2ce757510,outputs\shuttle_capability\train_data\train\images\train_00243.jpg,outputs\shuttle_capability\train_data\train\labels\train_00243.txt,0,0
train_00244,train,SYNTHETIC_HIFI_3D,SYNTHETIC_3D,,False,1,23.238,16-32px,slight,steep,tbg_037.jpg,cafaa40915ef1b055284fb473691a32f3dd3db541bdcff7f9e06277ce7d54aa0,outputs\shuttle_capability\train_data\train\images\train_00244.jpg,outputs\shuttle_capability\train_data\train\labels\train_00244.txt,0,0
train_00245,train,SYNTHETIC_HIFI_3D,SYNTHETIC_3D,,False,1,6.481,4-8px,moderate,steep,tbg_038.jpg,9e2038f6377c0b99cfe74723a8d1c3ac96ad19b7e56af32923501b97924cfffc,outputs\shuttle_capability\train_data\train\images\train_00245.jpg,outputs\shuttle_capability\train_data\train\labels\train_00245.txt,0,0
train_00246,train,SYNTHETIC_HIFI_3D,SYNTHETIC_3D,,False,1,4.0,4-8px,slight,steep,tbg_039.jpg,823c6b9eedac2cad53ad70f1429d047ae02de0fc777fb9cda9b7d0b2da54eb22,outputs\shuttle_capability\train_data\train\images\train_00246.jpg,outputs\shuttle_capability\train_data\train\labels\train_00246.txt,0,0
train_00247,train,SYNTHETIC_HIFI_3D,SYNTHETIC_3D,,False,1,12.49,8-16px,slight,steep,tbg_041.jpg,9748aab01c3cfb471bbc4a267376c6ca5d6892a914d850846a27d1af9208ca78,outputs\shuttle_capability\train_data\train\images\train_00247.jpg,outputs\shuttle_capability\train_data\train\labels\train_00247.txt,0,0
train_00248,train,SYNTHETIC_HIFI_3D,SYNTHETIC_3D,,False,1,7.483,4-8px,heavy,tilted,tbg_042.jpg,9896162cb1f450af0de6738ea233f6e1532968f91bfb5d68028f6d7ca76d4f4d,outputs\shuttle_capability\train_data\train\images\train_00248.jpg,outputs\shuttle_capability\train_data\train\labels\train_00248.txt,0,0
train_00249,train,SYNTHETIC_HIFI_3D,SYNTHETIC_3D,,False,1,10.392,8-16px,moderate,steep,tbg_046.jpg,b8b2fdf6694a0eed69bfe58365748e8b2af725902649ceab862ced3c51e17e76,outputs\shuttle_capability\train_data\train\images\train_00249.jpg,outputs\shuttle_capability\train_data\train\labels\train_00249.txt,0,0
train_00250,train,SYNTHETIC_HIFI_3D,SYNTHETIC_3D,,False,1,7.483,4-8px,slight,steep,tbg_008.jpg,95076317e07b15633c46b6f31565402c79595f6282fd4e99f16a07ed772ae029,outputs\shuttle_capability\train_data\train\images\train_00250.jpg,outputs\shuttle_capability\train_data\train\labels\train_00250.txt,0,0
train_00251,train,SYNTHETIC_HIFI_3D,SYNTHETIC_3D,,False,1,8.485,8-16px,sharp,steep,tbg_009.jpg,fffdd3e5b2a8c160b0f066c92063d58a118c44453556c8022157720fcb46b3b0,outputs\shuttle_capability\train_data\train\images\train_00251.jpg,outputs\shuttle_capability\train_data\train\labels\train_00251.txt,0,0
train_00252,train,SYNTHETIC_HIFI_3D,SYNTHETIC_3D,,False,1,10.488,8-16px,heavy,steep,tbg_012.jpg,76bbde6c84587e1fba489e780dafedbdb57fb1e4c07e019c1fb04a17ef16f3fc,outputs\shuttle_capability\train_data\train\images\train_00252.jpg,outputs\shuttle_capability\train_data\train\labels\train_00252.txt,0,0
train_00253,train,SYNTHETIC_HIFI_3D,SYNTHETIC_3D,,False,1,6.481,4-8px,heavy,steep,tbg_013.jpg,ef9074980b36c4959ee64ed6046d50c0dc001c8b7eca7a566bf7d8a8b40c5f97,outputs\shuttle_capability\train_data\train\images\train_00253.jpg,outputs\shuttle_capability\train_data\train\labels\train_00253.txt,0,0
train_00254,train,SYNTHETIC_HIFI_3D,SYNTHETIC_3D,,False,1,12.49,8-16px,sharp,tilted,tbg_014.jpg,b200d9c9baee937b4a58b09fe4e0ee87932da52c77bd58bdb8209270b6354bbc,outputs\shuttle_capability\train_data\train\images\train_00254.jpg,outputs\shuttle_capability\train_data\train\labels\train_00254.txt,0,0
train_00255,train,SYNTHETIC_HIFI_3D,SYNTHETIC_3D,,False,1,6.928,4-8px,sharp,steep,tbg_016.jpg,059654b0fcd6f455ddbd2b76bf5ce8c20bb979cb57446da4286f971e48fbda3b,outputs\shuttle_capability\train_data\train\images\train_00255.jpg,outputs\shuttle_capability\train_data\train\labels\train_00255.txt,0,0
train_00256,train,SYNTHETIC_HIFI_3D,SYNTHETIC_3D,,False,1,6.0,4-8px,moderate,tilted,tbg_019.jpg,d9eabd6d36905ec0a50c6bdc2a348f68253b709b9e833264deea7baed4e1172b,outputs\shuttle_capability\train_data\train\images\train_00256.jpg,outputs\shuttle_capability\train_data\train\labels\train_00256.txt,0,0
train_00257,train,SYNTHETIC_HIFI_3D,SYNTHETIC_3D,,False,1,9.798,8-16px,slight,tilted,tbg_021.jpg,a9506a95dc233818f9ea6f97c029a9c78e23a9e01f6e09f482b8adaf6f90c0d8,outputs\shuttle_capability\train_data\train\images\train_00257.jpg,outputs\shuttle_capability\train_data\train\labels\train_00257.txt,0,0
train_00258,train,SYNTHETIC_HIFI_3D,SYNTHETIC_3D,,False,1,11.489,8-16px,slight,tilted,tbg_022.jpg,1e9417eb342f13a4a9064032d17004a2b6f6d03dabdc9e9632ec06ddd85fabcc,outputs\shuttle_capability\train_data\train\images\train_00258.jpg,outputs\shuttle_capability\train_data\train\labels\train_00258.txt,0,0
train_00259,train,SYNTHETIC_HIFI_3D,SYNTHETIC_3D,,False,1,7.937,4-8px,sharp,steep,tbg_023.jpg,14e20f0a1c648a8a9d2ae3b04561b08ee67f7a69f0ae465d35593929c14bb03e,outputs\shuttle_capability\train_data\train\images\train_00259.jpg,outputs\shuttle_capability\train_data\train\labels\train_00259.txt,0,0
train_00260,train,SYNTHETIC_HIFI_3D,SYNTHETIC_3D,,False,1,5.916,4-8px,slight,steep,tbg_024.jpg,f4f402cd3ba46d96b350466682f659fc5f62fa8b8f26a7a6a92eb30208117aa0,outputs\shuttle_capability\train_data\train\images\train_00260.jpg,outputs\shuttle_capability\train_data\train\labels\train_00260.txt,0,0
train_00261,train,SYNTHETIC_HIFI_3D,SYNTHETIC_3D,,False,1,12.41,8-16px,slight,steep,tbg_026.jpg,334466f94809c73233035207debc80ae3494a4bcdf664597aba204d24f6f2dd1,outputs\shuttle_capability\train_data\train\images\train_00261.jpg,outputs\shuttle_capability\train_data\train\labels\train_00261.txt,0,0
train_00262,train,SYNTHETIC_HIFI_3D,SYNTHETIC_3D,,False,1,3.464,<4px,sharp,steep,tbg_027.jpg,eb3b809c8f99c0e0cb4ab9b242029693ac94e73b237173b79ddfbf643cabffc5,outputs\shuttle_capability\train_data\train\images\train_00262.jpg,outputs\shuttle_capability\train_data\train\labels\train_00262.txt,0,0
train_00263,train,SYNTHETIC_HIFI_3D,SYNTHETIC_3D,,False,1,5.477,4-8px,slight,steep,tbg_028.jpg,09942c0838f9c950dd9ef8135e3b4b9bcb0624e5eb56a19bd08181b5338ba58a,outputs\shuttle_capability\train_data\train\images\train_00263.jpg,outputs\shuttle_capability\train_data\train\labels\train_00263.txt,0,0
train_00264,train,SYNTHETIC_HIFI_3D,SYNTHETIC_3D,,False,1,9.381,8-16px,sharp,steep,tbg_029.jpg,58369843cc79bf1d0cbc96389154364ee6cdb93bcc4069533ac8c1bb41b1cb84,outputs\shuttle_capability\train_data\train\images\train_00264.jpg,outputs\shuttle_capability\train_data\train\labels\train_00264.txt,0,0
train_00265,train,SYNTHETIC_HIFI_3D,SYNTHETIC_3D,,False,1,5.0,4-8px,moderate,steep,tbg_032.jpg,27f7de7a174554c0ef82dda717b67637da6f84c1137f06761cb190c60923f6da,outputs\shuttle_capability\train_data\train\images\train_00265.jpg,outputs\shuttle_capability\train_data\train\labels\train_00265.txt,0,0
train_00266,train,SYNTHETIC_HIFI_3D,SYNTHETIC_3D,,False,1,9.381,8-16px,sharp,steep,tbg_033.jpg,329fcb66d7ffef2f9f5dce92c658b928f6a51e87f9b332b94da91a0ea3673477,outputs\shuttle_capability\train_data\train\images\train_00266.jpg,outputs\shuttle_capability\train_data\train\labels\train_00266.txt,0,0
train_00267,train,SYNTHETIC_HIFI_3D,SYNTHETIC_3D,,False,1,8.944,8-16px,heavy,steep,tbg_034.jpg,b6fbfe7a99495f70e11a9a2df9338080ff5f0e4ea90f04097b4b0691c3288338,outputs\shuttle_capability\train_data\train\images\train_00267.jpg,outputs\shuttle_capability\train_data\train\labels\train_00267.txt,0,0
train_00268,train,SYNTHETIC_HIFI_3D,SYNTHETIC_3D,,False,1,13.416,8-16px,sharp,steep,tbg_036.jpg,53955d1f669e83370fccbc668637466198bdd2f89bd356f3500e7ee63ff4fb84,outputs\shuttle_capability\train_data\train\images\train_00268.jpg,outputs\shuttle_capability\train_data\train\labels\train_00268.txt,0,0
train_00269,train,SYNTHETIC_HIFI_3D,SYNTHETIC_3D,,False,1,5.477,4-8px,heavy,tilted,tbg_037.jpg,99c0ba5474b59309270c052c511550195a0849cfcb6e73ec2c68d87b6a78fd61,outputs\shuttle_capability\train_data\train\images\train_00269.jpg,outputs\shuttle_capability\train_data\train\labels\train_00269.txt,0,0
train_00270,train,SYNTHETIC_HIFI_3D,SYNTHETIC_3D,,False,1,6.481,4-8px,heavy,steep,tbg_038.jpg,729f17187fffaec47255a1ab372ac1a755cda465b50616e559da47d9bb24ef86,outputs\shuttle_capability\train_data\train\images\train_00270.jpg,outputs\shuttle_capability\train_data\train\labels\train_00270.txt,0,0
train_00271,train,SYNTHETIC_HIFI_3D,SYNTHETIC_3D,,False,1,11.0,8-16px,sharp,steep,tbg_039.jpg,2ffc4b3362c684c249f6aeb036a5b32e2135a52e8d0f8435f9aa0e28abcd8f91,outputs\shuttle_capability\train_data\train\images\train_00271.jpg,outputs\shuttle_capability\train_data\train\labels\train_00271.txt,0,0
train_00272,train,SYNTHETIC_HIFI_3D,SYNTHETIC_3D,,False,1,3.0,<4px,slight,steep,tbg_041.jpg,528e09c52cf7ca4c0f85a9d59b470aaecfb8a39087f6f4e762da999d38954821,outputs\shuttle_capability\train_data\train\images\train_00272.jpg,outputs\shuttle_capability\train_data\train\labels\train_00272.txt,0,0
train_00273,train,SYNTHETIC_HIFI_3D,SYNTHETIC_3D,,False,1,32.863,>=32px,heavy,steep,tbg_042.jpg,a8a5596b38b3927b26c38f96f7af91fa1b83ae16d0a05b7864a1f33ad79fced1,outputs\shuttle_capability\train_data\train\images\train_00273.jpg,outputs\shuttle_capability\train_data\train\labels\train_00273.txt,0,0
train_00274,train,SYNTHETIC_HIFI_3D,SYNTHETIC_3D,,False,1,6.481,4-8px,slight,steep,tbg_046.jpg,49bb3b19089e19922508c1678fd35ab8f787b1ecff436579dbf993637e40b943,outputs\shuttle_capability\train_data\train\images\train_00274.jpg,outputs\shuttle_capability\train_data\train\labels\train_00274.txt,0,0
train_00275,train,SYNTHETIC_HIFI_3D,SYNTHETIC_3D,,False,1,6.481,4-8px,slight,steep,tbg_008.jpg,235b7d6673e96b378f8488e83f02f85dd572a9796f4397e7cd0aae0fea857cb6,outputs\shuttle_capability\train_data\train\images\train_00275.jpg,outputs\shuttle_capability\train_data\train\labels\train_00275.txt,0,0
train_00276,train,SYNTHETIC_HIFI_3D,SYNTHETIC_3D,,False,1,14.283,8-16px,moderate,steep,tbg_009.jpg,c0ae3aaa5235050dca439b15b62bf6c6ee7914ab2e761b499839b6c9f1ab28e7,outputs\shuttle_capability\train_data\train\images\train_00276.jpg,outputs\shuttle_capability\train_data\train\labels\train_00276.txt,0,0
train_00277,train,SYNTHETIC_HIFI_3D,SYNTHETIC_3D,,False,1,9.0,8-16px,sharp,steep,tbg_012.jpg,deb7a6424f09ec34e10255afc16877ac944e01672f68756d7ccb7c43749e4ba6,outputs\shuttle_capability\train_data\train\images\train_00277.jpg,outputs\shuttle_capability\train_data\train\labels\train_00277.txt,0,0
train_00278,train,SYNTHETIC_HIFI_3D,SYNTHETIC_3D,,False,1,3.464,<4px,sharp,steep,tbg_013.jpg,43304a07e63635ea3ecde3f8c72c13672e1f15f70aaa8139b1bd958f296e2717,outputs\shuttle_capability\train_data\train\images\train_00278.jpg,outputs\shuttle_capability\train_data\train\labels\train_00278.txt,0,0
train_00279,train,SYNTHETIC_HIFI_3D,SYNTHETIC_3D,,False,1,12.41,8-16px,heavy,steep,tbg_014.jpg,49cbed06575a49f655789c4e9260c74940d6743afcb1fa2400da85d38b246b0c,outputs\shuttle_capability\train_data\train\images\train_00279.jpg,outputs\shuttle_capability\train_data\train\labels\train_00279.txt,0,0
train_00280,train,SYNTHETIC_HIFI_3D,SYNTHETIC_3D,,False,1,13.856,8-16px,heavy,tilted,tbg_016.jpg,561cbb2636be2b9d334d218ff4563532922556f506fe18958986884415ef835e,outputs\shuttle_capability\train_data\train\images\train_00280.jpg,outputs\shuttle_capability\train_data\train\labels\train_00280.txt,0,0
train_00281,train,SYNTHETIC_HIFI_3D,SYNTHETIC_3D,,False,1,7.483,4-8px,moderate,steep,tbg_019.jpg,c7ef89df0dbc8311330c72ba58d75cd461925958878f062a3c88f3a2870082e0,outputs\shuttle_capability\train_data\train\images\train_00281.jpg,outputs\shuttle_capability\train_data\train\labels\train_00281.txt,0,0
train_00282,train,SYNTHETIC_HIFI_3D,SYNTHETIC_3D,,False,1,7.937,4-8px,sharp,steep,tbg_021.jpg,e0031d7e5a793bf4e711df39e0d4cfc26b251fe8de91f664acfb9116da978a41,outputs\shuttle_capability\train_data\train\images\train_00282.jpg,outputs\shuttle_capability\train_data\train\labels\train_00282.txt,0,0
train_00283,train,SYNTHETIC_HIFI_3D,SYNTHETIC_3D,,False,1,11.489,8-16px,sharp,tilted,tbg_022.jpg,112f52aa2905fecb107a4935365be49417b89b8546c1d379bc3f92d434b850c3,outputs\shuttle_capability\train_data\train\images\train_00283.jpg,outputs\shuttle_capability\train_data\train\labels\train_00283.txt,0,0
train_00284,train,SYNTHETIC_HIFI_3D,SYNTHETIC_3D,,False,1,5.916,4-8px,slight,steep,tbg_023.jpg,cfdcc2f612377b1acb9dd8727b0a7365aebcf2488cd1157a6a892903ee5a6438,outputs\shuttle_capability\train_data\train\images\train_00284.jpg,outputs\shuttle_capability\train_data\train\labels\train_00284.txt,0,0
train_00285,train,SYNTHETIC_HIFI_3D,SYNTHETIC_3D,,False,1,11.402,8-16px,heavy,steep,tbg_024.jpg,9b793c3d0781d4a317799070f9f50b1558b6d846ac92de29c86579f61c24ec56,outputs\shuttle_capability\train_data\train\images\train_00285.jpg,outputs\shuttle_capability\train_data\train\labels\train_00285.txt,0,0
train_00286,train,SYNTHETIC_HIFI_3D,SYNTHETIC_3D,,False,1,10.392,8-16px,slight,tilted,tbg_026.jpg,f144c09d193175d8eb01ed66817c5f738a0c128bab8c9e6a06ac13763e1e56cc,outputs\shuttle_capability\train_data\train\images\train_00286.jpg,outputs\shuttle_capability\train_data\train\labels\train_00286.txt,0,0
train_00287,train,SYNTHETIC_HIFI_3D,SYNTHETIC_3D,,False,1,6.481,4-8px,moderate,steep,tbg_027.jpg,0642e5c529847a3f0023bac18fc3d2a02898555cb686b605ef74c5203605877c,outputs\shuttle_capability\train_data\train\images\train_00287.jpg,outputs\shuttle_capability\train_data\train\labels\train_00287.txt,0,0
train_00288,train,SYNTHETIC_HIFI_3D,SYNTHETIC_3D,,False,1,4.472,4-8px,sharp,tilted,tbg_028.jpg,43ce51c726dc8911ae92ebd1247e3fbbf551a4943f394bca5cec16a4a84fda82,outputs\shuttle_capability\train_data\train\images\train_00288.jpg,outputs\shuttle_capability\train_data\train\labels\train_00288.txt,0,0
train_00289,train,SYNTHETIC_HIFI_3D,SYNTHETIC_3D,,False,1,7.937,4-8px,moderate,steep,tbg_029.jpg,7662a3a6cdd738b7d3ec1ac9bdfdb8e3d6be8e3dad9fc5f142fc49269b591fe4,outputs\shuttle_capability\train_data\train\images\train_00289.jpg,outputs\shuttle_capability\train_data\train\labels\train_00289.txt,0,0
train_00290,train,SYNTHETIC_HIFI_3D,SYNTHETIC_3D,,False,1,5.477,4-8px,sharp,steep,tbg_032.jpg,7ca84d1521340aa799c17584060bb52fcce35af20c6b8186eb95a33af51c54fb,outputs\shuttle_capability\train_data\train\images\train_00290.jpg,outputs\shuttle_capability\train_data\train\labels\train_00290.txt,0,0
train_00291,train,SYNTHETIC_HIFI_3D,SYNTHETIC_3D,,False,1,15.492,8-16px,slight,steep,tbg_033.jpg,321d8a045994d73737f940cead0ad495e64ebe8bdd0c2c151582d911ec7071f4,outputs\shuttle_capability\train_data\train\images\train_00291.jpg,outputs\shuttle_capability\train_data\train\labels\train_00291.txt,0,0
train_00292,train,SYNTHETIC_HIFI_3D,SYNTHETIC_3D,,False,1,9.487,8-16px,heavy,tilted,tbg_034.jpg,ca7f17255b387171ee82c79694ca4ef29c0d417013e2c48c7caf42c02a065b82,outputs\shuttle_capability\train_data\train\images\train_00292.jpg,outputs\shuttle_capability\train_data\train\labels\train_00292.txt,0,0
train_00293,train,SYNTHETIC_HIFI_3D,SYNTHETIC_3D,,False,1,13.856,8-16px,sharp,steep,tbg_036.jpg,9026c221115dee68e1e73708c49a9cf13cfced3c98d50142dc0102306e0f3ef0,outputs\shuttle_capability\train_data\train\images\train_00293.jpg,outputs\shuttle_capability\train_data\train\labels\train_00293.txt,0,0
train_00294,train,SYNTHETIC_HIFI_3D,SYNTHETIC_3D,,False,1,9.487,8-16px,sharp,steep,tbg_037.jpg,b44646723e84cd60c3ddd4c9dc53162f09913b837cf6f20ce1a99e2099531f5c,outputs\shuttle_capability\train_data\train\images\train_00294.jpg,outputs\shuttle_capability\train_data\train\labels\train_00294.txt,0,0
train_00295,train,SYNTHETIC_HIFI_3D,SYNTHETIC_3D,,False,1,10.488,8-16px,moderate,steep,tbg_038.jpg,733464274bde2ae06c73079589767ba27d77d66350d9cb09369b0ed89c344e04,outputs\shuttle_capability\train_data\train\images\train_00295.jpg,outputs\shuttle_capability\train_data\train\labels\train_00295.txt,0,0
train_00296,train,SYNTHETIC_HIFI_3D,SYNTHETIC_3D,,False,1,6.0,4-8px,heavy,steep,tbg_039.jpg,2ba6aa02e8e826a55d1f8ddc6ca38c99fb954801075af581b229dbef0170cef3,outputs\shuttle_capability\train_data\train\images\train_00296.jpg,outputs\shuttle_capability\train_data\train\labels\train_00296.txt,0,0
train_00297,train,SYNTHETIC_HIFI_3D,SYNTHETIC_3D,,False,1,12.961,8-16px,moderate,steep,tbg_041.jpg,a247c9ab317c53edb7f954aed817459dee60663cee591cff624d74e2002e761e,outputs\shuttle_capability\train_data\train\images\train_00297.jpg,outputs\shuttle_capability\train_data\train\labels\train_00297.txt,0,0
train_00298,train,SYNTHETIC_HIFI_3D,SYNTHETIC_3D,,False,1,21.213,16-32px,slight,tilted,tbg_042.jpg,00034bf77968c63e70833876653d6ebebf328b1f4f0e45af9ac6ed06a20f4dd8,outputs\shuttle_capability\train_data\train\images\train_00298.jpg,outputs\shuttle_capability\train_data\train\labels\train_00298.txt,0,0
train_00299,train,SYNTHETIC_HIFI_3D,SYNTHETIC_3D,,False,1,7.483,4-8px,slight,steep,tbg_046.jpg,88606a64cad678db6a44e745843c10b59a34adba20c1c9f7b210690d047ed5d7,outputs\shuttle_capability\train_data\train\images\train_00299.jpg,outputs\shuttle_capability\train_data\train\labels\train_00299.txt,0,0
train_00300,train,SYNTHETIC_HIFI_3D,SYNTHETIC_3D,,False,1,6.928,4-8px,sharp,steep,tbg_008.jpg,bda261b28609cca0c9021811253d9484dff68ab245f38a83409a1b0dc0afee78,outputs\shuttle_capability\train_data\train\images\train_00300.jpg,outputs\shuttle_capability\train_data\train\labels\train_00300.txt,0,0
train_00301,train,SYNTHETIC_HIFI_3D,SYNTHETIC_3D,,False,1,8.367,8-16px,slight,steep,tbg_009.jpg,c0d7498f768043e3c849c0332e92c071d2020dfe95a5ec8ee69f0bbfbdebeb62,outputs\shuttle_capability\train_data\train\images\train_00301.jpg,outputs\shuttle_capability\train_data\train\labels\train_00301.txt,0,0
train_00302,train,SYNTHETIC_HIFI_3D,SYNTHETIC_3D,,False,1,6.928,4-8px,heavy,steep,tbg_012.jpg,7733164bd35f8d9b6c330bb506187c904278d46cf68b28ef53472ad91a8c00a4,outputs\shuttle_capability\train_data\train\images\train_00302.jpg,outputs\shuttle_capability\train_data\train\labels\train_00302.txt,0,0
train_00303,train,SYNTHETIC_HIFI_3D,SYNTHETIC_3D,,False,1,6.481,4-8px,moderate,steep,tbg_013.jpg,66ce7c35a29566aa5e3fa9712e63831098f03033f9f92cb541dc976e00af9bb6,outputs\shuttle_capability\train_data\train\images\train_00303.jpg,outputs\shuttle_capability\train_data\train\labels\train_00303.txt,0,0
train_00304,train,SYNTHETIC_HIFI_3D,SYNTHETIC_3D,,False,1,9.381,8-16px,sharp,steep,tbg_014.jpg,b1b61225dc1550889c6d65605dff471a920861d79fb19f239ae4b7c3d71ae200,outputs\shuttle_capability\train_data\train\images\train_00304.jpg,outputs\shuttle_capability\train_data\train\labels\train_00304.txt,0,0
train_00305,train,SYNTHETIC_HIFI_3D,SYNTHETIC_3D,,False,1,7.483,4-8px,sharp,steep,tbg_016.jpg,9a4f615ddd0de4739e753b5cacced60108a3e3950e611735d538961d4e0729e4,outputs\shuttle_capability\train_data\train\images\train_00305.jpg,outputs\shuttle_capability\train_data\train\labels\train_00305.txt,0,0
train_00306,train,SYNTHETIC_HIFI_3D,SYNTHETIC_3D,,False,1,18.493,16-32px,heavy,steep,tbg_019.jpg,d4d950f65721f4b46b78c2e8541f8b4edcdc9fc62264060a9e9269c26b5ffc62,outputs\shuttle_capability\train_data\train\images\train_00306.jpg,outputs\shuttle_capability\train_data\train\labels\train_00306.txt,0,0
train_00307,train,SYNTHETIC_HIFI_3D,SYNTHETIC_3D,,False,1,9.0,8-16px,sharp,tilted,tbg_021.jpg,89f3c77bd894c73ee4e59043941ea0d65e0d790f1bf1d4523b9d831611ca2808,outputs\shuttle_capability\train_data\train\images\train_00307.jpg,outputs\shuttle_capability\train_data\train\labels\train_00307.txt,0,0
train_00308,train,SYNTHETIC_HIFI_3D,SYNTHETIC_3D,,False,1,10.392,8-16px,slight,steep,tbg_022.jpg,b4575839bd04a23574d64f1a078245c2c79d1f9e2736c93aa555f5d0a568439a,outputs\shuttle_capability\train_data\train\images\train_00308.jpg,outputs\shuttle_capability\train_data\train\labels\train_00308.txt,0,0
train_00309,train,SYNTHETIC_HIFI_3D,SYNTHETIC_3D,,False,1,14.697,8-16px,moderate,steep,tbg_023.jpg,719ef9a7429fe0a7792c7dc5f82734d02a2601b285fbbe3ab1f43544a41ca8f6,outputs\shuttle_capability\train_data\train\images\train_00309.jpg,outputs\shuttle_capability\train_data\train\labels\train_00309.txt,0,0
train_00310,train,SYNTHETIC_HIFI_3D,SYNTHETIC_3D,,False,1,7.483,4-8px,slight,tilted,tbg_024.jpg,e4a4d51bbe349bdf3de1265e6a65d27a09809fcbe7f62b94e3d1494088dc403a,outputs\shuttle_capability\train_data\train\images\train_00310.jpg,outputs\shuttle_capability\train_data\train\labels\train_00310.txt,0,0
train_00311,train,SYNTHETIC_HIFI_3D,SYNTHETIC_3D,,False,1,18.33,16-32px,slight,steep,tbg_026.jpg,c11caa7164f780369a1747cf3efbbf699c99c0de4f47142391ba5651a9c25c17,outputs\shuttle_capability\train_data\train\images\train_00311.jpg,outputs\shuttle_capability\train_data\train\labels\train_00311.txt,0,0
train_00312,train,SYNTHETIC_HIFI_3D,SYNTHETIC_3D,,False,1,6.928,4-8px,sharp,steep,tbg_027.jpg,92bcf044dd448e3245250383a9bd8a037a92c246c4a89485951eea8372ceed0b,outputs\shuttle_capability\train_data\train\images\train_00312.jpg,outputs\shuttle_capability\train_data\train\labels\train_00312.txt,0,0
train_00313,train,SYNTHETIC_HIFI_3D,SYNTHETIC_3D,,False,1,5.916,4-8px,sharp,steep,tbg_028.jpg,3e6cc31667861aeecf3d7b5ce8d8723fa349b499052e5fb48e08a3458ba16257,outputs\shuttle_capability\train_data\train\images\train_00313.jpg,outputs\shuttle_capability\train_data\train\labels\train_00313.txt,0,0
train_00314,train,SYNTHETIC_HIFI_3D,SYNTHETIC_3D,,False,1,7.483,4-8px,slight,steep,tbg_029.jpg,bc0b8482a77cc2fcb90100cc613a62138648442aba004d59c9b2163640737214,outputs\shuttle_capability\train_data\train\images\train_00314.jpg,outputs\shuttle_capability\train_data\train\labels\train_00314.txt,0,0
train_00315,train,SYNTHETIC_HIFI_3D,SYNTHETIC_3D,,False,1,8.367,8-16px,heavy,steep,tbg_032.jpg,022b0d189415d554107f31e9e68cf404eed79d340135883fe7426e478aeb9bf5,outputs\shuttle_capability\train_data\train\images\train_00315.jpg,outputs\shuttle_capability\train_data\train\labels\train_00315.txt,0,0
train_00316,train,SYNTHETIC_HIFI_3D,SYNTHETIC_3D,,False,1,4.472,4-8px,moderate,steep,tbg_033.jpg,dedf3aefdff53f93e617a43a1243db60a3a34dc6756025c8ab566c8084db35f8,outputs\shuttle_capability\train_data\train\images\train_00316.jpg,outputs\shuttle_capability\train_data\train\labels\train_00316.txt,0,0
train_00317,train,SYNTHETIC_HIFI_3D,SYNTHETIC_3D,,False,1,8.944,8-16px,heavy,steep,tbg_034.jpg,db5fa80a2e17efab2e851a3a36334f7cda5aeac2fc78f7d6fd478403bfa521a3,outputs\shuttle_capability\train_data\train\images\train_00317.jpg,outputs\shuttle_capability\train_data\train\labels\train_00317.txt,0,0
train_00318,train,SYNTHETIC_HIFI_3D,SYNTHETIC_3D,,False,1,4.0,4-8px,moderate,steep,tbg_036.jpg,a1193c49fa0a9d4f97a31f7e15c1337402a60eab80dd6f51d5c10c17285128f5,outputs\shuttle_capability\train_data\train\images\train_00318.jpg,outputs\shuttle_capability\train_data\train\labels\train_00318.txt,0,0
train_00319,train,SYNTHETIC_HIFI_3D,SYNTHETIC_3D,,False,1,18.493,16-32px,heavy,steep,tbg_037.jpg,2b38bdcc9c745f87813be0ac0163ffdd35ae996076a47f231cba26da2c797980,outputs\shuttle_capability\train_data\train\images\train_00319.jpg,outputs\shuttle_capability\train_data\train\labels\train_00319.txt,0,0
train_00320,train,SYNTHETIC_HIFI_3D,SYNTHETIC_3D,,False,1,9.0,8-16px,sharp,steep,tbg_038.jpg,f8a437dc83da3e6030fe283146a2b70b0e0afa92cef2b4a3e633ee0fa606446f,outputs\shuttle_capability\train_data\train\images\train_00320.jpg,outputs\shuttle_capability\train_data\train\labels\train_00320.txt,0,0
train_00321,train,SYNTHETIC_HIFI_3D,SYNTHETIC_3D,,False,1,6.481,4-8px,slight,tilted,tbg_039.jpg,c71a042d462c39bf65d41acf458097cd74d5b2b6667044cf5ca0cd54baed1626,outputs\shuttle_capability\train_data\train\images\train_00321.jpg,outputs\shuttle_capability\train_data\train\labels\train_00321.txt,0,0
train_00322,train,SYNTHETIC_HIFI_3D,SYNTHETIC_3D,,False,1,5.477,4-8px,moderate,steep,tbg_041.jpg,52d4f5ea7e698119445d2ab8a7c341feb47df43e92d83c36b27e556163e224bc,outputs\shuttle_capability\train_data\train\images\train_00322.jpg,outputs\shuttle_capability\train_data\train\labels\train_00322.txt,0,0
train_00323,train,SYNTHETIC_HIFI_3D,SYNTHETIC_3D,,False,1,6.928,4-8px,sharp,steep,tbg_042.jpg,7d5b1a62216556c54166315ca4b0836552daf69c2029d79355ee44060f16d451,outputs\shuttle_capability\train_data\train\images\train_00323.jpg,outputs\shuttle_capability\train_data\train\labels\train_00323.txt,0,0
train_00324,train,SYNTHETIC_HIFI_3D,SYNTHETIC_3D,,False,1,8.367,8-16px,sharp,steep,tbg_046.jpg,2c8ab797c324999a006949bbb6f828591f9245dc3c9702a43ed80cef7917bb8e,outputs\shuttle_capability\train_data\train\images\train_00324.jpg,outputs\shuttle_capability\train_data\train\labels\train_00324.txt,0,0
train_00325,train,SYNTHETIC_HIFI_3D,SYNTHETIC_3D,,False,1,5.477,4-8px,slight,steep,tbg_008.jpg,5c589e6b1d1a4830528cad73a1c33e0a4839583921f45b2d388a61738212d5c1,outputs\shuttle_capability\train_data\train\images\train_00325.jpg,outputs\shuttle_capability\train_data\train\labels\train_00325.txt,0,0
train_00326,train,SYNTHETIC_HIFI_3D,SYNTHETIC_3D,,False,1,5.477,4-8px,sharp,steep,tbg_009.jpg,56042bcb02dee43148cebdc9695f0598c1f61defb725089e4fab3dc3b489e292,outputs\shuttle_capability\train_data\train\images\train_00326.jpg,outputs\shuttle_capability\train_data\train\labels\train_00326.txt,0,0
train_00327,train,SYNTHETIC_HIFI_3D,SYNTHETIC_3D,,False,1,7.937,4-8px,slight,steep,tbg_012.jpg,f70d6191e1070be5f4838dc7498e0190372c0d928900d8f7e76c8f1f67d11cb9,outputs\shuttle_capability\train_data\train\images\train_00327.jpg,outputs\shuttle_capability\train_data\train\labels\train_00327.txt,0,0
train_00328,train,SYNTHETIC_HIFI_3D,SYNTHETIC_3D,,False,1,6.928,4-8px,sharp,steep,tbg_013.jpg,3d0d793bccd652aa7776884db58d746d2403e88028087f2f31160c539ada18ce,outputs\shuttle_capability\train_data\train\images\train_00328.jpg,outputs\shuttle_capability\train_data\train\labels\train_00328.txt,0,0
train_00329,train,SYNTHETIC_HIFI_3D,SYNTHETIC_3D,,False,1,14.422,8-16px,slight,steep,tbg_014.jpg,f2b071eac75d0e0182ea48a1bce1d7c41cc128d26282c42d8f61a75d51f148bf,outputs\shuttle_capability\train_data\train\images\train_00329.jpg,outputs\shuttle_capability\train_data\train\labels\train_00329.txt,0,0
train_00330,train,SYNTHETIC_HIFI_3D,SYNTHETIC_3D,,False,1,16.432,16-32px,heavy,steep,tbg_016.jpg,575149c0147f7916064adc1aaaa93e83da1fe747586a2c5c4cd311c03d4037fd,outputs\shuttle_capability\train_data\train\images\train_00330.jpg,outputs\shuttle_capability\train_data\train\labels\train_00330.txt,0,0
train_00331,train,SYNTHETIC_HIFI_3D,SYNTHETIC_3D,,False,1,9.487,8-16px,sharp,tilted,tbg_019.jpg,ec9ebc3b85db7deb54e04928ca5f1c75f9c389da81ed40e988daf6a60ba716a9,outputs\shuttle_capability\train_data\train\images\train_00331.jpg,outputs\shuttle_capability\train_data\train\labels\train_00331.txt,0,0
train_00332,train,SYNTHETIC_HIFI_3D,SYNTHETIC_3D,,False,1,10.954,8-16px,moderate,steep,tbg_021.jpg,fe0a058ea69000d4ae27ae9dea400e0dd932d3eafa0aa5207cc94dc67aa6c4a5,outputs\shuttle_capability\train_data\train\images\train_00332.jpg,outputs\shuttle_capability\train_data\train\labels\train_00332.txt,0,0
train_00333,train,SYNTHETIC_HIFI_3D,SYNTHETIC_3D,,False,1,4.472,4-8px,slight,steep,tbg_022.jpg,848cb311a2f772aa95967be22511d4279f945169430777c96af0602adf307267,outputs\shuttle_capability\train_data\train\images\train_00333.jpg,outputs\shuttle_capability\train_data\train\labels\train_00333.txt,0,0
train_00334,train,SYNTHETIC_HIFI_3D,SYNTHETIC_3D,,False,1,12.0,8-16px,sharp,steep,tbg_023.jpg,5f3172a2b65b7dd31c2d0b81496368a83a68c12d21963cb3d5655abaabc6226e,outputs\shuttle_capability\train_data\train\images\train_00334.jpg,outputs\shuttle_capability\train_data\train\labels\train_00334.txt,0,0
train_00335,train,SYNTHETIC_HIFI_3D,SYNTHETIC_3D,,False,1,9.0,8-16px,sharp,steep,tbg_024.jpg,1ecdac1e1bc36b2ba0aeb51c845490b741784631ad16c8fd03af40fe8ca53b90,outputs\shuttle_capability\train_data\train\images\train_00335.jpg,outputs\shuttle_capability\train_data\train\labels\train_00335.txt,0,0
train_00336,train,SYNTHETIC_HIFI_3D,SYNTHETIC_3D,,False,1,11.489,8-16px,moderate,steep,tbg_026.jpg,7e2d14d522ae19a7e9fbbc36218f73bd543a531a9085ce9690d22a00a638987e,outputs\shuttle_capability\train_data\train\images\train_00336.jpg,outputs\shuttle_capability\train_data\train\labels\train_00336.txt,0,0
train_00337,train,SYNTHETIC_HIFI_3D,SYNTHETIC_3D,,False,1,19.339,16-32px,slight,steep,tbg_027.jpg,e705e556e6dd34605cf16a549d90bb0ce47849a4fd320c64e00d33d45bd32e3e,outputs\shuttle_capability\train_data\train\images\train_00337.jpg,outputs\shuttle_capability\train_data\train\labels\train_00337.txt,0,0
train_00338,train,SYNTHETIC_HIFI_3D,SYNTHETIC_3D,,False,1,3.0,<4px,slight,steep,tbg_028.jpg,5f4d2eb3c6e77a63e0e4527ab7ce862cf762e285c373678e8ad39a9f1f2e0a52,outputs\shuttle_capability\train_data\train\images\train_00338.jpg,outputs\shuttle_capability\train_data\train\labels\train_00338.txt,0,0
train_00339,train,SYNTHETIC_HIFI_3D,SYNTHETIC_3D,,False,1,9.798,8-16px,heavy,steep,tbg_029.jpg,de7a9e74e9c06c3e03116d156a820e06d463c6dc1c97058d8eb3a463d855f422,outputs\shuttle_capability\train_data\train\images\train_00339.jpg,outputs\shuttle_capability\train_data\train\labels\train_00339.txt,0,0
train_00340,train,SYNTHETIC_HIFI_3D,SYNTHETIC_3D,,False,1,5.0,4-8px,moderate,steep,tbg_032.jpg,56fe35f3f05e24b9298934eb588eae057605d50f23aecdc7b3a6b45ba1fd1d37,outputs\shuttle_capability\train_data\train\images\train_00340.jpg,outputs\shuttle_capability\train_data\train\labels\train_00340.txt,0,0
train_00341,train,SYNTHETIC_HIFI_3D,SYNTHETIC_3D,,False,1,12.49,8-16px,slight,steep,tbg_033.jpg,0e659c7cea46a717098f299983c567f861020c0a8c60737eae8fc6cd5509d620,outputs\shuttle_capability\train_data\train\images\train_00341.jpg,outputs\shuttle_capability\train_data\train\labels\train_00341.txt,0,0
train_00342,train,SYNTHETIC_HIFI_3D,SYNTHETIC_3D,,False,1,4.472,4-8px,slight,steep,tbg_034.jpg,a5c1ee5206cd62a2b90fe1f733a0cb259924467613b69b539b169638e1a71b5d,outputs\shuttle_capability\train_data\train\images\train_00342.jpg,outputs\shuttle_capability\train_data\train\labels\train_00342.txt,0,0
train_00343,train,SYNTHETIC_HIFI_3D,SYNTHETIC_3D,,False,1,6.928,4-8px,slight,steep,tbg_036.jpg,00f1400e5fb1c118a5abe49bbed8ccc0b804de2cba3e61617d1b23b96d92b9d2,outputs\shuttle_capability\train_data\train\images\train_00343.jpg,outputs\shuttle_capability\train_data\train\labels\train_00343.txt,0,0
train_00344,train,SYNTHETIC_HIFI_3D,SYNTHETIC_3D,,False,1,9.95,8-16px,sharp,steep,tbg_037.jpg,0bce74d1e3186a9aa8f3cbbc0397878b2427f2a169bce05eec299534d2057a63,outputs\shuttle_capability\train_data\train\images\train_00344.jpg,outputs\shuttle_capability\train_data\train\labels\train_00344.txt,0,0
train_00345,train,SYNTHETIC_HIFI_3D,SYNTHETIC_3D,,False,1,11.489,8-16px,sharp,steep,tbg_038.jpg,3ec32cdd56689447ded1c030c140f4f1f8b5dbd2d09710e89cd2bf8c9f8ec182,outputs\shuttle_capability\train_data\train\images\train_00345.jpg,outputs\shuttle_capability\train_data\train\labels\train_00345.txt,0,0
train_00346,train,SYNTHETIC_HIFI_3D,SYNTHETIC_3D,,False,1,9.381,8-16px,sharp,steep,tbg_039.jpg,ef4603367bca5f0adbefe97187418e64d861abfbb57e280ecb4d4b4d37b05bd9,outputs\shuttle_capability\train_data\train\images\train_00346.jpg,outputs\shuttle_capability\train_data\train\labels\train_00346.txt,0,0
train_00347,train,SYNTHETIC_HIFI_3D,SYNTHETIC_3D,,False,1,6.325,4-8px,slight,steep,tbg_041.jpg,338ff3c78a6c674bee408f3b38ee127220940bef5bf830ea7f96aa12c5136e20,outputs\shuttle_capability\train_data\train\images\train_00347.jpg,outputs\shuttle_capability\train_data\train\labels\train_00347.txt,0,0
train_00348,train,SYNTHETIC_HIFI_3D,SYNTHETIC_3D,,False,1,6.928,4-8px,slight,steep,tbg_042.jpg,d3336dfedd76b05eea6563be53312b9806e160c4425e67f7f49ee2fd576003de,outputs\shuttle_capability\train_data\train\images\train_00348.jpg,outputs\shuttle_capability\train_data\train\labels\train_00348.txt,0,0
train_00349,train,SYNTHETIC_HIFI_3D,SYNTHETIC_3D,,False,1,14.422,8-16px,sharp,steep,tbg_046.jpg,066416a337feb0d95cdef968ad266ca8d9e69ddefcbee958e250cfdb7ec41ce6,outputs\shuttle_capability\train_data\train\images\train_00349.jpg,outputs\shuttle_capability\train_data\train\labels\train_00349.txt,0,0
train_00350,train,SYNTHETIC_HIFI_3D,SYNTHETIC_3D,,False,1,9.0,8-16px,sharp,steep,tbg_008.jpg,b29aae88cb6f812acfa87f76959426c5d0f4d5ce29f6a0860b07388c9cc56c5e,outputs\shuttle_capability\train_data\train\images\train_00350.jpg,outputs\shuttle_capability\train_data\train\labels\train_00350.txt,0,0
train_00351,train,SYNTHETIC_HIFI_3D,SYNTHETIC_3D,,False,1,4.0,4-8px,slight,steep,tbg_009.jpg,a9f505a3f1dba12cc72ae10566a3cb02a0630ee2392cb55b90a24eb2413bd827,outputs\shuttle_capability\train_data\train\images\train_00351.jpg,outputs\shuttle_capability\train_data\train\labels\train_00351.txt,0,0
train_00352,train,SYNTHETIC_HIFI_3D,SYNTHETIC_3D,,False,1,13.416,8-16px,slight,steep,tbg_012.jpg,0b9f1c1e0f0e23e49247e7f1a767e1fb88c3507f02f134f0933f7d2e152c4765,outputs\shuttle_capability\train_data\train\images\train_00352.jpg,outputs\shuttle_capability\train_data\train\labels\train_00352.txt,0,0
train_00353,train,SYNTHETIC_HIFI_3D,SYNTHETIC_3D,,False,1,11.402,8-16px,slight,steep,tbg_013.jpg,6e4133e77a6e1f9537994bf905480a37a299061a3ee1bb37ab248cb29371aa88,outputs\shuttle_capability\train_data\train\images\train_00353.jpg,outputs\shuttle_capability\train_data\train\labels\train_00353.txt,0,0
train_00354,train,SYNTHETIC_HIFI_3D,SYNTHETIC_3D,,False,1,14.0,8-16px,slight,steep,tbg_014.jpg,1c26be84cf758b7adbdd04be69bf01dc88cfb22fd9cae17b1a72567bcb350546,outputs\shuttle_capability\train_data\train\images\train_00354.jpg,outputs\shuttle_capability\train_data\train\labels\train_00354.txt,0,0
train_00355,train,SYNTHETIC_HIFI_3D,SYNTHETIC_3D,,False,1,7.483,4-8px,sharp,axis_aligned,tbg_016.jpg,9989632bad24bc0fca346166f7ffdfbf8dd5a2240be435d772b2531d78706c41,outputs\shuttle_capability\train_data\train\images\train_00355.jpg,outputs\shuttle_capability\train_data\train\labels\train_00355.txt,0,0
train_00356,train,SYNTHETIC_HIFI_3D,SYNTHETIC_3D,,False,1,13.0,8-16px,moderate,tilted,tbg_019.jpg,f4d1ec36d23410e2d7a78dac43e7c4b8e40dd41a6d64773778176aa360e156fd,outputs\shuttle_capability\train_data\train\images\train_00356.jpg,outputs\shuttle_capability\train_data\train\labels\train_00356.txt,0,0
train_00357,train,SYNTHETIC_HIFI_3D,SYNTHETIC_3D,,False,1,5.477,4-8px,heavy,steep,tbg_021.jpg,16dd5b6333a49c67d65c20e4d588e543be644694031e72721acdf65578f16107,outputs\shuttle_capability\train_data\train\images\train_00357.jpg,outputs\shuttle_capability\train_data\train\labels\train_00357.txt,0,0
train_00358,train,SYNTHETIC_HIFI_3D,SYNTHETIC_3D,,False,1,12.41,8-16px,slight,tilted,tbg_022.jpg,88247866f8adc740e958f8b6573f267cd098a0ffda21b61cafaa6f1a0a68d167,outputs\shuttle_capability\train_data\train\images\train_00358.jpg,outputs\shuttle_capability\train_data\train\labels\train_00358.txt,0,0
train_00359,train,SYNTHETIC_HIFI_3D,SYNTHETIC_3D,,False,1,6.928,4-8px,sharp,steep,tbg_023.jpg,31ba64451782818e4367287565d0f7ec3d0fc62f3ec45e353c5e4f0a4806c10c,outputs\shuttle_capability\train_data\train\images\train_00359.jpg,outputs\shuttle_capability\train_data\train\labels\train_00359.txt,0,0
train_00360,train,SYNTHETIC_HIFI_3D,SYNTHETIC_3D,,False,1,11.832,8-16px,heavy,steep,tbg_024.jpg,a48efafa1f458ee871008f9ec36d7a34c55ca98c897d92e40a8c1e28077239de,outputs\shuttle_capability\train_data\train\images\train_00360.jpg,outputs\shuttle_capability\train_data\train\labels\train_00360.txt,0,0
train_00361,train,SYNTHETIC_HIFI_3D,SYNTHETIC_3D,,False,1,14.866,8-16px,sharp,steep,tbg_026.jpg,442d834b7b7c87311b90bb4fe21c1552d966fcb138006fe056ca09b5e75b3f87,outputs\shuttle_capability\train_data\train\images\train_00361.jpg,outputs\shuttle_capability\train_data\train\labels\train_00361.txt,0,0
train_00362,train,SYNTHETIC_HIFI_3D,SYNTHETIC_3D,,False,1,6.481,4-8px,sharp,steep,tbg_027.jpg,3ae61fff0cf79020d71266e7ca659697f7d2d0cde7ce883e2f564f65d5bf59c1,outputs\shuttle_capability\train_data\train\images\train_00362.jpg,outputs\shuttle_capability\train_data\train\labels\train_00362.txt,0,0
train_00363,train,SYNTHETIC_HIFI_3D,SYNTHETIC_3D,,False,1,8.485,8-16px,sharp,steep,tbg_028.jpg,c001f05e429de3cae70465828cb9689f03c0f34ad1bd925b9bf4b6bf1c23c03f,outputs\shuttle_capability\train_data\train\images\train_00363.jpg,outputs\shuttle_capability\train_data\train\labels\train_00363.txt,0,0
train_00364,train,SYNTHETIC_HIFI_3D,SYNTHETIC_3D,,False,1,8.944,8-16px,moderate,steep,tbg_029.jpg,9db8508682c680ba7b0cd59310c7f29667974fe5a0a9b678dde2a0efd5a7d995,outputs\shuttle_capability\train_data\train\images\train_00364.jpg,outputs\shuttle_capability\train_data\train\labels\train_00364.txt,0,0
train_00365,train,SYNTHETIC_HIFI_3D,SYNTHETIC_3D,,False,1,16.492,16-32px,heavy,steep,tbg_032.jpg,77390f7f197c0341bd67243330d40ca4093c30a982441393d6aeace1cdfceb2a,outputs\shuttle_capability\train_data\train\images\train_00365.jpg,outputs\shuttle_capability\train_data\train\labels\train_00365.txt,0,0
train_00366,train,SYNTHETIC_HIFI_3D,SYNTHETIC_3D,,False,1,12.41,8-16px,moderate,steep,tbg_033.jpg,1c9192a15759020fc15913fa744417716f5c692dec2b3580c31acd4fe4520c74,outputs\shuttle_capability\train_data\train\images\train_00366.jpg,outputs\shuttle_capability\train_data\train\labels\train_00366.txt,0,0
train_00367,train,SYNTHETIC_HIFI_3D,SYNTHETIC_3D,,False,1,4.899,4-8px,sharp,steep,tbg_034.jpg,0f4dceb32fe7819044388c3cea69ae75e7a532ba1ea95f448c278c97085f4945,outputs\shuttle_capability\train_data\train\images\train_00367.jpg,outputs\shuttle_capability\train_data\train\labels\train_00367.txt,0,0
train_00368,train,SYNTHETIC_HIFI_3D,SYNTHETIC_3D,,False,1,11.489,8-16px,moderate,steep,tbg_036.jpg,0ba2a4fe51306e71905526537d80228f2d8e461b084e8bf2aa01513ae9a5840a,outputs\shuttle_capability\train_data\train\images\train_00368.jpg,outputs\shuttle_capability\train_data\train\labels\train_00368.txt,0,0
train_00369,train,SYNTHETIC_HIFI_3D,SYNTHETIC_3D,,False,1,12.961,8-16px,moderate,steep,tbg_037.jpg,aa9436b70b77c56a7942686956d7f3bcd526f0abc02abcf0515a60c02de97c96,outputs\shuttle_capability\train_data\train\images\train_00369.jpg,outputs\shuttle_capability\train_data\train\labels\train_00369.txt,0,0
train_00370,train,SYNTHETIC_HIFI_3D,SYNTHETIC_3D,,False,1,26.495,16-32px,sharp,tilted,tbg_038.jpg,f8d7a55847d0b3886bc00001036f9111776ec691cdc694daa3a150146963f103,outputs\shuttle_capability\train_data\train\images\train_00370.jpg,outputs\shuttle_capability\train_data\train\labels\train_00370.txt,0,0
train_00371,train,SYNTHETIC_HIFI_3D,SYNTHETIC_3D,,False,1,4.0,4-8px,slight,steep,tbg_039.jpg,c023072a66fdd655602c55db7567d073e90983d69f2e5c1566e32d9770205562,outputs\shuttle_capability\train_data\train\images\train_00371.jpg,outputs\shuttle_capability\train_data\train\labels\train_00371.txt,0,0
train_00372,train,SYNTHETIC_HIFI_3D,SYNTHETIC_3D,,False,1,6.928,4-8px,moderate,steep,tbg_041.jpg,58f6ec6cf0be9d6adf7f32fec544ce243b401e4b5d7e65e5cb142fe2fb70da73,outputs\shuttle_capability\train_data\train\images\train_00372.jpg,outputs\shuttle_capability\train_data\train\labels\train_00372.txt,0,0
train_00373,train,SYNTHETIC_HIFI_3D,SYNTHETIC_3D,,False,1,18.0,16-32px,slight,steep,tbg_042.jpg,9b084a32ca84525fcaf8877cac9f66e4a7971dfa1bc69d4edfd05ac3944055d4,outputs\shuttle_capability\train_data\train\images\train_00373.jpg,outputs\shuttle_capability\train_data\train\labels\train_00373.txt,0,0
train_00374,train,SYNTHETIC_HIFI_3D,SYNTHETIC_3D,,False,1,4.472,4-8px,slight,steep,tbg_046.jpg,e84a755916d3c708b138ebe1ca38f32ed181053195816e9da2d260f1a4723191,outputs\shuttle_capability\train_data\train\images\train_00374.jpg,outputs\shuttle_capability\train_data\train\labels\train_00374.txt,0,0
train_00375,train,SYNTHETIC_HIFI_3D,SYNTHETIC_3D,,False,1,4.472,4-8px,heavy,steep,tbg_008.jpg,80624bfd49d6f9eeee215fef4f25a68bdccec417e5fdd1445e1da9d891b6d580,outputs\shuttle_capability\train_data\train\images\train_00375.jpg,outputs\shuttle_capability\train_data\train\labels\train_00375.txt,0,0
train_00376,train,SYNTHETIC_HIFI_3D,SYNTHETIC_3D,,False,1,11.958,8-16px,slight,tilted,tbg_009.jpg,6daca3f6d5f23956e05d9186cf5d2b85a6f5e5a120dbdfeb1e5826a50f1970ab,outputs\shuttle_capability\train_data\train\images\train_00376.jpg,outputs\shuttle_capability\train_data\train\labels\train_00376.txt,0,0
train_00377,train,SYNTHETIC_HIFI_3D,SYNTHETIC_3D,,False,1,14.283,8-16px,slight,steep,tbg_012.jpg,4364639b1145d6948a518a2993e2c32202f19bbdb4f3ab17c97525627814b60b,outputs\shuttle_capability\train_data\train\images\train_00377.jpg,outputs\shuttle_capability\train_data\train\labels\train_00377.txt,0,0
train_00378,train,SYNTHETIC_HIFI_3D,SYNTHETIC_3D,,False,1,6.481,4-8px,moderate,steep,tbg_013.jpg,198a8183d4c28d3c73bcdf2ca92e0bef4edbb0ab0ac428b94e1186274060c014,outputs\shuttle_capability\train_data\train\images\train_00378.jpg,outputs\shuttle_capability\train_data\train\labels\train_00378.txt,0,0
train_00379,train,SYNTHETIC_HIFI_3D,SYNTHETIC_3D,,False,1,11.958,8-16px,heavy,steep,tbg_014.jpg,53a989485dac924f490d3d4744960324ec732790083815d9772efbd6a8844deb,outputs\shuttle_capability\train_data\train\images\train_00379.jpg,outputs\shuttle_capability\train_data\train\labels\train_00379.txt,0,0
train_00380,train,SYNTHETIC_HIFI_3D,SYNTHETIC_3D,,False,1,10.0,8-16px,slight,steep,tbg_016.jpg,cfb5edf2e37ca68bc5a57420423dcd55ad7fe3abe08644ed9147a515ba8fd1c4,outputs\shuttle_capability\train_data\train\images\train_00380.jpg,outputs\shuttle_capability\train_data\train\labels\train_00380.txt,0,0
train_00381,train,SYNTHETIC_HIFI_3D,SYNTHETIC_3D,,False,1,19.442,16-32px,sharp,steep,tbg_019.jpg,4037ad4d77493de911cdebb5ff0c1da280cd75d49033869060524bb92fa11f99,outputs\shuttle_capability\train_data\train\images\train_00381.jpg,outputs\shuttle_capability\train_data\train\labels\train_00381.txt,0,0
train_00382,train,SYNTHETIC_HIFI_3D,SYNTHETIC_3D,,False,1,9.0,8-16px,sharp,steep,tbg_021.jpg,38548f132a1a5ca499a713847fc73919b20c1b15ddf75c015f68d7fc5f1714b4,outputs\shuttle_capability\train_data\train\images\train_00382.jpg,outputs\shuttle_capability\train_data\train\labels\train_00382.txt,0,0
train_00383,train,SYNTHETIC_HIFI_3D,SYNTHETIC_3D,,False,1,14.866,8-16px,slight,steep,tbg_022.jpg,a948acc4796e9d08ad82b5fb49066adcb015a94a94da70e33f285131db8fb92b,outputs\shuttle_capability\train_data\train\images\train_00383.jpg,outputs\shuttle_capability\train_data\train\labels\train_00383.txt,0,0
train_00384,train,SYNTHETIC_HIFI_3D,SYNTHETIC_3D,,False,1,6.481,4-8px,sharp,steep,tbg_023.jpg,78f0b5e4bbe42c0502abd00079974411ec82f87fa909d7b7244492ee3ef4b08b,outputs\shuttle_capability\train_data\train\images\train_00384.jpg,outputs\shuttle_capability\train_data\train\labels\train_00384.txt,0,0
train_00385,train,SYNTHETIC_HIFI_3D,SYNTHETIC_3D,,False,1,8.367,8-16px,heavy,steep,tbg_024.jpg,0a4419bf2fdab47fe9397e3b6affa25f27240b94c833521a4d569d7e33dde766,outputs\shuttle_capability\train_data\train\images\train_00385.jpg,outputs\shuttle_capability\train_data\train\labels\train_00385.txt,0,0
train_00386,train,SYNTHETIC_HIFI_3D,SYNTHETIC_3D,,False,1,8.367,8-16px,slight,steep,tbg_026.jpg,ee4f93a70451cebfb8c7336e33a03b9c1610959cccfa4745c1aa75143999d155,outputs\shuttle_capability\train_data\train\images\train_00386.jpg,outputs\shuttle_capability\train_data\train\labels\train_00386.txt,0,0
train_00387,train,SYNTHETIC_HIFI_3D,SYNTHETIC_3D,,False,1,16.492,16-32px,slight,steep,tbg_027.jpg,26952cc38bda04a7f7afe018469aee6cc69df199052b569ee841dda06f5d29fd,outputs\shuttle_capability\train_data\train\images\train_00387.jpg,outputs\shuttle_capability\train_data\train\labels\train_00387.txt,0,0
train_00388,train,SYNTHETIC_HIFI_3D,SYNTHETIC_3D,,False,1,11.958,8-16px,sharp,steep,tbg_028.jpg,8640a5b6749a24fdbcc2be3947e7a75b060477ab3c8469fcdea9ada03b38fe61,outputs\shuttle_capability\train_data\train\images\train_00388.jpg,outputs\shuttle_capability\train_data\train\labels\train_00388.txt,0,0
train_00389,train,SYNTHETIC_HIFI_3D,SYNTHETIC_3D,,False,1,6.481,4-8px,sharp,steep,tbg_029.jpg,2f7ddeebac544cd931aa46128cc5d8a632d32ccfb3431475fb6343b6fe9c23a6,outputs\shuttle_capability\train_data\train\images\train_00389.jpg,outputs\shuttle_capability\train_data\train\labels\train_00389.txt,0,0
train_00390,train,SYNTHETIC_HIFI_3D,SYNTHETIC_3D,,False,1,12.49,8-16px,heavy,steep,tbg_032.jpg,30ca9d2b86ce08c0fb15bb26d92845a917d7b47742b239db578731a3497898aa,outputs\shuttle_capability\train_data\train\images\train_00390.jpg,outputs\shuttle_capability\train_data\train\labels\train_00390.txt,0,0
train_00391,train,SYNTHETIC_HIFI_3D,SYNTHETIC_3D,,False,1,13.491,8-16px,slight,steep,tbg_033.jpg,3a55f3ee1a2b80812567d146426d19349c4a0c47404f7df5891ed66127db11ab,outputs\shuttle_capability\train_data\train\images\train_00391.jpg,outputs\shuttle_capability\train_data\train\labels\train_00391.txt,0,0
train_00392,train,SYNTHETIC_HIFI_3D,SYNTHETIC_3D,,False,1,8.367,8-16px,sharp,steep,tbg_034.jpg,dee935ef5ec4ca6606a73c5f4d5ea4427508b1341130786d735730e053a538e7,outputs\shuttle_capability\train_data\train\images\train_00392.jpg,outputs\shuttle_capability\train_data\train\labels\train_00392.txt,0,0
train_00393,train,SYNTHETIC_HIFI_3D,SYNTHETIC_3D,,False,1,8.0,8-16px,heavy,steep,tbg_036.jpg,5b4807de43b70b99f962d0f9b9b56dc329b6c1500a1a1f14da3c18ea05fb9f1a,outputs\shuttle_capability\train_data\train\images\train_00393.jpg,outputs\shuttle_capability\train_data\train\labels\train_00393.txt,0,0
train_00394,train,SYNTHETIC_HIFI_3D,SYNTHETIC_3D,,False,1,8.367,8-16px,slight,steep,tbg_037.jpg,db71ec2837bd2cc75d6c123569849d63734b68706d18ba4ab1f16aecb26fe31c,outputs\shuttle_capability\train_data\train\images\train_00394.jpg,outputs\shuttle_capability\train_data\train\labels\train_00394.txt,0,0
train_00395,train,SYNTHETIC_HIFI_3D,SYNTHETIC_3D,,False,1,4.0,4-8px,heavy,steep,tbg_038.jpg,e2dadaa378a4df6a55d7315e20a50f8f1f9d06f06b4a3615eb24abdb269cfe83,outputs\shuttle_capability\train_data\train\images\train_00395.jpg,outputs\shuttle_capability\train_data\train\labels\train_00395.txt,0,0
train_00396,train,SYNTHETIC_HIFI_3D,SYNTHETIC_3D,,False,1,9.95,8-16px,heavy,steep,tbg_039.jpg,d3caeebafb087bf917c81bf48150833ca263c751b0d96ce45e8016e866753d62,outputs\shuttle_capability\train_data\train\images\train_00396.jpg,outputs\shuttle_capability\train_data\train\labels\train_00396.txt,0,0
train_00397,train,SYNTHETIC_HIFI_3D,SYNTHETIC_3D,,False,1,10.0,8-16px,sharp,steep,tbg_041.jpg,4b561fd4bec4c9b8e5f07bb5f3989633ac68abbc4f5f97e950b2a5953626510a,outputs\shuttle_capability\train_data\train\images\train_00397.jpg,outputs\shuttle_capability\train_data\train\labels\train_00397.txt,0,0
train_00398,train,SYNTHETIC_HIFI_3D,SYNTHETIC_3D,,False,1,5.916,4-8px,heavy,steep,tbg_042.jpg,64bf59f546bbeed65534978dc5a4e10b2fce2083e71d94f4537b8ccfe1052ca3,outputs\shuttle_capability\train_data\train\images\train_00398.jpg,outputs\shuttle_capability\train_data\train\labels\train_00398.txt,0,0
train_00399,train,SYNTHETIC_HIFI_3D,SYNTHETIC_3D,,False,1,12.649,8-16px,moderate,steep,tbg_046.jpg,7ec4d4ad7ed763bae83ffeacc7d5b0683500ffcfda9257456137967b0d53831a,outputs\shuttle_capability\train_data\train\images\train_00399.jpg,outputs\shuttle_capability\train_data\train\labels\train_00399.txt,0,0
neg_train_00000,train,NEGATIVE,NEGATIVE,,True,0,,unknown,unknown,unknown,tbg_008.jpg,871605d962ac4d45240a03d5c4cae9fe4c8d7218d055c77df02a60743a0b5729,outputs\shuttle_capability\train_data\train\images\neg_train_00000.jpg,outputs\shuttle_capability\train_data\train\labels\neg_train_00000.txt,0,0
neg_train_00001,train,NEGATIVE,NEGATIVE,,True,0,,unknown,unknown,unknown,tbg_008.jpg,58287a073816dabafc3489a0ac5b560d445c983daf4a67ad66c909b70fe2ba8d,outputs\shuttle_capability\train_data\train\images\neg_train_00001.jpg,outputs\shuttle_capability\train_data\train\labels\neg_train_00001.txt,0,0
neg_train_00002,train,NEGATIVE,NEGATIVE,,True,0,,unknown,unknown,unknown,tbg_008.jpg,67a5b147acadd5bebcb7d83d2524248911ddcfdd2e8238d7c98c603921d1bcd3,outputs\shuttle_capability\train_data\train\images\neg_train_00002.jpg,outputs\shuttle_capability\train_data\train\labels\neg_train_00002.txt,0,0
neg_train_00003,train,NEGATIVE,NEGATIVE,,True,0,,unknown,unknown,unknown,tbg_008.jpg,d2b13a310f22589f0fb183b031510edc940dc3a970ec52c3e48da74487e7edab,outputs\shuttle_capability\train_data\train\images\neg_train_00003.jpg,outputs\shuttle_capability\train_data\train\labels\neg_train_00003.txt,0,0
neg_train_00004,train,NEGATIVE,NEGATIVE,,True,0,,unknown,unknown,unknown,tbg_009.jpg,ee7dd2519aa558a59cbae3d4450e0b5cb85194b106ea70931dc3f56d9fa4f156,outputs\shuttle_capability\train_data\train\images\neg_train_00004.jpg,outputs\shuttle_capability\train_data\train\labels\neg_train_00004.txt,0,0
neg_train_00005,train,NEGATIVE,NEGATIVE,,True,0,,unknown,unknown,unknown,tbg_009.jpg,142261d15fbec99020303bd7056f1a4a1d1ba1f4bca4288268213f88f12bd28b,outputs\shuttle_capability\train_data\train\images\neg_train_00005.jpg,outputs\shuttle_capability\train_data\train\labels\neg_train_00005.txt,0,0
neg_train_00006,train,NEGATIVE,NEGATIVE,,True,0,,unknown,unknown,unknown,tbg_009.jpg,b6c93348d719f090819c5836171917aa02dc003693b15e963c405fda5e834786,outputs\shuttle_capability\train_data\train\images\neg_train_00006.jpg,outputs\shuttle_capability\train_data\train\labels\neg_train_00006.txt,0,0
neg_train_00007,train,NEGATIVE,NEGATIVE,,True,0,,unknown,unknown,unknown,tbg_009.jpg,43e5c7aecb540c82284cd814482749c7f803ff62dd6fe2b085f88f8e8fcd7300,outputs\shuttle_capability\train_data\train\images\neg_train_00007.jpg,outputs\shuttle_capability\train_data\train\labels\neg_train_00007.txt,0,0
neg_train_00008,train,NEGATIVE,NEGATIVE,,True,0,,unknown,unknown,unknown,tbg_012.jpg,45417dac7a7b238813a41e49546afc809106d74cfa7f2678d0d498355f631660,outputs\shuttle_capability\train_data\train\images\neg_train_00008.jpg,outputs\shuttle_capability\train_data\train\labels\neg_train_00008.txt,0,0
neg_train_00009,train,NEGATIVE,NEGATIVE,,True,0,,unknown,unknown,unknown,tbg_012.jpg,d6463e6a375221920c946287f148afc57d0cca57758f992fe8287398bf876adc,outputs\shuttle_capability\train_data\train\images\neg_train_00009.jpg,outputs\shuttle_capability\train_data\train\labels\neg_train_00009.txt,0,0
neg_train_00010,train,NEGATIVE,NEGATIVE,,True,0,,unknown,unknown,unknown,tbg_012.jpg,9ca86e172653b5ee6dcc2a2df500ce5e3738d65951beae3eef9d6040713778b7,outputs\shuttle_capability\train_data\train\images\neg_train_00010.jpg,outputs\shuttle_capability\train_data\train\labels\neg_train_00010.txt,0,0
neg_train_00011,train,NEGATIVE,NEGATIVE,,True,0,,unknown,unknown,unknown,tbg_012.jpg,9ab98e267df98ac4c15ebf4b1f0ad7a2a8fe20dfd4689c8c5e3254f635348876,outputs\shuttle_capability\train_data\train\images\neg_train_00011.jpg,outputs\shuttle_capability\train_data\train\labels\neg_train_00011.txt,0,0
neg_train_00012,train,NEGATIVE,NEGATIVE,,True,0,,unknown,unknown,unknown,tbg_013.jpg,6223aa4beb1fa8df20d7ec0959e46632e0d8d26672cdce79aeea100dc7fe53fd,outputs\shuttle_capability\train_data\train\images\neg_train_00012.jpg,outputs\shuttle_capability\train_data\train\labels\neg_train_00012.txt,0,0
neg_train_00013,train,NEGATIVE,NEGATIVE,,True,0,,unknown,unknown,unknown,tbg_013.jpg,873ad1086a16c3049456022591ce1c77d3faf47bbfaca2788b27332f773df406,outputs\shuttle_capability\train_data\train\images\neg_train_00013.jpg,outputs\shuttle_capability\train_data\train\labels\neg_train_00013.txt,0,0
neg_train_00014,train,NEGATIVE,NEGATIVE,,True,0,,unknown,unknown,unknown,tbg_013.jpg,88c0ae97e53fcfe653d8fec0a47185908e180aaeafe397dbbb10df00fb51b3ed,outputs\shuttle_capability\train_data\train\images\neg_train_00014.jpg,outputs\shuttle_capability\train_data\train\labels\neg_train_00014.txt,0,0
neg_train_00015,train,NEGATIVE,NEGATIVE,,True,0,,unknown,unknown,unknown,tbg_013.jpg,40f5d15f547243e71a214cf7abe5d0c1313347f1ceda185cdc3646cf768916e1,outputs\shuttle_capability\train_data\train\images\neg_train_00015.jpg,outputs\shuttle_capability\train_data\train\labels\neg_train_00015.txt,0,0
neg_train_00016,train,NEGATIVE,NEGATIVE,,True,0,,unknown,unknown,unknown,tbg_014.jpg,4dea0b99db3fd245c2e416925364d454cd97c5912750b377f9c740fab2cf882d,outputs\shuttle_capability\train_data\train\images\neg_train_00016.jpg,outputs\shuttle_capability\train_data\train\labels\neg_train_00016.txt,0,0
neg_train_00017,train,NEGATIVE,NEGATIVE,,True,0,,unknown,unknown,unknown,tbg_014.jpg,f85a8d1773851a14a454c59459bd09095bdc48b5c58e7889e2fd0233278f9107,outputs\shuttle_capability\train_data\train\images\neg_train_00017.jpg,outputs\shuttle_capability\train_data\train\labels\neg_train_00017.txt,0,0
neg_train_00018,train,NEGATIVE,NEGATIVE,,True,0,,unknown,unknown,unknown,tbg_014.jpg,4c88e3de2f4ad46f60bdf781a88d303fb01cec2ac972fe7a4153af0fd49ba76d,outputs\shuttle_capability\train_data\train\images\neg_train_00018.jpg,outputs\shuttle_capability\train_data\train\labels\neg_train_00018.txt,0,0
neg_train_00019,train,NEGATIVE,NEGATIVE,,True,0,,unknown,unknown,unknown,tbg_014.jpg,85b71a2af110f2f8b48ef355e4245ebadd6f28809ca69d97847bf065b35a7136,outputs\shuttle_capability\train_data\train\images\neg_train_00019.jpg,outputs\shuttle_capability\train_data\train\labels\neg_train_00019.txt,0,0
neg_train_00020,train,NEGATIVE,NEGATIVE,,True,0,,unknown,unknown,unknown,tbg_016.jpg,0963cd1c4293fed78f7e12949ac5e275cf757b572a80b36c92a16f4b074eb8c5,outputs\shuttle_capability\train_data\train\images\neg_train_00020.jpg,outputs\shuttle_capability\train_data\train\labels\neg_train_00020.txt,0,0
neg_train_00021,train,NEGATIVE,NEGATIVE,,True,0,,unknown,unknown,unknown,tbg_016.jpg,02b69aeea33a40fb51ee5173f659b13cc1074b4c627384be13f85495891ab7b8,outputs\shuttle_capability\train_data\train\images\neg_train_00021.jpg,outputs\shuttle_capability\train_data\train\labels\neg_train_00021.txt,0,0
neg_train_00022,train,NEGATIVE,NEGATIVE,,True,0,,unknown,unknown,unknown,tbg_016.jpg,13a4070d6be7a1966bc8c3cb208837791fea72859bf181db2a5576d6da3212a1,outputs\shuttle_capability\train_data\train\images\neg_train_00022.jpg,outputs\shuttle_capability\train_data\train\labels\neg_train_00022.txt,0,0
neg_train_00023,train,NEGATIVE,NEGATIVE,,True,0,,unknown,unknown,unknown,tbg_016.jpg,630d0fd79fa6079d330c2cc2858dc32ff2afb9ccc31354d7805d2726d0c6d876,outputs\shuttle_capability\train_data\train\images\neg_train_00023.jpg,outputs\shuttle_capability\train_data\train\labels\neg_train_00023.txt,0,0
neg_train_00024,train,NEGATIVE,NEGATIVE,,True,0,,unknown,unknown,unknown,tbg_019.jpg,3cb1f31c6e8016ad2ddaf975b59bfb7381aaef28f316f4c5c9eb0dc3b1a6d26f,outputs\shuttle_capability\train_data\train\images\neg_train_00024.jpg,outputs\shuttle_capability\train_data\train\labels\neg_train_00024.txt,0,0
neg_train_00025,train,NEGATIVE,NEGATIVE,,True,0,,unknown,unknown,unknown,tbg_019.jpg,2de3f5d7e9b8c967295d57b55768eda7ac9f0736a1e79518e586872536c68364,outputs\shuttle_capability\train_data\train\images\neg_train_00025.jpg,outputs\shuttle_capability\train_data\train\labels\neg_train_00025.txt,0,0
neg_train_00026,train,NEGATIVE,NEGATIVE,,True,0,,unknown,unknown,unknown,tbg_019.jpg,6322fa7eeda41c2b8f602b135e0870f7b06cd4531e2c0db79aaea6e940f30a9c,outputs\shuttle_capability\train_data\train\images\neg_train_00026.jpg,outputs\shuttle_capability\train_data\train\labels\neg_train_00026.txt,0,0
neg_train_00027,train,NEGATIVE,NEGATIVE,,True,0,,unknown,unknown,unknown,tbg_019.jpg,5d6158f2699874e0431e6c431e46392732893477e9be0d103f9556c5726c0f95,outputs\shuttle_capability\train_data\train\images\neg_train_00027.jpg,outputs\shuttle_capability\train_data\train\labels\neg_train_00027.txt,0,0
neg_train_00028,train,NEGATIVE,NEGATIVE,,True,0,,unknown,unknown,unknown,tbg_021.jpg,ae43ba91e020f5b8c661a7ce13b1b2308e7c4fc5ef6175dcd9103a2d1d4fbf4d,outputs\shuttle_capability\train_data\train\images\neg_train_00028.jpg,outputs\shuttle_capability\train_data\train\labels\neg_train_00028.txt,0,0
neg_train_00029,train,NEGATIVE,NEGATIVE,,True,0,,unknown,unknown,unknown,tbg_021.jpg,ac87bfae1bc2998ed68316b2ca57cb037269418373380d6c406c0b3b3829f3ff,outputs\shuttle_capability\train_data\train\images\neg_train_00029.jpg,outputs\shuttle_capability\train_data\train\labels\neg_train_00029.txt,0,0
neg_train_00030,train,NEGATIVE,NEGATIVE,,True,0,,unknown,unknown,unknown,tbg_021.jpg,0a4e843859dd965fad209c3cd9f9baf9a94f12446b7c671a64711afd0611f2ac,outputs\shuttle_capability\train_data\train\images\neg_train_00030.jpg,outputs\shuttle_capability\train_data\train\labels\neg_train_00030.txt,0,0
neg_train_00031,train,NEGATIVE,NEGATIVE,,True,0,,unknown,unknown,unknown,tbg_021.jpg,a53d092e99af8d408807d0e7853d93ea443ebd06b4d514f4bdae2ccd945111cf,outputs\shuttle_capability\train_data\train\images\neg_train_00031.jpg,outputs\shuttle_capability\train_data\train\labels\neg_train_00031.txt,0,0
neg_train_00032,train,NEGATIVE,NEGATIVE,,True,0,,unknown,unknown,unknown,tbg_022.jpg,57dd9619baf91cbd9079cca8ec160416fdf5939782ea9aaeb5301d81b119d98b,outputs\shuttle_capability\train_data\train\images\neg_train_00032.jpg,outputs\shuttle_capability\train_data\train\labels\neg_train_00032.txt,0,0
neg_train_00033,train,NEGATIVE,NEGATIVE,,True,0,,unknown,unknown,unknown,tbg_022.jpg,fecca233e2bda53d0a2bb7b60f179c32f344f2aa4632fc932ecde0f6e5bcd3d6,outputs\shuttle_capability\train_data\train\images\neg_train_00033.jpg,outputs\shuttle_capability\train_data\train\labels\neg_train_00033.txt,0,0
neg_train_00034,train,NEGATIVE,NEGATIVE,,True,0,,unknown,unknown,unknown,tbg_022.jpg,86e3b7c3e9a49ff032e6516981fadc00f2ec3c10f7ed6f6c20ab9b9695b3f876,outputs\shuttle_capability\train_data\train\images\neg_train_00034.jpg,outputs\shuttle_capability\train_data\train\labels\neg_train_00034.txt,0,0
neg_train_00035,train,NEGATIVE,NEGATIVE,,True,0,,unknown,unknown,unknown,tbg_022.jpg,44a70dbd2345be97109e107b7bb4136e40cbf80abea7e08eb4089315062af06f,outputs\shuttle_capability\train_data\train\images\neg_train_00035.jpg,outputs\shuttle_capability\train_data\train\labels\neg_train_00035.txt,0,0
neg_train_00036,train,NEGATIVE,NEGATIVE,,True,0,,unknown,unknown,unknown,tbg_023.jpg,1fb0ae5684d78f57118a78ddafe91fde50a302acd3d140a9501b2a8048ece6dd,outputs\shuttle_capability\train_data\train\images\neg_train_00036.jpg,outputs\shuttle_capability\train_data\train\labels\neg_train_00036.txt,0,0
neg_train_00037,train,NEGATIVE,NEGATIVE,,True,0,,unknown,unknown,unknown,tbg_023.jpg,6cf7d1a99325593535d7d1ad05ba134f4100a9efbb5842cbf7cc18c1419bf210,outputs\shuttle_capability\train_data\train\images\neg_train_00037.jpg,outputs\shuttle_capability\train_data\train\labels\neg_train_00037.txt,0,0
neg_train_00038,train,NEGATIVE,NEGATIVE,,True,0,,unknown,unknown,unknown,tbg_023.jpg,976e2770ec6e10c15547314a6af1d06a289791f0a268321078875114f97cda38,outputs\shuttle_capability\train_data\train\images\neg_train_00038.jpg,outputs\shuttle_capability\train_data\train\labels\neg_train_00038.txt,0,0
neg_train_00039,train,NEGATIVE,NEGATIVE,,True,0,,unknown,unknown,unknown,tbg_023.jpg,d39c82834643847925f4cf0b9192f48a3da1b7f495cc9407a6662ec98579f7c5,outputs\shuttle_capability\train_data\train\images\neg_train_00039.jpg,outputs\shuttle_capability\train_data\train\labels\neg_train_00039.txt,0,0
neg_train_00040,train,NEGATIVE,NEGATIVE,,True,0,,unknown,unknown,unknown,tbg_024.jpg,4e087a2a2d912199857673a2b9cec8879269c9048fdc918702e12dc107ebd41f,outputs\shuttle_capability\train_data\train\images\neg_train_00040.jpg,outputs\shuttle_capability\train_data\train\labels\neg_train_00040.txt,0,0
neg_train_00041,train,NEGATIVE,NEGATIVE,,True,0,,unknown,unknown,unknown,tbg_024.jpg,ec550d1eb784ec7e1e71d35907cba48955fcc571c8205b5975e59a5838b1fff4,outputs\shuttle_capability\train_data\train\images\neg_train_00041.jpg,outputs\shuttle_capability\train_data\train\labels\neg_train_00041.txt,0,0
neg_train_00042,train,NEGATIVE,NEGATIVE,,True,0,,unknown,unknown,unknown,tbg_024.jpg,756f26efbdd3af5e5de55f300fcdb7c98988357154d122c28c5cad4bbc00b6b7,outputs\shuttle_capability\train_data\train\images\neg_train_00042.jpg,outputs\shuttle_capability\train_data\train\labels\neg_train_00042.txt,0,0
neg_train_00043,train,NEGATIVE,NEGATIVE,,True,0,,unknown,unknown,unknown,tbg_024.jpg,e573da781e6a324b988c90f8abf1ea0c158a73365db6430fd77bbf5a24cdb671,outputs\shuttle_capability\train_data\train\images\neg_train_00043.jpg,outputs\shuttle_capability\train_data\train\labels\neg_train_00043.txt,0,0
neg_train_00044,train,NEGATIVE,NEGATIVE,,True,0,,unknown,unknown,unknown,tbg_026.jpg,872fccc064c853652c0cca8f67bdce5a6833b3a703fcd2bfa6d1b3895dd9c701,outputs\shuttle_capability\train_data\train\images\neg_train_00044.jpg,outputs\shuttle_capability\train_data\train\labels\neg_train_00044.txt,0,0
neg_train_00045,train,NEGATIVE,NEGATIVE,,True,0,,unknown,unknown,unknown,tbg_026.jpg,872fccc064c853652c0cca8f67bdce5a6833b3a703fcd2bfa6d1b3895dd9c701,outputs\shuttle_capability\train_data\train\images\neg_train_00045.jpg,outputs\shuttle_capability\train_data\train\labels\neg_train_00045.txt,0,0
neg_train_00046,train,NEGATIVE,NEGATIVE,,True,0,,unknown,unknown,unknown,tbg_026.jpg,872fccc064c853652c0cca8f67bdce5a6833b3a703fcd2bfa6d1b3895dd9c701,outputs\shuttle_capability\train_data\train\images\neg_train_00046.jpg,outputs\shuttle_capability\train_data\train\labels\neg_train_00046.txt,0,0
neg_train_00047,train,NEGATIVE,NEGATIVE,,True,0,,unknown,unknown,unknown,tbg_026.jpg,872fccc064c853652c0cca8f67bdce5a6833b3a703fcd2bfa6d1b3895dd9c701,outputs\shuttle_capability\train_data\train\images\neg_train_00047.jpg,outputs\shuttle_capability\train_data\train\labels\neg_train_00047.txt,0,0
neg_train_00048,train,NEGATIVE,NEGATIVE,,True,0,,unknown,unknown,unknown,tbg_027.jpg,8d927730c091c28d9a20b88fd73c48e11ee8a5027adebe7fcfb0cbec3874dec8,outputs\shuttle_capability\train_data\train\images\neg_train_00048.jpg,outputs\shuttle_capability\train_data\train\labels\neg_train_00048.txt,0,0
neg_train_00049,train,NEGATIVE,NEGATIVE,,True,0,,unknown,unknown,unknown,tbg_027.jpg,8fb36d41a64ef5d10b8ed5fe1c4e080912fcd757bb87252c91c6f0648986d9cd,outputs\shuttle_capability\train_data\train\images\neg_train_00049.jpg,outputs\shuttle_capability\train_data\train\labels\neg_train_00049.txt,0,0
neg_train_00050,train,NEGATIVE,NEGATIVE,,True,0,,unknown,unknown,unknown,tbg_027.jpg,12c3dbb31db33aaa84c88f00970b8166922aa233221964ec025a0e2910a7453d,outputs\shuttle_capability\train_data\train\images\neg_train_00050.jpg,outputs\shuttle_capability\train_data\train\labels\neg_train_00050.txt,0,0
neg_train_00051,train,NEGATIVE,NEGATIVE,,True,0,,unknown,unknown,unknown,tbg_027.jpg,010c174940f19c70b9e535d0277d1697b88bb3a2aaebe9a6fbf07164b3aac83d,outputs\shuttle_capability\train_data\train\images\neg_train_00051.jpg,outputs\shuttle_capability\train_data\train\labels\neg_train_00051.txt,0,0
neg_train_00052,train,NEGATIVE,NEGATIVE,,True,0,,unknown,unknown,unknown,tbg_028.jpg,d97da635a5ca2960ebd6be50facfd2e8269c886b0f177b108a708e568dda4798,outputs\shuttle_capability\train_data\train\images\neg_train_00052.jpg,outputs\shuttle_capability\train_data\train\labels\neg_train_00052.txt,0,0
neg_train_00053,train,NEGATIVE,NEGATIVE,,True,0,,unknown,unknown,unknown,tbg_028.jpg,a847ce5e96186cae4338381ae11bf5e3969b75c45ebec5f0799e3329552e7241,outputs\shuttle_capability\train_data\train\images\neg_train_00053.jpg,outputs\shuttle_capability\train_data\train\labels\neg_train_00053.txt,0,0
neg_train_00054,train,NEGATIVE,NEGATIVE,,True,0,,unknown,unknown,unknown,tbg_028.jpg,4f5277ff4ee64950bc28fc908ec35f2cb5051e5545bb5a660369fbdb839766d9,outputs\shuttle_capability\train_data\train\images\neg_train_00054.jpg,outputs\shuttle_capability\train_data\train\labels\neg_train_00054.txt,0,0
neg_train_00055,train,NEGATIVE,NEGATIVE,,True,0,,unknown,unknown,unknown,tbg_028.jpg,96d9e9dfb16f0d32f3b2c572d09073671a68bd0e32f34bd2c083646468b9a18a,outputs\shuttle_capability\train_data\train\images\neg_train_00055.jpg,outputs\shuttle_capability\train_data\train\labels\neg_train_00055.txt,0,0
neg_train_00056,train,NEGATIVE,NEGATIVE,,True,0,,unknown,unknown,unknown,tbg_029.jpg,dcf4b363181f49ae9b54a85a58546475ca263d714cf89770863f19905b7b92c0,outputs\shuttle_capability\train_data\train\images\neg_train_00056.jpg,outputs\shuttle_capability\train_data\train\labels\neg_train_00056.txt,0,0
neg_train_00057,train,NEGATIVE,NEGATIVE,,True,0,,unknown,unknown,unknown,tbg_029.jpg,dcf4b363181f49ae9b54a85a58546475ca263d714cf89770863f19905b7b92c0,outputs\shuttle_capability\train_data\train\images\neg_train_00057.jpg,outputs\shuttle_capability\train_data\train\labels\neg_train_00057.txt,0,0
neg_train_00058,train,NEGATIVE,NEGATIVE,,True,0,,unknown,unknown,unknown,tbg_029.jpg,dcf4b363181f49ae9b54a85a58546475ca263d714cf89770863f19905b7b92c0,outputs\shuttle_capability\train_data\train\images\neg_train_00058.jpg,outputs\shuttle_capability\train_data\train\labels\neg_train_00058.txt,0,0
neg_train_00059,train,NEGATIVE,NEGATIVE,,True,0,,unknown,unknown,unknown,tbg_029.jpg,dcf4b363181f49ae9b54a85a58546475ca263d714cf89770863f19905b7b92c0,outputs\shuttle_capability\train_data\train\images\neg_train_00059.jpg,outputs\shuttle_capability\train_data\train\labels\neg_train_00059.txt,0,0
neg_train_00060,train,NEGATIVE,NEGATIVE,,True,0,,unknown,unknown,unknown,tbg_032.jpg,06d40f94e468a29e7e4df00c1d01388af1a627dfd87f5f2cb42cd31b5dc3fc52,outputs\shuttle_capability\train_data\train\images\neg_train_00060.jpg,outputs\shuttle_capability\train_data\train\labels\neg_train_00060.txt,0,0
neg_train_00061,train,NEGATIVE,NEGATIVE,,True,0,,unknown,unknown,unknown,tbg_032.jpg,4b6ddd30bc1e0be48c83b281cfa02ee088355c8470d6da4b695d8a8ebeabde40,outputs\shuttle_capability\train_data\train\images\neg_train_00061.jpg,outputs\shuttle_capability\train_data\train\labels\neg_train_00061.txt,0,0
neg_train_00062,train,NEGATIVE,NEGATIVE,,True,0,,unknown,unknown,unknown,tbg_032.jpg,6253f02cb37eedb89690d143a6b1898e21cd4b224db6c7e88178994202880c70,outputs\shuttle_capability\train_data\train\images\neg_train_00062.jpg,outputs\shuttle_capability\train_data\train\labels\neg_train_00062.txt,0,0
neg_train_00063,train,NEGATIVE,NEGATIVE,,True,0,,unknown,unknown,unknown,tbg_032.jpg,824232c346908dcfd6aec11d061f765e6a4a993efa4b52d3c05fe7884e1bd560,outputs\shuttle_capability\train_data\train\images\neg_train_00063.jpg,outputs\shuttle_capability\train_data\train\labels\neg_train_00063.txt,0,0
neg_train_00064,train,NEGATIVE,NEGATIVE,,True,0,,unknown,unknown,unknown,tbg_033.jpg,046f651794c07424f3d051a1eef0302dac32833dd79c5dc16cc58735e4b6fe88,outputs\shuttle_capability\train_data\train\images\neg_train_00064.jpg,outputs\shuttle_capability\train_data\train\labels\neg_train_00064.txt,0,0
neg_train_00065,train,NEGATIVE,NEGATIVE,,True,0,,unknown,unknown,unknown,tbg_033.jpg,523bb123717613c6ab4b5238ed85cfa4b570a065bc65d31aa5c6559331f24cf7,outputs\shuttle_capability\train_data\train\images\neg_train_00065.jpg,outputs\shuttle_capability\train_data\train\labels\neg_train_00065.txt,0,0
neg_train_00066,train,NEGATIVE,NEGATIVE,,True,0,,unknown,unknown,unknown,tbg_033.jpg,04ef6bc4fa02fcd1fa595b1c8f39e1268a7745a9b9992922a319c045c76f05d5,outputs\shuttle_capability\train_data\train\images\neg_train_00066.jpg,outputs\shuttle_capability\train_data\train\labels\neg_train_00066.txt,0,0
neg_train_00067,train,NEGATIVE,NEGATIVE,,True,0,,unknown,unknown,unknown,tbg_033.jpg,f528b8977c50b3c499dee6c09a994798a98644e7c0f76417791bffe78373ef42,outputs\shuttle_capability\train_data\train\images\neg_train_00067.jpg,outputs\shuttle_capability\train_data\train\labels\neg_train_00067.txt,0,0
neg_train_00068,train,NEGATIVE,NEGATIVE,,True,0,,unknown,unknown,unknown,tbg_034.jpg,558d19e796d54bd73e3fc6a3075f2027fcd4e9beac70a099291d26940b367018,outputs\shuttle_capability\train_data\train\images\neg_train_00068.jpg,outputs\shuttle_capability\train_data\train\labels\neg_train_00068.txt,0,0
neg_train_00069,train,NEGATIVE,NEGATIVE,,True,0,,unknown,unknown,unknown,tbg_034.jpg,5834f314dc72538b14463e4f5a0e6a9bada4ef1cb34c52433a4280f4b3be91a7,outputs\shuttle_capability\train_data\train\images\neg_train_00069.jpg,outputs\shuttle_capability\train_data\train\labels\neg_train_00069.txt,0,0
neg_train_00070,train,NEGATIVE,NEGATIVE,,True,0,,unknown,unknown,unknown,tbg_034.jpg,623caf1e69f9438d34111c91d75aa01aa7b81c9484238935b23b932dcce08a0f,outputs\shuttle_capability\train_data\train\images\neg_train_00070.jpg,outputs\shuttle_capability\train_data\train\labels\neg_train_00070.txt,0,0
neg_train_00071,train,NEGATIVE,NEGATIVE,,True,0,,unknown,unknown,unknown,tbg_034.jpg,e826b67ba493244456dc242db5250e804b9122da9ea09886f08245122efd4a75,outputs\shuttle_capability\train_data\train\images\neg_train_00071.jpg,outputs\shuttle_capability\train_data\train\labels\neg_train_00071.txt,0,0
neg_train_00072,train,NEGATIVE,NEGATIVE,,True,0,,unknown,unknown,unknown,tbg_036.jpg,a9cc3746e32922f1a35b80c77cae004e97232009211962fa6b92be2ca99b0332,outputs\shuttle_capability\train_data\train\images\neg_train_00072.jpg,outputs\shuttle_capability\train_data\train\labels\neg_train_00072.txt,0,0
neg_train_00073,train,NEGATIVE,NEGATIVE,,True,0,,unknown,unknown,unknown,tbg_036.jpg,38590f49a351cdf5cc14179c405b38855bfeae02a1ba21003e609513e6ff7e57,outputs\shuttle_capability\train_data\train\images\neg_train_00073.jpg,outputs\shuttle_capability\train_data\train\labels\neg_train_00073.txt,0,0
neg_train_00074,train,NEGATIVE,NEGATIVE,,True,0,,unknown,unknown,unknown,tbg_036.jpg,d26db6620593d217a86445d8f05736f358959047411d5aa63f8f4b037a9b3556,outputs\shuttle_capability\train_data\train\images\neg_train_00074.jpg,outputs\shuttle_capability\train_data\train\labels\neg_train_00074.txt,0,0
neg_train_00075,train,NEGATIVE,NEGATIVE,,True,0,,unknown,unknown,unknown,tbg_036.jpg,857ffcc248d872bfe33342418339aa82bd3a3842b9aebcd82fbd132b8b3ff3a1,outputs\shuttle_capability\train_data\train\images\neg_train_00075.jpg,outputs\shuttle_capability\train_data\train\labels\neg_train_00075.txt,0,0
neg_train_00076,train,NEGATIVE,NEGATIVE,,True,0,,unknown,unknown,unknown,tbg_037.jpg,fcf0db2e31ad11517ef7ffe76d1fa2e51b5f22b33fa8ff588ef523044c4a7391,outputs\shuttle_capability\train_data\train\images\neg_train_00076.jpg,outputs\shuttle_capability\train_data\train\labels\neg_train_00076.txt,0,0
neg_train_00077,train,NEGATIVE,NEGATIVE,,True,0,,unknown,unknown,unknown,tbg_037.jpg,cc3b4e0d53849e387838fa6d8d5597196ecdb6f3cd07a8dfca856e2b9a04273d,outputs\shuttle_capability\train_data\train\images\neg_train_00077.jpg,outputs\shuttle_capability\train_data\train\labels\neg_train_00077.txt,0,0
neg_train_00078,train,NEGATIVE,NEGATIVE,,True,0,,unknown,unknown,unknown,tbg_037.jpg,3eaf34edd7970c68e96cd4ec2e79a79195ca0f63242d6034ab9a7565d048fdde,outputs\shuttle_capability\train_data\train\images\neg_train_00078.jpg,outputs\shuttle_capability\train_data\train\labels\neg_train_00078.txt,0,0
neg_train_00079,train,NEGATIVE,NEGATIVE,,True,0,,unknown,unknown,unknown,tbg_037.jpg,1036b7b3516a6aaef5d25ab969d7f8db44e7a9480636fa28893c2a81fe2f983d,outputs\shuttle_capability\train_data\train\images\neg_train_00079.jpg,outputs\shuttle_capability\train_data\train\labels\neg_train_00079.txt,0,0
neg_train_00080,train,NEGATIVE,NEGATIVE,,True,0,,unknown,unknown,unknown,tbg_038.jpg,697f87434af13b26f033ef35731d7b5b41452e8a017537eb85d04f6778247cca,outputs\shuttle_capability\train_data\train\images\neg_train_00080.jpg,outputs\shuttle_capability\train_data\train\labels\neg_train_00080.txt,0,0
neg_train_00081,train,NEGATIVE,NEGATIVE,,True,0,,unknown,unknown,unknown,tbg_038.jpg,72092e1c97ddd443ef8388eacff2cc90bf32bfa50d4b4231a65af1b06851139a,outputs\shuttle_capability\train_data\train\images\neg_train_00081.jpg,outputs\shuttle_capability\train_data\train\labels\neg_train_00081.txt,0,0
neg_train_00082,train,NEGATIVE,NEGATIVE,,True,0,,unknown,unknown,unknown,tbg_038.jpg,b53c38712cc889d1aeacda2d002258817cd04968ae8d3598c662e09d76accea0,outputs\shuttle_capability\train_data\train\images\neg_train_00082.jpg,outputs\shuttle_capability\train_data\train\labels\neg_train_00082.txt,0,0
neg_train_00083,train,NEGATIVE,NEGATIVE,,True,0,,unknown,unknown,unknown,tbg_038.jpg,a24f6740eadc52c5d34a52b32cb83c6a97ac3c3a055a30710100bdec3b0b008e,outputs\shuttle_capability\train_data\train\images\neg_train_00083.jpg,outputs\shuttle_capability\train_data\train\labels\neg_train_00083.txt,0,0
neg_train_00084,train,NEGATIVE,NEGATIVE,,True,0,,unknown,unknown,unknown,tbg_039.jpg,419cd8a79a4dd27f1866c445d22161df4a8523925182c01d1cc0d2266e5a133f,outputs\shuttle_capability\train_data\train\images\neg_train_00084.jpg,outputs\shuttle_capability\train_data\train\labels\neg_train_00084.txt,0,0
neg_train_00085,train,NEGATIVE,NEGATIVE,,True,0,,unknown,unknown,unknown,tbg_039.jpg,4c0fad29da33468e36e364d2c8528eafbd1854bc9c81b2d142453cad4679fa0f,outputs\shuttle_capability\train_data\train\images\neg_train_00085.jpg,outputs\shuttle_capability\train_data\train\labels\neg_train_00085.txt,0,0
neg_train_00086,train,NEGATIVE,NEGATIVE,,True,0,,unknown,unknown,unknown,tbg_039.jpg,940d66e999d643e41de3e4bd3b044aa34914e7bdfd2c00f9317a88554a3267bd,outputs\shuttle_capability\train_data\train\images\neg_train_00086.jpg,outputs\shuttle_capability\train_data\train\labels\neg_train_00086.txt,0,0
neg_train_00087,train,NEGATIVE,NEGATIVE,,True,0,,unknown,unknown,unknown,tbg_039.jpg,73c9bd884018a69c41cf60fb8f9264bc62757c3fec891ead1a471ac486aee5a4,outputs\shuttle_capability\train_data\train\images\neg_train_00087.jpg,outputs\shuttle_capability\train_data\train\labels\neg_train_00087.txt,0,0
neg_train_00088,train,NEGATIVE,NEGATIVE,,True,0,,unknown,unknown,unknown,tbg_041.jpg,aae3445f3e3550582f4a01fe030547de7c28cb66016e378544df34d14c58f1d8,outputs\shuttle_capability\train_data\train\images\neg_train_00088.jpg,outputs\shuttle_capability\train_data\train\labels\neg_train_00088.txt,0,0
neg_train_00089,train,NEGATIVE,NEGATIVE,,True,0,,unknown,unknown,unknown,tbg_041.jpg,ce4438cbe1d5d21a79a952e4299ad01b52f03a6f4134e513133083a34c2e86d2,outputs\shuttle_capability\train_data\train\images\neg_train_00089.jpg,outputs\shuttle_capability\train_data\train\labels\neg_train_00089.txt,0,0
neg_train_00090,train,NEGATIVE,NEGATIVE,,True,0,,unknown,unknown,unknown,tbg_041.jpg,dfd68cef19b1ee70ff9c04d02b195832e1eebdc42fdf38abb8bc8b23e65f126b,outputs\shuttle_capability\train_data\train\images\neg_train_00090.jpg,outputs\shuttle_capability\train_data\train\labels\neg_train_00090.txt,0,0
neg_train_00091,train,NEGATIVE,NEGATIVE,,True,0,,unknown,unknown,unknown,tbg_041.jpg,ee97d245830434f1cdc883942233ed00f4c63c57c2811f19f1c2e7e5285c7f6d,outputs\shuttle_capability\train_data\train\images\neg_train_00091.jpg,outputs\shuttle_capability\train_data\train\labels\neg_train_00091.txt,0,0
neg_train_00092,train,NEGATIVE,NEGATIVE,,True,0,,unknown,unknown,unknown,tbg_042.jpg,2e5c94ad1904372052892a734cf19471e7d3951231c3db0896ad093858fc4b33,outputs\shuttle_capability\train_data\train\images\neg_train_00092.jpg,outputs\shuttle_capability\train_data\train\labels\neg_train_00092.txt,0,0
neg_train_00093,train,NEGATIVE,NEGATIVE,,True,0,,unknown,unknown,unknown,tbg_042.jpg,609d2d9089ab3d43e023810275f566c0d4186795d95d45d8d270e19f75bc4098,outputs\shuttle_capability\train_data\train\images\neg_train_00093.jpg,outputs\shuttle_capability\train_data\train\labels\neg_train_00093.txt,0,0
neg_train_00094,train,NEGATIVE,NEGATIVE,,True,0,,unknown,unknown,unknown,tbg_042.jpg,ca09b634bc3015761e80f030869dd08d37afeb220d472c86bbcdcf3aeb9a26d2,outputs\shuttle_capability\train_data\train\images\neg_train_00094.jpg,outputs\shuttle_capability\train_data\train\labels\neg_train_00094.txt,0,0
neg_train_00095,train,NEGATIVE,NEGATIVE,,True,0,,unknown,unknown,unknown,tbg_042.jpg,2ed2f6008302b8b1d5ec16a88bd52c5c1328d4bd157ea0b6a5359e5361bb6b77,outputs\shuttle_capability\train_data\train\images\neg_train_00095.jpg,outputs\shuttle_capability\train_data\train\labels\neg_train_00095.txt,0,0
neg_train_00096,train,NEGATIVE,NEGATIVE,,True,0,,unknown,unknown,unknown,tbg_046.jpg,9f9f9ba0f4dba554df37b970ccf905d98e376fcd74e9c524fee22e16e3cb264d,outputs\shuttle_capability\train_data\train\images\neg_train_00096.jpg,outputs\shuttle_capability\train_data\train\labels\neg_train_00096.txt,0,0
neg_train_00097,train,NEGATIVE,NEGATIVE,,True,0,,unknown,unknown,unknown,tbg_046.jpg,e38b974ec34a1102ea9bfc883362e30e97dc9ae0de48bf01fd9c6be6bff96f0b,outputs\shuttle_capability\train_data\train\images\neg_train_00097.jpg,outputs\shuttle_capability\train_data\train\labels\neg_train_00097.txt,0,0
neg_train_00098,train,NEGATIVE,NEGATIVE,,True,0,,unknown,unknown,unknown,tbg_046.jpg,2de41e3dac8292aa6c2b4400aa9e81cfaa0ad618b35d1b725416cf64d91f1b94,outputs\shuttle_capability\train_data\train\images\neg_train_00098.jpg,outputs\shuttle_capability\train_data\train\labels\neg_train_00098.txt,0,0
neg_train_00099,train,NEGATIVE,NEGATIVE,,True,0,,unknown,unknown,unknown,tbg_046.jpg,749e465713af362fbe63bb5c0cd65a235d31e9e67e2575b25420f4fee3a16c3f,outputs\shuttle_capability\train_data\train\images\neg_train_00099.jpg,outputs\shuttle_capability\train_data\train\labels\neg_train_00099.txt,0,0
val_00000,val,SYNTHETIC_HIFI_3D,SYNTHETIC_3D,,False,1,9.798,8-16px,moderate,steep,tbg_010.jpg,8b10913447f847012de472d2f27a3d5f74304d1e77609467f6c1b65504dab6dd,outputs\shuttle_capability\train_data\val\images\val_00000.jpg,outputs\shuttle_capability\train_data\val\labels\val_00000.txt,0,0
val_00001,val,SYNTHETIC_HIFI_3D,SYNTHETIC_3D,,False,1,7.0,4-8px,slight,tilted,tbg_015.jpg,2c6689563b48fee20f06267c02f9a6ea5a7f225f1a1aef207219bbdbbf0dcfc5,outputs\shuttle_capability\train_data\val\images\val_00001.jpg,outputs\shuttle_capability\train_data\val\labels\val_00001.txt,0,0
val_00002,val,SYNTHETIC_HIFI_3D,SYNTHETIC_3D,,False,1,7.483,4-8px,sharp,steep,tbg_020.jpg,47ff7ec1f9908f42117fbffee7c8c0da99dc3e3f0f1942d93c97be18ddbbbfbc,outputs\shuttle_capability\train_data\val\images\val_00002.jpg,outputs\shuttle_capability\train_data\val\labels\val_00002.txt,0,0
val_00003,val,SYNTHETIC_HIFI_3D,SYNTHETIC_3D,,False,1,2.449,<4px,moderate,steep,tbg_025.jpg,f40d0334e37822fb012465c44390630a7ba869fd72386eece636330b0360f881,outputs\shuttle_capability\train_data\val\images\val_00003.jpg,outputs\shuttle_capability\train_data\val\labels\val_00003.txt,0,0
val_00004,val,SYNTHETIC_HIFI_3D,SYNTHETIC_3D,,False,1,21.633,16-32px,sharp,steep,tbg_035.jpg,499ca7991f73997b01e8c2e6ad1d157248efe98c0d6147380d432c430b1c40c9,outputs\shuttle_capability\train_data\val\images\val_00004.jpg,outputs\shuttle_capability\train_data\val\labels\val_00004.txt,0,0
val_00005,val,SYNTHETIC_HIFI_3D,SYNTHETIC_3D,,False,1,15.969,8-16px,moderate,steep,tbg_040.jpg,e2ca360db94a9d46af1ccbbc947c51ba2d286b07275098d7859e669b08ab21a5,outputs\shuttle_capability\train_data\val\images\val_00005.jpg,outputs\shuttle_capability\train_data\val\labels\val_00005.txt,0,0
val_00006,val,SYNTHETIC_HIFI_3D,SYNTHETIC_3D,,False,1,7.348,4-8px,slight,steep,tbg_010.jpg,5e5b4bf4c4c881310f0549e9b7ee5792a1cad93d1adc274f9903412bad1c4327,outputs\shuttle_capability\train_data\val\images\val_00006.jpg,outputs\shuttle_capability\train_data\val\labels\val_00006.txt,0,0
val_00007,val,SYNTHETIC_HIFI_3D,SYNTHETIC_3D,,False,1,12.961,8-16px,moderate,steep,tbg_015.jpg,8e45f358044b1e68ae0fb09edb33c38ca97fa90c05fa64077ffa4f3504f379ea,outputs\shuttle_capability\train_data\val\images\val_00007.jpg,outputs\shuttle_capability\train_data\val\labels\val_00007.txt,0,0
val_00008,val,SYNTHETIC_HIFI_3D,SYNTHETIC_3D,,False,1,10.817,8-16px,slight,steep,tbg_020.jpg,49da3f59fa4c6522a0d3b47badc7e38ff7c9f2e2ce47aea94027c633fbc9652d,outputs\shuttle_capability\train_data\val\images\val_00008.jpg,outputs\shuttle_capability\train_data\val\labels\val_00008.txt,0,0
val_00009,val,SYNTHETIC_HIFI_3D,SYNTHETIC_3D,,False,1,6.928,4-8px,slight,steep,tbg_025.jpg,3754c59cdf4a3e3e9c292f03c27c5fd83371ee7bc0ed7899182c4a988bbe7704,outputs\shuttle_capability\train_data\val\images\val_00009.jpg,outputs\shuttle_capability\train_data\val\labels\val_00009.txt,0,0
val_00010,val,SYNTHETIC_HIFI_3D,SYNTHETIC_3D,,False,1,13.964,8-16px,slight,tilted,tbg_035.jpg,df145448986e329efe57246e3103feb9f54223e4883fedd8d1c02a2d63cd2c8e,outputs\shuttle_capability\train_data\val\images\val_00010.jpg,outputs\shuttle_capability\train_data\val\labels\val_00010.txt,0,0
val_00011,val,SYNTHETIC_HIFI_3D,SYNTHETIC_3D,,False,1,7.937,4-8px,moderate,steep,tbg_040.jpg,8a8cf950ba209f4d6debef46ab7fc76a0784ba9be70351baf0b8ff6d302d0d70,outputs\shuttle_capability\train_data\val\images\val_00011.jpg,outputs\shuttle_capability\train_data\val\labels\val_00011.txt,0,0
val_00012,val,SYNTHETIC_HIFI_3D,SYNTHETIC_3D,,False,1,7.937,4-8px,sharp,steep,tbg_010.jpg,b5267258cc96d84bef5bc95e235d3e7f21bf7600b80aab31f34c5edaa353fb31,outputs\shuttle_capability\train_data\val\images\val_00012.jpg,outputs\shuttle_capability\train_data\val\labels\val_00012.txt,0,0
val_00013,val,SYNTHETIC_HIFI_3D,SYNTHETIC_3D,,False,1,6.0,4-8px,sharp,steep,tbg_015.jpg,3a7c20f3bceda5fe3441ac5749e22a84761cca1e0d6f5efb023406411a735403,outputs\shuttle_capability\train_data\val\images\val_00013.jpg,outputs\shuttle_capability\train_data\val\labels\val_00013.txt,0,0
val_00014,val,SYNTHETIC_HIFI_3D,SYNTHETIC_3D,,False,1,11.402,8-16px,sharp,steep,tbg_020.jpg,9c8c96c8dfa5c445240a2b6882f3cbf191c54daf2479b1de495c3d269ca349de,outputs\shuttle_capability\train_data\val\images\val_00014.jpg,outputs\shuttle_capability\train_data\val\labels\val_00014.txt,0,0
val_00015,val,SYNTHETIC_HIFI_3D,SYNTHETIC_3D,,False,1,8.367,8-16px,heavy,steep,tbg_025.jpg,79f7d39a4748859f89b89abb9a952c018d99477a5bbfbce2ee8f6f5f906324be,outputs\shuttle_capability\train_data\val\images\val_00015.jpg,outputs\shuttle_capability\train_data\val\labels\val_00015.txt,0,0
val_00016,val,SYNTHETIC_HIFI_3D,SYNTHETIC_3D,,False,1,11.402,8-16px,sharp,steep,tbg_035.jpg,c5c3a2787a6e9aee8bcf6c01e64640c6581701ddfc1268feb8ce36abcabcb3a4,outputs\shuttle_capability\train_data\val\images\val_00016.jpg,outputs\shuttle_capability\train_data\val\labels\val_00016.txt,0,0
val_00017,val,SYNTHETIC_HIFI_3D,SYNTHETIC_3D,,False,1,6.928,4-8px,slight,steep,tbg_040.jpg,8331c699176770a4faebdccf04080b9db7b27497f6dbbe3d5ae608a4ce53a7f3,outputs\shuttle_capability\train_data\val\images\val_00017.jpg,outputs\shuttle_capability\train_data\val\labels\val_00017.txt,0,0
val_00018,val,SYNTHETIC_HIFI_3D,SYNTHETIC_3D,,False,1,9.798,8-16px,sharp,steep,tbg_010.jpg,8b5b9bec2732447a7c627f26c679193d5d1c8657c5ea89e4e66134f233fa64f4,outputs\shuttle_capability\train_data\val\images\val_00018.jpg,outputs\shuttle_capability\train_data\val\labels\val_00018.txt,0,0
val_00019,val,SYNTHETIC_HIFI_3D,SYNTHETIC_3D,,False,1,5.477,4-8px,slight,steep,tbg_015.jpg,569134998377e2366a3bcb35ba16c84ef632eac93199d4065229ac62d33761eb,outputs\shuttle_capability\train_data\val\images\val_00019.jpg,outputs\shuttle_capability\train_data\val\labels\val_00019.txt,0,0
val_00020,val,SYNTHETIC_HIFI_3D,SYNTHETIC_3D,,False,1,13.491,8-16px,heavy,steep,tbg_020.jpg,ab1cc576343859f13537a17c24219a08348f1261076da4a820c13cb7339948a0,outputs\shuttle_capability\train_data\val\images\val_00020.jpg,outputs\shuttle_capability\train_data\val\labels\val_00020.txt,0,0
val_00021,val,SYNTHETIC_HIFI_3D,SYNTHETIC_3D,,False,1,9.798,8-16px,slight,steep,tbg_025.jpg,6d3043f4dac107cf736deec8c47ab08e69c37ada1dc1d9db9eead4a75a8cef51,outputs\shuttle_capability\train_data\val\images\val_00021.jpg,outputs\shuttle_capability\train_data\val\labels\val_00021.txt,0,0
val_00022,val,SYNTHETIC_HIFI_3D,SYNTHETIC_3D,,False,1,10.954,8-16px,sharp,steep,tbg_035.jpg,c75592c21f3ff68512a0fcdc9ded8c6d9db86a8a302d58d026c3fcb152c3d2d2,outputs\shuttle_capability\train_data\val\images\val_00022.jpg,outputs\shuttle_capability\train_data\val\labels\val_00022.txt,0,0
val_00023,val,SYNTHETIC_HIFI_3D,SYNTHETIC_3D,,False,1,10.954,8-16px,slight,steep,tbg_040.jpg,ba4e6033504477dc597cfb52f394170e63a22887f6c08aa8a6f7d05c8f7b2ab4,outputs\shuttle_capability\train_data\val\images\val_00023.jpg,outputs\shuttle_capability\train_data\val\labels\val_00023.txt,0,0
val_00024,val,SYNTHETIC_HIFI_3D,SYNTHETIC_3D,,False,1,5.477,4-8px,moderate,steep,tbg_010.jpg,71070ffea87092fe604b1bd3f98a885ee2102d5ce0d3eec603bf7bb726a55425,outputs\shuttle_capability\train_data\val\images\val_00024.jpg,outputs\shuttle_capability\train_data\val\labels\val_00024.txt,0,0
val_00025,val,SYNTHETIC_HIFI_3D,SYNTHETIC_3D,,False,1,13.491,8-16px,sharp,steep,tbg_015.jpg,de930edfefbb422d7a4b9e47f7304a0437767e7969ed9d598857e0d63fb59ef2,outputs\shuttle_capability\train_data\val\images\val_00025.jpg,outputs\shuttle_capability\train_data\val\labels\val_00025.txt,0,0
val_00026,val,SYNTHETIC_HIFI_3D,SYNTHETIC_3D,,False,1,24.92,16-32px,slight,steep,tbg_020.jpg,014aaebc6e0cd1eade7f9f1f4b8eeaa95d552d350e73aa2249b06f620a1e0c4a,outputs\shuttle_capability\train_data\val\images\val_00026.jpg,outputs\shuttle_capability\train_data\val\labels\val_00026.txt,0,0
val_00027,val,SYNTHETIC_HIFI_3D,SYNTHETIC_3D,,False,1,4.0,4-8px,slight,steep,tbg_025.jpg,276823c456998b7185b56996e7cc36ac73b49520f92b68c82328667efa3e786d,outputs\shuttle_capability\train_data\val\images\val_00027.jpg,outputs\shuttle_capability\train_data\val\labels\val_00027.txt,0,0
val_00028,val,SYNTHETIC_HIFI_3D,SYNTHETIC_3D,,False,1,3.873,<4px,sharp,steep,tbg_035.jpg,16b407c563df94fab0a9bd6ac36bf9467e59dcd76a76a7a0af3dc9d878513b23,outputs\shuttle_capability\train_data\val\images\val_00028.jpg,outputs\shuttle_capability\train_data\val\labels\val_00028.txt,0,0
val_00029,val,SYNTHETIC_HIFI_3D,SYNTHETIC_3D,,False,1,4.0,4-8px,slight,steep,tbg_040.jpg,dd9c575f6c2cb292e796ca2a94addeb316eea722b64e5ed2b155d248d266a3f8,outputs\shuttle_capability\train_data\val\images\val_00029.jpg,outputs\shuttle_capability\train_data\val\labels\val_00029.txt,0,0
val_00030,val,SYNTHETIC_HIFI_3D,SYNTHETIC_3D,,False,1,13.266,8-16px,sharp,steep,tbg_010.jpg,1d0d869f962853297aaaecdba75e88a2e9e365861a5b04e76ac98a54ffc88f65,outputs\shuttle_capability\train_data\val\images\val_00030.jpg,outputs\shuttle_capability\train_data\val\labels\val_00030.txt,0,0
val_00031,val,SYNTHETIC_HIFI_3D,SYNTHETIC_3D,,False,1,9.487,8-16px,heavy,steep,tbg_015.jpg,0d89182be916cb782511cc3c71ea54991c138536e42e01aed772d60adf08aae3,outputs\shuttle_capability\train_data\val\images\val_00031.jpg,outputs\shuttle_capability\train_data\val\labels\val_00031.txt,0,0
val_00032,val,SYNTHETIC_HIFI_3D,SYNTHETIC_3D,,False,1,14.967,8-16px,moderate,steep,tbg_020.jpg,526364a4eefc626eccaa66c62d96746cdf3495a62604eeab9a527ed4351df03f,outputs\shuttle_capability\train_data\val\images\val_00032.jpg,outputs\shuttle_capability\train_data\val\labels\val_00032.txt,0,0
val_00033,val,SYNTHETIC_HIFI_3D,SYNTHETIC_3D,,False,1,13.266,8-16px,sharp,steep,tbg_025.jpg,c8a94a27b460c29d2ad43b056bce8400d164e490f8b15698dde4e0d2f0cfe9f7,outputs\shuttle_capability\train_data\val\images\val_00033.jpg,outputs\shuttle_capability\train_data\val\labels\val_00033.txt,0,0
val_00034,val,SYNTHETIC_HIFI_3D,SYNTHETIC_3D,,False,1,10.392,8-16px,moderate,steep,tbg_035.jpg,8f64496c2562b0d11b5d9d47ebd6eee0c6423cdac621c0101729646473a5c4f4,outputs\shuttle_capability\train_data\val\images\val_00034.jpg,outputs\shuttle_capability\train_data\val\labels\val_00034.txt,0,0
val_00035,val,SYNTHETIC_HIFI_3D,SYNTHETIC_3D,,False,1,9.95,8-16px,heavy,steep,tbg_040.jpg,d7636ba51694da23d5d2a8406a8e3c6734d3983427e422dd9d10a8fa63cfc4dc,outputs\shuttle_capability\train_data\val\images\val_00035.jpg,outputs\shuttle_capability\train_data\val\labels\val_00035.txt,0,0
val_00036,val,SYNTHETIC_HIFI_3D,SYNTHETIC_3D,,False,1,8.485,8-16px,sharp,steep,tbg_010.jpg,829a4ec9a2bc578b831a616bff27c3454cb7f52b104886b2e9957d7a3f98a42e,outputs\shuttle_capability\train_data\val\images\val_00036.jpg,outputs\shuttle_capability\train_data\val\labels\val_00036.txt,0,0
val_00037,val,SYNTHETIC_HIFI_3D,SYNTHETIC_3D,,False,1,14.283,8-16px,slight,steep,tbg_015.jpg,e5211636b226a610cdf7064c39d8c665301388ea073e6bc58e8abbd6dc92a331,outputs\shuttle_capability\train_data\val\images\val_00037.jpg,outputs\shuttle_capability\train_data\val\labels\val_00037.txt,0,0
val_00038,val,SYNTHETIC_HIFI_3D,SYNTHETIC_3D,,False,1,4.899,4-8px,sharp,steep,tbg_020.jpg,0d38b7b2764ff7bc02b2b44752c6685610e01b3999c75a27feb9976fc84380d4,outputs\shuttle_capability\train_data\val\images\val_00038.jpg,outputs\shuttle_capability\train_data\val\labels\val_00038.txt,0,0
val_00039,val,SYNTHETIC_HIFI_3D,SYNTHETIC_3D,,False,1,7.483,4-8px,heavy,steep,tbg_025.jpg,b83c064961fea23b25af0b95c9c49442da6052b836b5a25c70809807f2214d92,outputs\shuttle_capability\train_data\val\images\val_00039.jpg,outputs\shuttle_capability\train_data\val\labels\val_00039.txt,0,0
val_00040,val,SYNTHETIC_HIFI_3D,SYNTHETIC_3D,,False,1,10.488,8-16px,heavy,steep,tbg_035.jpg,fb2e610a980291e24514c9e9ac462dbcece68dfdb3a76659641f86090139f191,outputs\shuttle_capability\train_data\val\images\val_00040.jpg,outputs\shuttle_capability\train_data\val\labels\val_00040.txt,0,0
val_00041,val,SYNTHETIC_HIFI_3D,SYNTHETIC_3D,,False,1,21.633,16-32px,moderate,steep,tbg_040.jpg,426108de57b7df179cf65aa17b363667adb579174c85295dca5e596f2433a692,outputs\shuttle_capability\train_data\val\images\val_00041.jpg,outputs\shuttle_capability\train_data\val\labels\val_00041.txt,0,0
val_00042,val,SYNTHETIC_HIFI_3D,SYNTHETIC_3D,,False,1,6.0,4-8px,slight,steep,tbg_010.jpg,4b95d9c6b2655a704ae22cdd6fa4697af890ab17249bbcdb9eafb1c5ceeed0be,outputs\shuttle_capability\train_data\val\images\val_00042.jpg,outputs\shuttle_capability\train_data\val\labels\val_00042.txt,0,0
val_00043,val,SYNTHETIC_HIFI_3D,SYNTHETIC_3D,,False,1,5.477,4-8px,slight,tilted,tbg_015.jpg,111f06c36317b316dfc4bdac472af80812e5c0c78ab2ecee6aaa4609db20f71b,outputs\shuttle_capability\train_data\val\images\val_00043.jpg,outputs\shuttle_capability\train_data\val\labels\val_00043.txt,0,0
val_00044,val,SYNTHETIC_HIFI_3D,SYNTHETIC_3D,,False,1,6.481,4-8px,sharp,steep,tbg_020.jpg,c5a2d05defb3efba9bd246a1e16738516f553920c93307fa025f98b47d0960c6,outputs\shuttle_capability\train_data\val\images\val_00044.jpg,outputs\shuttle_capability\train_data\val\labels\val_00044.txt,0,0
val_00045,val,SYNTHETIC_HIFI_3D,SYNTHETIC_3D,,False,1,14.967,8-16px,moderate,tilted,tbg_025.jpg,affdc1b9f4f241f1db3713d287d4ec68250f9ddc32adad0b7d9dc5c263628c02,outputs\shuttle_capability\train_data\val\images\val_00045.jpg,outputs\shuttle_capability\train_data\val\labels\val_00045.txt,0,0
val_00046,val,SYNTHETIC_HIFI_3D,SYNTHETIC_3D,,False,1,7.937,4-8px,slight,steep,tbg_035.jpg,72aa91c15d7fbaafd376f83874f365a418a9be197b97461c33619b08e0bdaade,outputs\shuttle_capability\train_data\val\images\val_00046.jpg,outputs\shuttle_capability\train_data\val\labels\val_00046.txt,0,0
val_00047,val,SYNTHETIC_HIFI_3D,SYNTHETIC_3D,,False,1,18.0,16-32px,heavy,tilted,tbg_040.jpg,85873149ccaa0faff9d2c792045aef1147ac4dbc07cbd3ac294dc57f773601e1,outputs\shuttle_capability\train_data\val\images\val_00047.jpg,outputs\shuttle_capability\train_data\val\labels\val_00047.txt,0,0
val_00048,val,SYNTHETIC_HIFI_3D,SYNTHETIC_3D,,False,1,3.464,<4px,sharp,steep,tbg_010.jpg,926431340b44cedd838698cb5f0975fc2023d234662a334535de2bb88aa0668a,outputs\shuttle_capability\train_data\val\images\val_00048.jpg,outputs\shuttle_capability\train_data\val\labels\val_00048.txt,0,0
val_00049,val,SYNTHETIC_HIFI_3D,SYNTHETIC_3D,,False,1,16.432,16-32px,slight,steep,tbg_015.jpg,89576dd52a17d323cc9cce89f81157fff75cdcf09be3c13bc92811634d562a21,outputs\shuttle_capability\train_data\val\images\val_00049.jpg,outputs\shuttle_capability\train_data\val\labels\val_00049.txt,0,0
val_00050,val,SYNTHETIC_HIFI_3D,SYNTHETIC_3D,,False,1,15.0,8-16px,sharp,steep,tbg_020.jpg,66f5ca9169a49cce7f5834ca6a48bcc3071feedb7ac036a6d9c26b263ca35f13,outputs\shuttle_capability\train_data\val\images\val_00050.jpg,outputs\shuttle_capability\train_data\val\labels\val_00050.txt,0,0
val_00051,val,SYNTHETIC_HIFI_3D,SYNTHETIC_3D,,False,1,4.472,4-8px,heavy,steep,tbg_025.jpg,4fbe76c1ea0fc1d3cd26c810ae51c8d35275ef77eda14928ab4d0c1130f78e6e,outputs\shuttle_capability\train_data\val\images\val_00051.jpg,outputs\shuttle_capability\train_data\val\labels\val_00051.txt,0,0
val_00052,val,SYNTHETIC_HIFI_3D,SYNTHETIC_3D,,False,1,9.381,8-16px,slight,steep,tbg_035.jpg,adac9d0e1f92a78954705e72278b80df0b0bbc2741c4466e84580649e76cd478,outputs\shuttle_capability\train_data\val\images\val_00052.jpg,outputs\shuttle_capability\train_data\val\labels\val_00052.txt,0,0
val_00053,val,SYNTHETIC_HIFI_3D,SYNTHETIC_3D,,False,1,16.432,16-32px,moderate,steep,tbg_040.jpg,e8cc6f4f99b6dfbaacbeebe28a085a13e2bd9ec75a5d3f285349cf791f9e9776,outputs\shuttle_capability\train_data\val\images\val_00053.jpg,outputs\shuttle_capability\train_data\val\labels\val_00053.txt,0,0
val_00054,val,SYNTHETIC_HIFI_3D,SYNTHETIC_3D,,False,1,9.487,8-16px,sharp,steep,tbg_010.jpg,ee89adc1563fa91ee826297c53ce8958e30c9e8c1329f94035942271b016fb4e,outputs\shuttle_capability\train_data\val\images\val_00054.jpg,outputs\shuttle_capability\train_data\val\labels\val_00054.txt,0,0
val_00055,val,SYNTHETIC_HIFI_3D,SYNTHETIC_3D,,False,1,14.866,8-16px,sharp,steep,tbg_015.jpg,65573100988c01e4e384ca4359402bab0cb0ba45eebd712feb504b969a4eb005,outputs\shuttle_capability\train_data\val\images\val_00055.jpg,outputs\shuttle_capability\train_data\val\labels\val_00055.txt,0,0
val_00056,val,SYNTHETIC_HIFI_3D,SYNTHETIC_3D,,False,1,30.496,16-32px,moderate,steep,tbg_020.jpg,bea34aff49c9677029c7ffbc679c9fbcd0402a45a6e61c8b4f9ed54f1fa57386,outputs\shuttle_capability\train_data\val\images\val_00056.jpg,outputs\shuttle_capability\train_data\val\labels\val_00056.txt,0,0
val_00057,val,SYNTHETIC_HIFI_3D,SYNTHETIC_3D,,False,1,9.95,8-16px,sharp,steep,tbg_025.jpg,6e5fefb31bd382850607592e083c69b214c7d8d129bb4a9298446bdb509d9c93,outputs\shuttle_capability\train_data\val\images\val_00057.jpg,outputs\shuttle_capability\train_data\val\labels\val_00057.txt,0,0
val_00058,val,SYNTHETIC_HIFI_3D,SYNTHETIC_3D,,False,1,8.0,8-16px,slight,steep,tbg_035.jpg,0c1490b9f892a502d1b52a62bee31352b9b029bd30c905a98f69bfd5f441334a,outputs\shuttle_capability\train_data\val\images\val_00058.jpg,outputs\shuttle_capability\train_data\val\labels\val_00058.txt,0,0
val_00059,val,SYNTHETIC_HIFI_3D,SYNTHETIC_3D,,False,1,6.0,4-8px,moderate,tilted,tbg_040.jpg,1a9cdc74a8366992430411bda3c6180155b6069153aac98a5769d51281501a8e,outputs\shuttle_capability\train_data\val\images\val_00059.jpg,outputs\shuttle_capability\train_data\val\labels\val_00059.txt,0,0
val_00060,val,SYNTHETIC_HIFI_3D,SYNTHETIC_3D,,False,1,12.49,8-16px,sharp,steep,tbg_010.jpg,c68caf047aca4985cb8ad56d060ccc7ba6e825f0d66e5cbc91e732726b6f1194,outputs\shuttle_capability\train_data\val\images\val_00060.jpg,outputs\shuttle_capability\train_data\val\labels\val_00060.txt,0,0
val_00061,val,SYNTHETIC_HIFI_3D,SYNTHETIC_3D,,False,1,8.367,8-16px,slight,steep,tbg_015.jpg,584a5d7a1412dd18c5861b9544e2d6c2967e826ed38f304812939788088b510f,outputs\shuttle_capability\train_data\val\images\val_00061.jpg,outputs\shuttle_capability\train_data\val\labels\val_00061.txt,0,0
val_00062,val,SYNTHETIC_HIFI_3D,SYNTHETIC_3D,,False,1,8.0,8-16px,sharp,steep,tbg_020.jpg,7dc95674670dcf2940f93acf7e0b7d6d14626ea1acdd21f6fe5aeadf9f8e55c0,outputs\shuttle_capability\train_data\val\images\val_00062.jpg,outputs\shuttle_capability\train_data\val\labels\val_00062.txt,0,0
val_00063,val,SYNTHETIC_HIFI_3D,SYNTHETIC_3D,,False,1,8.485,8-16px,slight,steep,tbg_025.jpg,b67a35eafc0d407a200c63c474911edb850ecfdf0b2e7c48348e8cd5ef521a64,outputs\shuttle_capability\train_data\val\images\val_00063.jpg,outputs\shuttle_capability\train_data\val\labels\val_00063.txt,0,0
val_00064,val,SYNTHETIC_HIFI_3D,SYNTHETIC_3D,,False,1,12.845,8-16px,slight,steep,tbg_035.jpg,74bb069808941dcbedb765769fb6f8ff58a95e596c08d4d8869893b076c478f8,outputs\shuttle_capability\train_data\val\images\val_00064.jpg,outputs\shuttle_capability\train_data\val\labels\val_00064.txt,0,0
val_00065,val,SYNTHETIC_HIFI_3D,SYNTHETIC_3D,,False,1,5.477,4-8px,heavy,steep,tbg_040.jpg,ec1ce3c3328a3d279a124a40a890e5fccf09d2206349d69744d93eff3aa03c96,outputs\shuttle_capability\train_data\val\images\val_00065.jpg,outputs\shuttle_capability\train_data\val\labels\val_00065.txt,0,0
val_00066,val,SYNTHETIC_HIFI_3D,SYNTHETIC_3D,,False,1,4.0,4-8px,slight,tilted,tbg_010.jpg,f855245a22a0674607c28126992378a5d47678b3dcf1edc67315694468f4e4ee,outputs\shuttle_capability\train_data\val\images\val_00066.jpg,outputs\shuttle_capability\train_data\val\labels\val_00066.txt,0,0
val_00067,val,SYNTHETIC_HIFI_3D,SYNTHETIC_3D,,False,1,2.449,<4px,heavy,steep,tbg_015.jpg,d187750fd714590694bb623419ad92bee16c1de9be5c29e65b0605b924035f6d,outputs\shuttle_capability\train_data\val\images\val_00067.jpg,outputs\shuttle_capability\train_data\val\labels\val_00067.txt,0,0
val_00068,val,SYNTHETIC_HIFI_3D,SYNTHETIC_3D,,False,1,16.31,16-32px,slight,tilted,tbg_020.jpg,d802a0d91e6652fcc4428a9b50ea3b4f95aac0adfaa1c8e7391cb98952b2fbda,outputs\shuttle_capability\train_data\val\images\val_00068.jpg,outputs\shuttle_capability\train_data\val\labels\val_00068.txt,0,0
val_00069,val,SYNTHETIC_HIFI_3D,SYNTHETIC_3D,,False,1,9.487,8-16px,sharp,steep,tbg_025.jpg,d9eb9ef253b04211f08c375d4a3d41bf64c042bfdcdd110a1725af49290f5914,outputs\shuttle_capability\train_data\val\images\val_00069.jpg,outputs\shuttle_capability\train_data\val\labels\val_00069.txt,0,0
val_00070,val,SYNTHETIC_HIFI_3D,SYNTHETIC_3D,,False,1,18.894,16-32px,sharp,steep,tbg_035.jpg,119e2c3969aa1ae568e773a76d85861d4e92430cb50382833d5899e7e2d63f97,outputs\shuttle_capability\train_data\val\images\val_00070.jpg,outputs\shuttle_capability\train_data\val\labels\val_00070.txt,0,0
val_00071,val,SYNTHETIC_HIFI_3D,SYNTHETIC_3D,,False,1,8.944,8-16px,sharp,steep,tbg_040.jpg,370e14db1dac920c6b112212e2617c0bd6b36246c98077390418b649117f1d52,outputs\shuttle_capability\train_data\val\images\val_00071.jpg,outputs\shuttle_capability\train_data\val\labels\val_00071.txt,0,0
val_00072,val,SYNTHETIC_HIFI_3D,SYNTHETIC_3D,,False,1,6.481,4-8px,slight,steep,tbg_010.jpg,d544984bdfac9e7921abd5dd33ee8c1887cfcc6d2aff0712446ea5d1a3ae2275,outputs\shuttle_capability\train_data\val\images\val_00072.jpg,outputs\shuttle_capability\train_data\val\labels\val_00072.txt,0,0
val_00073,val,SYNTHETIC_HIFI_3D,SYNTHETIC_3D,,False,1,11.958,8-16px,sharp,tilted,tbg_015.jpg,1357457c0e51f6ad5b482c431f1e63b0b236912fc4f96e0d90e51a6e39bcc09c,outputs\shuttle_capability\train_data\val\images\val_00073.jpg,outputs\shuttle_capability\train_data\val\labels\val_00073.txt,0,0
val_00074,val,SYNTHETIC_HIFI_3D,SYNTHETIC_3D,,False,1,8.485,8-16px,slight,steep,tbg_020.jpg,52a5903e1eb7c984d88c67afaf73dc4a0f8fab3609ef4a54799a14a63c4995eb,outputs\shuttle_capability\train_data\val\images\val_00074.jpg,outputs\shuttle_capability\train_data\val\labels\val_00074.txt,0,0
val_00075,val,SYNTHETIC_HIFI_3D,SYNTHETIC_3D,,False,1,5.0,4-8px,sharp,steep,tbg_025.jpg,0049766fedd82b7d3b15fb745dba7a79c3a709d06ef40b60f344031dbe93ca8b,outputs\shuttle_capability\train_data\val\images\val_00075.jpg,outputs\shuttle_capability\train_data\val\labels\val_00075.txt,0,0
val_00076,val,SYNTHETIC_HIFI_3D,SYNTHETIC_3D,,False,1,5.477,4-8px,moderate,steep,tbg_035.jpg,fc92229914ccc7664570cdf5af8bb6053cbd39cb573c599e443021eb381712c8,outputs\shuttle_capability\train_data\val\images\val_00076.jpg,outputs\shuttle_capability\train_data\val\labels\val_00076.txt,0,0
val_00077,val,SYNTHETIC_HIFI_3D,SYNTHETIC_3D,,False,1,21.977,16-32px,slight,steep,tbg_040.jpg,a564aca16ae16eb84631db0be2b8177e91af838807efc3873dcea2274b3c1126,outputs\shuttle_capability\train_data\val\images\val_00077.jpg,outputs\shuttle_capability\train_data\val\labels\val_00077.txt,0,0
val_00078,val,SYNTHETIC_HIFI_3D,SYNTHETIC_3D,,False,1,10.488,8-16px,slight,steep,tbg_010.jpg,e3b61cd3c080e36fa3bd7d3f34e209f8355b74c51e5b0b13cf28aaee23f9ba7c,outputs\shuttle_capability\train_data\val\images\val_00078.jpg,outputs\shuttle_capability\train_data\val\labels\val_00078.txt,0,0
val_00079,val,SYNTHETIC_HIFI_3D,SYNTHETIC_3D,,False,1,10.817,8-16px,slight,tilted,tbg_015.jpg,4d9b290092de82a9f69a9036b6c15a8ee41e20e69a7f55a26441acfac1c3615f,outputs\shuttle_capability\train_data\val\images\val_00079.jpg,outputs\shuttle_capability\train_data\val\labels\val_00079.txt,0,0
val_00080,val,SYNTHETIC_HIFI_3D,SYNTHETIC_3D,,False,1,8.485,8-16px,slight,steep,tbg_020.jpg,2580b1b4ae9f7fe098c8fe229a6ab611ecc5b30ab8bbd236297f617e5e35a9ca,outputs\shuttle_capability\train_data\val\images\val_00080.jpg,outputs\shuttle_capability\train_data\val\labels\val_00080.txt,0,0
val_00081,val,SYNTHETIC_HIFI_3D,SYNTHETIC_3D,,False,1,6.481,4-8px,slight,steep,tbg_025.jpg,8cc3186efa9bfc898c36190bb72313358efa799d42562abcb9b52fcee066e105,outputs\shuttle_capability\train_data\val\images\val_00081.jpg,outputs\shuttle_capability\train_data\val\labels\val_00081.txt,0,0
val_00082,val,SYNTHETIC_HIFI_3D,SYNTHETIC_3D,,False,1,14.071,8-16px,heavy,steep,tbg_035.jpg,ff8aa0c538bdce7ef3839fffc870e7184fc6b5d7b58330689783d29fa6fda3ea,outputs\shuttle_capability\train_data\val\images\val_00082.jpg,outputs\shuttle_capability\train_data\val\labels\val_00082.txt,0,0
val_00083,val,SYNTHETIC_HIFI_3D,SYNTHETIC_3D,,False,1,8.944,8-16px,slight,steep,tbg_040.jpg,1dee4b8faaecbd6fff520675c49670882bf7dae1ee78d0fe20e93eedb24e4b68,outputs\shuttle_capability\train_data\val\images\val_00083.jpg,outputs\shuttle_capability\train_data\val\labels\val_00083.txt,0,0
val_00084,val,SYNTHETIC_HIFI_3D,SYNTHETIC_3D,,False,1,5.916,4-8px,slight,steep,tbg_010.jpg,85f75058f1e6c2fcf537643481bc8f819fabcc9c15251ef74617cc0c72bae58e,outputs\shuttle_capability\train_data\val\images\val_00084.jpg,outputs\shuttle_capability\train_data\val\labels\val_00084.txt,0,0
val_00085,val,SYNTHETIC_HIFI_3D,SYNTHETIC_3D,,False,1,8.367,8-16px,heavy,steep,tbg_015.jpg,15b35c51eaddbe020228963a80986f5141b08033878af3da6bd6c8f6de41027e,outputs\shuttle_capability\train_data\val\images\val_00085.jpg,outputs\shuttle_capability\train_data\val\labels\val_00085.txt,0,0
val_00086,val,SYNTHETIC_HIFI_3D,SYNTHETIC_3D,,False,1,5.916,4-8px,sharp,steep,tbg_020.jpg,8a0a18aa80849f7673331ce0eff44ae8160e1fb86936ceb1e45d2f4116f67b47,outputs\shuttle_capability\train_data\val\images\val_00086.jpg,outputs\shuttle_capability\train_data\val\labels\val_00086.txt,0,0
val_00087,val,SYNTHETIC_HIFI_3D,SYNTHETIC_3D,,False,1,10.198,8-16px,sharp,steep,tbg_025.jpg,0415cba2463f660aa7d54750a279374fd8223f0e78e0095c3343eeb4bdcd9db4,outputs\shuttle_capability\train_data\val\images\val_00087.jpg,outputs\shuttle_capability\train_data\val\labels\val_00087.txt,0,0
val_00088,val,SYNTHETIC_HIFI_3D,SYNTHETIC_3D,,False,1,15.297,8-16px,heavy,steep,tbg_035.jpg,c28da61c033d5f5507ea9e56b72218017cd4586561c4ecbb12ec10061c2d3365,outputs\shuttle_capability\train_data\val\images\val_00088.jpg,outputs\shuttle_capability\train_data\val\labels\val_00088.txt,0,0
val_00089,val,SYNTHETIC_HIFI_3D,SYNTHETIC_3D,,False,1,5.916,4-8px,slight,steep,tbg_040.jpg,6dadf47bbe0aeaddd58e8419d305330364798d3b88d002c6d42870231ce68192,outputs\shuttle_capability\train_data\val\images\val_00089.jpg,outputs\shuttle_capability\train_data\val\labels\val_00089.txt,0,0
val_00090,val,SYNTHETIC_HIFI_3D,SYNTHETIC_3D,,False,1,18.894,16-32px,sharp,steep,tbg_010.jpg,1c62b91a2de88481ce42c8c8bf48189dc29520662cf6f7903ab34346a4760bcc,outputs\shuttle_capability\train_data\val\images\val_00090.jpg,outputs\shuttle_capability\train_data\val\labels\val_00090.txt,0,0
val_00091,val,SYNTHETIC_HIFI_3D,SYNTHETIC_3D,,False,1,6.481,4-8px,sharp,steep,tbg_015.jpg,b6ad47a3ce57017d416f18313453008c854f802c43716c19be89ebc0f0778121,outputs\shuttle_capability\train_data\val\images\val_00091.jpg,outputs\shuttle_capability\train_data\val\labels\val_00091.txt,0,0
val_00092,val,SYNTHETIC_HIFI_3D,SYNTHETIC_3D,,False,1,9.487,8-16px,sharp,steep,tbg_020.jpg,0f6ce1bc707fbb28b8108daa9cc3a8409ff743be58277a61db169098ba2f938f,outputs\shuttle_capability\train_data\val\images\val_00092.jpg,outputs\shuttle_capability\train_data\val\labels\val_00092.txt,0,0
val_00093,val,SYNTHETIC_HIFI_3D,SYNTHETIC_3D,,False,1,6.0,4-8px,sharp,steep,tbg_025.jpg,877f006796ddefeae98913a3e7b8e202717cc053993dce68c2fba8b374a1f977,outputs\shuttle_capability\train_data\val\images\val_00093.jpg,outputs\shuttle_capability\train_data\val\labels\val_00093.txt,0,0
val_00094,val,SYNTHETIC_HIFI_3D,SYNTHETIC_3D,,False,1,7.937,4-8px,slight,steep,tbg_035.jpg,513f89746d7c4d5bbf08c3a805ec9c4e55fc4814ac80d55d80f9120be445d714,outputs\shuttle_capability\train_data\val\images\val_00094.jpg,outputs\shuttle_capability\train_data\val\labels\val_00094.txt,0,0
val_00095,val,SYNTHETIC_HIFI_3D,SYNTHETIC_3D,,False,1,9.381,8-16px,sharp,steep,tbg_040.jpg,697316fafcba188e5781a6b94a63ac7a2be9c3d58260f422fb2b125d59ffed4d,outputs\shuttle_capability\train_data\val\images\val_00095.jpg,outputs\shuttle_capability\train_data\val\labels\val_00095.txt,0,0
val_00096,val,SYNTHETIC_HIFI_3D,SYNTHETIC_3D,,False,1,7.0,4-8px,heavy,steep,tbg_010.jpg,c16b208221946d0e793e4107d4145f78af2421b169eb56992e877596623574a6,outputs\shuttle_capability\train_data\val\images\val_00096.jpg,outputs\shuttle_capability\train_data\val\labels\val_00096.txt,0,0
val_00097,val,SYNTHETIC_HIFI_3D,SYNTHETIC_3D,,False,1,6.481,4-8px,slight,tilted,tbg_015.jpg,cf8d33aa3385052b7b330d1c4dc0b0d1d2822a2986af42331e589fe49c795a07,outputs\shuttle_capability\train_data\val\images\val_00097.jpg,outputs\shuttle_capability\train_data\val\labels\val_00097.txt,0,0
val_00098,val,SYNTHETIC_HIFI_3D,SYNTHETIC_3D,,False,1,6.481,4-8px,sharp,steep,tbg_020.jpg,6255fd52230d23bbad1699f615093cce2979c32fb69eb5b23a0d39fcd68e209e,outputs\shuttle_capability\train_data\val\images\val_00098.jpg,outputs\shuttle_capability\train_data\val\labels\val_00098.txt,0,0
val_00099,val,SYNTHETIC_HIFI_3D,SYNTHETIC_3D,,False,1,6.0,4-8px,slight,steep,tbg_025.jpg,b0db9ce3f67a1cd8a76907a1a9f14207919e20116a3113968ba1ebc1d44de8d1,outputs\shuttle_capability\train_data\val\images\val_00099.jpg,outputs\shuttle_capability\train_data\val\labels\val_00099.txt,0,0
val_00100,val,SYNTHETIC_HIFI_3D,SYNTHETIC_3D,,False,1,4.0,4-8px,slight,steep,tbg_035.jpg,ec4227a4c6101ea868a6010190cb93c19a3fc5cff9542280fbc3eab4d2905b23,outputs\shuttle_capability\train_data\val\images\val_00100.jpg,outputs\shuttle_capability\train_data\val\labels\val_00100.txt,0,0
val_00101,val,SYNTHETIC_HIFI_3D,SYNTHETIC_3D,,False,1,7.937,4-8px,slight,steep,tbg_040.jpg,7d30c3cb945cd312235861eb8ce758dd9ad5912a7dac9999657c8d7b630053a2,outputs\shuttle_capability\train_data\val\images\val_00101.jpg,outputs\shuttle_capability\train_data\val\labels\val_00101.txt,0,0
val_00102,val,SYNTHETIC_HIFI_3D,SYNTHETIC_3D,,False,1,11.489,8-16px,sharp,steep,tbg_010.jpg,99db0753b4d684774a6db2f774c6837d7146a2a4f7c383690101c49f0311fbb3,outputs\shuttle_capability\train_data\val\images\val_00102.jpg,outputs\shuttle_capability\train_data\val\labels\val_00102.txt,0,0
val_00103,val,SYNTHETIC_HIFI_3D,SYNTHETIC_3D,,False,1,14.422,8-16px,slight,steep,tbg_015.jpg,6333e75fa282e65cef66e015295128c53b75c484a88d6f909707137a25c4501f,outputs\shuttle_capability\train_data\val\images\val_00103.jpg,outputs\shuttle_capability\train_data\val\labels\val_00103.txt,0,0
val_00104,val,SYNTHETIC_HIFI_3D,SYNTHETIC_3D,,False,1,12.961,8-16px,moderate,steep,tbg_020.jpg,7771fe6bc81cf58b5865dbc729b217562bfdbb1011e3363b95240ed05b0f1ee2,outputs\shuttle_capability\train_data\val\images\val_00104.jpg,outputs\shuttle_capability\train_data\val\labels\val_00104.txt,0,0
val_00105,val,SYNTHETIC_HIFI_3D,SYNTHETIC_3D,,False,1,31.401,16-32px,sharp,tilted,tbg_025.jpg,1a965b868bb949d5c1e5c49944626aaf24e1c6b42573f6f546f2c20a2174baea,outputs\shuttle_capability\train_data\val\images\val_00105.jpg,outputs\shuttle_capability\train_data\val\labels\val_00105.txt,0,0
val_00106,val,SYNTHETIC_HIFI_3D,SYNTHETIC_3D,,False,1,11.0,8-16px,sharp,steep,tbg_035.jpg,c037981f551616e094295d0f64b6f2c99c1491cdb61f8e73750a57944018ad7f,outputs\shuttle_capability\train_data\val\images\val_00106.jpg,outputs\shuttle_capability\train_data\val\labels\val_00106.txt,0,0
val_00107,val,SYNTHETIC_HIFI_3D,SYNTHETIC_3D,,False,1,7.348,4-8px,sharp,steep,tbg_040.jpg,e59ef5a036d0a56a752c1cfe73b56000804a373e209311f20dc2764cb1d79a9c,outputs\shuttle_capability\train_data\val\images\val_00107.jpg,outputs\shuttle_capability\train_data\val\labels\val_00107.txt,0,0
val_00108,val,SYNTHETIC_HIFI_3D,SYNTHETIC_3D,,False,1,23.452,16-32px,sharp,steep,tbg_010.jpg,9221c3cf3cb233c9fad2af72501369e5ccf0cd3659429ad853b246c38b1b55c6,outputs\shuttle_capability\train_data\val\images\val_00108.jpg,outputs\shuttle_capability\train_data\val\labels\val_00108.txt,0,0
val_00109,val,SYNTHETIC_HIFI_3D,SYNTHETIC_3D,,False,1,5.477,4-8px,heavy,steep,tbg_015.jpg,4f41e06428904234bb81e70ee452ff5a23ff0d168da75aae763bc23b670178d0,outputs\shuttle_capability\train_data\val\images\val_00109.jpg,outputs\shuttle_capability\train_data\val\labels\val_00109.txt,0,0
val_00110,val,SYNTHETIC_HIFI_3D,SYNTHETIC_3D,,False,1,13.964,8-16px,sharp,steep,tbg_020.jpg,986c140173c78516efeee391d51e906b84744c535f0764f6b4a386b6ece55a65,outputs\shuttle_capability\train_data\val\images\val_00110.jpg,outputs\shuttle_capability\train_data\val\labels\val_00110.txt,0,0
val_00111,val,SYNTHETIC_HIFI_3D,SYNTHETIC_3D,,False,1,5.477,4-8px,moderate,steep,tbg_025.jpg,cb7ca6fce22739ff0a8b5a3f2c9ce34a9151b88cc20d99a0bd5c0f88efb763ff,outputs\shuttle_capability\train_data\val\images\val_00111.jpg,outputs\shuttle_capability\train_data\val\labels\val_00111.txt,0,0
val_00112,val,SYNTHETIC_HIFI_3D,SYNTHETIC_3D,,False,1,10.954,8-16px,sharp,steep,tbg_035.jpg,5ea54c0695de7dda2148d1d7fc074d2b97fe18ea18abcc725d8ab3c32b26dd29,outputs\shuttle_capability\train_data\val\images\val_00112.jpg,outputs\shuttle_capability\train_data\val\labels\val_00112.txt,0,0
val_00113,val,SYNTHETIC_HIFI_3D,SYNTHETIC_3D,,False,1,3.464,<4px,sharp,steep,tbg_040.jpg,44ff1c6790589acedc48dfc148bf5a088aba27aa876b057b9d6ffe49b5e56688,outputs\shuttle_capability\train_data\val\images\val_00113.jpg,outputs\shuttle_capability\train_data\val\labels\val_00113.txt,0,0
val_00114,val,SYNTHETIC_HIFI_3D,SYNTHETIC_3D,,False,1,14.697,8-16px,moderate,steep,tbg_010.jpg,df9f4d4e343d9b0ce41f6cfaede585c40de2965d51e0233ed4de67698675f0a9,outputs\shuttle_capability\train_data\val\images\val_00114.jpg,outputs\shuttle_capability\train_data\val\labels\val_00114.txt,0,0
val_00115,val,SYNTHETIC_HIFI_3D,SYNTHETIC_3D,,False,1,8.367,8-16px,slight,steep,tbg_015.jpg,f1d7d7e8540bec2418b120c6441d5e48729b1a8bac5b1bce352cb3feab856c87,outputs\shuttle_capability\train_data\val\images\val_00115.jpg,outputs\shuttle_capability\train_data\val\labels\val_00115.txt,0,0
val_00116,val,SYNTHETIC_HIFI_3D,SYNTHETIC_3D,,False,1,5.477,4-8px,moderate,steep,tbg_020.jpg,cf6efc10b542e641db9021dab8b837f8a9bd747f4eb6b269fd8111287c31101d,outputs\shuttle_capability\train_data\val\images\val_00116.jpg,outputs\shuttle_capability\train_data\val\labels\val_00116.txt,0,0
val_00117,val,SYNTHETIC_HIFI_3D,SYNTHETIC_3D,,False,1,20.905,16-32px,sharp,steep,tbg_025.jpg,59bda6508c7a5a94b29f41355f7faa590b317bb1ea296925f7194c64d31db93f,outputs\shuttle_capability\train_data\val\images\val_00117.jpg,outputs\shuttle_capability\train_data\val\labels\val_00117.txt,0,0
val_00118,val,SYNTHETIC_HIFI_3D,SYNTHETIC_3D,,False,1,12.961,8-16px,moderate,steep,tbg_035.jpg,56751e57704f5be6750f91022dea69bf7cb624bab36bda02eee969e3c69373f4,outputs\shuttle_capability\train_data\val\images\val_00118.jpg,outputs\shuttle_capability\train_data\val\labels\val_00118.txt,0,0
val_00119,val,SYNTHETIC_HIFI_3D,SYNTHETIC_3D,,False,1,8.944,8-16px,heavy,tilted,tbg_040.jpg,309a5f612100328b807447dacda3c98013d6a9109406a649de94c418d7d44bf2,outputs\shuttle_capability\train_data\val\images\val_00119.jpg,outputs\shuttle_capability\train_data\val\labels\val_00119.txt,0,0
neg_val_00000,val,NEGATIVE,NEGATIVE,,True,0,,unknown,unknown,unknown,tbg_010.jpg,a403e5e87aefe1a4aeac0a12e96a3fc2bf50b2ef6bfffc79150255b469e53ace,outputs\shuttle_capability\train_data\val\images\neg_val_00000.jpg,outputs\shuttle_capability\train_data\val\labels\neg_val_00000.txt,0,0
neg_val_00001,val,NEGATIVE,NEGATIVE,,True,0,,unknown,unknown,unknown,tbg_010.jpg,167ef64ad81068310c31779b5189c8916206706b81a30c7d220e5775f91d508b,outputs\shuttle_capability\train_data\val\images\neg_val_00001.jpg,outputs\shuttle_capability\train_data\val\labels\neg_val_00001.txt,0,0
neg_val_00002,val,NEGATIVE,NEGATIVE,,True,0,,unknown,unknown,unknown,tbg_010.jpg,c21ef007c19343fb6f3e7747c86114e61f60dd1341ed362bcbdb46e784802d51,outputs\shuttle_capability\train_data\val\images\neg_val_00002.jpg,outputs\shuttle_capability\train_data\val\labels\neg_val_00002.txt,0,0
neg_val_00003,val,NEGATIVE,NEGATIVE,,True,0,,unknown,unknown,unknown,tbg_010.jpg,6a8e792cad9544e03a124c263c347b576dd0d492b21fe47cb2b40fb9ea0da73b,outputs\shuttle_capability\train_data\val\images\neg_val_00003.jpg,outputs\shuttle_capability\train_data\val\labels\neg_val_00003.txt,0,0
neg_val_00004,val,NEGATIVE,NEGATIVE,,True,0,,unknown,unknown,unknown,tbg_015.jpg,ffa0e1a2d04c86941ace7a738ad1894ff235be0b3b171849fd25f95d83124310,outputs\shuttle_capability\train_data\val\images\neg_val_00004.jpg,outputs\shuttle_capability\train_data\val\labels\neg_val_00004.txt,0,0
neg_val_00005,val,NEGATIVE,NEGATIVE,,True,0,,unknown,unknown,unknown,tbg_015.jpg,55e4200518ac8f168a52befddf1a24e834904ebdb1e24561f15b4b9860198401,outputs\shuttle_capability\train_data\val\images\neg_val_00005.jpg,outputs\shuttle_capability\train_data\val\labels\neg_val_00005.txt,0,0
neg_val_00006,val,NEGATIVE,NEGATIVE,,True,0,,unknown,unknown,unknown,tbg_015.jpg,088244034a6353c64a782ea17366383187bf44dbef0b686443ac506aa06e02e3,outputs\shuttle_capability\train_data\val\images\neg_val_00006.jpg,outputs\shuttle_capability\train_data\val\labels\neg_val_00006.txt,0,0
neg_val_00007,val,NEGATIVE,NEGATIVE,,True,0,,unknown,unknown,unknown,tbg_015.jpg,68d809c3e57b67ada2063485e75b17f535cb3f30ffe43842b606f18502f7990a,outputs\shuttle_capability\train_data\val\images\neg_val_00007.jpg,outputs\shuttle_capability\train_data\val\labels\neg_val_00007.txt,0,0
neg_val_00008,val,NEGATIVE,NEGATIVE,,True,0,,unknown,unknown,unknown,tbg_020.jpg,4a4792807206879567f6184079682222d2a869d5a35bfb62d774ab2207d8c4c4,outputs\shuttle_capability\train_data\val\images\neg_val_00008.jpg,outputs\shuttle_capability\train_data\val\labels\neg_val_00008.txt,0,0
neg_val_00009,val,NEGATIVE,NEGATIVE,,True,0,,unknown,unknown,unknown,tbg_020.jpg,7583d2959e1fcb7d94d04a36d59c7b90773fb70a85a1dc73b76248e2b1b19c65,outputs\shuttle_capability\train_data\val\images\neg_val_00009.jpg,outputs\shuttle_capability\train_data\val\labels\neg_val_00009.txt,0,0
neg_val_00010,val,NEGATIVE,NEGATIVE,,True,0,,unknown,unknown,unknown,tbg_020.jpg,59313771d3968db97b547e1aaace9290d0d6ea05d22750f364f31a395b7f2f45,outputs\shuttle_capability\train_data\val\images\neg_val_00010.jpg,outputs\shuttle_capability\train_data\val\labels\neg_val_00010.txt,0,0
neg_val_00011,val,NEGATIVE,NEGATIVE,,True,0,,unknown,unknown,unknown,tbg_020.jpg,ad312aef18c91e7a87efa166b80e88069ae48349c16d02fe79823fbd96e4e43f,outputs\shuttle_capability\train_data\val\images\neg_val_00011.jpg,outputs\shuttle_capability\train_data\val\labels\neg_val_00011.txt,0,0
neg_val_00012,val,NEGATIVE,NEGATIVE,,True,0,,unknown,unknown,unknown,tbg_025.jpg,3852d99bfac15d86661ede204128832aec30aaeb7d6afd3b66acb02571bd8c00,outputs\shuttle_capability\train_data\val\images\neg_val_00012.jpg,outputs\shuttle_capability\train_data\val\labels\neg_val_00012.txt,0,0
neg_val_00013,val,NEGATIVE,NEGATIVE,,True,0,,unknown,unknown,unknown,tbg_025.jpg,aa9dd61a37da8c192a3186b858843b3c6ab70ec85b09941b12723731c2731bd9,outputs\shuttle_capability\train_data\val\images\neg_val_00013.jpg,outputs\shuttle_capability\train_data\val\labels\neg_val_00013.txt,0,0
neg_val_00014,val,NEGATIVE,NEGATIVE,,True,0,,unknown,unknown,unknown,tbg_025.jpg,c30a96aee3c530bfa7c9586a698305680692f9b7652a5e86383d484362cf37dd,outputs\shuttle_capability\train_data\val\images\neg_val_00014.jpg,outputs\shuttle_capability\train_data\val\labels\neg_val_00014.txt,0,0
neg_val_00015,val,NEGATIVE,NEGATIVE,,True,0,,unknown,unknown,unknown,tbg_025.jpg,e888cfea80311ff43cc3ac2d5e7eece147c116ab40069150fe6b155867ef2f1f,outputs\shuttle_capability\train_data\val\images\neg_val_00015.jpg,outputs\shuttle_capability\train_data\val\labels\neg_val_00015.txt,0,0
neg_val_00016,val,NEGATIVE,NEGATIVE,,True,0,,unknown,unknown,unknown,tbg_035.jpg,260950471880a5266f111ac6687a97744123359957932b0bfdf96506ce486f6f,outputs\shuttle_capability\train_data\val\images\neg_val_00016.jpg,outputs\shuttle_capability\train_data\val\labels\neg_val_00016.txt,0,0
neg_val_00017,val,NEGATIVE,NEGATIVE,,True,0,,unknown,unknown,unknown,tbg_035.jpg,d25e5b7272d5c0da5195206a1e472522efef59246a09887938a8099eeb54fd61,outputs\shuttle_capability\train_data\val\images\neg_val_00017.jpg,outputs\shuttle_capability\train_data\val\labels\neg_val_00017.txt,0,0
neg_val_00018,val,NEGATIVE,NEGATIVE,,True,0,,unknown,unknown,unknown,tbg_035.jpg,29e27867f3036ce370c8419302bf6873f7b10d60197cc6f785d5a18555d21184,outputs\shuttle_capability\train_data\val\images\neg_val_00018.jpg,outputs\shuttle_capability\train_data\val\labels\neg_val_00018.txt,0,0
neg_val_00019,val,NEGATIVE,NEGATIVE,,True,0,,unknown,unknown,unknown,tbg_035.jpg,93d61178fcc112362dd06f9c2790a374aaf89273a81badd827c1ef1e639481c8,outputs\shuttle_capability\train_data\val\images\neg_val_00019.jpg,outputs\shuttle_capability\train_data\val\labels\neg_val_00019.txt,0,0
neg_val_00020,val,NEGATIVE,NEGATIVE,,True,0,,unknown,unknown,unknown,tbg_040.jpg,57e06d7ecb331e691d29eb140288297928eb7ea3a8be0009521e0b04628e7045,outputs\shuttle_capability\train_data\val\images\neg_val_00020.jpg,outputs\shuttle_capability\train_data\val\labels\neg_val_00020.txt,0,0
neg_val_00021,val,NEGATIVE,NEGATIVE,,True,0,,unknown,unknown,unknown,tbg_040.jpg,af441a0e7bce3d6bfcd0c6b8dfd04cbc56b90fcb134de5082dacee63c5864a30,outputs\shuttle_capability\train_data\val\images\neg_val_00021.jpg,outputs\shuttle_capability\train_data\val\labels\neg_val_00021.txt,0,0
neg_val_00022,val,NEGATIVE,NEGATIVE,,True,0,,unknown,unknown,unknown,tbg_040.jpg,86c3957602309ed3603e60604eedf0cc3ad2a72a3825644b6c5b86fc0eb152da,outputs\shuttle_capability\train_data\val\images\neg_val_00022.jpg,outputs\shuttle_capability\train_data\val\labels\neg_val_00022.txt,0,0
neg_val_00023,val,NEGATIVE,NEGATIVE,,True,0,,unknown,unknown,unknown,tbg_040.jpg,7e21dbf48a6eafacf30cb3bace5c39f098aa27e5e59a3d99185400523f3f0732,outputs\shuttle_capability\train_data\val\images\neg_val_00023.jpg,outputs\shuttle_capability\train_data\val\labels\neg_val_00023.txt,0,0
